PC1,PC2,PC3,PC4,PC5,PC6,PC7,PC8,PC9,PC10,PC11,PC12,PC13
-0.28264420285983305,1.7265407241903468,-1.1086750759658535,-1.6547674561040617,-1.3360737146149262,0.4188715993570664,0.03758200674297455,-0.1558709467223182,-1.333174305456881,-1.238566569171687,-0.44203145885551354,-1.0432020194667542,1.081478536867495
0.020313624783933823,3.7920174101132136,1.225157828199803,0.9907114798934341,0.17260252096555093,2.658216445472801,-0.2193924156007741,1.5054777009655167,-5.543980127025648,-0.8976729833315003,1.2478567918449015,-4.607428146051298,-0.3383561806335527
7.784162253250488,-0.3420732801999114,3.1046132811298786,1.6766077771286712,4.359115583051306,1.3262986263918801,-2.533528426788041,1.5067797910480287,3.615226372616952,-1.6640167816408151,-1.6730776966180174,0.8144793385941405,-0.23297034052618085
-1.6202333256640578,-3.671307194375721,2.7521196712602842,1.3456277526880789,-0.42523774522333496,-0.27836706436400305,1.5847655959027775,-1.23009234439634,-4.289577023324657,-0.2421153871499247,-2.4467673137537225,1.5509458809001102,-2.8271845455591684
1.0223952049242606,-2.1152409920714326,-0.9900470985430309,1.1854000142468146,-1.6023725139837741,2.2599058026596657,-0.21576330195408638,1.1365504969005324,0.7014382301241653,0.4674000684152133,0.6067589531429876,1.3249461387242079,0.9820487191186871
-0.6341056439382358,-2.216417725328861,0.5976975469913298,1.5250583001641749,3.3274296935369914,-1.678307242445929,1.0145070497812758,-1.0060637607191782,2.030928503373052,1.7638468810124162,0.31306446991468423,-0.4704859287371673,-0.9002731001786034
2.9578138134698606,-0.08094395277021235,0.4925016606940537,1.2037991409773159,1.1147550251908815,-2.6329155148397696,3.6627506921793476,-1.033982180863653,4.978036164484843,0.19388031057597116,-2.0008113015840143,2.0673121447567735,-0.363872170773412
-2.00992152086308,0.4089222671565587,-0.6029372961144059,-0.5714321363154737,0.36033946574068876,-0.07219111801674978,-0.18589913254865822,-0.07931612800093193,-0.01386139554772309,0.03455341456462845,0.405809910889959,0.5451316452968717,-0.12668487483719265
-1.8169423906336537,-0.25051275721132854,-0.1660485945917824,0.07796111064959364,-0.6010102533942495,-0.1282147042256573,0.0844600839446935,0.46092916166581416,-0.010898703369720384,0.29847309940664596,-0.27249782983559995,-0.8453583778747576,-1.3628954060657306
-3.2580534199256617,-0.04362033541508904,-1.0756835577064343,-0.36198742597068,0.5982400037826882,0.16718655508623467,-0.7089601192498876,-0.49095700806473197,0.16032702611824431,0.7152258786015764,-0.2619130408873624,0.552465042264528,0.2696533788799391
0.19948843061887914,0.1337255312592208,1.2097707274036504,-2.1445262785726014,1.523082202586526,-0.8648704160399812,0.16954275941432306,-0.6984821942797226,-0.927945428854702,-0.4685341808858853,-0.1220732896208266,1.518007321382491,0.6732564473562642
2.087600375743165,-0.310282002181655,1.5225570273873579,0.9337449631685304,0.5818753118838785,-2.756488975588263,0.06871370107717316,0.2675755481891535,2.3472376884465764,-4.388010766303642,0.5272084156039119,0.16910613165060953,0.2771243302639991
3.0131673978609617,0.8740945858606862,4.317554839385188,0.5321552766997303,1.0316376161372396,-1.2649494047104632,-0.010458509030178878,-0.9610387951226304,-1.7587199086682104,-2.0696121299341708,-1.5366711543007574,-1.0762507885655668,3.387081886180455
4.289719153020084,0.18165432830475592,1.6239850856075086,1.9659787473422718,2.3415208245790606,-0.9077778654182741,-0.703785969641201,0.16004137334173898,0.4643361171547879,0.7738889739473471,0.643245657042435,0.8570377920163172,-0.9235744801686937
-1.6212148405096631,-0.49707063962022396,0.3491718216070436,0.7832222733358352,0.5871752353415975,-0.1137784592628068,-0.06750998287110546,0.15100656570229465,0.05587563168609223,-0.1990364708228197,0.3288352299512438,-0.040702162613282564,-1.4296002313792189
3.7896397181302026,4.627169452790255,2.2899013063260716,4.520930117180644,2.492567331432936,2.8285722679545535,1.283938651198314,1.0325962133277176,-1.617576535101276,-4.052365664505575,-0.5441150850564997,1.5044021477928617,3.5839360070239987
-1.5620840449181546,-0.4981666195347855,0.2609272473605668,0.4061885762733361,0.03374845784713298,1.0281321164592683,-1.6373167236631505,-4.365152412068773,0.558343734752176,1.3145340370048082,-2.011256969370834,0.6630670753939422,1.5637600871665398
0.7200627902799337,0.470506306255838,1.3637227817383708,1.3130042960493695,-0.6750272106193853,-1.5050093945422214,0.9081320460430445,-0.6470150730124561,1.5683900405859073,-1.0698381930070333,0.14923886373494455,1.1123710997748852,-0.8774554521215858
0.5482906551769186,-5.9269272246107905,1.1615077929448314,-0.32272974569505886,-2.3705597339446673,-3.7852808837743788,2.3870372539904587,-1.7464702772153382,-5.133564237419244,2.2977091339204643,1.4821431699266294,2.465966750954798,-0.009232953112845148
0.9876039500312027,-0.5491845593947235,-0.13361781419438667,0.9020919990556652,4.554781636124085,-0.127393935881606,2.0597861424151827,-0.42913588703794453,0.28889376555790647,0.8570502888600149,-0.518880677313946,1.892178389838616,3.8158921708997355
-2.2773636134934834,-1.2317122050413891,4.22110929763626,0.6949461893240193,0.1500679170374921,-1.7859344308094598,0.8548430752888806,1.0187538593419239,-0.8640027186516097,0.104842488858564,0.16896057957137875,0.9944441469163595,-1.2306711297512127
-1.6172521825281916,1.133594322370097,-0.7094608066536756,-1.3532916266224402,0.06983546310109652,0.4136075340860944,0.38530484801322684,0.6189115017879213,0.5455114494753348,1.2158506785433005,0.8981640699777325,1.1143913628983269,-0.8565990463414628
0.9998436377433899,2.4568233982388477,0.36572928067127863,-0.7882315664199986,-1.5010511350536122,-0.4953220742522601,0.654449103864383,0.7849411549049646,-1.8185260079270404,-0.6019364077808614,-0.7643766174292016,-1.8493737812713669,0.11063607082266019
1.382931266460712,3.090228107759526,0.39337838764094557,0.5386609926410174,-0.6529181427655395,1.4886924297108621,0.8999588540526441,-0.6742901664332411,-0.3245041711636658,-0.20787319322722217,-1.230549447471195,-1.829788032908793,-1.8995011734460179
1.1664710340325044,-4.7651535084976135,-0.5780122749678532,1.0861626694068942,1.9437392664028106,1.0400114864755379,1.514951781737457,0.31456001324243527,-1.7564210117884813,-0.24073192716896777,-4.559204318672767,0.36343290641298825,-0.19108607026835317
-1.0753658680967653,-0.26025402975642653,2.1417458860744367,1.1137540280992464,0.06350729971020487,0.14691651129844238,0.1789385006382787,-0.19502833175309942,0.8412657506728125,-0.09930895311406941,0.24026925477664787,-0.13872514411892228,-0.67614897428514
1.7040716588204032,4.827888503787505,-0.37543405251386286,0.890268784597904,2.5526360222499505,1.5830000574443217,1.920031759347405,1.1006321857166308,0.051946164058362915,0.4102243623008832,1.3108110177739334,2.7736427199912295,3.714029449828686
1.532997243144526,-2.731498262253145,3.232125245610828,-0.19768650524267245,-1.3614783953877723,-1.0072682031322604,-0.3031748557553434,0.6522797804944019,-0.982573486471675,0.21573805972182097,0.17619637883752573,0.6319288089319058,-1.7381839097592735
-1.4806283319627973,4.749656322741645,3.9511699693447064,2.5023785383076116,2.6240828638964504,1.7058273412865361,-2.343874778916003,-1.3154407069065461,-1.6235238846438769,0.2944550942871868,0.09165795205783878,0.9732860257350334,0.9600655385558257
1.6475163856155557,-1.6655389250360544,-1.9054089065800253,-2.2475215768163097,-0.42983008866755834,3.3371350870307603,0.4488133029976116,-0.32143903342669283,0.9595462335332905,0.275703165475888,-0.5896242750237771,-0.2097591754810518,-0.4007376373774965
-0.9761757881291432,-0.3167102996021767,0.45760348548139157,0.6440021413389685,0.26139900460197596,-0.38169018128114096,-0.08468437657629807,-0.41336813637329567,-0.44606325962390336,-0.4791548377550596,0.8804138263133008,0.895381664482523,-0.9452592627277595
-2.230166976408794,0.9160249016030877,-0.5170035901311832,-1.3069535660254805,-0.38417488758829865,0.2724348342651364,-0.21912448649082594,-0.6341838843634642,0.3883959550433413,0.5437636794775237,-0.12925336482862154,-0.28450562794509016,0.6360222895607652
3.2000402410150053,-4.965858037976827,-1.0591396289800414,4.735475424152871,-0.49102150960096747,0.9224979965320707,0.3696538476310766,2.649672245040461,-0.6354085053779271,2.194303987425002,-1.5573099295388473,-1.5267689279741572,1.5709521655466108
-2.001979821393839,2.138342728350687,-0.00573617260716083,0.34220504502122,0.8922331956474838,2.0618221597553807,-0.770637210114024,2.5518089340690318,-2.31844888521382,-2.6090533986508406,-3.9026645060388097,2.7389036254240864,-1.3460275761581906
-3.2470503477307595,-1.349037153294577,-0.09012004740738959,1.1847892465091898,1.6453777397751974,1.17144939076187,1.7089511989843424,-0.2935213175191277,1.7744073902666393,2.6069731573298554,-1.876548556434691,-1.008167149165724,1.327075561647866
-1.2540552145671444,0.41430272208214974,-0.4554789846439479,-0.9469051416283568,-0.7671997333213213,0.2803150905227449,0.021116696197122954,0.5385144061184286,0.05073457677269377,0.16966671025335758,0.22306314784025225,0.0414597233702234,0.17749373499828433
0.7016904810823582,0.7544634212452751,-1.1413356775516645,0.9356305331907031,-0.938181434253178,0.381631100695733,0.5386127202842256,0.49627917994893694,-0.09637979176807797,0.17420200588298038,0.9375887279141979,0.5502783679836766,0.42808562176545334
5.414522126753181,2.503356027972245,4.162694144246533,0.9775850890256513,2.3795791539905475,-2.5669732964747483,-0.607538632553014,-1.6755484571490347,-0.8156486473085804,0.4086180353336014,-0.5760427929597567,0.44253824098820377,0.8390549446681091
0.029886715137131866,-0.4009148570403288,-0.9894576328528708,-1.025728760699696,-0.49172123432776343,-1.445271074821738,2.7613736565767604,0.8301023585560591,2.4643849585571678,0.420903993043984,-2.8755075288474896,0.615748624030663,1.00818945573265
0.7317399481314049,1.445957180963725,1.0843013898659086,-0.2755258880292801,0.8912827197962663,-1.1964166282243525,-0.17851084966032718,-0.755464856960958,0.2667936324039812,0.06655510818994338,-0.1722656085280049,-0.8417304113325002,-0.45414372471151343
2.9771601177109175,1.6332539489621969,2.904207014194342,1.6137519894381045,1.6361513560809369,-1.4258842500178464,-0.5845613563027244,-1.6567152302089885,0.014861872849416131,-0.019754359981428778,-0.19625564272447046,0.10601992428616717,0.44788558917449023
1.551910180881832,-0.7277337491717352,1.5473112892354453,-1.5414896745550166,0.26790008972298346,-0.2664562297725623,1.579802423297207,0.5501363181285998,-0.14712453160410474,0.7467340802114892,0.2474966363876476,0.11549655058283774,1.2032133629587412
7.199550940435578,2.4012188043006573,4.231704531974451,-2.0205171187864113,0.5126226651864001,-0.7480563217937867,-0.4369453329722712,0.3356240827060606,-0.3714239602236551,1.6476550144508226,0.1735378240203739,0.9539058558814368,0.9738981849623694
-0.3482508337331521,0.7772249619143686,-0.19733570300069245,-1.4603163583605674,0.41560718936328234,-0.48754104772498735,0.76424527683983,0.6722297822353104,-0.5751621210017291,-1.156010076235123,0.9956348611040382,1.0309381850360562,-0.6719528646567412
-0.6192194617558329,-1.1873197476950492,-0.17079908686190295,0.392842541993303,0.7503818061913752,0.7530179735165131,0.5223703502589537,0.20910621681036215,-0.18694555469110055,-0.8489001775048858,0.8988679724553861,0.7571066130039372,-0.5711329213299247
0.48925825766816944,-5.457669726949544,-1.288321636477603,0.29148922537618926,0.011221701684529472,-0.9966480955340649,-3.3910648187602326,-2.045410513671271,-1.764916269550641,-3.903578268230123,-2.6603279306221457,-1.3357203606131742,0.8350120781773113
-1.7960809003585134,0.6481768265636093,-0.48389252973850133,-0.8134624785366217,-0.029971887066989503,0.14496989493176063,0.0018421365154874382,-0.11599479973354358,0.14740233233661618,-0.18659333096173217,0.6320195906258452,0.33656185641286623,0.06030015608325162
0.0030907322937527267,0.674157710456684,3.616684690291846,-0.8448085522355464,-2.5249799864732267,-0.9439320538419003,2.244148183430539,-0.7065084236120606,-3.1411284329964655,2.0890620889524585,0.24873321060839268,0.4836151462107971,-0.5020119093230738
0.8115431113975007,1.4451827567054991,-2.671720002845359,-0.3954696559534448,-1.484605553642415,0.03646293512175106,0.22686056307629884,-0.36704076200451785,-1.1109801739344003,0.3875795236009387,-0.36467539943980926,-1.60590353848926,0.4848684816741294
0.1003792168974553,-3.5143630399841106,1.9262354564424478,-1.1466414338417312,-2.1449889933699073,-1.220678857228397,-0.5141309871592532,0.5498605238573001,-0.9378124145954833,-1.7904090176785328,0.7154370790341136,-1.1797986980132373,1.800229282946741
-1.133597076831552,-0.41394930459397145,2.0454480440799503,1.7137776705160777,-0.8504274605444259,0.2393730024060956,-0.023053758433213764,0.9498828084702422,-0.03262729713610451,-0.012849932617518357,-0.0339747072177274,-0.04021732906661406,0.10926738481482623
-1.678090004665998,0.4988825127816204,-0.2569791863433937,-0.32798756982131144,-0.10349505129930053,0.21130899666748618,0.0578894238431261,-0.21724357989424994,0.1809193474821973,-0.2129445179040949,0.573870632194806,0.2762781798506689,-0.16145503739392056
1.9136430262489819,-2.473934345263782,-1.4050442408875088,0.3176506595343913,0.08649041733513198,1.4725368231440683,3.7392580893801366,1.7897156042585187,-0.23816988284928511,1.0992657480535626,1.6617545738868895,1.7481602662190905,-0.19956211638375712
-1.1586282567867634,-0.09648960378507485,-1.1697459533233763,-0.30223117006172134,0.007839684171722965,0.6777998432457848,-0.38834149738823515,0.046982917124410106,0.5702471527322718,0.11410185175258546,0.6901059560198016,1.1566319974057673,-0.44401670054408404
-1.2470279954230945,-0.19521162306681453,-1.4152252372393366,0.25395565075729876,1.9423715714619567,-1.4582273954425036,-0.6238210730686753,0.4983498598487049,0.6872169068240207,0.8680007434252905,0.13762673139041026,0.4424296269772129,-0.4333835450255622
-2.9737869847545495,0.3254802552093534,0.4894041745539518,0.30957571628248254,-0.12787460276037635,1.5265387350233446,-1.1305376381233403,-4.552236780862775,1.191909127820766,2.111533503447828,-2.540912630393775,0.5666697062713734,2.5650915188596124
-3.4195534608725464,0.03954275757084297,-1.1106490899843249,-0.39203122517289896,-0.25623406816796623,-1.2878639334099018,0.6168648328897746,0.2897826300207851,-0.3889470172137057,-0.3567840246385443,0.16934205350674408,-0.3563455330262816,-0.8677264981069038
-0.2088469756157603,1.6079552803553778,-1.0973359430090721,-0.8353604388818149,-0.5692371719294131,-0.5985340343523771,-0.7864405403480235,0.5579926071406475,-0.2897397679995367,0.14969918262805448,-0.22109095346564417,0.5190791102564298,-0.20236808971741188
-0.7602872481511254,0.1617831995885595,0.4016231767750704,0.07654444921964121,0.20146451386304168,-0.0323746568450571,0.07863913112976971,1.1512838705052733,-0.04180773652335347,-1.2093840361022243,0.25876604816568916,0.3649777992779184,-0.025329442561141335
1.4772855542810401,1.6947561535171025,0.6897556218510033,0.19724612431066665,0.6617136480678103,-0.7531176294340626,-0.24402051042529957,-1.2689254307089908,-0.6600856849374748,-0.2657212758662189,-0.4763388512739567,-0.1085514963084384,-0.15013533519313643
-1.076468875733592,0.7489512501798734,1.2088102949798345,-0.9915988774000226,-0.42006091006796864,-1.0839844322010903,-0.3450186032305589,-0.6008198381996035,-0.8258572039783865,-1.5155992765169497,-1.4131264520196265,-2.236982136732349,2.461775476990095
1.1824105844628976,0.7414422839734172,-1.4248556274324637,-1.7092505407222691,-0.9288144568197715,0.3100684721230774,0.5874404740167763,1.1907158566938927,-0.8140865031106451,-0.370856210201026,0.2090559384991757,-0.6430713043822848,-1.188662634827947
-0.1545133677840355,-1.5764282547172466,-1.322779153914273,2.819786179843199,-1.3061583399630647,0.622058610292499,-0.1895118562986061,-1.9125822565870647,-0.48018794467628584,-0.040037512403830466,1.338039599436088,0.6026179496117514,-1.4571654027601193
1.0630562757442665,-3.712017318077146,1.4617794025676092,-1.7820746623948853,-2.040042541464073,-0.7038873169189466,-0.8593938849065869,1.018443588143909,-0.013993894382921571,0.9417130348243589,1.4792270856317684,0.616881849301493,-0.590394936027011
-0.7704228488081014,-1.0454760157284595,1.1527342523192488,1.7858841677995307,-1.7796074762215948,0.6278442734420191,0.16419396788640883,0.9161843281733362,0.24486037556057702,-2.2838237090538698,1.2038253354247317,0.5337102359577016,0.3610860120417801
0.16129363447869915,-4.718656263442328,1.5153552017165508,-0.4154844286465166,-1.6314008831685056,0.24795529473223882,0.13944772968476624,0.7439031890032927,0.5047376074490016,0.12838063776157846,0.8895543999491664,-0.4211987801187393,1.1087136390088446
-1.4820283592601158,0.13678595621502723,0.9097371352963004,0.3029459536627695,-0.5886055425595446,0.27949248897480133,0.10217839123432569,0.39117641304449513,0.18100534052879003,-0.1508621045787683,0.4065877048962907,0.08018330754288822,0.08177485109051254
-1.663403159819287,0.8690727142342287,-1.1072039977872905,-0.6433854600285603,0.3732458910721109,-0.18054903616592263,-0.3691717976548492,-0.0016944178975854152,-0.3115714404535156,0.10857754607557484,-0.10466219661332939,0.4016830424408092,0.29165429256055353
2.7069433867896726,1.466244988835609,-3.5422022589895565,2.414765480734788,-2.042916561096064,0.13640447926283225,-0.6187966327863336,-1.6739675577061695,-1.271294434623089,0.49049700353723846,-0.560872546288162,-2.520190949417476,0.6181879209199993
-1.551259093046406,0.7080664508681379,-0.6329581403226461,-0.5090466350720866,-0.047238341054860716,-0.016368571203169834,-0.16611758417467942,-0.009593761377587374,0.014805088380348648,0.06470406916055117,-0.010918493638884481,0.08440732304224235,0.09563149661609065
5.867839336962654,-5.7448952303216965,0.7300715663873211,-0.1092457648800999,1.6846978407448212,1.5116565464631986,1.9132873737870744,1.4422662734572267,0.9572107254936503,0.8553997166686301,-0.35516360322793517,0.22536185056631933,1.9112131737009856
-0.662106236907582,-0.8338083932502093,1.2098351165965076,2.6523703788498776,0.4307839667961847,-1.1697996360816842,-1.6054884630548232,1.6560210713257804,-0.22824009477190482,0.696043790341152,-0.27268548760025146,-0.2785788939933008,0.10672593226414485
-2.4669466634970556,1.1727965274956151,-0.6918605359186515,-0.8370620030573676,-0.4249121510364883,-0.09137666703461575,0.5760745569306174,-0.5296924287269777,-0.2103959102697231,-0.46459110813779864,0.42994534922854116,0.36482244500873523,0.2822496463367196
1.1409212777794742,1.2064076994028006,2.3571400889246066,-0.4271411047183329,-0.45874438029405257,-1.2898477621484485,0.32048792040938257,0.04065052483845474,0.08350297658384455,0.08276125751786338,0.10400900100551379,-1.302040513115692,-0.7682113833346912
-1.2216457243276178,0.7010325419897281,-1.660166866390005,-0.09779201532259431,-0.8231204544874632,0.7856781943833433,-0.28611909533139357,-0.5164483229775182,-0.8220238466695932,-0.6157291321739928,0.0788420994986294,0.5583218691448371,1.3522429662863376
-0.4902416487762457,0.37388097448240754,0.8167213264950675,-0.6957219849789434,0.1516093674860534,0.894451673148082,1.4971623082084475,1.3372663695736655,0.09463202317353597,1.4251359902864942,-0.5125700269379532,0.4512175821861243,-0.4091891464719441
-1.5106222985643543,0.7265933014915901,-0.5826872698915102,-1.2386156636035344,0.40601110330122314,0.0727753141862162,0.16042766303360417,-0.11903573766894131,0.11085515996893301,-0.10342301620680126,0.32636143541600304,0.4228874452734934,0.10392576204520997
-1.318851685422671,0.5285762031952386,0.658443329343891,0.8071660485718611,0.20712339839042,-0.1985039687143677,-0.8705046523035818,-1.1223681534144705,0.26529882075673095,0.8899356757293077,-1.0664582025312457,-0.7049347886764074,-0.25070835000337466
2.2009055717955843,-0.4331118146675028,3.8590451773578427,0.9778110431143215,0.2693385138888449,-0.3770685859248557,-0.8807566519148416,-1.5625038697469886,-1.4578250823503713,-4.000702381222308,-1.0136174722661897,-1.2493373304020807,4.43475257546057
2.884802555895476,-2.1978170215885897,-3.17804355135485,0.9287934807874836,-0.18316843195629662,-1.005738072524541,-0.7948522978158038,1.852462655547169,-0.782008746704512,-0.36976215111496064,2.1583862695210247,0.2628043828744937,-2.2891872375675546
-1.4592015519370107,-0.4124195035271751,0.7607044490270436,1.663413975322214,-0.10060472998034971,0.02206960750791893,-0.31383346712064975,0.31072073975381265,-0.2699567481706476,-0.187450367250061,0.2799634557996319,0.36012438627699234,-0.35695086337006215
-0.06657980201532918,-0.5032259280522572,-1.4731402573017864,0.7368053774198243,2.9265355749523336,-1.0522805496835963,0.4525693475075809,1.0014049137681695,0.37755638020823307,1.0004446409710193,-0.7833741116902703,-0.19177818912153638,0.04857002976534517
2.4008798760640544,-5.508028098076166,1.3211895538860416,-1.711372278516161,-1.1580436762093913,-2.269691143146757,-1.403664069255338,-4.0272845938569946,-4.307701539206651,-4.769585712335906,-2.0862803791139966,-0.7620487964833316,3.535182567823306
0.702476462823634,1.1794094181028734,-1.2420709151089857,0.9625567489404624,-0.5995842701418628,-0.4522013711557867,-0.23755154418447658,0.41482793038472354,-2.097965664402604,-0.32171964229480593,-0.5438204009947418,-0.37582507888521854,-0.0011273591166284039
1.0961997379068467,-1.0717977028610721,-2.38705508225075,2.8895561905072156,-1.3579500357999306,1.6256290381086629,-0.32458553192107176,-1.8691800773745675,-0.2145510630296479,-2.0804019493937345,0.8837819842206815,0.1756509901763273,-0.35141590664153993
-0.42679875001539064,1.1651534590777515,-1.3494383580258145,-0.9528952327155731,-0.9857862523984843,0.31783095287271346,0.07751831626911569,-0.34000889865375017,0.3218774911100268,0.0930379063252982,0.22634358993245196,-0.37833678831705936,0.13758373530893764
-0.4572702100906178,0.6297648099102798,-0.3305952723099611,-0.030453371344907512,0.7973783912457384,0.030340500244449075,-0.7445469288950461,-2.435072984496062,-0.5933293465793121,-1.5918247474124618,-0.8522328663852341,0.2404993791169546,0.294715602618125
5.702898945767925,-1.8993177931972833,0.6569354818034979,-0.5913810496692942,-0.8422700459202042,-0.27082339073616835,-2.5151428589410343,-0.7639947343803057,-0.3530715567015612,0.268618785825547,1.5970931685544083,0.8085680987700953,1.3143025790493679
0.1043991463023699,-0.01473009217474483,-3.0844104808086286,1.423922841205363,1.3303553206853438,-0.81582513526667,-3.3763488620092454,2.7649306870127988,0.505471608733065,0.19874500354679567,-1.618773803788278,-1.0828531106648993,0.7410515166459031
-0.8402406684574651,-1.6559790398008962,1.6220875431803277,2.796200454026191,-1.358539182810836,0.6120706917314934,0.7034986961447497,-0.6465988210456847,-1.2673115141156908,0.1726464853374922,0.8648995307065521,1.6205578733784827,-0.34242708361957563
-1.058890686184753,0.0898423745718667,-1.346875798919094,-0.5077714472820246,0.7298800950592634,0.5489261523985033,1.6881763388051483,0.39839233536272506,0.010749414687576187,0.8013081400757719,-0.9005315438154178,-0.4227186555925939,0.9687748883568211
0.18436393363832296,-0.05012905417825177,0.5439551591592521,1.4810967478224304,0.8508253131875478,-0.3348253376616213,-0.10612632873780814,1.4321084329471785,1.4824679423608476,-0.40533684576758205,1.7520453316506417,1.3051482156490097,-1.925908511754863
-2.6918251631027528,0.26475488008254333,-0.9441154574469637,1.9150692814616161,0.6549600288318677,-3.351666714965173,-1.595564141742769,1.489903378037577,-1.4151089599312456,1.9733955791572602,-1.2672349306146706,-0.19722633926204128,1.289465509934473
3.8358288432945287,0.4751607330275332,-0.989780025029419,2.441813755547949,-2.063450247994871,0.7055605779393098,-0.6261005006410322,-0.8125048195630137,-1.3032771197536583,-1.3790892715813474,0.07978542259135626,-0.5905985785187129,1.6489676400377171
-1.3446629414238291,0.09236880896374643,-1.9692729456243194,-0.575388637697668,-1.8683004252523612,-1.3513158444538633,1.089475529105512,-0.5734790198254248,1.9363901868960927,-0.12734429857624902,0.6066950941328733,0.7684486885689031,0.9899903159750612
0.09847723174676837,-0.716672718104356,3.0428373286208976,2.388283286057116,0.11251171115922795,-0.3167698403017629,0.0661652740043611,1.7633382249670009,-0.02024482011472093,-0.6157059442871718,0.734235064717979,0.417325771936838,-0.21530039464382084
1.1955123654819693,-3.5978721148370365,-1.1785014255695212,-0.5182972322969027,-2.456876457584692,-0.7231961619255174,1.6748333923248055,-0.8434711711009563,-3.116563278287971,0.6951273252637987,2.219337227524617,1.2040044782508033,0.27347761463416065
0.7616113144743274,0.24697019267415216,0.9275702478767152,1.4128572374627817,1.6017475950493774,0.9345296187973302,0.2391922492045919,-0.44645646240318243,1.8620901977004987,0.48780401107815574,1.145862420139133,1.037175683292011,1.0198921162188823
-0.4302159728849311,2.0044511382220778,2.236681374532125,-0.40423350967827243,0.8157098375570478,-2.6488968336434273,-1.199739741789229,-1.5681923633734902,0.3266752707380759,0.3453794784815086,2.1983586262368195,0.31180684561514105,-2.8638682748206277
-0.5468166673346808,-1.0518080368625453,-0.20701980296483521,1.4222611909068992,-0.10606968501628836,0.34012122749652707,-0.9716739446101079,0.2335406980888495,-0.32244604371802243,0.6096005144127752,-0.5595750401071197,0.032800152742346746,-0.164623655778455
2.870418438335557,1.859252290324738,2.4067315574950263,-0.11986932566961662,0.9570918834761978,-2.0890128381928377,-0.09857000993737935,-1.0108804006164807,-0.3873802312472117,0.19306278427709186,0.0439081041744718,-0.8381086584014441,-0.9951113233833033
-1.7250691673443173,1.7924191274901689,0.1667340458047462,-1.5983257238024884,-1.6122808885524167,1.2824293472293167,0.6215687692625089,0.4863913958612948,0.28331307587922205,-0.22624116416211462,-0.862407593939645,-2.3461044750981377,-0.8523277275515254
1.2130244172770113,1.3046740060804876,0.9271343502785598,-0.2439597998291548,2.722176906372284,1.4526897809423096,-1.0267331335729293,-0.8891589579384134,-1.3239167662124716,-0.05142525416592774,1.8457811729643847,0.5525831548798591,1.998994767622508
2.296936527135344,-1.9359795470527803,-1.5934200267969332,1.4369187544719288,0.3097755374782811,1.276461126340407,2.8004534619518853,1.082523825251646,-0.2728055129689509,-1.0146683049864484,0.9342887396770121,-0.5680881665801737,-0.6356454904392891
3.816215840537934,0.3558620679214334,-2.0914281783065487,0.7246862928459049,-0.8925928442964424,-0.5065574887188251,0.45923805283293495,0.798604137952231,-1.0805322217833173,-0.3317334262821666,2.2004034447857075,0.32847338085399413,-0.36993332970120446
-1.1500899261843487,-0.927995723522447,2.0067702841692143,2.748813060794333,-0.26569074484011307,-0.103167197937648,-0.5867974468408094,0.20376821463964123,0.48178304801299227,-0.7453897001128729,1.0915941341261939,0.1980072864493248,-0.01343902655433231
0.05056240649036784,0.4218542704605488,-1.2802629844849929,0.43491836001108036,2.742158807304769,-0.9495371088801425,0.240607051118191,-0.1912877341306733,1.5812548644881008,0.5317130507325025,0.32311167732975615,0.20320090048613626,-0.9872287098023279
0.8371152801122395,-1.9234562687033068,4.268024551144025,2.2331807432122277,-2.523571866866221,-2.5754323055641364,1.0648347184490525,-2.413723323415087,-3.154123793143271,1.2361558697455504,0.127870596406687,-2.979952292003044,2.5823132711272145
1.7015789241862218,1.7485751509054068,2.102301814401714,-0.8564740582695769,0.35073371366119166,-0.6252400334772521,0.27682339408172874,-0.09166362407667782,-0.13900256966748692,0.41780164635814876,0.05374812286291039,0.41497893081868253,1.0705771925583527
0.22923891720940168,1.1335040739755737,0.3306408094916246,0.8939598408599402,-1.7223111522278183,0.12305169031282259,0.08004678337358177,0.7452748426058521,-0.8053777649053941,-0.32792339610567384,0.13047582828301493,-1.0944637175062886,0.5727187798189672
2.729410772798917,1.133478424251069,-1.290496443400439,0.10578697951303757,-1.167224685556921,1.4262158505058495,-1.1330007957485897,-1.0702873942776956,0.7547899698357187,0.29961936269565587,0.7565385334787217,-0.4440285541691248,-0.31902736578042235
3.0685543849476837,1.455314750739052,2.6196576315809077,0.2862140679201175,0.9696575451915804,-1.4514606719959238,0.021040332015867642,0.7264612275643739,-0.9354932334615292,-0.4504999439998008,0.9909776825597123,1.11801639733483,0.8255805359511224
2.1902017432791814,0.8255071753361962,-2.2104401165146896,1.379952201664655,-1.2458356414582916,0.5457003792408082,-0.10272702882155589,0.022759957674375667,-0.2944144728572413,-1.5185856191965834,1.3406808653097353,-0.19827600600424314,-1.6780854005320895
1.6921458409112606,0.23839756516585944,2.519706812816399,-0.2988058768962043,1.1231176184466602,0.32582388820278635,-0.9101252171449604,-1.0568923050765833,0.6110932764381217,-0.2419087764931884,1.7419235210839303,0.44537427447505673,-1.1194625687141524
-1.6809704303750241,0.22288651389714367,0.6681994902017524,0.2340976179375043,-0.3427053224240943,-0.04159224576599454,-0.48857420338324237,0.5268927185069342,-0.21391917090150533,0.58098207045155,-0.6667715565138443,-0.1297292987680998,0.8390169295270732
0.1346476347984302,1.0413718857879979,0.003765743148858889,-2.6465428465579106,0.2427770529126499,0.7939450447789637,-0.002324647426338686,0.2519129824932687,-0.23786731548344184,0.6864649070684342,-0.04516411998949439,0.843382126705944,0.18383195975558161
-1.2872140742035982,1.0505049637851793,-1.0313967491166076,-0.7589363500909614,-0.67976136142651,0.2320138051313891,0.14783037755081702,-0.010914609468598273,-0.36993004218026126,-0.2429138185499984,0.2557468136700341,-0.17773947052690825,0.1980251231692998
-0.10341768682308287,0.49602372107407966,0.17557700062671028,0.8990810920265574,0.9152019681423567,-0.8239198486540331,0.11711990015372357,0.9240991193071447,0.09952022989618316,-0.25032976780076843,0.646591929935689,-0.45692579695776725,-1.0223819558732057
-1.1372967123971711,-0.8638333053567092,1.52170901924012,2.1174276642331185,0.5779484299394692,-0.5368098073846053,-1.5034249439354892,0.5565297301934602,0.031151120722663614,-2.5150872132587208,-1.2931566937507375,-1.6105372175869639,1.4435590425285172
-1.723181283572496,-0.7351062269208593,0.8231818969909847,-0.0127828549980853,-0.41344224599771323,-0.08493736620883108,-0.09385598016871408,-0.13224759685743143,0.4036645376798598,0.04610012181862407,0.6029401435921901,0.32359169871826976,-0.5263221426120135
-1.304521332908806,0.6332656341273245,-0.7833636504367191,-0.34342884931937673,1.5011375947605614,1.6506380849853848,-1.8070677809183162,-0.559077273930334,-1.3848373995545151,0.6743301834241955,0.1915284470454768,-0.7215630091741458,0.2984701517673454
7.327125652850979,1.1600999634804194,-0.8305419957569282,0.5277682894600937,-0.7210975471192334,2.4778684924388257,-0.9600850310958093,-0.465933642649789,0.4331963998571035,0.06159203489828718,0.2532799556027335,0.1298424484775798,-0.2842768150138199
-0.6268748211234371,0.196132921564985,-1.2052620673956695,0.43751787131210296,-1.0904059121932381,0.5945916640347432,-0.13261435842326597,-0.07448806640455405,-0.36816188474905676,-0.16652651707890848,0.5387357828122662,0.05200854474887313,-0.38800055368780045
-1.365467543564832,0.4147953441998421,-0.6989245790316745,1.30543922999698,0.352213895935932,0.21530462632453576,-1.426207696665053,-0.4492259095707307,0.3522273664764455,1.3659860292198145,-1.0113628170064584,0.22889558779297145,1.4233883578853095
-2.357503760930066,-0.19164372285739215,1.2970824081685959,0.23302479878350216,-1.5030735832875652,-0.2753523589566897,0.4672848131891275,1.3259758112085187,-0.00016576729751319335,-0.09514202013561868,-0.2742671590303066,-0.9165817498688901,-0.15909804395936294
0.34157554741582385,0.050355558625775176,1.1214202005190896,0.6337574204823896,0.9825413393213177,-0.9046718309780707,-1.0547916616224775,0.5827062450124066,-0.2623667894521535,0.6104334571180876,-0.47702489437406004,0.6133743166654517,0.40944517780998735
1.8970316380395251,-2.2032046642858703,-1.2860026696585372,1.850694178651018,1.0454317068900245,1.734398206544522,1.2519348701645745,0.17304242660633407,0.5551520597576574,0.8253457038860862,-0.47190903808287643,-0.30018413209117684,0.712404447051348
2.563904794157333,2.6400957560036145,0.5955807678037566,-2.181414149220978,1.0040424457292445,-1.7045767923950303,0.7814133008757704,-1.5434594989422714,-0.31210989726378063,0.8019737158844769,-0.7655069470523198,-1.1797527372262768,-1.2220510727522764
2.520453321714512,0.7732328969099248,1.2024642804414183,-0.807334174287353,0.1091022982276679,-1.396123239958539,-0.13885025763116887,0.616811440077726,-0.8452184935058311,0.24762091836342087,0.21508329499515388,-0.11393310678054644,-1.451535710421668
2.312423605829092,0.02757229951656526,1.978353694611402,-0.4523750381973326,-0.25256005119735175,0.7206086792563461,-0.09596043933736009,0.1257870746346138,-0.28837704102068196,-0.2561211045278525,-0.218301173578356,0.5132611764617129,0.21634284437349652
-1.4106818243612889,0.6468368837267182,0.22383681626764979,-1.1100503507256312,-0.36932169921493546,-0.03935977474938306,0.18307797061925396,0.12042011095049772,-0.040300610637453584,-0.10657087180572361,0.18972752944364693,0.07825634914812529,0.2259305204830719
-0.0665072908907505,-0.48545421404007777,-0.013877804049681173,0.4261642580731931,0.0471883525301846,0.28230184435806505,-1.246036535524703,0.7482913844669763,0.3778483269940513,0.2621373155691312,0.2772687104949991,-0.31701903977571166,-0.004991312965529232
-1.4150128093071392,1.0504167737859191,-0.6280242530283708,-1.2114539899874146,-0.3496644857591468,0.07866140769091985,0.13795032594211215,-0.05500361207646342,-0.04801990921402587,-0.07929266482025252,0.3073638362247543,0.010597068828368595,0.10404716800216239
-0.30128313240396176,0.5118713315212494,-2.359313937786158,-0.9879936911605193,-1.2172702860104938,0.19087561491040536,0.26318110928076904,-0.27401523440918824,-1.6232656894159128,-0.8764204526609933,-0.03396341373366048,-0.5966224701445355,0.1040216552555419
-1.289806937963863,-0.19986868974197222,1.471742110007605,0.5971819878484307,-0.5014518332839781,0.24914604397191886,0.16536756715912038,0.6595326391319312,0.1175593174151648,-0.16951823360906837,0.31525027937057243,0.11874114500293688,0.08974086558930826
6.275000019419659,1.4699368334009553,3.1826162336647568,-1.224309632897102,2.837795259293531,-1.6875097773745635,0.2119018987442812,-0.3783103879018989,-2.5058330130395845,-3.576184321913801,2.0894297410049516,3.2067324104393644,2.4687056353494796
0.8778799897916784,-0.12022500529283889,-3.298829641379019,1.4999028890728647,-0.7181160661479431,-0.27954016811023463,-1.4045888332047045,0.6972725072499085,-0.9834045704787066,1.1912868525362734,-1.0018048187845954,-0.5175274864313062,0.30105089117232264
-0.9367167990805456,-0.1444078617049375,0.9118659803560272,0.8925513461815654,0.798303331203425,0.24882067593839025,0.8801388979571597,-0.31871227061091,0.7807918215399747,0.39966651610675885,-0.2812627157617885,-0.39776408841837907,-0.09274379651053383
5.488589896310854,2.7696059987803356,3.469209939168792,-0.4654089115207676,-0.6435409637413547,1.9419035029887788,-0.2172216153070805,1.3309882358474145,1.8656489098610494,2.936362401852589,1.4694500939925568,0.8649096148709731,-0.8652432184836636
2.68143345920488,0.28803696315460153,3.4350548785196047,0.9649145908254521,0.5983047205738712,-1.870932661650851,0.45035530992086237,0.16642167776329447,-0.42256052504860864,-0.10885923102560423,-0.11933314460945561,-0.6693898853841842,-2.571815942255097
6.324248454376615,2.7881260505703707,0.727055757794244,-0.6617331604660112,-0.3054744139624194,2.1588621018035132,-1.2696213043123366,-0.3288848109590609,1.1775248966677978,1.3155834344191681,1.4277847389108398,0.8812282924262824,2.03281532817311
-0.44791137253385943,1.4259807386827255,0.17483059032912185,-0.7532702459648934,0.5802577700131841,-0.4361876733396927,-0.2275092430008267,0.3564039616386818,-0.4843039435364803,0.21849321342696132,0.166498278394834,0.7859798930081267,0.7773037699602822
-1.3131187987539934,-1.6613089625386448,3.131340518172892,-1.3663188110419235,-0.746195608003393,-0.9645734537540258,0.16119232402644917,1.147556352671941,-0.6873515137741586,0.2947704822722031,0.499433182345555,0.9557903994947795,0.039122235358284886
1.4109204700258524,-2.6168668299082345,1.3181900775140833,1.7195141879418032,-0.33515818158603355,-0.6508933378192694,-0.23911706258196122,4.00041289486262,-1.1954725606777474,0.3661180941493235,-0.051366265766517843,-0.5178056614891966,-0.4491879284032207
-0.5896451588219725,0.1597925047277943,-1.4468623709919917,1.0556827852862876,2.1693121402095232,0.8218480943912654,0.682966870699637,-0.3874447122834057,1.1869022097689987,0.31195806680058563,0.5500537568830571,0.9245658812022085,-0.02146504188856009
-3.0435547897911355,-0.0758455454842114,-1.398533523221378,0.34368240232316866,0.7295515733004968,-0.22611116994996186,-0.8699878089403141,-0.529374954937313,-0.2884027228995798,0.7219445512449039,-0.5094460262406528,0.0732558976119779,-0.46698830498605065
-1.661681894713472,0.535391843955993,-0.7071915449435676,-1.22064321260811,0.29821369879365833,0.46860793265248957,1.0355677806881065,0.03285092797827113,0.4464850846306426,0.2807424713700888,0.051350422412474644,-0.05587922007044471,0.8262339317882542
3.356696002351542,1.1902277960744436,2.625722075841407,-1.3130962746008483,-0.14044730130299096,-1.7852005207402026,-0.36094326441820185,2.4905316246579723,-1.9526190613129928,1.36461639575964,-1.9023056472339361,-0.3711039456149515,1.0268625001489402
-1.3574109801160612,0.2615064876605821,-0.9659260609719115,0.24177863377449768,1.3386327754079284,0.015597029896276659,-0.3886421490693135,-0.44029859687516937,0.9220211155713058,0.2748463605107965,0.7269550268678819,1.2572360074828326,-0.5433276766096667
-0.1289514740963047,0.9613290864476626,-0.9344813277346635,1.6660090956157834,1.7561454919574935,-2.1250581984923254,-0.06500411589357541,-2.599162814969629,2.0806750187179945,-1.0092604299355412,-0.8162629410779045,1.1288948908908136,-1.3756634337619686
4.938490033066124,-3.0583105709435374,5.275350726183624,1.8449281577693206,3.085391275886985,-1.8598890635285816,0.09859341662673739,1.5106901748888713,2.2036084791385546,0.35146407552528186,0.555005793567101,-1.290685992579693,0.10207474884960219
-1.8320156487000467,0.48080312341721937,-1.12335107793521,0.16062609148435816,1.0034097047031307,-0.41591517257446325,-0.665458322844199,0.03905231747525149,-0.6282471823859915,0.03223195091128842,0.05710758865467183,0.8090561606767257,-0.011961855623130133
1.8537417156462843,-3.2108970884130406,1.8318530011183642,-4.061058106588476,-1.8421348473790724,-1.9001488059516667,0.6125173254842255,-1.2310699548806219,1.7288414954810076,1.4892517625872606,4.968671597101199,-0.9772629272617691,0.9262262082026418
0.016571088659445385,0.05636741476345669,-1.3057944897385818,0.24225173625963756,2.5812662404530604,-2.746058437229843,-1.6890822022922818,0.8616972859786934,-0.4142821772019995,1.0293976479989984,-0.6954943088103323,-0.6191617519276058,-1.2218561067734914
0.44119355308928493,-4.815973167785788,2.5929871268723708,-2.552119941535423,-3.589719436237957,2.3422929634438887,-4.12562849075267,-2.7277082150788483,1.7986781815795105,1.3652109169837978,-0.47072732263219874,0.3905091062175629,1.8732846204585774
1.8972105839583322,2.5460093163413253,0.7210828336986651,-1.2203648837765628,-1.15979249643356,1.5388438063200918,-0.551836257239525,0.15455578673652914,0.18404271901226943,-0.2559204119170496,0.3605397590715051,-0.3435838608017272,1.9862093373746603
-1.732160642479618,0.947761495155062,-0.5913664852849878,-1.2322320293363938,-0.22037758394323687,0.1687351250575704,0.08196501111790615,-0.10476478319300268,0.1828998512606212,-0.09598434508099737,0.32559885615559775,0.12972721791985778,0.27961861512644803
1.053757783074168,2.608848676603889,1.2256194173166937,-3.275863335613155,-0.12231065748430618,-0.9011374397895694,0.6923940442181798,0.8171531569197847,-1.8255071000448255,0.7124778568536595,-0.8610271590283269,-0.7145589684605851,0.3038878633720916
-1.7733159421204627,1.1174110110063376,-0.6107880739874025,-1.2139496298119725,-0.4184570626903049,0.10484125162958996,-0.18880552090559663,-0.17815013353044962,0.0614565614756597,-0.2843890772797966,0.547898655274886,0.19484410436514402,0.20691307852356058
-0.8382989675041288,-1.330995797493184,-0.3780023226607673,-1.3678659362350598,1.6077338938649692,-0.874884604710793,-6.676543718796033e-05,-0.644892781861169,0.8495664851941664,0.3827924144929601,0.9138212601042556,0.47373324662725874,-0.09057051308166555
3.679402524425343,2.2820880531129606,2.0234195154112933,0.2215340529964582,1.4721989331693297,-1.7258887346663319,-0.2564796887283538,-1.7744986285231854,-0.8385069345650878,-1.4989338841184197,-0.6394768650063108,-0.02244956255709044,1.3278246846767234
2.2420486920427747,0.403387674836936,-0.09024960053364141,2.8186725094838625,3.2495389714734553,-0.9919857001918332,-0.4724110312447707,0.32945019571566936,-1.144243045605651,-1.6183489250320116,2.040577997798891,3.010567228064621,-0.1655909915805558
-1.8128390028904582,0.6216589989806541,-0.6276554497586959,-0.7996247740969409,0.27271387377903983,0.060208662728718124,-0.03885763552136026,-0.5209208474388191,0.35212512094300696,-0.41986722692748685,0.24510922931676718,-0.12922030110654936,-0.3574727018365279
-2.47817987726477,-2.536409032405626,-0.1042154152015565,-0.5023796532446759,1.2348392321007986,0.19223000138697605,0.7821089356706125,-0.491228957985823,-0.48131279289701706,-1.2572934068765016,-0.5092324772750288,-0.41934056544427933,-2.4907968027874348
0.7461602531325968,-0.3869629294760402,-0.9214999564766417,1.0688183458631677,-0.08169933528215613,0.12344221410214318,-0.049905106074166844,0.7020091370108308,-1.129518004670049,-0.908668848689073,0.058358389073388375,1.2802807193014945,-1.7650608471578058
-1.7659890576867805,0.842743617299846,-0.9727342100635527,-0.9137593722453898,0.15784080205559278,-0.04964935888709709,-0.22423451768484165,0.1073855785031004,-0.21927811121498914,0.03601296517959684,0.07578094836340464,0.42392908094335546,0.39872626793112975
3.029142857065695,1.862924164253306,2.208960558497283,0.2792119329328823,0.9386183608543248,-1.6054528883816865,0.025524265510888357,-0.3649334461362907,-0.008448428789486139,-0.6249238554839373,1.3888894646676602,-0.12993499001680936,-0.6729670874242368
1.7860930506924715,2.5389590230534536,-0.8968823934827599,-1.520375905225884,-0.007298477118501141,-0.3633679314272919,0.4983920205767314,-0.3124765353602727,-0.882802078682141,1.0215932944824107,-0.21951119066725544,-0.4629302066440478,0.5534017885874912
-0.8416920011180703,1.362976552584851,-0.33370363385406077,-1.6717287394328695,0.0008719380844757861,-0.21104901364568254,0.23625152702433408,-0.17790927642591714,-0.008578153038091217,0.10983504352928124,0.011950683863581411,-0.10652964231828747,0.2367492589742054
-1.294642202458687,-0.07257792274734728,0.860527945857058,-0.17067079571026664,-0.18477280319458753,0.4949393393845526,0.9946128619072532,0.622562480597377,0.5808327288076798,0.5049610778983645,-0.5667324269318221,-0.322001990285979,0.5192099199423715
-1.2532974306290083,1.6022395135220124,-0.02345785076435158,-1.3310120806659873,-0.6646036173745177,-0.07874856051115851,0.3547027878413015,-1.0305600827530472,-0.24021418430423028,-0.42132653972550765,-0.3171003185094234,-1.451180670460177,-0.24226016391201252
2.3255587006459577,0.20039358041267802,0.38738935823894677,-2.079330012049878,-1.2527716660393073,4.021144091332013,-1.1658834733762529,-0.022227066136208933,1.2551793443219554,-0.08597951711415722,-0.17535871626203905,0.006145349691482309,0.021312085059470055
-2.639821702452654,0.09711745948612428,-0.19308219781471292,0.11692956062565238,0.12002651236109116,-0.13084504719451526,-1.0631840540109223,-0.47432023673254353,-0.1913239246628123,1.4648325113671596,-1.4944509560448105,-0.5163313976357031,0.8770545582325606
0.9052559782209446,0.9171040378532216,0.6759642239344623,-1.6170009133658396,0.2335109358109111,0.39508445882019405,-0.2467320964399438,-1.4124288528904176,-0.04509658580730469,-0.9614218949060434,-0.31932746971779663,-0.11189511917067149,0.014429223316699177
-1.439043760691617,0.7264161146826739,0.6904107794590709,-0.6471550530978568,-0.6067654904287252,0.08888484929177991,0.02444661266711138,0.434761854173208,0.11758029101971017,-0.025121637002669873,0.15724993897883788,0.15651958583699685,0.7379227753704218
0.679321278754603,1.8117655877619951,-0.042391478004402364,-1.907701430296309,-0.6786221822548119,-0.2173762473360751,0.37202765482329236,0.26897914586777655,-0.6480799744493123,0.8841584627921504,-0.9163943944874227,-0.5278707272406715,0.06619602941440937
0.8163120249074101,-0.011131661339516069,3.1703433502676233,-0.2061504547545566,0.03305738903578303,-1.1182174566018717,0.6743195419018246,0.11810161094637935,-0.5277050039024784,0.23124632090975483,0.06344270045501663,-0.11704515121566902,-1.774014052758073
-0.15036587274741978,1.3014863069736384,-2.2436480789442905,0.5512236119168081,1.197158630374054,2.2499672250091973,3.581254099577407,0.7181461394555436,0.0913625876649997,0.8454629573353981,-0.6993364453274219,-0.5280038456075412,1.8962171407000872
0.7911064807410656,0.17476920778654692,-1.9829349036598827,1.3533720156680864,-1.537851055638497,1.174083500351086,-0.5655656574513344,-1.041817201998814,-0.4077934482104568,-0.1394975176245124,-0.30378362424005373,0.03047108221692201,-0.11872025574506818
0.6952261123609229,1.1123605322839012,2.125792116558255,-0.8732650191605759,-0.5121998595849395,-0.834175112709318,0.7020435317814342,0.49229024104898794,-0.09596223856228275,0.28553348160820635,-0.7675183305472955,-1.2543746949597139,-0.31993384558213894
-0.910675524570242,-0.9496021047972123,2.346366948880476,0.9879025910838314,0.3491741031902571,-1.0504240755483818,0.7013197874813467,0.8767422136675929,-0.7788316009127211,-0.18591295150917048,0.02804119153616049,0.8786792197688988,-0.9251135973189469
1.3444569418294607,1.6488965728120561,-1.6139527018829039,-1.506579150535632,0.047300806282285966,-0.9376354724568589,2.0984078958636023,4.073179602245112,-0.8551024883215427,-2.592782276967619,2.990778153812079,-0.005124562697671643,-1.7369917171389506
1.2336361311407236,1.1532196289303154,0.1665411894395415,1.6374831874883875,-0.6115508056594108,1.169294948183736,-0.5031312253617903,-0.005067382613987525,-0.21788842719950255,-0.8128507525703496,0.4516842163108435,-0.34247821294992054,-0.6729870000287437
-1.3366558520426,0.21030007568121598,1.3599285467643794,0.18160425418222884,-1.0050518737824559,0.3208911795334059,0.20625911580368997,0.6778981329104413,0.1890791819850139,-0.07518991216543167,0.008448255270122183,-0.2346736071668892,0.39690575117312377
0.82450830559827,-2.7694988201651642,-2.7045426742977554,0.9552001157033276,1.3426384007490884,-0.02809724383182067,-0.028392224891267397,3.588506572199515,-1.1398008476104309,0.7430667926145083,-1.1724804124027783,-0.7061021243683779,0.35267618709241727
-0.3342011397298181,-4.786803488578971,-0.35090738412510564,-1.3371770438587096,0.04244729666469154,-0.5079023497726404,0.11437772557495056,-0.11371505079989776,-0.8071785858177598,-0.710741003465442,0.26195095101803456,-0.15086233501388988,-2.0782882897345853
-1.2972475099602088,0.08199656741146129,1.5299257939413882,0.5425296970036142,-0.9400124221479811,0.2825776103929692,0.10993015110127867,0.8214548135799219,0.1223157998901659,-0.014974189915298676,0.019075088255627502,-0.1431103955708125,0.39214636234795
0.048886870065162256,2.209492923255429,0.3755737210849986,0.7145359090738361,0.2488956936524196,1.098324583546411,0.4555934843523738,1.2413603094492385,-0.11889257010819033,-0.5723052775744766,0.523423096855967,0.7380875626387752,-0.36184387235253157
-0.2267270919558694,2.099125270134839,-0.11120455787657892,-1.6106046644193313,1.7632962882482184,2.356697651470321,-2.918856550537455,1.965547535258265,-3.8955509285267627,1.6362636582966725,-0.755952478059448,-2.680918226407229,-0.9897343144086037
1.933061031356572,2.2013017636083276,1.6896691889195345,-0.06882122092795291,0.6407880015085915,-0.7462270474369612,-0.2063372569349591,-1.5159047758865158,0.16397998279652062,-0.04533753876168186,-0.4265545035313798,-0.23126833245059855,1.0214214168913514
1.8383991495162437,-0.7747835976246231,-3.78040706142894,2.0317320358704802,0.9267760571057106,-0.7000737261589001,-3.38128723336179,0.38183628156273036,0.7293241378365966,2.4333148388881285,-0.8823062614881383,0.21158559560691276,0.18910252070743724
1.1806814522209839,0.9838277032126126,-0.8322349015157146,-0.8529769492968116,-3.427913604980735,-2.8011104946051186,2.1735355242673853,-1.502337856174831,2.0671835991952845,-2.3886908181822077,-1.8141130487648134,0.9420264516446374,-0.4079117645915081
-1.361165007107897,1.2046508724457363,2.1040545996307896,1.8062499735370183,-0.7056709979272435,1.1506239160363032,0.9857160179744829,1.0711073472392831,0.1312015946006534,-0.07142489833949286,-0.7736633309589441,-0.2746760079321388,-0.09043207999917469
2.5324644976385255,0.774284165724459,-3.405306948143636,1.3577666201853076,-1.7702701692001812,-0.21661300317557716,-1.056122042880907,0.8599685019972623,-1.6202071695771603,1.0774234117716646,-1.0118377573748596,-1.3262303932448576,0.8217281241694516
1.301727059374053,1.6263696671326697,-0.2735562724447925,-0.1524388607206536,0.9183621481805062,-1.2201670891428456,0.06639082299116043,-0.3302083476764677,-0.23817818481066813,-0.8391775709252275,0.7760064734963621,-0.5130113924964491,-1.6773311703640903
-1.9106524271418053,2.2791934736321378,3.57256794013879,-0.15605369946268283,-0.6835640409721057,-1.7707908814235875,-3.38833187916238,2.2699763881196957,1.3488198413182504,-1.9014410174858618,-0.6959994298118443,-1.5926445969017415,-1.2987450963753384
-1.732160642479618,0.947761495155062,-0.5913664852849878,-1.2322320293363938,-0.22037758394323687,0.1687351250575704,0.08196501111790615,-0.10476478319300268,0.1828998512606212,-0.09598434508099737,0.32559885615559775,0.12972721791985778,0.27961861512644803
-0.10579819070278862,0.06644448984951398,0.765073996913762,0.4797879329532775,-0.74118852925872,0.6624869920816574,0.027429259126355222,0.3786078329559928,0.16707325882554264,0.24037188081314015,-0.01623265439011666,0.5042345354898732,0.46967834901376143
0.8489826443864718,3.1273287141358868,-1.1155384138934705,-0.024843238191174278,-0.3675627085531124,0.7694736844976438,0.820468577697105,0.5828113695434257,-0.03847854232323614,-0.2346225939010456,0.5752217704576147,0.05535545801668146,0.8481071016903958
-0.7185268285111504,0.1934391563060736,0.38227653445609483,0.7604018560728225,0.561699095882891,-0.6827362129132445,-0.7438634488301176,0.5216336723305072,0.1462351197812388,0.3507624874594945,-0.09769744709106155,-0.18519656094958065,0.06307693587178427
-0.39583654202196733,0.5323324104703245,1.8179010587353086,1.5217409652901954,-0.20260671042194395,-0.227565729086687,-0.2120934763782443,-0.733934273349177,1.0557507333897294,-0.16565653098528765,0.5526430415856797,-1.0239435059726738,-0.7005205894598598
-1.297098786131586,0.7433410103124501,0.687777985685796,-0.37902333850965814,-0.6528962831692745,0.19350374675190204,0.14257894737183863,0.07334485524826723,0.4005771483057718,-0.020770080224309213,0.04724754669580744,-0.405061594416513,0.18959690006504668
-1.0485530144253503,-0.5195874065845134,0.8196757847958734,-0.4110815004327038,0.3783766458517538,0.006425009028520024,0.5678602712955997,-0.042543581545294536,-0.18335456664401623,-0.22611584055360362,0.4713049220048887,0.4169977263717627,-0.470887019534964
4.981353957856132,3.0332710591261702,1.9537043814477988,-3.4735240073930345,0.2434188229908374,0.41604658973526176,-0.2361092364254826,-0.49204366520531573,-0.4934953744247031,0.20369636159926732,-0.6898290886592279,0.7450515603353333,2.922462721463488
0.8056407847222107,-0.1710235001921279,0.568989825138414,0.6420468495713256,0.33389415394891814,-1.0950702783839312,-1.3177224329151185,0.02180179899236055,0.3690197883341233,0.5662932914130003,0.4533385443519409,-0.07857986616944092,0.6513129143717415
0.96819108141499,-2.8507967868267623,-3.3246091646264015,3.015648623441089,1.3024054329840085,0.012649722135491974,2.890318597271166,0.08756597181332179,-1.9267466461834823,1.675630166931144,-1.6472380963075521,-1.8525794058218221,1.7905435468545559
-0.7984493897162876,0.5991309556477447,-0.9464902823578903,0.8688549500156166,0.5252091158486765,0.026697763442658073,-0.6260744880151385,0.26300682634832373,-0.060465696416173796,0.006559983051515761,0.08416366758361102,0.8418049774078248,0.4367790088020423
-1.147492859357581,0.06122328285201589,-0.32441188963116896,-1.182618259715811,1.7723786292304242,-0.7816603650244001,-0.038744282846893296,-0.34054713027408784,-0.6163356149857953,0.3998023409903138,-0.2823650978175526,1.0147246215660122,-0.4495811471226827
6.984333752174922,2.930963590385254,2.7727430788493295,-3.244966669277522,1.2625560473904789,0.06746129582576695,-0.3942887322203577,-0.7455912066882933,0.4795478649691786,1.1407704582720901,-0.8801337898675722,-0.1363694836162288,-0.3315376256772863
1.9865137479656072,-1.028964097956389,0.05248730774321011,0.615167698212388,1.0547691408320086,1.238267185457985,-0.7711219203833467,-0.9381316677570806,1.031860162920367,0.11859881280424538,-0.19197792016642148,1.2797709189467075,-1.3238746683070362
-0.01878441788667024,2.7913974367791807,1.8642461220762134,0.2505135695172746,-0.7218445891589436,-0.541132016189458,1.08356210701277,1.6399869008387025,1.0122799872807384,4.580977296452497,2.6959586321203033,1.270986981316119,-1.9321540956107317
-1.1195795639122021,0.7406976273311309,-1.098628151472705,-0.012164239696197643,0.7749518728090318,-0.20187488711753093,-0.3672941248414614,-0.08161150878424579,-0.500471743701786,-0.00812479563312015,-0.22287024270912942,0.5340036305238008,0.13313827514896745
5.597755771148118,0.746191849570462,1.8630402394160328,-1.4971591191069562,-0.9263655728998016,2.53939758881247,-1.1632210586171265,-0.845901434143264,0.5701676690827305,0.2095382546985357,0.32752903896241725,0.8041776857074814,1.1561689935940125
-2.0427853448764526,1.4465895806709368,0.006728033411174771,-1.4820730915860645,0.04466236235851664,0.6259853979738368,-2.771574083208333,-0.12938076846974578,-1.9778587408991395,-0.13608279383341823,1.8984774268870035,-0.2352303880038896,-0.8120533552942178
-0.14562862583304503,-0.300674922288616,-2.943924837604786,0.17497121179253747,-1.7709469909734847,0.6067580507277467,0.24815252035169397,0.6347251971351594,-1.0757338962403187,0.8057108825281285,-0.2668679831191497,-0.5858818280931954,0.32390433810162633
-1.3911559621076688,-0.059385016199983334,0.16138631814774382,-0.005004395449426668,-0.1825103512204102,0.5483805672804575,0.3364915909467142,0.08006202497158167,0.15824942988968618,-0.3499628384241202,0.5703080088381683,0.08472292118134149,0.10896334800873363
3.784293089399445,3.4101470140636656,1.9760715222295937,-3.7419452443057946,-0.16752873147759678,0.19009705997247664,0.26962002589149964,-0.00664366736171671,-0.3804452132921235,1.4547624707078903,-1.4871040993993552,-1.1761000243238051,0.4858771949208281
1.1776022237414532,1.361033095265029,1.7568929582334614,-0.7394287999584896,0.29522270972870873,-0.9321047757511297,0.07274179684007619,-0.192987818062599,-0.05000537542181616,0.01905354048558145,0.29605404724968504,-0.09486742672999741,0.2662003281638099
-0.8178948708390859,0.840264476471486,0.9599893215757318,-0.9186208938902167,-1.6990778101960275,0.3469707184818703,0.2724306032540811,0.9562498016316776,-0.5393456676089473,-0.12364540494568581,0.15810816093505045,0.16170528568769515,0.9984882650033566
0.03052829185204474,0.16334228196713077,0.31862858861147597,1.948425362310776,0.9623092336249345,-0.5423657978251972,-0.34986702014368637,0.797453667356094,-0.4405693064659069,-1.1135479600770564,1.3276917817056635,0.9372176781975419,-0.5979470013929923
-0.6629107892240458,0.6064662252659263,0.15981658884793443,-0.31823698008427226,0.14057277589562772,0.6625560939070885,-0.035393721677829296,0.6038510052845381,0.11830481140013611,-0.6698463346767094,0.4910585411712386,0.6791619176994744,-0.5803755238978267
-1.9886871114472702,0.374929012746645,-0.44687592947405735,-0.4049905408838375,-0.6609968487492968,0.6889111668015833,0.011104028108263282,0.2977167396640787,-0.12388264913808886,-0.2958471033538772,0.7662603192873185,0.795476807117761,0.6967408901860853
8.231030405099663,3.9939623138391407,1.9963373806779454,-3.58645604018858,0.16696716491012534,-0.8357326601388845,0.6975793698680188,1.015782449517658,-0.3947150659858788,1.5673424839000425,0.39743994491438234,1.019155236542112,-0.5796092777565293
-0.8791134416081041,0.2787246749338514,-0.7621403804878762,1.286148999414346,0.14296010687107452,-0.21823347536368504,0.5208728860477067,0.45942260703258686,-1.6057108361856154,-0.7052412066160731,-0.8955742219033815,-0.11495530308751964,0.2556937722045568
-1.1976977270009095,-1.4231762497772933,1.562306551529242,-0.6570794116520674,-1.7941366534096401,-0.6774850499017946,-0.9993724964795081,1.5997119432208378,0.1290531927116336,0.4533714397154913,0.3272243631888625,-0.3655371041508497,1.4455421814049176
-1.655754378434777,0.8570774901941757,-0.18533251553490215,-1.009894914559827,-0.39309082188562394,0.20243514630725082,0.09551908940074204,0.117187409882557,0.2012396316035372,-0.044638207219180846,0.27522271472720145,0.07101215385918339,0.3778969134231269
-0.6886505085555327,-0.31120583596385387,1.605417780248331,2.18707334976151,-1.3098112380276996,0.3026516824799143,0.042811607999697056,1.0437329821946466,-0.5854571905769872,-0.15977940608651936,-0.10382674970329105,-0.3476840175133801,0.02767389285767808
-1.3528863323397555,0.26641617285740876,0.7883912621977293,0.4402281951991787,-0.18854822061239418,0.027454025634058864,-0.3032646546242384,0.251293749917284,0.3714764517834804,-0.2346590216493377,1.0865918478661787,0.21813086588305167,0.2785873624407671
-0.12461307866130282,-1.2211040751687812,4.09122002705344,2.311929887804418,1.2529060859685228,-0.5826065061349723,2.4148963466648796,-0.2650153692458412,1.9890542634217265,1.5759899061540201,-2.1422198328671027,-2.759992222862492,-1.8242383639662498
-1.1959258000755377,-0.24004923829428612,1.8586524377811138,1.2709656160921528,-0.8063221462425549,0.04474449781472251,-0.2837382054447061,0.2721985063868737,0.7546642102644878,-0.670304482280905,0.8541723948246175,-0.2224113467373011,0.5678290932777812
3.7574703655326003,0.5421158317631092,3.2616886339040176,1.1896944194874777,2.476080212611902,0.1499403639277818,-2.560181988501721,3.57692079260005,2.7699708644191188,-1.1651022037829486,-0.11010157866137384,-1.9401293451090864,0.38521919208432676
-0.7122693213508964,-2.4983333256258713,1.174248846375941,1.0988789464305009,-1.4980637910937253,-0.7456912370132097,1.9761808972678754,-2.305233947708275,-4.581308635137458,2.695098502504207,-1.2947117456733892,1.8423428758045592,-1.3253019796256758
6.794188957602414,3.370404540532169,0.809762865506927,-2.163919862951579,0.47598796356175826,-2.354526575276648,-0.9990234844056497,0.1749169368247708,-1.6316913630280117,1.9132495821295898,-2.0311668350689565,-0.43309468215289304,1.9450662495563253
-1.0728260529706959,0.5290405376161875,-1.0843430034797203,-1.2228108284713535,-0.6123076566630692,0.6023841871850233,-0.12145243858639036,0.01850654546840164,0.04537941558963437,0.0005099011220762238,0.001170036497824025,0.2785058071998531,-0.05517580311768337
-1.774774147732215,0.7480383827607601,-0.5197171815873304,-0.9530523288032123,-0.09344045269240535,0.1528916383070306,0.028549761382960316,-0.11225146088669662,0.15923483864461788,-0.15639033566815394,0.5298793458024293,0.26761697691519676,0.13340630909765036
-0.38750806542204497,0.8287200714830549,-0.627488185486537,0.055838081371935286,-1.9204407562934445,-1.6928572623444993,2.904659734223258,-0.1497140235819156,3.656418916041193,-1.0944095357631076,-2.506205164163579,1.5159237189962451,0.4901683912017617
4.058168622950215,-2.530869531976823,-0.24121221904101967,3.8660887448058077,0.1630747701357134,1.2906116370655927,-0.5712498240786121,1.0268490808707764,-1.2588342367605292,-1.1564171417455296,0.961933336471516,2.2627952874789306,2.33330668351656
7.221098701245416,3.940355860989736,1.8473899803922182,-3.97791597525716,1.5731639436642328,0.18579503781847215,-0.22982802740118208,-1.474507496882036,0.07598549046835333,0.6131267224215458,-1.0697740585091815,-0.02661576406589339,1.6817716053412732
-1.1103889900481696,0.9367607268034117,-0.8065376466423471,-0.5705044323616625,0.2745968861862185,-0.13748100179046574,-0.43441020183711837,-0.43711131655229296,0.313601409149949,-0.03787554776601578,0.49557386109015433,0.08264318921221595,-0.04150075244461504
1.5281816991852124,-2.655969253080035,0.02699508043106269,3.396634895030629,0.5107705056954204,1.5979603437083842,-0.904282092429544,-1.595646506736464,1.564588064853451,-1.4611213808629213,2.5757646483149363,0.5948648336975756,-0.6358751608658001
-0.6351694982465428,0.06633889006048284,0.48972804276295345,0.3815990166071566,-0.25557204428038655,-0.5313150494377827,-0.11354868272856924,0.8941875702135323,-0.71596507106525,0.4741838449915604,-0.35366189220540095,-0.1750273774991341,-0.6025477115557989
-1.5787125023263329,0.38594182619416717,0.6469991400523639,-0.3221188053191313,-0.5785509439526494,0.22107513061434578,0.07283872877415991,0.4961685320520485,0.15932083169121067,-0.09430792234282726,0.3625964185039141,0.07152210460741609,0.37663619758208344
-1.034647363855723,-0.021241426821222455,1.8021756301562333,1.4058198419757195,-1.0350201082143475,0.5729538406692296,0.23107094570760714,0.6119986086865952,0.6520787894278081,0.1732216803725,0.06464681454885413,-0.01416826393215079,0.008397234345583834
3.3608027651239096,1.8223910049351393,1.1119442310389764,1.41204534457937,0.29018088161012273,-2.974405937663207,1.0416554577177213,-1.6195176877367559,0.7429114826198059,-1.5308987881372154,-1.1408207793018144,0.16290986278175693,-2.019352885327784
-1.1411521137373273,0.2904522325846464,-0.055571221985255874,0.5257620440661557,0.09402228565032772,0.755561335365044,-0.41372448852376187,-1.560092733964293,1.053980642284959,-0.841826189886506,1.2037974458703917,0.05353487331685542,-0.7349938716187514
-1.732160642479618,0.947761495155062,-0.5913664852849878,-1.2322320293363938,-0.22037758394323687,0.1687351250575704,0.08196501111790615,-0.10476478319300268,0.1828998512606212,-0.09598434508099737,0.32559885615559775,0.12972721791985778,0.27961861512644803
2.9072640733230126,2.4120205174602565,1.6018278018967185,-0.5094110918300128,0.2433365302306137,-0.8916186293519145,-0.1029650161357535,-1.0536916225434052,0.056939808910869784,0.26897615515245565,-0.42163419956998915,-1.5143626018261025,-0.6596651680542542
2.1051717607987364,-2.528468744524982,0.45934366756815065,3.1175185764382727,0.4107882894286634,1.9883844640719401,-0.2919700078487997,0.5410000694289612,-0.6385995982060242,-0.6520117222113428,0.3368845364179949,0.19904810341360724,-0.7930377230825219
-0.6499044132503625,-0.2367367488926124,-1.1695381318127382,0.5486629015858653,-0.2550559468067833,-0.31278946168482813,-0.24667312632137697,1.2354480755770552,-0.6040730785138025,0.8397206486025021,-0.6436566378661792,-0.7275713172555329,1.0230940216903268
4.803042210111209,2.251213097678146,-2.3040130977477413,-1.4402784702067617,-1.2222845113712215,-0.3286227477943042,1.848103955203718,3.4469015578339532,-0.6160436457359693,-1.7334824592688751,1.722274909046784,-1.0363769450124574,-1.5529280827613665
-0.38633596546132537,-4.040279955448489,-0.97693144672727,-1.6266529689590268,-0.23806503743616197,-0.019065299559707476,-1.8344554655718346,0.13567361802023747,-0.6983928706367118,-1.2803462511204577,-1.893492994589623,-0.20662563275957171,-1.2243143157658662
-0.3454033696954918,0.3964616499254716,-0.5244343509075914,-0.36687412373834977,0.3976267501465267,0.9424662251235353,1.0770537048438884,0.28664134101515476,0.16393420455586477,0.6086828605145611,-0.7778114915606225,0.24060774930186687,-0.937302090113151
-0.4252823715016924,-4.882761263288611,-0.11406662674337294,0.8725709813911602,-2.2471534520422622,-3.5118984217029268,-2.480842786542185,2.0132508280131356,-1.0802437318733056,1.4607820814821493,-0.0293944180901982,0.20656515663407593,0.6391364487793006
-1.0231648920538297,-2.572789708000685,2.3784580722906075,0.8004218064820909,-1.1325128769582677,-0.49190742460778863,-0.33891997884328373,0.9763463721424713,-0.5564981512579397,-1.3251517111418565,0.33760438331887127,0.2938145828807044,-0.38979207695818324
0.3692615158686614,0.12897377778153793,-2.305206261571349,-0.0667682602667934,0.30160857418685333,0.09644107370944459,-1.3528355800380933,-0.20567047783576495,-0.5070565215356433,1.4501799601753813,-0.6827520883546644,0.7454479915816163,1.3931570023002304
0.9769610095097263,1.8780342240181345,1.647629210859028,0.540619850531848,0.6042245856819087,-0.6902653493396244,0.8301140741874576,-0.7647351171230639,-1.2622768085405802,0.09562491929582585,-0.23122142553706826,1.0130964393036992,-2.141046182822646
-0.5476646767308441,0.07029724519966918,-1.555245983590407,-0.23242446375768067,1.153480256016538,0.5893522431702726,0.8901616279809068,0.0338690780766466,0.09129803661172478,-0.3323063079628068,-0.3760068192154173,0.3948728281597854,1.1061769525586598
0.6189787073947474,-4.717218516953526,-0.03989692509952557,-3.2875773619972426,2.4562799894352976,-3.5641679118837053,-4.311821280837452,2.802050510668449,1.3737302362097918,-0.577388161942734,-1.5206693800545334,-1.0998341093288955,-1.0747202264251878
4.273840916573536,0.38164787750284945,-0.7027757196899371,0.0045885937619396825,-1.392842880809572,0.9602871002054294,-0.3258811033627509,2.1662368442690805,-0.4598916985351268,-0.34270601148565727,0.3501984997400168,-0.5008832071635273,-0.46998347785566363
-0.2170769386953588,-0.10293088625511743,-2.2706695456491763,1.2742057512028224,1.7317153923634419,-1.1744475534355072,-1.392604019778467,0.5041365718573566,0.19691331792684924,0.8437095615894499,-0.31171069505550447,-0.056937335802155875,-0.4961520796908221
-1.353086347437921,1.1025639729566479,-0.47026630307666845,-0.7699270224192871,0.20736575208771335,-0.16560263542511894,-0.21622544901143453,-0.5125585478712336,0.5242653182783231,-0.1382275935525644,0.7471371518990544,-0.057601615388099645,0.06608549449206023
-1.9559800910726262,0.5776905413617057,-0.6981791468117144,-0.336782945904766,1.0559182418307462,-0.35213069511576234,-0.6045582811464988,-0.1452581891349875,0.027539822275879408,0.33143677818049927,-0.3080896389432683,0.7848439665858535,0.15751042975758225
-1.4783837466499303,0.2994494244895239,-0.22438656840441243,-0.9453266758101274,-0.26636366129742967,0.47289012422881566,0.36419391076418606,0.13510423538489466,0.10529658568595497,-0.32495866586114563,0.3058817297856336,-0.08177772087522718,0.49843199412349853
-1.3151393792239967,-1.3123270188848843,3.005805429089162,1.8683862464969405,-2.520420163858528,0.488570866360068,2.059012277344436,-1.764410497241465,-3.733609473031402,2.52546749982565,-1.2138506897241799,1.4960950426341384,-1.3495629414046204
-1.2911933900876273,-4.3025669377207905,-0.5279282240993171,-2.515802819005481,-1.7802740123892542,-0.5831679266282065,-0.7532640454873423,-0.5489327462931469,0.4843145439873287,-0.6931906032367141,1.5455873672197982,0.42187585616084083,1.41807544340111
-0.8374979225406507,1.1031034912025903,-0.5210627580718625,-0.9863794842322692,-0.45051811927519786,-0.09901724068359544,-0.1701807307259041,-0.9994200459265595,0.5430879929755358,-0.2125740399408993,0.33436710152008925,-0.6805677882646821,0.008119262598156587
-1.5048742634489432,-0.6646228312267376,1.791073027322487,0.9680973928679028,-1.9733660828337327,0.17180501823870462,0.24962537316299419,0.909262463285577,0.4516451152410385,0.7501641855514471,1.5048481334521937,-0.504692727583494,1.839240428506701
2.3108015641000867,1.8848100578776066,1.9901571727286946,-0.6937040945395295,0.44486597614035117,-1.360145100270364,0.213514564666444,-0.31287152982627414,-0.3547633064521133,0.32441178813048704,-0.42537861174650493,-0.588863864990884,-0.118129914172759
-1.760268652663597,0.8610760616921131,-0.5571691209381122,-0.8883924094390173,0.7055324910088826,-0.6738386142607863,0.3459782373626107,0.008163654160292164,-0.23534256637726145,-0.010757049966494785,0.4434321067957707,0.6977002789540656,0.2583414439352075
-0.9833916649290582,0.4705448699027153,-0.5109131386580074,-0.039772760377756004,0.5145642813591731,0.22633769629231668,0.023505264617139372,-0.7711419340902411,0.8662320611705275,-0.25703705806147886,0.8641544583143708,-0.033092598430524964,-0.19196077156049046
4.18254063903475,-6.310825942921584,1.4189159190111147,-1.9537007266914763,-0.8858157627982725,-1.2360842024232805,-2.651577524937651,-1.8304995270554505,4.019537179965222,5.978448218322759,6.646475861385668,1.6018983896076806,0.7516115364373118
-0.869119101861537,-0.507626988892266,0.6700350113958254,0.8530234405571261,-1.9269674027757842,0.10980659290136004,2.148405640753859,-2.9054239368794734,-4.525343181228754,2.3528546000801267,-0.9992112919334312,1.6855948900962463,-2.0902620074492178
-0.17741425060701843,0.3989322824670886,3.2035760192221296,-0.09005806230933931,-1.3110956267510008,-0.7767456214189304,0.3803372777208148,0.39050537835372545,-0.869661504512836,-0.3771093835420406,-0.19878855095467765,-1.3172308793920113,0.07083611225889992
1.934576246024237,0.4727516719329018,-1.2027325894280594,1.126580805272592,-1.7775040225284273,0.35407065186543313,1.3082045958176143,2.891729228721505,-1.2021357283525735,-2.0903504717394816,1.691011870937802,-0.08932844464870403,-1.327266989019913
-1.380738620925978,0.10830523868286375,0.6807941615834747,0.24621269495561712,-0.5544982772871511,0.017384743839468513,-0.17861587662347944,0.7190457789799736,0.11926181859450914,0.11704549897825099,0.03455137919194039,-0.14013789159958484,0.22239336908247057
-0.39975699699806627,0.9205374682792229,0.16464798198032515,-1.3922771400329292,-0.45977085437535625,-0.22995678277398302,0.18495354777208733,-0.10838964528999792,-0.010395127375835938,0.1275940187421658,-0.10845686051249546,-0.31523561503565817,-0.3683783485696362
-0.9072377206439893,-0.8286864232747188,0.010886830054752649,-0.5628788736994438,2.034120794784951,0.7351820782337573,3.0216935423801963,0.43260477609764336,1.6648101018036805,1.6051420335913107,-1.135461080877802,-0.8656692735937572,1.5091566829184768
-1.7204726481731345,0.5973246833439175,-0.14794027024428613,-0.7547670945903914,-0.24413420892351428,0.16464727859556036,0.04452166136092409,0.07140967466357367,0.14095238699943044,-0.1663481979797527,0.46873353569848214,0.19560212610401737,0.19728126979059354
3.3711203116743538,-1.5946787759407173,0.7089860977601522,0.4221278762116083,0.4581434811312272,-0.11998892098752041,-2.536359251320562,-0.09162675975220619,1.6515150775411707,-0.08158450044506482,1.2764931668135042,1.0719532577225064,0.8308945566719974
4.80706662124263,0.6224649985990085,-1.8244093105196166,0.32765788700085874,-1.0720630229548245,3.7841726593741023,-0.8661862650905353,-1.2768409107472747,-0.07144754781266215,-0.8466063747468033,-0.4975389553716977,-2.1046772282164126,-0.8065057024982535
-1.2810482972170159,1.208275910833385,-0.2634793285318875,-1.641597681968104,-0.305451683718809,-0.14077475439836135,0.16443992617868886,-0.045763704948804655,0.06098163610048419,0.10287983695168933,0.3405551940335297,0.006513402253747176,-0.12157902101895103
-0.7363050138982423,1.013482404423754,-1.9674678046902376,0.22165397377804721,-0.8123580433734525,-0.03716835850837604,-0.09971756574078941,-0.10281200647328657,-0.8801095391303695,-0.34065546407436,-0.15632104421308463,-0.8034005096862002,-0.9017576352406347
-0.6773681109064719,1.098715815076534,0.2475787980861014,-1.3950681035849464,0.30772553260341273,-0.5276568542672259,0.08588355426183324,-0.5689695915872456,-0.056352384255652734,0.01452479210987468,-0.1988884497899959,0.042490872148345515,0.48498392475416313
-1.523027008369869,0.44645899193090155,0.3532557319523838,-0.16728537093180523,-0.34520777207039116,0.054354793377869234,-0.12602205074474485,0.5514470535466041,-0.07608230785785607,0.03817601852903706,0.045325647296034555,0.13855513737022232,0.45576018931353507
-1.732160642479618,0.947761495155062,-0.5913664852849878,-1.2322320293363938,-0.22037758394323687,0.1687351250575704,0.08196501111790615,-0.10476478319300268,0.1828998512606212,-0.09598434508099737,0.32559885615559775,0.12972721791985778,0.27961861512644803
-1.6269674556375817,0.7442731983429219,-1.4308543745981415,-0.35087376607217996,0.5734786424328265,-0.23569398448034698,-0.5282655151270398,0.04153427511993852,-0.5575224428566238,0.14137231699772856,-0.2959828382175752,0.4298766770034374,0.38259565720046107
-1.732160642479618,0.947761495155062,-0.5913664852849878,-1.2322320293363938,-0.22037758394323687,0.1687351250575704,0.08196501111790615,-0.10476478319300268,0.1828998512606212,-0.09598434508099737,0.32559885615559775,0.12972721791985778,0.27961861512644803
-1.8141367076133768,-0.4863587043521958,-1.7387221920594735,-0.3344542066722665,0.45791366703648967,1.0547018688889518,0.7873712834315281,0.2195657256947564,0.06821518970606495,0.030063639845230798,0.012751993150126761,0.3658476228771925,0.6746802856475725
-1.1679758181617175,-0.37460491413355473,2.303366800331101,1.4193543858621607,-1.1472391980521004,0.4140150830178422,0.20251464595316385,0.8983476258225336,0.2146083487209639,-0.11513087819580442,0.18115581916673612,-0.17619524132708964,0.10324954609777347
-1.8009101691805107,0.07998357962018472,0.7863064957926214,-0.3563586151321755,-1.3051377137947682,0.5075296201026572,0.36742604818704894,1.3752513414285517,-0.047838738535923,0.03154083032237711,0.6100900770045926,0.16652386730373003,0.5058525848067131
0.9878900945959422,0.4224059106752845,-1.6942033775725418,-0.5739149371032326,0.02550551983014612,0.04699987994278635,0.7190690848786042,1.435125131448783,-0.28863134096570076,-1.5004763859865793,1.975673462324348,1.6317547341670644,-0.766477674399162
-0.2804973353770148,-3.2443917549599854,0.5023911893339462,-1.0355560771621921,-2.2423217158633975,-0.4525334672625162,-1.3917064730346358,-0.20404619457534862,0.44427138397709454,-0.2000289825468369,0.8567981367037956,0.23866044582237148,0.08023914757293
-1.3759891456915219,0.5181449056898303,0.5617765470509726,0.39465277331261467,-1.1275983961863618,0.7221953977321572,-0.28264585255674884,0.20023811120759033,0.2713315654833008,-0.3680486389113584,0.9306228210965192,0.225252965650705,1.1613867186104345
-2.1262200907954845,-0.17827752762329177,-0.21057518500897812,1.1049672316643804,-0.0340599315075602,1.3876286056529086,-2.2227016532739925,-1.3970843031862348,-0.24373379814013538,-1.06097522946093,-2.7330855667101313,1.6428732048949126,0.31769765021871327
0.9524741894087195,1.5855835735360568,1.6256822570119291,-2.2518731697620185,0.13604742643879225,-1.6768947318800043,-0.09937653347212513,1.0241749576880552,-0.3079465751809278,1.7946505284458698,-0.1183441080802234,-0.7853242402045368,-1.3602274686552678
-0.34712042074016836,1.279634616070144,1.0753784085070397,0.2429699565460389,0.3214720767204626,-0.6539293111025978,-0.06579352329243354,-1.27597624463892,1.2761684222503198,0.0632241035788459,0.06318752836206087,-1.5192278745178227,-1.1422775986807823
2.3336844742241403,-2.1429117316359427,1.5646069194582906,-0.7475807460703363,1.1613670853484301,-1.487129940555684,0.7981084852259999,1.144591301926206,-1.4347202248228126,-1.8485017385909237,0.6560293849060965,0.8577429943426558,-2.660654625856189
0.8115314049651086,1.4794091483923002,0.8154603366086385,-1.33740910305859,-0.45136063679154426,-0.029294250011027333,0.10943080760245914,-0.2121013424810684,-0.3405236310938254,0.12241161489335377,-0.3043832148848929,-0.7176699032617567,-0.3158534804920602
1.0242405355880728,-0.2288380095967731,-1.768647735596047,-1.1835363532440248,0.34476941036517633,1.4565967330758678,-0.8439450085883887,-0.18182323221774196,0.2034941798442741,0.2816071835016568,-0.07136896760452771,0.9261726586451094,-0.03707619156087241
3.224351640559804,2.785337720089424,0.7727207523824745,-2.5493546962753046,0.14465159317330162,0.3574741329384703,-0.1590508203865962,-0.9715723661132745,0.19767489984350417,0.9527299544270588,-0.6815899498785631,-1.2720363411299214,-0.9485477201664659
1.727384925843653,1.5708986233650164,2.255213288340512,-0.028400223273882044,1.2040656787080286,-1.4556492575817415,0.13143141912647482,-1.06714172080409,0.48470749414420117,0.3650099054283704,0.22494754086756194,-0.6298656709013898,-0.8372231270631557
0.7930513017062796,1.0360222329644901,1.5864649894410698,-1.0627620003453013,0.6154836001699057,-1.2093721938824826,-0.0011284377844244108,-0.6886027113122265,-0.18025142556853307,-0.4876821793269778,-0.14038019631077625,-0.5334092158693485,-0.3280429795550486
-0.1400865409226684,0.37967379048419747,-1.1670117404603515,-1.6617403027243547,-0.9535683123968136,1.5248671204761688,-0.3489120050210074,-0.6403309443580423,0.40468925946943934,-0.7821913251692693,-0.22435268264949532,-0.9831690979904498,-1.7005495443066212
4.608543853218553,2.710306241808094,3.074039891353319,-2.6721885591692076,-1.8127642777095647,0.3589320521486581,-0.0649848378724791,0.6324214059161908,-0.9776792226434697,0.7752758256234462,-1.0288631454013584,-1.703925492249789,0.16906213841323078
1.010848340682213,0.2980710533851776,-0.28989107218003274,-0.5215293950358078,0.9759277496207831,-2.2465272068429027,-1.4686935419722587,1.3406803109572731,-1.242046246069678,1.2509441971870336,-1.8799791409090183,-0.9102179080848153,-0.635095584925691
-1.1754998265446497,0.41179684247004583,-0.8464866731232905,0.30848399169003543,1.0747039142993702,0.10570136175781199,-0.2524719871392561,-0.5303173604953347,0.9910356496408922,0.33910415944916844,0.3623853339665956,0.9901176924276267,-0.5457644110436427
-0.8563003978241236,-0.2312037333371519,-0.9884758471577094,0.5840465116079396,-0.06045112561041718,0.05933600346510488,-0.742399073723777,0.3219579704435368,-0.25776368865186977,0.2999540249628849,-0.3746103236569097,0.24889009381507118,-0.554919193224477
-1.334502801472608,0.10533185577202765,1.0555807740122858,0.3055486168631953,-0.501295952922281,0.1604041348749413,0.1095009590467552,0.4059108540727193,0.12252970489310204,-0.11539692845526799,0.5137769439507177,0.1324869340979906,-0.13970491839578913
-1.4980899150074716,-0.8649426403517507,1.867276135348261,0.09643346902725577,-1.710136689182269,0.2574404068089376,-0.25526768667254357,1.3271712719113335,0.0404346105161452,-0.0632450054946317,0.6937132124955318,0.21139937783398033,1.2275901964452285
-1.97821941633369,1.1796195704234487,0.6782374761853955,-0.7651259763442265,0.4581919994711478,-0.32219166876661065,0.024406672957025734,-0.2119573958707314,0.3641812157501391,-0.5000517444295187,0.4654544308959418,-0.19192976369629253,0.058641686472628574
1.7029694326413438,-0.015836657630649644,0.6398984666967299,-3.9886833270841526,-0.5005511764058198,-0.29925920181909643,-0.5790305893289754,-1.433385362825463,0.46376705661161727,0.5152417725636858,-0.20322844382284477,-0.9845542763570406,-1.6241149395324965
2.2723458700576216,-4.512412906528429,-0.6625134501354037,-2.9296752880338155,2.940938746328152,0.9966387627515152,-4.050588728119599,2.4984157072858917,1.993617146075355,-0.8790037308891517,-4.256591199804468,-1.6529939271127823,-0.7365255802861344
-0.22080853457309305,-1.433173815360186,1.482548214165307,0.8771964396616637,-2.116673602051856,0.21193593655463147,-0.26877591783915533,0.9913876307690601,0.08219602555174925,0.4438910798205553,0.6885871422694612,0.024340657085615662,0.38563107381614004
-0.22034420236929,-0.20982442081577743,-0.18190733936309106,1.0178214263985517,0.4839491743939441,0.6090863816736747,0.11627656382095362,-2.494910724225132,1.518165865760931,-0.8603258856638807,0.29426353169590197,-1.218845058340702,-2.0148651370877353
1.3758171880163659,4.245940228033824,1.1287820587516357,-0.12035155140034594,-0.2293167792507362,2.646578791579798,1.0264635360994308,0.07366515467081504,0.4347427794046337,-0.04671521795776697,-1.354991283178644,-1.258840641105515,-0.4194790958629799
-0.7713395671011027,-0.5267937577421659,-0.810028439402032,-1.5979628006479438,-1.1503989493685471,-0.4635974031378746,-0.7664368431117407,-0.7249576385868155,0.6729317415068614,0.31255621029012154,1.0156926511800373,-0.25910309560874034,0.3489125361177149
-1.655783679788669,0.8790611093176782,-0.3887856877562269,-1.268593279669891,-0.06722698652480032,0.07593245129271885,-0.14831766392779086,-0.44083218732073287,0.002691160349147124,-0.9032285448454098,-0.004732325165059745,-0.10871403220117652,0.8364618572555306
1.987043098577137,3.863209960200217,1.127293615061247,-3.4579689033023517,0.27109939145328354,-0.35557103451211414,1.3130777766436659,-0.3784275007252296,-1.0234670896395415,0.7251127895180343,-2.349471643290937,-1.945783382164226,-0.12846122133522253
-0.2781289131599375,0.08531707301939263,0.06721477659960563,0.646257377635734,0.7756307505726058,-1.0188288735704771,-0.16159712827802175,1.7853199929430115,0.006968023083268283,-0.03938864780883274,0.6700869619834414,-0.41232936915918883,-0.6669857965924839
2.0241905858631295,2.4418501001025223,0.7346814812542557,-0.44465816374722944,-0.14955653600812926,1.6944642842844908,0.20376754878103928,-0.6951018312623342,0.7405428984658662,0.15394065598832746,-1.0949454372803225,-1.142632294648732,-1.2490421650092427
-0.8411689716394155,-0.8068803874430006,2.460607917859086,1.0861088980927176,-1.4507280163188605,0.011470421249611656,-0.09653522519552249,0.38730163000502715,0.5249772750428631,-0.018628078371634292,0.2893766116719061,-0.6198630276414466,0.0013534207270359175
4.08916425252208,0.6948265966662681,-5.636891858990809,2.347837679695068,-4.95566231528536,-4.0485012980272215,2.1523330859473844,0.5388105081284653,2.321078145054239,-1.2502325736116682,-3.7518216076679014,1.7354917295965626,0.46273403867372404
-0.42534489150752935,-0.7678247093989612,1.2672127247179676,2.4115437550511083,-0.9892743730971278,-0.3141759869365972,1.158366858664182,-1.7707910578312789,-2.996254044611056,1.4679616681095582,-1.5366992313383059,0.5350419146660144,-1.6864783420473184
6.683195239849336,1.4233268866733897,-3.834241172469961,1.0447107597825382,-6.819356714756615,-5.906281286046583,4.374114864976858,2.320331299276207,4.5616869231273265,-2.7952868845571754,-4.678278902924071,2.807636453853349,-0.1933943653761535
0.04122199590198136,0.4221674531765732,0.5744600141768664,-0.5483513487524058,1.3887664298795925,-1.5989354251282981,-0.2708845967988746,-0.7582976433503266,-0.03549994818332714,-0.9755056554887361,0.3243142220953685,-0.3851103619412663,-0.8599847634292193
-1.214878174063977,-0.38059223122566127,0.4942815326899179,-0.25004124427595376,-0.9767586284540787,-0.373751015536186,-0.6130957904903225,0.3694773603026757,-0.030192633166285253,0.08943884721273519,0.2472477597605163,-0.1029720654704561,0.6605408433931015
0.35157628275371094,-0.1293484109543779,-2.040628306299945,1.086550882426573,-0.4305864174871625,-0.23076236499346633,0.38771559929928856,-2.9108662479856684,-1.2099613171113304,1.308976579070052,1.8178924298982175,1.0541396296792132,-2.1319152019878183
-0.8485425190564456,-0.6414805287414024,2.230828340828803,0.7868730268638526,-1.834564247542368,0.9192711056554501,-0.38474440186684683,1.1761060365470868,-0.5035933353384298,-0.5607015305454954,-1.0539588357070395,0.10887330004949766,-0.385564579796294
4.165138454803244,2.458466806319689,2.110336426801082,-2.028563981487657,0.4603624304692047,1.1662938848112088,-0.4293270986942809,-2.0998818046931382,0.3487430950340977,0.6906665722911953,-1.5349715584532746,-0.7059123174994804,-0.20001862945379034
2.944880850967297,1.1894895868676405,0.8952872609189394,-2.5480726296596794,-0.6990024414007433,2.0646805931639376,-0.5799430562096389,-0.7268784872872466,0.9825699521018404,-0.07668544195979107,-0.6749763998341365,-1.318025612342406,-1.2310085273792692
0.6023148370225426,-0.415580712141864,-2.2693170208571325,1.870352830657799,2.086718506338372,1.927150144543502,-1.8425485511649742,-3.06630591180603,0.2275078342300215,-1.1819221546478977,-0.3924310429560837,0.6606584651136315,-0.2101890292143079
1.679621565992259,1.217618165789421,-1.4378099367851287,-0.7035544639405307,-0.6584366761770672,3.138868362267127,-3.157283559505084,-1.9939628456264156,1.535437617453088,-0.979034545397288,-0.8034883675181963,0.29660707279260506,0.03494510249779523
1.4950236452677559,1.5829204717678793,0.031240451590062723,-1.298579269395432,-2.664387666160751,-3.07764399591796,2.140888896147593,-0.5826076681138843,0.9782272921507832,-2.0652074030734378,-1.6869190848021607,0.4308651402977984,0.45810258742162696
0.9499126302846607,0.51911782684195,0.5596688528598991,2.4560551708157727,2.1782926281540895,-0.12999854321321813,-1.1153960520234767,-1.255492807919977,1.0340453659548945,-0.23585704134047977,0.868800691828271,1.6444956750664355,0.5022503277986969
2.2634099199970414,1.816891869710703,0.674284058343525,-1.9979351074234166,-1.1643179987993095,1.2314829958467897,-0.15822127422186663,-1.2020209890746802,0.4753199687935657,-0.1151479027798112,-1.0030821903088687,-1.765684759768784,-0.8674474041056764
-0.377293117511448,-0.11434558580900131,0.6086880508787792,1.3966588485148947,1.274488100226689,-0.8218861718055536,-0.7488143656330297,0.06939008543553733,0.2742953863870251,0.2677063497657685,0.09822683966321501,-0.09718569196993575,-0.6212627665281749
-1.3149979056990948,-3.321836161907978,-1.9220006267244112,-1.1667541442499585,-0.1279456194541279,-1.5058644466224655,-1.152571345888453,1.3544160024405518,-0.5634547937068695,0.4428244882801805,-0.4944346650822805,-0.9964287881410769,-0.10265100326662385
2.5602356052214255,-0.9706804106084826,0.3879923704496793,-1.3483727751066306,-1.2756706981346115,1.1843202262635852,-0.5527105229110193,0.3437939267693684,0.3346211364360625,1.4797369620425784,-0.6576830128860012,-0.12817252228703008,-2.243579481644631
-1.5044009762326607,-1.5810807421079602,-0.4190522048387636,-0.8814375686567515,0.2514237307258049,0.06375646480793502,-0.4459452257508429,-0.9503783507536353,-1.7277521523720862,-2.975593284158529,-1.591111406907897,0.1679046189206859,0.21123652316187433
-1.6470373892386299,0.2512464797617145,-0.8318500802816866,0.5549636477127325,0.2429697979034851,-0.47915152162327646,-0.43680863676207576,-0.4419316813652721,0.056153134614144264,-0.567691856901541,-0.05883127224621465,-0.7159405929442632,-1.191549318118156
6.043201923677932,1.7906660668324614,0.20154640483960992,-1.4434715190681104,0.452434285228855,-1.6821869254216943,1.0126845776899152,3.312243310910045,-2.1247523689283336,-1.1761468390040326,2.1915645158532557,0.6066928429804064,-1.1980089419204607
1.4664379427275782,-1.674674345329293,-0.05174600236427531,0.8379872766860198,1.5386315846165561,1.4297535273670203,-1.3714070214383867,-0.3662540096753146,1.4407419661239254,-4.170128233662292,-2.178778421149224,-4.378423067204651,0.12179089221101747
-0.3992189022402968,-0.08904809285772522,-0.8683764146501547,-0.27095430207218396,-0.37981038662820377,1.249196107780514,-0.3122942918538204,0.1046041617810502,-0.26215786012743264,-0.07384144614868025,-0.21386329385797714,0.7109347182969343,0.048737526554395824
-1.0942741414751964,0.3547078410645377,1.0902190848654485,0.555848658075344,-0.7669133890669794,0.29326537878162723,0.25830025456980754,-0.18658929136107957,0.41267783061477875,-0.16542845436915765,-0.08520487317959737,-0.5455786276666653,-0.3055184932949014
2.1764117651326376,1.343901885448964,-1.284075797339911,-0.633670803954162,-2.2339682774189775,-3.400389196722577,2.3698493667577,-1.531586113097089,3.162391926709509,-1.2709264180711002,-2.4570337145175727,1.9835929474170368,-0.7408305726543591
-0.9330343472857483,0.1692672126283518,0.4726841324098293,-0.053480389731628435,0.9778640509283426,0.4130245085384963,1.7809293659083996,-0.16600867551267967,1.237833121048658,0.6069526757071285,-0.08618362197398251,-0.9386300836899755,1.0029458887627904
4.246411032342376,2.4645407270947945,3.6144221048131513,-2.1755749857935918,0.49969883570645873,-0.525153535311379,0.29054432294463595,-1.1022137423741507,-1.0182313637561353,-0.019157418233639846,-0.46274122692747144,-0.6750846357694885,-0.008417299870361489
7.341735865889352,1.1938287645701442,0.20254603828875367,-1.3801525913649484,0.623785035945576,-2.6328024675055537,0.4065499654475523,3.623796029486047,-2.2681014948454563,0.40570425754891937,-0.014035841721119817,0.2420147287861185,-1.1353609634285133
-1.22800745778345,-0.7044121202666918,2.0932335589350406,1.2316166543238058,-1.7170784134074364,0.641743681684539,0.030087056792529744,1.2105577169755593,0.06444296259195414,-0.08479439282979706,0.41417266975842476,0.13933020677095362,0.7697080320526177
1.8486419381438783,1.4162611829935885,1.096024609408968,-2.3491258555364114,-1.0491156868332063,1.474643955737748,-0.3569056421117842,-0.6499154768839699,0.03711673000050195,-0.17125932970607394,-0.12696007479267474,-1.389651970733268,-1.45055772182145
-1.485658838169147,-0.4426885939514902,-1.5015791023146545,0.5145271495997894,0.23165877612093988,0.640603723786566,-0.3751649073393925,-0.7637151355923844,-1.919361232336379,0.894138315865831,1.2115117085029705,1.5825836218606546,-0.3679303312341707
-1.2843768414944279,0.14534533953303574,-0.3616859322014387,0.7798371211404851,-0.35798168062677016,0.19853728485263408,-0.6626694548728018,-0.4209901608451691,0.05889747468542048,1.0020409740336818,-0.6245432312223254,-0.1303624477401867,0.37687931358779947
2.473704798121068,1.093467911372747,-2.275228000997095,-0.8412947849250858,-0.4989208010016056,-1.0106990218743055,0.15141184110700362,0.892115663132212,-2.717651194472523,1.0531440676768986,0.0922149479980567,1.3147704793519566,0.7536704452021349
-1.4565077814970346,-2.3413397407256578,0.030023149080400692,-0.3925544839899687,0.002435418445667258,1.5046391814766944,2.007979969078131,1.1229736463694737,0.34478889551145425,0.1125867053840089,0.7781519248271007,0.11005814560377404,2.5569187137887837
2.6890352496026932,-1.4485545387279148,0.9070698965775474,2.403871510583131,-0.7077727618081348,1.1008044102901262,1.835746121534816,-6.32876345002546,-4.890067762421555,2.3425281237156326,0.9927244821753303,5.5985108238429975,-0.5380105767141936
-0.091902119475214,-0.3313794329258925,1.2738327308758177,1.0236146572009224,1.8973246830924217,-0.06755931695197859,2.5453387079781846,-0.18489180766548957,0.11577669979315687,0.35967571438720847,-1.0168830334864414,-1.3749873701023323,-0.8388128533949778
-1.8585187408268509,0.8961606692212001,-0.6317332126877611,-1.3863336983087629,-0.3629586959535536,0.28018104521846693,0.18136183116101973,0.031166471699740936,0.06911136225472041,-0.0819032622571417,0.18508609090777872,0.19217016235584364,0.3507963220045773
2.338681505696066,-0.3674996055988779,-1.4833647352600199,0.9249442116657993,1.607572660176312,3.4686447791303996,-1.2395331295963237,-2.1749725819577392,1.5841437126994389,-0.6968898733893154,0.0005443373341931726,2.325440183241705,1.6136189815444537
-0.6773426947613288,-0.28810295947169273,-0.10454139101046363,0.9728878396111761,-0.23080126049668614,0.1217083682149181,-0.022611422180918703,-0.6821916197073058,-0.11145439553801427,-0.7609090809369503,-0.08294438987558454,-0.07722535941920304,-0.5654466339431482
-0.6365345654030315,-1.6817451754711772,-1.6833947637656304,-1.0051188212174413,-0.19932485311971535,-0.740484811676694,1.6321944064800953,-2.3456261690361755,0.31243732457393286,1.2538386217416257,4.602701834573879,-0.08848553589350049,1.849308192177121
-0.4809598742140511,-1.6416444864043056,1.8287337144780291,0.750989495810994,-1.0246764047506312,0.4448732874425181,0.332109818501251,0.306195381753368,-1.5696195309212484,-2.0029944674403635,-1.6028031328707053,-0.5734368711388653,-0.15407638998010112
1.7299969329976992,-1.3524998723436252,-1.2754024425778376,-3.2738381428949617,-0.41884621794454335,-2.2725185162683705,-2.106733520162037,1.04082010647456,-1.3366311192323168,1.1967149891442572,-0.6644771446298662,0.4460464707877949,1.0833993687731927
1.7185933595283394,3.136332672022093,-0.2457230548516574,-1.6542381399963593,-1.1088225725503043,-2.091052932213584,1.2766364340794805,-1.5344667773595886,1.2327829672292638,-0.8928388922550154,-1.7234440412804977,-0.689112014870693,-0.30212890043108204
-0.6563715095269251,-1.588812407006946,1.3192189481847068,0.07390998146874825,0.02747811488625795,0.8428310058210742,-0.046731279274235316,0.6460545103837028,1.0268560358135415,0.6661971604899491,-0.07210551815456592,1.2546094219868276,-1.1790502196588994
1.6651337057221351,-3.4675239003716003,-6.984801438829122,0.4994743097993559,4.495002867739858,-0.5702902975616758,11.425286387170102,3.9617233256706457,-3.5655928565617248,-4.087660802784922,7.165029982894913,-7.274847873489039,0.46838121742008526
0.938325591982192,2.183611152459108,-1.4554187868665176,0.07297518040037429,-0.4359083775767464,-1.2313619006973837,0.341491662351876,-0.2871557106550395,-0.4005181896768625,0.7437189818367325,-0.9522507478221179,-0.7546036092221335,0.5600708010576801
0.40420487447602244,-6.502621303557349,0.7058974004560107,-3.601937613148202,0.3384309112943336,0.5991892049120844,1.3492745988317638,-2.6742890859406185,0.0445725973764947,3.2082777534269207,-0.9395646360631918,0.7342415928239161,-1.1589415516207497
1.094908419798214,-0.3490946181089017,-3.8776188716386057,0.7925578046272799,-2.5880967177158403,0.7476506177258292,0.3099788665345954,-0.2720175608771873,-0.4307715872593483,1.3446754501500353,0.5146197417802684,-1.290194845386376,0.08749599953476146
-0.2627268143745128,0.30304725014586975,-1.267627802118101,0.5681668138715493,1.17672580350571,-1.52855847547907,-2.8393681336896615,1.458007444312507,0.5928433118862511,1.6761886097340029,-1.354881298261579,1.1624658763314506,-1.5596282995236062
-1.3114824157757834,1.2697078496582423,-0.7441666604305943,0.03331633385702594,0.5603410723607757,0.47151504544327677,-0.7005182517400982,-2.0120955738411266,0.3071581204461946,-0.688186339509685,-0.30868986527794623,0.6333232751808392,1.0162018811954538
-1.7060166650718838,0.6693496018399269,-1.035554694089633,-0.3642057594953787,0.5001830223229424,-0.19639252291646245,-0.42258704738979497,-0.009181095591279342,-0.33523645306951894,0.04817155548841825,0.09961829303350232,0.5395728014361483,0.14544198653175586
-0.5761128417743233,-1.0890532300973503,2.217793883619202,0.9631925418453193,-1.557662755711058,-0.17189325620427579,-0.406308376262229,0.39202727705101864,0.6262648380259652,0.10504905407777258,0.656759632229514,-0.5525544647793945,0.20234650426309023
-0.21849545218504787,-0.11595164327148602,-0.2577193890004471,2.2421437063156735,1.4550466980409256,-3.4146139813980594,0.3552934889174202,-0.640763905363541,-1.48427328672649,0.9196755700357141,0.7827239151741241,-0.3588176614391358,-1.828577719167842
0.6070220561279296,-0.2884222501409411,-1.2240212924291893,0.6378493251701949,-0.6277138663910894,1.8229331109807168,0.8389631710899609,-0.14219224252538556,0.09768547051309516,-0.5060188925719901,1.158443317614816,-1.2121096183125015,-0.9227986202267706
-0.531691185028662,-0.41588343409940925,-1.1136490762667548,-0.3024953780857242,0.3310219215309501,-0.3406777357067523,0.4761909813613372,2.409189475481407,-0.10725372956670179,0.4410781555157554,-0.21315594153588246,-0.7331274962665938,-0.008834319304804392
-0.9996047606464165,-0.9772605802181976,-0.2841819034535496,1.5693529793064034,1.1134409696699352,-0.24739299163640838,0.2837943682952644,-0.6004568080584117,0.28078187136639604,-0.863002694818675,0.9174959509756782,-0.7081137713227001,-1.396927855612315
-1.0839412815430072,-1.269379557726511,1.7464290300641223,1.928566827428701,-0.48553420780066725,0.857468629562795,0.34643867692252367,-0.3388295523729597,0.6663645221910227,-0.8545342361676552,0.13179293461527503,0.020640995494841188,1.3539531119216281
-1.244807919662113,0.2427514967835061,-0.5306460140479541,-1.625051431648702,-0.21715676766188263,0.10036365717594226,1.014872770864701,0.3165777137975296,-0.9830489340979142,0.04689236549432969,-0.3560200686726422,0.35328541214644493,-0.03001023145638414
3.5483632543865173,1.525352137201463,-3.621843012477797,0.530832564719046,-2.5318181489485365,0.04711022776735064,0.09799448266154547,-0.16246449725247222,-1.6832699834478817,1.1711805871472287,-0.5121634093374058,-1.718524606138937,0.9592103918809174
-1.7715321573952776,0.37949526666918754,-0.41535541767170125,0.1389181487639796,0.7887779111964706,0.5343395600551967,-0.5778379430029849,-0.12046238987777871,-0.20790400833576284,0.2623850487008599,0.7618194871201965,0.34441096724746284,-0.28323480391871203
2.594467616137732,2.3510268839515214,1.7525857769035968,-1.0699000448086218,-0.2779598855875821,-2.085775506644181,0.20247286575388387,0.046411552242624964,-0.8469762694935947,0.6510024548484944,0.5654895143345562,-1.4052894059247303,-0.6516117465554949
2.6171786381925912,0.6679957484487559,-2.0609149409849725,1.5683906276431565,-2.1403854388197407,0.6281155890434033,0.9453519657364492,-2.4052703472062027,-2.7018864938115006,1.1712373717953575,0.8569881371103655,1.4304289184642651,-0.547418810209049
3.0183876227913005,0.2998168720679617,-4.404667926468079,2.3045027557763524,-1.9301928370076278,-0.10518333087296047,-1.2978473710775578,0.8120910860293706,-2.4351804277351934,0.9661760352436782,-0.9590753443643186,-1.0219836632503516,0.2685430850552269
0.3939619317656344,-3.7260414670869526,-1.4525088359258915,-1.7040506484699725,-1.2383213938659612,2.210957308866534,1.254915450103571,-2.9247668677058782,-1.9160222317257423,-0.6943230823182304,0.5186864654566395,1.12383822692484,-1.953591966419485
0.7695696838536812,-1.8697978993768423,-1.0426204051861963,-0.8044178562232238,-0.25515395729803125,4.288228675716032,0.10374740196095682,-0.4229570600083417,0.6832790820429111,-0.9170671980649827,-0.06522479618245455,-0.0822704621660282,-1.9532366733268554
3.3925303181974775,2.3499555591787216,1.796882774892703,-0.8237232589513913,0.23461405626754545,-0.7440449093699417,0.6904649081013843,1.3777918824461697,-1.169824017575531,-1.2325597202874337,1.2458884338137672,1.745341893257188,1.8526659851154355
2.0668955203731647,-0.1733312840043081,0.8760466645916413,0.0779617703102766,-0.6585355376447192,-1.4729694455712852,-0.3427463158259132,0.045186648359225666,-0.99641174398572,-0.6741459247285201,0.7406282634621907,-0.21268234481663076,-1.4053271993030103
0.3816668093727337,0.6949265256168498,0.10410923910241658,-0.6689940569585259,0.3190492966057835,-2.100501204508143,-0.606824785224443,-0.20814139592843212,0.25905397701216815,1.3970071648370757,-0.12743495891684636,-2.218050200300038,-0.1844159104653259
-0.49800344154089676,-0.15484758370131504,-0.6519371835790817,1.3154270981106109,1.2442705110097492,-0.60582827465041,-0.8553939465563137,-0.013422370425280748,0.9210723052377738,0.11389980792707875,0.4394303013048639,-0.3153542906289317,-1.4183144020186558
1.6402549092209915,2.307848370210882,-0.19308410844684512,4.055381035951962,1.9798947619309308,3.6107290267267165,0.8293073411819772,-1.9056664594728474,0.25142162785890293,-1.5155443892317477,-0.8717936472682588,0.2667064217657687,0.5352155881003776
-0.45850509384211174,-0.713715174910209,0.08715119906616256,1.4360169702568937,-1.736769872665562,-0.20348017924435288,0.3970780222406579,-0.24390460862224803,-0.7138849619407716,-0.24762616825822445,0.709562660391294,-1.1803722365122689,0.8224155161945853
-0.2979987469466099,-0.08192299098856919,-0.1124645289819209,-0.9856180477519397,1.785315690261538,-1.2490751941497644,-0.7146017096697659,-0.003575463775630286,-0.404289985757946,0.7399975544263194,0.2187077633971469,1.3435713574322428,-0.47345232386666797
-1.371604896407824,0.10389105701969593,1.9341281389727212,1.275407688839515,-0.6504582974371269,0.047416046170061905,-0.66741152736915,-0.061915585533254984,0.6416585950146401,0.5786935601116407,0.10782772167577738,-0.7091837303089531,0.6220873673061168
1.6246256492397095,1.4626442127031967,0.46597449771742505,-0.34469346151097213,1.8358116938915692,-1.2970791836276905,0.6819184252173824,-0.642524994518041,0.18850697119154947,0.10526187660650344,0.35747986445825297,-0.2591478261945144,-1.044836571823961
5.304633729110364,0.7684203669913447,-0.762870615609489,-0.7808917905146818,-1.473459155994888,-0.7335991379064951,-0.315968390096146,0.8511860305654728,-1.0890992136678526,0.4425291027892049,0.16892555525708045,-0.39024754303054815,-0.06092363322230751
-1.4796297586814346,-0.9859243342077372,1.6448741474710438,2.0722542700532562,-1.1032658873877477,0.5235023048429273,-0.042511102924114724,-0.3071041691759528,0.6676837805502439,-1.3544310819966636,0.7704502897912562,0.29920056279720203,0.586503945161749
0.814754199467797,1.4728637593725518,-0.8948539088283961,-1.9918903050972423,-0.5813058575566638,-0.6313180730249057,0.40831648491695016,-0.8426896526387527,-0.05413840172482447,0.7024211932585871,-0.7999207613571069,-1.30391133917575,-0.737322493194564
-0.3666632115518903,1.232695290365272,0.6403664200527837,-0.9663474653554065,0.1402583361448267,-0.3930295110228209,0.33538802351485164,-0.4103356182264565,0.4498553420404576,0.2690935166684882,-0.13052559858161972,-0.5398040215821341,-0.7073331951863675
-1.0405204464874955,1.3581685247825512,-0.08326728052019584,-0.38517577016986,-0.08369409744714622,-0.46350280571922414,-0.13477541449708846,-0.914320305614309,-0.40268908666275877,-0.40514916493630015,-0.020750331366436295,-1.1112233480317355,-0.22719516791207375
1.377869623532627,-0.5677510768455432,1.6785204937740839,-2.1527174241496407,-0.8199019408766713,-0.9509944393831858,-1.395229947060498,0.22734903464086417,0.03291988862218599,-0.027275062870810933,1.8928728820183571,1.2198528033418643,3.0815344242882525
0.6970769024122703,-1.2881196963573787,-0.9755515263853692,-1.9484411894933933,-0.17436130334035535,3.807778098253024,-0.19490266926194233,-0.28157779117467496,1.0591552805656075,-0.6624399592538086,-0.00017210390566847004,-0.4933427990637858,-1.3362652146256289
-1.0207132444954745,0.05723970448839711,-1.1086183050210767,0.029847995527247446,0.7339312302474786,0.8123385944340304,0.7376213498457431,-0.9029122126126381,0.6494187281297003,0.25086633203174324,0.07585332214970349,0.3584218824505694,1.2262497107060606
0.9767067393178817,-5.497990147709115,-2.3051813130870964,-1.4070840606913613,-0.09465116854515544,2.4018016641445357,-1.2953539484458123,-1.585354345318904,-0.2619237834249985,-3.513037256239526,-0.43885941195029077,-0.09886144752229996,-1.0171883129843695
-0.8223148567101152,-0.7739818084985485,1.030417712850911,1.0993422782394655,-1.993125022505849,0.9323447408540814,0.27178348345679365,1.2626256281943666,-0.5632422514499305,-0.4432236078186428,0.49946860038895385,-0.25526799250000276,1.0276547356522474
0.34908491091554195,0.6234872009058398,-0.6808233385101932,-1.3679459060497121,-1.6923972666306086,-1.38764129834467,1.0340185868827099,-0.9207892227892803,-0.31367854058337336,1.7266618423246165,1.2414715793716409,-2.7504637188643515,1.171608759111988
2.8058020556047145,0.09182413255820639,-4.061357671749233,2.2179865848557156,-2.427811776142571,-0.2933859756320703,-0.42394854207770827,-0.10987276748709297,-1.6236503350334057,1.501266871445269,0.39369529652041785,-1.8296545848156287,0.5994320548331541
-1.2817799600041777,-0.7074264212357333,-0.6096905088272517,-1.3139170334967478,1.6599135556781854,0.473750497398792,2.2113979066041543,0.8798293969326515,1.2023134310829926,1.8373628529716377,-1.9449954167989325,-0.6077010797325224,1.0014808095299945
-0.25679558944601977,3.3927472965233445,-1.7857335006420034,3.4479915266644476,0.8942519486818159,1.821518034167979,0.6370352733887327,-0.7272978613027622,-0.8420537689352127,-1.3242165722216994,-0.6600432874452867,0.7814268022078487,-0.18130280489663006
-1.0595099533017516,0.9871077171699126,-0.2548001131384098,-1.6479813162352444,0.3209370035256512,-0.23673456526971565,0.2429025780943869,-0.06003465942474318,-0.011063055191204168,0.09544116582588545,0.34131777329393503,0.29967362960738286,-0.29727187410018896
-1.289742510241594,0.5194416777864191,0.8633339653202919,0.1273138632736737,-0.8910971913431123,0.41640299074056986,0.17412856116536535,0.14250173532472132,0.3285493291419235,-0.08482312741445866,0.08727523223674434,-0.26929743539045653,0.22953829810974333
-1.732160642479618,0.947761495155062,-0.5913664852849878,-1.2322320293363938,-0.22037758394323687,0.1687351250575704,0.08196501111790615,-0.10476478319300268,0.1828998512606212,-0.09598434508099737,0.32559885615559775,0.12972721791985778,0.27961861512644803
0.7291017875350513,3.0918661326483408,-1.8854205467107057,-0.1904028212411538,-0.870669696364591,0.631780211759089,1.090126596713362,0.1623732742662913,-1.2144998381754923,0.14496899892363282,-0.7410882935907384,-1.0722581317664972,-0.1782890535262301
-0.8345606941854914,0.2345834251887676,1.7457062928489684,-0.5702838077877314,-1.1405135176768941,-0.050003553207706795,0.3020953441321844,0.9404260046210231,-0.45145749730669044,0.038355614328698016,0.30562509977703084,0.24408222326838785,0.2637252590121304
-0.24259611614413365,-0.4479826630889192,0.630911275605308,1.8311598965119762,-0.6012937477486829,-0.34013638347542896,1.1751482742553379,-2.041998340066457,-3.53098552564199,1.7311370867892397,-1.1559156692683932,1.1865743609838273,-1.9287609655612599
-0.19314404014336176,-0.08181226587605199,-3.493199057303673,1.5429389918833094,1.6657281917759277,0.21138200286761943,2.6096023543983815,-1.0030153573228013,0.0035940935727412308,1.6910941578732868,-0.5808298620780266,-1.6414591781310173,2.6328836745453956
-1.6507083931409978,0.7216909460297981,-0.033701118270421875,-0.9348041780171625,-0.4464182182899004,0.18636858549036503,0.10592286108485181,0.17072692013240265,0.15547617379284004,-0.11092113854839557,0.23388014099967677,0.021704941703088676,0.3754310561658627
-1.5912031469473256,0.12302219275692396,-0.8230166046021473,-1.2090543958798259,0.8168049815305535,0.7684807402474086,1.9891705502583066,0.1704666391495449,0.7100703180006639,0.6574692878211749,-0.22289801133064835,-0.24148565806074712,1.37284924845006
-0.04700885744234894,1.5803808284156178,-1.8499810640318333,3.44903808976399,2.282810027710885,0.8238407615728671,-0.020124012673851402,-0.7940476601190174,-1.243239263949491,-0.2719566078209324,-1.0560822766752693,1.1777366601303623,-0.6145623542774734
0.11621721106099411,1.1054798292749812,-0.2930166213855805,1.2099221746118114,-0.5731250948925376,0.41851258254980295,0.46100859583089304,-1.3146424232022158,0.014084596152208207,-0.4567457290693981,-0.33820451482853037,-1.088349040273823,-1.1269990285276623
-0.8350862853916275,1.556482824223029,-2.2672235992611767,-0.21099922498794224,-1.8835067175747897,-2.197323932446937,1.924730616246221,-0.44275802540371284,2.7775648805913162,-1.2186733497662816,-0.41756419505252035,1.6302728324361704,1.2202343154723732
-1.2151867030064158,-0.3189630694657606,-1.1634228356869596,-1.2637995227152885,0.3197860870341752,1.028299741272922,0.8567781601559087,-0.21163283743552663,0.03236108693996592,-0.7380969270192476,0.541603622513468,-0.1807207698150897,0.6486214289993555
0.29777856147736775,1.0249231225929694,-4.21286292272135,1.5302521940143392,-1.2251050761587274,-0.15598932721847572,-0.20901656434525054,0.4457690302867874,-1.4977886942021392,0.25146170402704104,0.1033995429006779,-1.3427060862928553,0.6026650769745947
-1.7375326473510255,-0.06996328954058732,0.8079048750910173,0.5539433426408831,0.2488848519504709,0.11656222135463642,-0.41545097078311133,-3.1865344201201853,1.4698965992418682,1.2561982776299232,-1.6592904437486333,-1.5414507855224349,-1.9015833508192304
-0.4174294949841481,-2.786152360147433,-1.421492194904733,-0.4405434401490406,1.2603272633032159,-2.1044876045850294,0.28606091099189884,-2.0695756917677697,-3.201369124651052,-4.225860144817478,-3.4185076568022095,-1.7754157858853774,1.0139454748852936
-0.9059378183766313,-0.4668842964855066,-2.124376092071179,-0.898589064718654,0.7453225578832922,1.5712244909069761,-0.17377933321153857,-0.7042457176378512,0.09803190091992887,-0.5459107693225979,-0.4385449909971233,-0.6137712136001273,-0.8882917707546806
3.32353840292922,0.742161308437384,-2.887580296289185,0.862347632888509,-1.3530294073910751,-0.25273192854616955,-1.5280818679235852,1.0867982662511562,-1.405425390706787,0.763037742430763,-0.6345811153518701,-0.3446051761096675,1.0143895946262513
1.0311132813599877,1.4703475553318155,-1.0045013583756508,-1.6432829008175607,-1.6280997447469936,-0.44926511614146203,1.3502201632028101,0.240318247284524,-1.3757404237772781,-0.4370721915210439,-0.10577748726123991,-1.2576425980198187,-0.826369790952452
-1.1227160057874053,-0.6087070581720927,0.7417881755548732,2.2623806762558347,1.3640058369148529,-0.23840005285709406,-0.62608550697178,-0.6979832277742875,1.0619506380871016,1.09801824457639,-0.4680284280319855,0.4258756619862251,-1.0987032396954624
-1.7101042715591517,0.5824060265957961,-1.1063646586442122,-0.4926194535522132,0.5269065252282391,0.212961015659168,-0.30850176413760866,-0.005233404196102426,0.8763727309178755,0.3238088496784271,0.6027409155750934,1.1238991677496954,0.13900607955127472
-1.1481902971314915,-0.839438365516722,2.2251731010697275,0.6055163232849026,-1.7949346835454252,0.22728892086607758,-0.08394261785742146,0.9955043224333564,0.22550614935087973,-0.009055799563626211,0.2943411481583253,-0.22301101101994156,0.7425139218235368
-1.732160642479618,0.947761495155062,-0.5913664852849878,-1.2322320293363938,-0.22037758394323687,0.1687351250575704,0.08196501111790615,-0.10476478319300268,0.1828998512606212,-0.09598434508099737,0.32559885615559775,0.12972721791985778,0.27961861512644803
-1.5533099738164393,0.6555106126431914,-0.7350906430740405,-0.2499349930260533,-0.12305403094995226,-0.19414461415523954,0.03638716426072267,-0.07850450329278924,-0.06384129569534969,-0.27927445042471843,-0.2417395753973834,-0.7047538705252997,-0.7178193710045401
-0.9305857459460719,-1.453024364502165,2.8260567328698056,0.2679259211821978,0.19458222577433001,0.23571026036212034,1.797367501284023,0.7070348939907335,0.4041673421022661,1.4845408802677889,-1.1676298781884262,-0.6524078472691561,0.9984509782426844
0.2775742409661919,-1.516715162681579,-1.1105342364764976,1.5218756100887,-0.42347720791742804,-1.3128266597943274,-0.6723104874552039,1.748456089063288,-0.7698521670297417,0.8597768478081336,1.1621708904493973,-0.4138324617573234,0.3613765579442867
-1.732160642479618,0.947761495155062,-0.5913664852849878,-1.2322320293363938,-0.22037758394323687,0.1687351250575704,0.08196501111790615,-0.10476478319300268,0.1828998512606212,-0.09598434508099737,0.32559885615559775,0.12972721791985778,0.27961861512644803
-0.3943134630090819,0.13234615091095245,1.5122018214045982,1.4999537126313027,1.5211105559833071,-0.9371980265225813,0.14785166535986893,-1.5528549735943167,1.3967615633486432,0.4674641810867698,-0.5537477335412913,-1.0678660287873978,-2.8401273468440666
-1.1887173267669673,-0.5403085128014337,1.394392352308258,1.1405736210740915,-1.279979203355363,0.6731083268834115,0.7794235636084871,1.1473757207079713,-0.12574865946240846,0.19419703560786883,-0.25938710685961236,-0.3885867450199173,0.4023487128702496
-0.48828475490699347,0.24568216580779084,2.1019639107120374,-0.6407956870479503,1.6940653073042091,-0.06335454181537951,-0.6252187589457439,-0.279281926430697,-1.4347317925665513,1.2634490575920825,0.43611916854139043,-1.5098901801122009,-1.7685475237538741
-1.402879165827265,1.1003747734971447,-0.9297430556700865,-0.6652877336863505,0.16368278643979703,-0.07180476333169863,-0.22682311648322478,-0.31549652053682603,-0.04467276620279613,-0.010288083263078888,-0.029747857122158897,0.04893920260300028,0.16197609920404385
-1.732160642479618,0.947761495155062,-0.5913664852849878,-1.2322320293363938,-0.22037758394323687,0.1687351250575704,0.08196501111790615,-0.10476478319300268,0.1828998512606212,-0.09598434508099737,0.32559885615559775,0.12972721791985778,0.27961861512644803
-0.8510796041334763,-0.3289502320928222,1.9830594336877083,1.1464811943282844,-1.6267385374739634,0.6706730535499469,0.1346055078570369,0.9710377064659143,0.18752431632439592,-0.004618096725660125,-0.1855297251240837,-0.31298576252083987,0.12598785627481504
-1.6763091805065382,-0.8374551176685551,2.046681281710543,1.8006958020033155,-1.7790881833961105,0.818835921705408,0.012545765316077574,0.8518800243770532,0.2642494330521495,-0.7757269267209768,0.6340220563150291,0.2521951861360958,0.905980468083197
-1.7055919402294586,-0.044385808505613814,0.5049967947349002,0.6784486180409428,-0.27072869851909404,-0.43331507833333816,0.6922794203611569,0.6764738743554556,-0.12440078851916807,-0.7164501988613816,0.735706852041197,0.5123654481480581,-0.7434137778291876
-2.168487801904694,0.13783247087963152,-0.4065325123536724,-0.12583317311725375,2.5618949381366094,2.9569648227952285,-3.158412360742684,-0.4750969139788104,-2.793890630801717,2.6915154990432475,0.9258090478862402,-1.8777224057301671,-0.21392160471028326
-0.9536835298361503,-0.8737593677927901,1.567701217578908,1.9229332906996248,-1.0441745882846696,0.39218409794031805,0.44410523573434546,1.0407843604343388,-0.36469237763451945,-0.36138971608013243,-0.004819482619422561,-0.668949687217118,-1.1649219979343004
-1.0387477785053938,-0.4591762844805303,1.3983804380812468,2.3157400011475717,-0.05154837721271743,-0.052999210818964824,-0.332751185983531,0.22694933046659546,-0.1252788284329943,-0.0650653281813302,0.02181133084937601,0.051973877749291526,-0.5847022865021699
-1.9503368300050923,-2.0269248271420306,1.845087139763984,-0.3455246109361861,1.821555128556049,-0.8006136430543533,2.5406276077224086,-0.2130225776742239,1.419999546533019,1.0873934876546723,-1.714825704455419,-1.1533148739064856,-0.24774392785062976
-1.2784853927787363,0.7069873831179142,0.010713002685145582,0.10058280570347206,-0.2513635547482367,0.250076714540768,0.18367692976844346,-0.741316036858737,0.4556926792423392,-0.16575786272793955,0.20037280195566035,-0.26058919573545763,-0.5702495283881295
2.3271169381805676,-0.07137699598925122,0.5036808139632782,0.46089029086837074,-0.8255390855721019,1.590883363951423,0.20511235443648992,1.1249470160366195,-0.29799408779165065,-0.18797581689209,0.7480126250254202,-0.05720922185718892,1.552585800012429
-1.187868438505632,-0.22462193870672803,1.3971122010269097,0.5755793885769426,-0.49923203360457924,0.6499310982414904,0.9269633228048398,0.5806910403379125,0.7055651390466429,0.47319088423805034,-0.42591046171778685,-0.4587634566300597,0.4436441134565966
0.6963638946182666,-1.440002931665871,0.04871911685249714,-0.7289926742201862,3.9007096856800243,-2.0531710533206278,2.221011136089438,0.9237609494336371,0.9150827273912768,2.8437708210712076,-3.2240389529566,-2.249881377801382,-1.8690200760429536
-1.6654894098423367,-0.5301777234525491,0.7408075963417995,0.657275736698598,0.876020987732008,-0.4157170714743171,-0.3670224585858194,-0.5239287409381024,-0.28378114576729946,0.8594188465716766,-0.5270408802327474,0.472520039309949,-0.5568013926193214
-1.6246912145516321,0.05095814642004698,1.4353764001904767,0.3258841272500335,-1.5003946062672713,0.6557888405753662,0.0978261800737099,1.1824050718442267,0.0004768476647250399,-0.11382816217472913,0.30633089298964605,0.15046380686786026,1.0313752102487037
-1.9407706846078328,-2.628006105506119,1.9648812778026137,0.655578659771213,2.208565439208289,0.21887335980823094,1.332660127322365,-0.4392861135755857,1.1868813619802818,3.362850444900787,-3.5935745215008392,-0.2485759834971753,0.7291700146033893
1.8777834152499646,-1.2682235477592776,-3.85314673261391,2.3097026962448486,2.5787122984114186,-0.40480051167738407,0.3858918012598075,1.8970290444550775,1.1520847398773764,2.176854655942582,-1.082928866897496,0.045776643416180304,0.3997874354776621
-1.3118074039282617,0.6833531785533299,-0.36082585131271006,-0.09615116437145915,0.6873499180329534,-0.43301351070308736,-0.09418595994091578,-0.6769253779580228,0.25031820455341675,0.0024420084175516064,0.06421017389441419,-0.17588741465361696,-0.9405269732424748
-1.192147873232758,-0.8447890921254083,2.685122380133891,1.3177442625651676,-0.8194852378635522,-0.7073501321212322,0.8951724696820217,1.4774971013892002,-0.40241769059943244,-0.6033462789154077,0.4049367155770048,0.3293713491028281,-0.7251236866482744
-0.9764857928667652,-1.343320309992409,1.7488750320744406,0.1671803534597346,-2.3840299950099273,0.217819462912573,-0.4636676230876948,1.1414896770303113,0.20379844201659575,0.16616509126988785,0.6456760638582567,0.010943472540757114,1.2469152769767908
-1.673184085953974,0.3901412202410119,-0.5553542274215739,0.7668853085759444,0.29670091625143574,-0.018501398039383936,-0.5805371756446838,-0.9134177453026585,0.04528228943208989,0.5714319678514598,-0.6072337179236543,-0.3338077428188365,-0.31349150502861134
-0.31781275600490216,0.34233549418824966,-2.2481749163573177,1.8809250304999277,-0.6780786735576442,0.008894227146097122,0.1454152399169079,-1.6906933505576356,-0.7123888671188897,0.19409588016614795,-0.3126352128460273,0.3003485252490108,1.9723865336383637
-1.2967169026162255,0.4979760332786046,-1.3521039309482252,-0.3585376267753542,1.609640659446474,-0.4991308330847005,-0.4770462241676797,0.028434333036215346,-0.6668741232481169,0.19970048496515522,-0.3186488541071848,0.9774012957317383,0.03413285165574926
-1.768950751045023,-1.468872090195649,-0.9427211318418751,-0.04077230533612995,1.1720810346258415,0.39559546308593674,0.4307937891926098,-0.6819722451105696,-0.7308683363160924,-1.2278258664680648,-0.8280755364114203,0.041580182655070026,-1.1717629329300687
-1.244519861739417,-0.3970581130245225,-0.5234366049529199,0.8653636244968631,-1.8864355636191852,-2.2246414838601343,2.382840499923967,-1.3567653768498718,3.4933166112998424,-2.1985204330098136,-1.7316269823257393,1.791748245527776,-1.9620572835015215
-1.1447980999490184,-0.15608621824338834,2.6873230851467973,1.1516263269170735,-1.640827915206087,0.4601724865369243,0.21928049191501317,1.3098295185223556,0.26144952791054255,0.04172144492710302,-0.060113555150431874,-0.4352585355437175,0.5886393084933472
-1.2694678297349729,0.3947025924404941,0.5695062374562945,-0.38046571727497575,-0.05893791881119867,-0.14437248094873012,0.38285792192086743,-0.835317678157393,0.3028178858639943,0.04926923260175866,0.015384909771065679,-0.13581914913027743,-1.0108984833541625
0.4581435325342292,-4.297002568370046,0.04442021190835722,-2.6306278073137532,-0.7650150873492542,1.1919613543001648,-0.8089471793384062,-0.9974459204882035,0.3427541949006179,-1.310948861194218,0.5890399565593337,-0.38268146743090764,-0.18979316102329477
-0.7075400321281712,-0.5816829360156625,-1.1378845007354448,-0.6024860171880494,1.3426571374835434,0.8666384175537335,0.8145509496949928,-0.041290845967126066,0.06994485259228142,0.48398416234982256,-1.637694880237568,0.3139124935751949,0.17406809943003243
3.1567058257789156,0.40570822268932316,-0.7719768772200528,-0.6662775269657382,-0.9889841750800025,2.3268368889753597,-0.9201140513744855,-0.11936477612557986,-0.473842531079168,0.13577791552720533,-0.21707255405016734,0.37358672475796606,0.9480127136318308
-0.6470586036911161,0.7707222272984704,-0.4248937217577258,1.422720648336994,1.3126338128844024,-0.8027883114168218,-0.4566255436605666,-1.5357245018182615,0.2245465359819763,0.20691641569448446,-0.6463366016281017,-0.6416031467520439,-1.8167496963772107
1.099070038750919,2.15650808622576,0.631534834863991,2.488814986309287,1.8876107474910375,0.1424874314621756,-1.1951857273698372,-4.665749880218086,1.273757279441038,-0.7941848092037535,-0.3526389930395691,0.5189241185392363,1.1433292724140014
-0.3485302188930247,0.8416588080606964,1.1048593036804473,-0.5833369090135553,0.6529023753482674,-0.9662252618212853,0.4646765596985959,-1.1714377823861317,0.597761270547599,0.45924945585284804,0.12379859504549619,-0.7018026462249892,-2.681297612270197
-1.4421082132809675,0.2002938852176421,0.196847500446821,0.6429622476093089,-0.2505413797639226,0.3439872001389373,0.16998399849840345,-0.41974114021566244,0.24795337777335938,-0.26564689178882045,0.4575727153327278,0.15571082672627423,-0.6049654243482648
-1.448261351222695,0.5950003029936127,0.7531540263620081,-0.26718051233824813,0.6473485289147676,-0.0589553473822568,-0.07993831844282195,-0.7586270682654578,0.7443703448059574,-0.3935029830212473,0.07156938692397773,0.16860602279076498,-1.293946615991171
-1.405649046757133,-0.09323357368389032,-0.58165836897243,0.2421561725854541,-0.40561875246597484,0.3956208835243161,0.25958120538127366,-0.33159421650039794,0.3481602835769488,-0.0884205270749452,0.14901242099895826,-0.34974418798703655,-1.3588320684842279
2.316566194131318,2.4377151003690116,1.8938096180742328,-2.6122443139505536,-0.1494288125673799,-0.6072700100918638,0.39320482764267156,0.7225749399600963,-0.8493806504106665,1.1778575847282013,-0.7919780342695062,-0.5029908399778716,-0.2364060394447238
-0.3961075871885306,-1.0669378744884312,-1.1730785670769786,0.6956590028582221,0.09611628394303343,0.3985773495748508,-0.6858351953873686,-0.9782069276792621,-0.6825947456157152,-0.06864368222269679,-1.2580243136523834,0.2626969206228922,-0.4928422119789363
-0.6212179136170874,-0.13794155160642532,2.012385586490978,2.452751289855304,-0.44843213896833894,-0.022098819431618087,-0.2159722250941256,0.1407972821230008,0.15531966500394237,0.11569471602349106,-0.47124199792474053,-0.5816272968633187,-0.5512179835597898
-1.3388390764376286,0.1434002516113736,1.309354332132319,0.75399824704783,1.0098216149870913,-0.15591727487183207,-2.5315033916136644,3.537181413071885,2.7030152388717776,-1.8123019184081448,-1.346443774302253,-2.306917679307616,0.37448473158510975
-1.416179148684624,-0.4817019024916727,-0.42427642220197476,1.1308330483273241,0.6815629220557745,-0.07651695389700386,0.3258689161631489,-0.29784731472237974,-0.3444519562382953,-0.3704632565458598,0.14442620363782216,0.3607180777057632,-0.5632122370429168
0.7850139196763031,-0.023341114398219977,-2.578574466284363,1.0201899700745691,-2.0985015648630823,-1.975979205369252,1.1033605717595207,-0.4025028753420809,1.7957714790220243,-1.1378372035798952,-1.2366004819091916,2.228484210940064,0.05248647652969607
1.4710004674896249,1.9613149665489291,0.09596223890817641,-2.9539348012506115,-0.535810636712586,0.44396222773154137,-0.47098344198780556,0.01523711815414389,-0.8643138780179311,-0.09531169784557311,0.2837224582607152,-0.4002020125837682,1.3675700753140918
-0.17269451677460815,-2.0470463136119568,-1.7461830660303836,-0.4990526485951987,0.228415984924684,1.7698477901648966,-0.056905813404398584,-0.3859706025815537,0.08766123928938756,-0.6814461284352105,-0.3910158377863596,-0.3325055085171184,-1.725162978002002
3.371781589669238,0.8258605513896723,-2.0621102794638095,-2.504008838948885,-2.134550768983254,4.7104228720320975,-1.9077930089566908,-0.5521291756805607,1.2086359660157628,-0.1169038537535854,0.4354443989298911,0.2837704146194449,0.6957926462950813
-1.2327982216467948,-0.6667052908124688,-0.8591671881079446,0.8700143720668483,0.6820343821403827,-0.22577196549916104,-1.6493561309392104,2.018215232169756,0.8883044011221848,-0.6513335399890564,-1.3190059535853706,-1.6899194094999088,-0.9303890220848137
3.2293546835545834,1.946813685944039,2.4312089361948614,-0.30498800153793076,0.885173032599136,-1.574513738517505,-0.3315707337344702,-0.45990666469544245,0.24080981881124883,-0.424387925994038,0.0459333087844843,-0.8590971018257563,0.5981432960969263
-0.7941659631900294,-0.8905165744255573,1.7181710543478295,0.8705048243513929,-2.217894904908692,0.6762086831971894,-0.10562448241284748,1.438026542477101,0.02387095731260308,-0.14887549373064313,0.5134394925718543,0.17280494514365735,0.8148566529237107
1.1157899480933953,0.32836571485066074,-1.8754297476883315,1.4456486279561545,-1.4442028242131733,1.2031100462364535,-0.6240122866780704,-1.4754374708366405,-0.07183154466313378,-0.12073970054367551,-0.44009988550672496,-0.21723346842784483,-0.38407166352712646
-1.5415266340381524,-0.3803092411168834,0.6117191904960402,-0.07985519787343713,-0.11834735123818346,-0.08585672065712366,0.4624499402257972,-0.06268041014089284,-0.030450007151832194,-0.2234782364910792,0.03144942602046052,-0.24066235356439658,-1.5606693476801219
-1.7101623202770062,0.5875041415118766,0.07778953856005998,-0.5764492442651621,-0.6051643405836987,0.39003658972167177,0.06977325924978815,0.36107623442374814,0.10420451953942474,-0.09565372281042524,0.43096854666471546,0.28655277806070373,0.5417081032532125
-0.9370327909866318,-2.122577803232728,-0.27305147246775285,0.32909647094238004,0.703010456677739,0.79853781955377,0.5252959122252229,0.023879177801139174,0.9586144987454416,0.1796891153535701,0.3010093241103074,0.9837606834623552,-2.1186441229750255
0.3106011927811898,0.8733955330041151,1.4357558472505791,-0.2519518139655115,0.008844867915372156,-0.6873739208460019,0.08442467102321542,-0.010264920106162655,-0.04070646076293985,-0.08098448828937072,0.4876233511858253,-0.2413845131767008,-0.38015358552494694
-1.0585735199733661,0.7534346239982858,-1.6732545651852406,-1.043665695102116,-1.1738397155141842,0.573439259043857,0.14548676448254771,0.03514996481321931,-0.3003279332293449,0.04405571442939132,-0.2276305436187409,-0.42547207291271916,-0.10288126262002945
1.1085936148894306,-1.301367135682748,-3.282486046178405,0.1499991098888431,1.4229538746883132,-0.16995871831758144,-1.504138046484165,1.1215210343723971,-0.7586970318287252,0.42066247036329296,-1.0793938880289426,-0.48846294825727893,0.40446671923819205
0.724715953922472,-0.10575449444741036,-2.9282185222385686,0.3600325618971308,-0.5016525308436647,-0.3622089768312317,-0.7702702948096342,1.403772791223084,-0.7534290286161358,0.1444383616374416,-0.11814472963355292,-0.600725542847211,1.2884081334388544
-1.0330140952497187,0.1353856892943258,1.9284040656655335,1.287473958210379,-0.8102938369186139,0.5149094282255098,-0.19135902306853123,0.05341768835287178,0.2668854807841729,-0.324474697880629,-0.28212007276582834,-0.002003295129740721,0.8395086786382465
-0.41356251185332843,0.8051281032029447,-1.0083100714098479,0.3035001495522547,2.23720755098244,-0.7013453030771667,-0.3692243286427075,-1.2731999463131634,-0.0681337297212097,0.23351703621488729,-0.6512820661457055,0.18118964616119448,-1.0973915987926823
2.673710691478436,2.4772547638398317,0.5715596082217224,-1.5278029098795487,0.9473716369543959,-1.442934072851316,0.464442943742875,-0.10149965668277368,-0.4847418453565579,-0.9832647473262244,1.291610282453005,0.4031778258501465,-0.543016663210984
-1.471790300932335,0.012123474351836475,0.9492679511136926,0.2568068167011845,0.46504157549762065,-0.2718656084984216,-0.5969326258949611,-0.8262483775383686,0.41398264655020295,-0.1931518261595809,0.14618867765855706,-0.5503314549458055,0.7729317561148675
-0.8422921761718022,0.1250086050922531,-0.6177437112348224,-0.32035592236261695,0.13415083154910468,0.5405214735311276,-0.10992760708214781,0.6506309546056104,-0.4239405207852121,-0.6772812422978581,0.7850348143703808,0.9706726726370168,-0.9382050726317164
-1.0217240911001877,-0.9715583105284017,-0.7831812399281947,0.12100404127478086,-0.020816351603883457,0.7467135281528348,0.4348746227997854,0.10518268510299261,-0.11034337180139787,-0.6090985619559559,-0.48600811273981614,-0.5257973734610664,-1.302515450674221
-0.8675602623935276,-1.7452801702926302,-1.4324781791200598,0.3478379783352449,-0.37341899443123716,-0.7645394760568001,-0.6123510415220302,0.21058337804992108,-0.5328464234691935,0.15958857829762432,-0.4167137797055716,-0.2654989708957586,-1.2079073529722941
-0.20736738350381045,-4.44223196864617,-1.1098844779758812,-1.3730845170565797,-1.1312725493377822,-0.12950071441063732,-1.391227703455828,0.0527996365197687,0.21689488718969285,0.2932112271671767,-0.1998818723308358,-1.125032566048448,-2.405221078947311
-1.4727971357584957,0.5724244393191805,-1.0900315649009318,-0.32815546249522204,0.09280394357285207,-0.06000746930158822,-0.06403048787427493,-0.08087884796404984,-0.3125142450232976,-0.25583486554072876,-0.14154357361817266,-0.2350226147996369,-0.7741671690438007
3.0129392221123306,-0.11675565412490332,-0.20540050651595143,0.8016981492366434,1.5027685151653951,0.7119759838298368,-0.4812565808274937,0.6489615567493023,0.5028283047303342,-2.5363792269474636,0.5140674035503155,-0.8254617589982409,1.2160745553959091
-3.0829661795376926,-0.022801847015605472,-0.8610836832770987,-1.1626751088686127,-0.11355449222710517,0.01348998801015287,0.09051740046307931,0.2656827431977851,0.2568934158212501,0.36371140780474165,-0.28759938921913275,-0.12398959392783584,-0.6293589027486889
-1.6530462173953353,0.04769123543697268,-0.20937491313466391,0.3918363465761461,-0.25074574507949193,0.1525243675206244,0.09041369810413284,0.08648257466060191,-0.04014871520526556,-0.21452582789984653,-0.20870391931705262,-0.40433836543108403,-1.0203684695166775
-0.29541866939212175,-0.5251222708040963,-1.8147293848415738,1.5017286992925811,-1.1792401158079764,0.3575728266584109,0.06471505237332018,0.044261182089869504,-0.4538460368103724,0.37315307734379954,-0.08226399539833311,-0.9507417397875473,-1.0557156046832628
-0.5874088418015219,-1.19049984268248,-1.311370895048188,0.14769770135598265,0.7336679082870137,0.2686926051732531,0.3763054868342824,0.3057858410278289,-0.605343629295625,0.0485303329582436,-1.9172548466417505,-0.3683741498066943,0.3757232917861406
-1.3167613405183256,0.1793308879164176,1.8911719164094358,0.35488086534209323,-1.3962111810963815,0.3733181302138564,0.18829214113980647,1.0481437545296675,0.22342768694044957,0.012472691389531616,-0.04792361554389388,-0.375941701242244,0.6621648097141757
-1.1130195571275707,0.8491267929783389,0.3315150623989461,-0.1655371326949553,-0.497978769110273,0.21563946922492386,0.26849299627580064,-0.1257333483080291,0.39902286393253455,-0.24481392595829704,0.23237116214372852,-0.2436753984197616,-0.2321308881728761
-1.6074033183120875,0.46129514858376386,0.5996302537257973,-0.41861124321252136,-0.894673540555778,0.4155917935297365,0.12043873408420668,0.6403112765960007,0.08861334837964523,-0.08038752098424512,0.23710958668537865,0.10958562234626508,0.7106266973070258
1.773525179220154,-6.010388375615186,-0.5079330111752672,-0.5004127595846594,1.507138763284972,-1.8887271338136749,-1.6859144627166591,0.64010392490972,0.8650064602411481,-0.1937029375399043,0.9511989777814637,1.0138365007593315,-0.129683928989237
-0.8256042236349763,-0.2545657151107351,2.080106278072325,0.6286767886266478,-2.0407646218507587,1.2987486070255876,-0.19350640737476055,1.1114541107524172,0.35978061832327074,0.0214061384982513,0.3771175538378421,-0.022663925509257738,1.0358996127790572
-2.029692020169108,-0.2762994760593088,0.5774138355440394,0.5224624002321542,-1.1959468064927852,0.6622002937504587,-0.10647291851197352,0.3784584049859163,0.21947408647811528,-0.8026744241231532,0.8788369281882632,0.5286682938601396,0.9584241709016599
-1.6507083931409978,0.7216909460297981,-0.033701118270421875,-0.9348041780171625,-0.4464182182899004,0.18636858549036503,0.10592286108485181,0.17072692013240265,0.15547617379284004,-0.11092113854839557,0.23388014099967677,0.021704941703088676,0.3754310561658627
0.164519912836423,-0.8269004367188751,0.7512709399517957,1.7815186340343843,-2.3651585546617158,0.14393205713581067,0.7229883881448951,0.9019083116165014,2.499687637474329,-0.2452491450158792,-1.2153461480626575,1.626408608003919,-0.413653139722001
2.6434445939309628,-1.2350726087567405,1.6671930442386107,1.7512037380174854,-1.5042028255311812,0.9095691907330206,-0.45414046593870167,1.065591914172239,0.17790020682519064,-2.6588951651838775,1.6819325330693629,1.5595723434183262,0.500311757980472
0.41194773770845416,-3.3628519256768543,1.343938287247626,-0.5361954048690469,-1.0759533966366652,-0.39277733982090945,0.4424737845240988,-0.17363175349111365,-1.0737590852690733,-0.901951997759346,0.8029003573762166,-0.3482705011542768,0.22297765860953286
0.0020050970580915957,-0.1599986526387114,0.32525110909104143,0.35562408595468237,2.4342815202083385,-1.2454002753797018,-0.20036713314341983,-0.32615720728136616,0.29229392322450176,0.6337639659122113,0.1279852769460976,1.2302319230832504,-1.9162320541009674
0.365598694610706,-0.42955291077050695,-1.0736938186949305,-0.09609121978901415,-1.2516140432379168,1.1907676468198864,0.3805836440542354,0.718319179770208,-0.019423420146130833,-0.5811613399322175,0.576233253865476,0.2817469433732065,-0.14802267221764878
4.149089543528615,1.6649445907907903,2.6080680333241077,-2.0321092460154797,0.6472463502873761,0.7861755923720527,-0.43914662169459734,-0.3002303586357129,0.05925319285729525,0.6756854769942413,-0.17746601339717735,0.9043263211840324,1.099416474694623
-2.5068179709835587,-0.27200425324701805,-0.13102469226374802,2.3196518845251477,0.24090122685459164,-4.109793916052561,-1.1198610441520669,3.2817328425063064,-2.039745606056874,1.5271623711391096,-1.9315782428552402,-0.3374390377073259,1.5681864403035044
-0.2342524505733144,-1.8882239867415591,-0.03892793959237113,0.22828887302720122,2.4190981683890875,-0.7836741218824693,-1.851460996174664,0.48519370354184715,1.2839631775675866,2.139378982874132,-1.6846152152424123,1.12643365298417,-1.08028884701781
4.449640739923256,1.4628984443846396,-2.664383066185494,3.045593867695175,-2.819780210291057,-1.6260417001520318,0.16977657854374165,-0.2839414515813187,-1.1580394697623282,-1.614407905919413,-0.786168069718725,-1.9346217829404289,-2.126422474153983
5.970951341909172,0.7010451317026982,0.3430680857904604,1.059007916142368,1.0952513922876772,-4.212398483444753,3.9381910639962356,0.056442907490060173,4.944465375182225,-1.4226761405293988,-0.6922623680502952,3.0031571371629413,-1.3624813810637433
-0.14992325284704855,-0.40913450777335053,-0.7937280953543804,-1.2220041978235046,-2.41953341944504,-2.024361188684365,0.9162217877918176,0.1812044601444135,2.2592985376754955,-1.4870417272550707,0.06684244401468241,1.5421676647801525,0.34980773438625623
-1.732160642479618,0.947761495155062,-0.5913664852849878,-1.2322320293363938,-0.22037758394323687,0.1687351250575704,0.08196501111790615,-0.10476478319300268,0.1828998512606212,-0.09598434508099737,0.32559885615559775,0.12972721791985778,0.27961861512644803
-1.1661602013404335,-0.23310143075494913,1.2090708839980837,0.699628928383961,-0.26664604794182084,-0.23918578241124158,-0.24823591184076232,-1.1407031927097964,-0.22637103049787247,-2.113851293500383,-0.5624705963302304,-1.4057015941805657,1.2551952800301518
2.2388669606777,2.6126850986326566,-0.466305582450901,1.732384460150709,-0.6902956394788472,3.5286622574826767,0.048607969660776275,-0.17370990218412122,1.0409448192011905,0.09845825984391897,-0.0838309091391952,-1.221945038762321,-0.24657859598244555
0.43269475330123985,1.1304641941164177,0.7832714602275967,-0.15822150037954724,1.2264426249221145,0.31160275592246267,0.21918717046722105,-0.802018892218688,1.0735824102250717,0.14662086088588933,0.17580699012058476,0.1313700541613332,-1.6180717201880759
-0.08472426895212633,1.107290463923584,0.1434061044361337,-0.29006031803373844,-0.6039852116593653,0.6590597797232276,-0.01946730450164176,1.144216662562635,-0.17835377778109388,-0.9252863511569368,0.7140525997895807,0.444403953005448,0.40386769550044466
2.2462938881667687,1.8461107669393566,2.1774130173923547,-1.0274676780188792,0.2004175214516372,-0.8804441582798324,0.3551591038915587,-0.12150807394312023,-0.5344268885977106,0.2166378939745044,-0.0349511071744011,0.18257552755970466,0.8281511026727228
-0.9185746895622189,-0.6248365191506973,-2.3065514784586174,-0.42154719910447935,-0.03940052907736332,0.5827335577624946,0.7506019171275934,-0.11632903509879507,-0.3532076668460413,-0.17978932711493567,0.4985083750187869,-0.7137645777803283,-0.848336522305138
3.2469683191271943,-2.3433110873920433,-2.4134386004369888,2.9211825204759694,-0.8950430031112393,-0.8759672887003838,-0.47544575369492437,3.9788218000144253,-2.164127399449115,0.42946340371946135,-0.5798221377223488,-1.3305661626150542,-0.8297084301606762
-1.4085504923007135,-1.4134443017857625,-2.3872229583748044,-0.8793441026218429,0.18490056155197812,0.1947878007763184,0.7498914431761903,-0.6405908759278468,-1.1192486294924375,-0.9517765491296422,-0.7736961097730577,-1.0173354334160578,-0.5085673783542886
-0.44496842276082615,0.4469667914227921,-2.281102144955315,-0.36593449602043593,-1.1349486107251494,0.5649399335153643,0.11965718299228649,0.3078700000201681,-1.0727505674084008,-0.41643755601204163,0.5135700706059988,0.056951029157686545,0.5598994732662195
-1.4775795002552694,0.39070202234342355,-0.16381910125892607,0.1477524323791806,0.11903911405056652,-0.26171016904149774,-0.471635033978543,0.5836457771850312,-0.5312425592937904,0.1468912561929693,-0.4315199778481469,0.27629043151425475,0.48729106711741815
1.0519835285914167,0.4466098711101547,-1.5500708324503814,0.9064793687787188,0.28050415888999425,-0.14524739532507552,-1.9259830707841783,-0.8731892302848108,-0.742890010515383,0.25635768252548463,-1.5249444586587273,0.5947417741983175,0.9595967553792686
-0.018589911880838788,-0.5214844338849116,1.4097042002049642,1.3332973110925814,3.5800639046778446,-2.0144362236837465,4.693089047888682,-2.0290689286374746,-1.3529852572105607,-4.61728714252949,3.4678330355688196,-5.425578419234037,0.9067125628978282
1.923984282045502,0.8753813814045145,1.7809971907668973,0.11532209413425912,0.3028313447078631,-1.0852941968936654,-0.469418803096963,-0.7413233201460636,-0.9904917358618046,-2.4349127221071294,0.009207497220729659,-1.2051460979838513,0.73569852600098
-0.8819358047114031,0.6458052120721787,-1.9869904313777342,1.1326264748526422,-0.7560949773401134,-3.027669001385215,-0.2060104775313764,-1.1140521527494596,0.5070427316847902,-0.6969372786192052,0.2673221758955119,2.0783486532307283,0.46082304103436456
-2.0780982473637613,0.6115769832080796,-0.25209579103887714,-0.6834847156103648,-0.2376323143840786,0.3068622399077536,-0.1701691610517356,-0.742743741990002,0.39206929105799865,0.4853498294601317,-0.08507143362114362,-0.20255436817120906,0.2972377297988847
1.3116182080673755,-0.4595259898783446,-1.0252106647813968,0.5515159172886018,1.84131414768735,0.3362685249080509,-0.06862903088879062,0.041534457416331945,-0.7378591966420576,-0.2988852136998355,1.3104844703408773,1.8648335209405182,1.4991550368539077
2.815232099769916,1.6648903983689938,2.0216832942831915,0.11854305140527946,0.9329815932078833,-0.7842455760427931,-0.08553881883435926,-0.15076063184498492,-0.28356247932972384,-0.3630674757405238,0.8739680967612082,0.4482491926713646,-0.31295597738818864
-1.528742721183744,0.3617656060624378,0.7509058159892021,-0.09496130406898105,-0.9436889833773188,0.45981786135355357,0.1578035923026324,0.5728120898221964,0.11095802514336596,-0.09795497894582031,0.19834361439801923,0.06939650463813349,0.5627899016555776
0.5894748731703388,-2.13744888019397,0.06509282409420745,-2.781253877108815,-0.8906621561346999,-1.646169561349277,-0.8271354094290427,1.6467073593402193,-1.079193110761891,-0.9126894142482731,1.121574822900542,-0.6881277106905731,0.26326500561413513
1.2288792287608479,-0.04980723551343015,-2.6739000548710026,1.72370178017862,-0.37379281039238693,-0.6470783967775365,-0.013572147974832818,2.2722130951416353,-1.6621226071127961,-0.7073490155420559,0.8949542617398463,-0.5529493358379282,-1.3269334293847588
-1.8149110536967743,0.15238545663927713,-0.033378478972050256,0.37355240235224607,0.13331400827731693,0.31359518539777204,-0.3931585525412238,-0.15808999581849215,0.7526254767477036,0.6221278175572681,0.23001304708805567,0.5849641252998483,0.17498447761739797
-2.023434249225311,0.9536155766789352,-0.5031424621178314,-1.1933436250333114,0.33110651983145817,0.018427962304572842,-0.3273351928911801,-0.19002859716549558,-0.08382841911728049,1.115318047659366,-0.20338294434201043,-0.003219245377709721,0.2152963818796422
4.225136537814223,-0.435972406661034,-3.540094846202317,1.3624129303866837,-3.375583135685873,0.9661009125569622,1.043441195244252,0.2059749188675029,-3.0513169363863413,0.11310809077311286,-0.41735081525521306,-2.8009859720458663,0.7721071867322219
1.435527827345956,-0.5238843237969625,-1.3918949894769714,3.6973236881121436,0.15169991451101775,0.7726571531996451,-1.5362288000862578,-0.5213590598350654,0.12533861080853542,0.08787125401145975,0.22038357874913467,1.3611634317269619,0.04438579259036319
-0.5435593336511466,0.9169427991814458,0.4085188174852983,0.04983384053158596,-0.07207697769860115,-0.3209187273920251,-0.01234097176499395,-0.386536064413556,-0.03160433049696295,0.09707020991133518,-0.15807645342907228,-0.4172970980491778,-0.34789929079491116
0.46582569949574953,1.1133660647209687,1.723441318121896,-2.6174210618785474,1.4509416270576512,-0.011723926557146009,-0.24814861306412214,-0.4002360044807661,-0.06321851732193325,-0.04821388947638378,0.43632473793809584,2.2222554611991767,0.9940891746811766
6.947424323711331,-7.618626398813372,1.7178568893432367,2.96511089039077,4.424993350379534,2.0841020215042585,2.974005547889418,2.300404875526067,2.074924033342563,0.9682102797396596,-1.059969338591189,1.0681222252298679,0.33550400901219213
-0.7508121687785998,-0.287648075841531,-1.6912086123723906,0.47759323595182324,4.082414847620735,0.05985295860212174,-1.225628744280155,2.089226736723191,-0.545412569842052,1.879590663312744,1.2105339101935702,-0.6361792000772886,-0.4179516044800799
-1.0462095626033332,2.2946900973621425,-1.301340054015337,-2.5116599946261577,-1.1679248248323073,0.4577740664378061,0.3271626166626954,0.10199779860910604,-0.03932587590508727,-0.10724080448512405,-0.7064782291244066,-0.6098134446820062,1.4912588732279088
2.015418566868313,1.8665575070122942,-0.7329250109276388,-2.0947385825871483,-0.05779135664826772,-1.0377054383327509,0.9046595060464059,0.7179638566235219,-0.7485446406627692,-0.09328607337873424,0.4585311194402873,-0.9262454479165284,-1.5688246988562005
1.242243363945389,2.016503234448397,-1.3330420316871958,0.23322063825469594,1.3112569503702811,-0.7689542120128205,-0.4091706502291285,0.46553149595384036,-0.8399528212506667,-1.089566060707781,0.6239590899843003,1.1413645306997353,0.7668315406212461
-0.7026033426160847,3.6579073279216905,-1.3656156778435575,0.6298636247988189,-0.5727753774676538,1.1614143916281185,0.8717195303933901,0.7484789835954712,-1.6873148259707904,-1.1323477887696918,0.4575929157687164,-2.2451911702488356,0.34824949310849546
-1.4291575668537082,1.0444724772118112,-0.5004800800749786,-1.341252765442388,-0.2634840018046682,0.5949248049139566,-0.07717540342482626,-0.20070319380815133,0.3594557237101222,-0.07255024909522856,0.4242875444207115,0.14912130105283836,0.28104372419418716
-0.22720906983148292,-2.091104327493596,2.3289166568377273,-1.2945733299852153,-2.006934751530568,-1.0115233209099168,-0.784036633010402,0.7592206380193824,0.22032889194925603,0.36974167919534556,0.6746061384146571,-0.23848874932990743,0.24964466050606388
2.557776630275027,1.966650587191997,1.3358827268064906,-3.076889075084819,0.49225846876583096,0.25957634969613935,-0.033523821639008064,-0.03935837395876881,-0.10068895109669344,0.3439973482294179,-1.2356716683023807,-0.03126623663911619,1.8262570698083629
2.4000626356964383,2.186520988167134,1.9222378978725712,-1.473932539113027,0.5313335755927366,-1.3690607179436047,0.6841839276993856,-0.0037909690164836143,-0.46723499735017837,0.06596487568252347,-0.4551649015319489,-0.217767238450659,0.11150599755778978
0.3245876688861887,0.9817816605916416,-2.8961522431414872,0.8302131895941249,-0.48202811242629207,0.07588540639967693,-1.0238420127311336,-0.17796376970342825,-1.0859905374187917,0.19001356243000403,-0.2199159045565125,0.2040176853395216,0.8625232550187486
-1.8050598201537833,-0.214786523449245,-1.6621786327388577,0.448407283734215,0.5126547775196567,-0.6094237518138081,-0.3435440436825001,0.2128377051065009,0.04549838300137148,0.3127224351214916,0.5171557603390677,1.2131149240128218,-0.16401873036464798
0.1767376424298707,1.1856039288723648,-0.002297584432664004,0.4374661768921886,-1.8659590973481088,-1.2688756609645135,1.142833961954468,0.2204641170394452,0.8405362684529275,-0.6142971099096725,-1.522654829166058,0.27506357136820553,0.13716642456811493
0.8412817264482751,-4.013830845138014,-1.6939955073570345,-1.0341356637244057,-0.24442911946454235,-4.1151951374865465,-0.014341830160874744,-2.1231572083245003,-2.1116032871509662,0.44156992869114764,-0.48551132851188794,-2.1822716341259305,-1.8954803404986325
-1.4181081013812207,0.4363706248064798,0.8022631797498138,-0.11582359713700262,-0.779011239435792,0.30325771910061117,0.18230126583674433,0.40240642958503603,0.21650285945279507,-0.06025311869803353,0.10016697042604318,-0.12665133095012016,0.301093310133709
6.729361900566121,1.2302740541242658,0.8650476948683544,-1.2438417709701863,-1.158646900268005,2.7916487541555606,0.004230251815621845,1.602096067260987,-0.20629019967659162,-0.667879453351437,1.0576611658984065,1.088681745242811,-0.1921849841485355
0.34938215707787407,0.09508905092565095,1.5190025467874673,0.012977741705235985,1.3142156270658825,0.2340653071117506,1.0557088208012415,0.4431800220426097,-0.17325351224018917,0.16146341772595812,0.35625574931164244,1.1263586385002522,2.047707935623603
1.843370246785489,0.13122224522803874,1.8093804677147765,2.788858344599709,0.870381717968336,-0.9096675598660429,-0.8032199827886711,-0.12666538798442886,-1.444980684460996,-1.0376108720638337,0.5123005082854447,0.7292094827254466,1.5677026944807986
0.7632137689927141,-0.8147397497620608,-2.223873143293564,1.9233109950517007,1.5233035931214745,0.7408111208435145,-0.8572683918379918,-0.05943563219267638,-1.8176337220523933,-0.6743266237737529,0.9161748448124583,0.24401403194266386,-0.6486218567110814
0.5696414477305995,1.4914951446836964,1.1755634203707452,-0.9421952480596709,-0.9097536141202689,-0.6456612931708856,0.33042780814302053,0.13098014602266167,-0.4439231787314344,0.17934470558308643,-0.6714015540822498,-1.1004884691574777,-0.3355226928635403
2.4452376615482505,0.7200513821026623,-1.7025088514925344,-1.8514334786870812,-0.02915904563710105,2.8812905036477505,-1.4343505661881708,0.04465227555819052,0.23561919150184277,-0.27083182868897354,-0.3258022382220447,0.49513921365140157,-0.8061920642439815
0.18624851345907925,-0.4484928302721727,2.0443499013718376,0.89135846112402,-0.3787742813754722,-0.8756727491959809,-0.1445839411532856,1.5519789275263314,-0.9502778180839412,0.43596244690213426,-0.4060377231660187,-0.20252837216787786,-0.4252517745362688
-0.8562695292409732,-1.571084533938026,-0.028620593996760143,-1.1650466549594622,-1.2582476107991842,-0.8797135334249566,-1.1894012803868872,0.2463021008421516,0.07057590230565895,0.36816275299358237,0.7444231748744214,0.09832051404205198,0.8639200620355125
-0.17377674597949597,0.8042430781839427,-1.727013617384096,-0.35429166785339083,0.061589670978004905,0.02015445407974518,-1.1026273939719973,-0.2481885687295322,-0.4265096610540436,0.5108792686349214,0.006659683648366965,0.9164766299825845,0.9257830751043465
2.194284022143511,-3.247419104497138,-0.16282404005317389,-0.23466083045809935,-1.3080218832925163,4.053770980193819,0.3501784390548741,0.9939940804391243,1.3347811377560912,0.4506271376691385,-0.7772078497217051,-0.58001534064932,-0.06321516029372479
1.3717732466107369,-0.8112067956563713,0.8381561753899154,0.6903882948853169,-1.1210300747851816,-0.8790219536838336,0.036349785563930405,1.7114460161030236,-2.28190763421842,-0.6132080910533992,-0.23896945806588993,0.28619837403410475,-0.4462468862599442
-0.20331392693467737,0.5036312092255759,-0.6054474688041493,0.21717439286338214,1.7926287257967413,-0.5903725487632773,-0.5303490667206399,-0.31507853806693104,0.28531756426292076,0.6394202504239208,0.33257023822514115,0.3661719658551366,0.9309092669822386
-0.7604415256381191,1.477160208070217,-0.7058652634329463,-1.314539697697203,-0.37170450098956226,-0.012845824143948515,0.1624121208846216,-0.10619863031871894,-0.2089969764505696,-0.1259938211847363,0.10423166554545459,-0.227288147290827,0.4314851544335037
0.03547989843900872,-1.902827551240162,2.1331464605666297,3.107646807141016,1.0711635037543117,2.1076829086308324,3.155520221656171,1.7938613517489514,0.015741453027842203,0.2808456641386403,-1.6435908246282944,-0.85014955448299,1.548649237768062
-1.732160642479618,0.947761495155062,-0.5913664852849878,-1.2322320293363938,-0.22037758394323687,0.1687351250575704,0.08196501111790615,-0.10476478319300268,0.1828998512606212,-0.09598434508099737,0.32559885615559775,0.12972721791985778,0.27961861512644803
-1.2639967330768198,0.5247598155025649,-0.5202609691951078,-0.600747000147729,0.3538911540146029,0.009358489631086191,0.2958396722356711,0.4061132239710865,-0.08793745057702762,-0.8584040185952826,1.1892027012485822,0.8930296386138926,-0.41313288463577374
0.762510483558585,1.2914143276156729,1.9740883696708538,-0.3640560959421886,0.49376663352257627,-1.3491615056990283,0.2451720683882683,-0.9488811039344048,0.6399151059490921,0.35875059112571733,-0.012335525031993637,-1.3051534831765736,-1.8027070466567063
2.732577916693245,3.0158990979545117,-0.7522998961422791,-1.4976623897036236,-0.5755069790181921,3.5059027387833845,-0.3131721558210451,-0.7084414398089572,0.15755763299716707,-0.772310830706421,0.003538108900008615,-0.8075238139436124,1.2382200993931147
3.013815740781475,0.22889481278234883,-3.7411368185298506,0.7061219931613543,-0.5117409182739364,-0.271970472022214,1.935673053567014,0.5766771303465524,-2.5513753945754836,1.369988078022077,-3.111237603893254,-3.3604338404318157,1.8809823634404512
5.42658668727149,-0.2880413565125921,-0.029197737261684373,-1.52958725571626,0.63934404982984,4.5896845691872095,-0.5274966140539081,-0.5485925579163557,0.5102644444677635,-0.9306572957266749,0.48285925139312064,1.2346811388958279,1.9709057215827335
3.9428610008651774,3.6192813860568487,0.2769407003215967,-0.7694229825146699,2.91793589002931,-1.1046643808988488,-1.078572356702072,-3.207816785288003,-1.5438774197131842,-0.47483234281571846,-1.7651360063059685,1.746320886144991,3.8273736607579716
3.1229397997199637,0.39318640396087395,-3.552651458904536,0.5004169141178672,-1.3250526771935627,-1.6911419994278685,-1.1185377449276779,1.5504115322772665,-1.5322550477334091,1.9139452522298182,-1.5724957498653078,-1.987048204703555,-0.4272916584477884
-0.22111693179213635,1.7941694484905475,0.9338996325913316,-1.354369807947861,-0.6946849392167967,0.005615974687034323,-0.10152136489524888,-0.13556219457361812,0.028126048248121885,0.7838037975862457,-0.6807697406627491,-0.4118968927863428,2.239061418101376
2.8941642258887774,-0.5224294142824514,-0.087326264492343,-2.2072347811867723,-0.5344614524544374,-0.24956370934436747,-0.872388265999258,-1.2490562966824867,-0.11536515314670587,0.30875561760496867,0.30535721419781603,0.7100215332617007,-0.24768175987524102
1.037375084890466,0.11841684426799375,0.29971252117771724,2.426309216887816,2.785240278649055,-0.47942192482512747,-1.0684857440173425,-0.3353819543666262,0.3960029031907522,0.04358502803158756,1.522986024694861,2.727021155220548,0.8077758095147628
-1.8346378434647375,0.8610544849978007,-0.7885814056759832,-0.9974328762129822,0.3284993252280862,-0.08521387578269787,-0.24074798354156776,-0.06733459757085931,0.037528954598157464,0.08936674017971778,0.06204216847150078,0.41351999708274756,0.3148402307349011
-1.663403159819287,0.8690727142342287,-1.1072039977872905,-0.6433854600285603,0.3732458910721109,-0.18054903616592263,-0.3691717976548492,-0.0016944178975854152,-0.3115714404535156,0.10857754607557484,-0.10466219661332939,0.4016830424408092,0.29165429256055353
-0.9666114951125495,-0.44671147788285004,0.2425186651783423,-1.017631490050719,0.6458228468653447,-1.4735644187580414,-0.6972964774026803,-1.7498412088475206,-1.4453959423820986,-3.201345127969657,-1.2803814624106555,-1.654365760275121,2.338287389010688
6.612967839271542,0.443587188604679,0.9757467494868253,-1.2431088747582901,-1.379076470643373,-3.45064366594406,0.7966752083778552,2.8711590695329274,1.1563369105086618,5.515771967788522,5.694651335830704,-0.8912856094502141,-0.3254791175352192
1.996515610119583,-0.9892591519015584,1.5680411078490857,0.11083147967891935,-0.5703006346281722,1.055011480895822,0.8505135473300972,1.5175160547771989,-0.46704224974789815,-0.20985597885092233,-0.6483754804164549,0.15309981593051977,-0.066112915122537
6.414103435784657,2.8357112626742578,3.6134172969666185,-3.514437776988447,1.16465594801644,0.13469195516662166,-0.350625127655029,-0.5542005707097509,-0.2075225569636211,0.21124155888311236,-0.16296428743771096,-0.26532384521906127,1.1638810284924521
1.4681131209779898,1.5641567542678556,1.910600811255446,-0.941129102592991,0.34943438686969525,-1.53327707636735,0.4683924756727409,-0.30317644486360856,0.10475634384849063,0.35991974756329154,-0.13655384189872571,-1.3120470515799154,-1.28776562546198
4.896109465581952,0.19036019896343712,0.6423271819311358,-2.1421903073624247,-1.882995843976772,3.4477441228900587,-1.1231220807380529,-0.21355974055043672,0.8853592968312974,0.6339752696628816,-0.2351176661436018,-0.27568106599737024,-0.6056536142014688
1.6166834634919485,1.6140881690003623,1.0997790182270524,0.02882462476077672,0.027603462836745054,-1.6399167882133212,0.32470533334396634,0.5144605674244542,-1.158632569257255,0.6374939636220528,0.1691776783013918,0.21371039168535427,2.0751743892979615
0.008562573172428114,-0.4517344535301161,2.0961829724355243,0.08491888359961719,-0.14230657349913295,-0.040452876338203714,0.23674906511513127,1.583502473095335,0.13308668037110993,1.1199688243745871,-0.9906087193785461,-0.5209459355479071,0.3850496383772941
0.06166551135282797,-0.4736621011440724,0.8000341745609539,0.31330896872580033,-1.0552630273148766,0.2701107200449453,2.511222060784447,-0.6218132594921355,-2.645656594885946,1.9058496259010655,-0.8293810504439548,1.1105867930674,-0.5820187553483452
-1.3158746013236673,-0.029090189032576454,0.9162465468414086,0.29815822796241415,-0.1188140271261996,0.20752263082128566,0.16102538017109924,0.3804731971875409,0.12697182206002386,-0.15644110792312121,0.4071596393415947,0.300053478058115,-0.049994788720415906
2.565832650498211,1.3767348836695217,0.872960077501258,0.8048309999640767,0.4399752061041432,-0.033903163367799354,-0.26320498185107083,0.45802435786063866,-0.29887438794015403,-1.5154746394208112,0.8850677545453276,0.6576944795455206,1.1744685352447026
0.7904658733638155,0.15885308393694417,0.4164632315454938,4.2767116388777735,-0.1018899187970114,1.5084443806266956,-0.5110251279774249,0.35514374996539494,-0.5547884769567889,-0.12102094273762093,-0.8779338406748718,0.7897070574712944,0.033230622552213436
-1.732160642479618,0.947761495155062,-0.5913664852849878,-1.2322320293363938,-0.22037758394323687,0.1687351250575704,0.08196501111790615,-0.10476478319300268,0.1828998512606212,-0.09598434508099737,0.32559885615559775,0.12972721791985778,0.27961861512644803
2.1354445874286974,-1.1884832485469277,-1.9418674124246793,2.7960978198329767,-1.1269318382821485,0.8969524342575848,-1.7697212480739903,-2.5096667807168442,1.9575221675235175,-0.36478744887931686,3.504551592995952,-0.3257250855296409,0.21560833330809606
-0.7331752610479351,0.989498625493722,0.05217398501680392,0.021656882964363418,0.4779604107537379,-0.19048796511384783,-0.011823647776553634,-1.0793721765692672,0.5069809214626781,0.02517635827962241,-0.3138835974233073,-0.6385287956069797,-0.7500755555655165
-0.8332450494615113,0.9470832908103891,-1.2680624271598333,0.32686508848169893,1.3439443607134736,-0.4352265296929229,-0.8248777467943894,-0.5701721257531925,-0.3523530409070046,-0.2284749973044439,0.22040952563449975,0.6549279151077642,0.2855910613379996
0.38275763438939103,1.6253725352819883,0.6139691458179041,0.7898704012419893,0.8693068958257792,0.006139021805351962,-0.9217302087210206,-2.672015325156141,0.3717942800249824,0.3587367064152917,0.19123814947082424,1.5551531284747517,-0.907493774523682
1.1794522464945782,-0.9685962430603648,0.7597317986670554,0.7225145278663477,0.6213907655696191,0.8309650931389312,0.9093734402631539,-0.33300382678153256,0.13191836165529286,-0.3673687797589234,-0.1504928048310227,-0.04407596127552958,-0.12170887994444252
0.6500018438337463,-0.15793400175346325,2.2013051235012884,0.24696834749172641,0.7449145327499683,-1.0051567954408087,1.5529000576140604,1.3939067681440502,-0.7664785519922159,-0.24917962922468348,0.7860521839920056,-0.856542712449253,0.641334214550327
-1.1453834933698377,-4.139305987941901,2.1180275239669237,-1.6354328825033764,-0.17274795943984445,-1.4503405732425985,-2.5937358310910428,-6.523737526439499,-3.738826406513029,-1.2505429115545244,-6.070482369266895,-1.5747341199062936,3.5591227806329373
-1.732160642479618,0.947761495155062,-0.5913664852849878,-1.2322320293363938,-0.22037758394323687,0.1687351250575704,0.08196501111790615,-0.10476478319300268,0.1828998512606212,-0.09598434508099737,0.32559885615559775,0.12972721791985778,0.27961861512644803
2.5736622408231886,0.6094127362006782,-0.4883192063050164,-2.026710765112665,-1.5218649107246758,1.5531886407905418,-0.2878442583854146,-1.188742389994233,0.36676209076968425,0.44764442434814034,-0.6644502141360882,-1.4538223012687432,-1.7203307341880978
-0.900971645342933,0.5419362778983555,-0.4589044355658408,0.3351673834416109,1.7431114176666218,-0.7081822805641126,-0.9087319148946958,0.41664793464097744,1.259820428204889,-1.1039891915761202,0.6924920646226171,-0.6511184190723355,-0.5159195204419869
0.8252147620581667,1.1599689295385869,1.0846550995979132,-0.19221384289358442,0.05566735152421714,-1.0831348723160539,0.6636370098024938,-1.6649247054682692,-1.3532603733451125,1.0175387337494193,-0.422438421950988,-0.2622138907300754,-1.5583853099101883
2.098265820977909,0.1422661175073716,-2.1206097003982545,1.4334439795509548,-2.1084286127737766,1.8345863324339553,-0.3448737385508088,-0.23861464831598542,-0.7460364893170235,-0.10034487458583126,0.019795976649116302,-0.3217185034475408,-0.6590894850219381
-2.4050850823102747,0.2353201536126666,-0.6684553339642124,-0.21337473465111115,0.6172010414540194,0.03948385572536101,-0.5959655236453726,-0.459853631539796,0.14999950635903422,0.29794249681279467,0.2645866809114901,0.5475904548293027,0.30600338957748185
-1.4002567830720478,1.1715765513871887,-0.43729439400315273,-1.2948189085404584,0.27365564788134356,-0.30094530170125655,0.1554580317202418,-0.6159817639044842,0.49953435418890885,0.017121235662363073,0.031068924239669442,-0.45841628884490393,-0.505471159439159
-0.2613687665438291,0.1017694328128648,-3.312940357553147,0.2372364459232741,-2.089122955000332,0.5017050768427841,0.17617812050154974,-0.10925171792804567,-0.2516355873348486,0.5807967389659445,0.7338144512026235,-1.417933078734599,-0.3515655927176642
0.2819949579353289,0.9123035287510237,1.2748034686682206,0.3068848274984602,0.2452433960048621,-0.47528066999284335,-0.2104332759426886,-0.6645196301972752,0.047356091626604084,-0.3440533245160119,0.27114478314363283,-0.056877907813806514,0.013747786303291201
3.7848990974682204,-0.24263684368334412,1.3356868383482057,-1.8660306344735111,-0.6575008166756224,3.249579230070248,-0.4306658006380225,-0.6743086488056955,-0.004025296721002132,-0.9099730502308966,0.0061614252933234965,-0.7144419479668578,0.3061851283465774
3.255923763648647,1.2868691949555957,-2.4665129532951537,1.9479933196090422,-3.2541557967098442,-4.18137881282607,2.9258134495264465,-0.5088486762035516,3.493176092221962,-2.4586118405090005,-2.6664981475626273,2.0625664048658923,-1.2636483100177036
-1.663403159819287,0.8690727142342287,-1.1072039977872905,-0.6433854600285603,0.3732458910721109,-0.18054903616592263,-0.3691717976548492,-0.0016944178975854152,-0.3115714404535156,0.10857754607557484,-0.10466219661332939,0.4016830424408092,0.29165429256055353
3.2134214467204374,0.6190242917150776,-0.3114249153965889,8.548570394513392,3.4053796676845494,2.5092553645436557,2.2206305237613853,-2.334841674312133,0.03433535798457672,-0.4852124563332259,-1.9295519691858767,-1.6477426576306071,0.03362497479169002
5.616011479018254,3.6463559363890132,3.604731551645298,8.448006812369464,3.6604640425222197,0.3243029412387736,-1.4322933440440244,-2.573687413700991,0.5124964358759453,-0.37494698751227784,-0.347878809344586,1.2946639965693099,2.472328603305551
1.218052425857161,-5.198468038207043,-2.1537090942647885,-2.4368146722947555,-1.8487946645170217,-2.9082214276762466,-4.907653157513293,-0.2621544898652991,0.504307899710016,1.1637870942876603,-0.36380456458017885,-0.46602797008062374,1.0672390344341587
3.191709392538286,0.8628766656135415,-0.5642304169960741,-1.3154218109825622,4.344536999784165,1.3717157002376899,-3.2332513431415277,3.1078888765036536,4.5578581335591215,-2.166499615811393,0.9764008480517881,-1.1151734366608648,-3.151768265264239
2.3925283045836925,1.3597750624783778,0.699851061423333,0.08060178624438288,-0.8590025122197423,-0.7793774530997425,0.3360939808182519,0.013002377187127382,0.16342569638633156,1.9616448926798402,0.5354365611534688,-0.6420208051047476,-3.0687499021677644
1.1850499694828764,0.9896582929628125,0.07435915417871845,-1.4655067391627918,0.2807078064319799,-1.4411870801250741,0.30449087119117935,-0.04956243360955747,-1.5053297081996804,-2.036538313980593,0.2897253575303219,0.34521274160766,0.6831008081028769
-0.5967484617165287,-0.059178795152387456,-1.6433634682245766,-0.6512585897770321,0.32301571696297493,-0.06445696709601742,0.3250882176039581,1.4930965399652316,-0.3737740487153582,-0.3295077886803858,0.4793778646344133,-0.18208648332052807,-0.5691469804590862
-0.4491807027631973,0.09168293338267194,-2.0955327986368477,-0.6747364251120561,-0.05711717152414812,-0.46920213731039667,0.12475489009463218,-0.34831629173505857,0.14236204109744174,0.17337344179280204,-0.21112984371492066,-0.6518070756296067,-1.507413225586881
-1.248346279550352,0.08824462549846042,-0.9524054109092718,0.08142109864702529,1.4919036376985084,0.07714637421727995,-0.2099499670652155,-0.11071022185481373,0.7194108271735679,0.3203933045734539,0.4740256505731744,1.5486818029714438,-0.34428244730873675
2.641032816569679,2.0179772449268896,1.0238813764386376,-3.2210676918069483,0.2653285628867736,-0.0857530401382781,0.12038348173411788,-0.7003778022229717,0.14649502363035313,1.0254382982838373,-0.8394501256041094,-1.1619730338256957,-1.716993170434592
-0.2457100413946097,0.7407886737883363,-1.5184665865775262,0.5188598107545649,1.309071919699175,-0.022945761604216013,-0.22674432795922625,-0.028806251833427755,-0.7391995675652939,0.3131561775960709,0.36298440230303386,1.2726484900075758,0.8064222085509092
-1.2273251360587791,-0.3737314950951017,1.979028393213174,0.8524477684750402,-1.0201289486386764,-0.26133047434921575,0.4821031784261395,1.5830256609523365,-0.2883679276391884,-0.33970220779230165,0.22048333161581454,-0.1658197026608202,-1.2655173540332227
-2.100254361741265,1.0530873247913144,-0.28036422460953736,-1.3931376560398847,0.06339369945779814,0.003092544323813349,0.12781570554170135,-0.17713861732160563,0.4130166276312443,-0.0791726026590216,0.45702581020337685,0.182623250975448,0.41841458519354124
-1.0698044837752676,0.4482676390080667,-0.5798958839949095,0.2540905466105706,1.1530437207884399,-0.01057944750014721,-0.34141901174495204,-0.5593359533237992,1.3620454585171056,0.18144811386795365,1.1101225382557907,1.0055048868877836,-0.4320637668492488
-0.07292490346744593,0.4762900157674172,0.9305309624335724,0.28987139330890527,0.26192495345742206,-0.33641102190139754,0.010303431552147559,0.27355792993364436,0.23228522393173404,-0.3796534405224567,0.8014311361988478,0.40954821494873733,-0.020240377936675158
-1.2486159745526368,0.10762669824096592,0.18660204399961336,-0.4901335980757517,-0.6455322214718509,0.5116164780195499,0.4101068828754353,0.4418793299517683,-0.10640372292878707,-0.3888719504848775,0.19087900046785805,-0.29228889324091833,0.5670466045105307
2.769971953831002,0.9583070627181387,-2.7893685494963805,0.13726195820368653,-1.763495899585516,-0.3510418749987162,0.36817350005297456,-0.2677509112996781,-1.025994227739969,0.5525882503417854,0.9662089492268734,-1.0626012378650418,0.2189520948496894
-0.9799974984982894,0.11128728856725574,2.128373059801508,-0.23323424143093527,-1.0749537878512785,-0.03349043068742132,0.2862756102019084,1.0366149889116296,-0.11059333929163366,0.03470588168366378,-0.07519591577547774,-0.17763541552814838,0.5418275885711281
-1.0473824250116004,-0.7370591781521163,1.3879716723704592,0.31810105144733675,-0.15741724389372497,-0.8637384831172168,-2.0290842838474066,2.879890351866962,1.865124100161617,-0.8295910869520613,-0.05874816411812325,-1.4366082202097237,1.2486055312003408
4.46024801701408,0.896401751270874,-1.7673054039598683,0.21265148682032012,-2.286272404898889,0.13427903864759674,0.9751655481036735,3.5648256209342963,-1.569908181110317,-1.258679944424902,1.7307613728865496,-0.4011890445087672,-0.8892561647582184
0.13720576000149984,-0.6012023149502713,0.926433033164117,1.9668803891200695,-0.5715321604235426,1.562411882018923,-1.1253240874446746,-0.7695700824670157,0.49035915487575005,0.04486788758682219,-0.2707712192577772,0.6680794861679862,0.08581098013057882
-1.664875217439633,0.5893343793716708,-0.686972848864237,-0.8769651878138244,0.887171233403931,0.2905233583369119,-0.4465242105733748,0.019430062391824602,-0.6567200216901995,0.21015933102405931,0.5544504319731393,0.23583996272003657,0.12520342858946512
-1.5872512657138127,0.5512555794147451,-0.5223045373993438,0.1217218459621274,1.1646398795802295,0.25210081463222306,-0.957586693879098,-0.3596335279565911,0.837272769968263,0.4337598898762193,1.7913896900497395,0.7685670348140082,-0.2944149376855982
-1.732160642479618,0.947761495155062,-0.5913664852849878,-1.2322320293363938,-0.22037758394323687,0.1687351250575704,0.08196501111790615,-0.10476478319300268,0.1828998512606212,-0.09598434508099737,0.32559885615559775,0.12972721791985778,0.27961861512644803
-2.3174857482986617,0.4534498563523198,-0.8976864435712384,-0.326372502903284,0.5540514121697627,-0.09803459097209577,-0.8245931184303447,-0.7235735541573881,-0.09708905143112317,0.8684863692309343,-0.40445689703523935,0.15392729556509874,0.48897644840270077
0.9580150376469271,0.2604013139906424,-3.3047477651135786,1.3953238449373906,0.1588886232266142,-0.9508022603538927,-0.49923902994690234,-0.3621634740707175,-0.9761661134302962,0.9484643552288682,0.5949208481277689,0.16106955854652455,0.9797274160083806
-1.732160642479618,0.947761495155062,-0.5913664852849878,-1.2322320293363938,-0.22037758394323687,0.1687351250575704,0.08196501111790615,-0.10476478319300268,0.1828998512606212,-0.09598434508099737,0.32559885615559775,0.12972721791985778,0.27961861512644803
1.4413365408153531,-0.1717751767127185,0.885631637169964,-0.776681341956813,-0.5578538008660737,1.2248686063759548,0.02531251085611439,-0.9023653196922164,-1.9198763599828885,-0.2329857294862345,-0.6885218870381637,1.881185641787918,1.4133288513240712
1.9578583723069092,-0.6414450007252327,-1.1533593185667341,0.7827950766530339,-0.5020723073281527,3.203884666080299,-1.2044950955234475,-1.6556952376512868,0.9844956037908231,-0.4437810739175839,-0.1162629957666096,0.4909977885467441,-0.8486629188207092
-1.1967192695473483,0.10850605284556016,-1.5064853078932041,-0.7181980901320089,0.5478798019277433,0.5905847283006924,0.8222607337857556,0.25036342717479765,0.04861830170113348,0.6429754847344279,-0.6150931240629564,0.13477749038183517,0.8391957029781663
3.128139802972601,0.0911171862713021,0.5053462767752385,2.697022854256893,1.6412540950671883,-0.68184036305938,-0.8352339276908805,0.43061160018923367,-1.3784798001527003,0.22250711879770008,0.6180825752814647,1.7540519722169514,0.4285928664972359
-0.31105803941772947,0.11937395195711277,-1.3924646366558755,-0.6797457904576631,1.7091757301582016,1.4378024109713428,0.1985593625168842,-0.1466846565285107,0.13023265783228893,0.4382710654051507,-0.22540156871431405,0.5266242740468349,0.8397940732893372
4.039207359162055,0.4441790885513777,-0.24948390996037811,0.42126238583844533,-1.4674256920459758,2.2696594242444084,-1.00020235326518,-0.13534872824395755,0.39992832560531505,0.4186851880791427,-1.6071106916436366,-0.49350849200658226,-0.3368582739993461
6.571165681300744,4.056173601698398,1.2575244783821364,-0.8554287753142452,-1.368586384143551,-0.4531287860483355,0.616189000075744,1.1341568482499729,-1.7635470412347038,0.977956931517384,-0.635157460378646,-0.8248602703612594,3.640543683153464
-0.4362299887154723,1.0312811117652916,-0.6314589414044482,-0.7554064676260781,2.183996797379368,-0.8529992303874694,-0.2360160446536901,-0.6043108229242833,-0.18460017848569174,0.2986964778568511,-0.2807811314474466,0.8783079751802167,0.16606401082615793
-1.6861762523353814,-0.7874058920305815,1.2873024573861376,0.3592627502142831,-0.6533091975088943,-0.15524242983863865,2.2250088394011107,0.06181587024278022,1.5804773284920268,-2.3739268644357314,-0.8579955208098653,0.47708367189306683,0.5366225386313886
-0.10516530252108165,-0.11290478767779741,0.39387280465439445,-0.05723911382008626,0.693871170090749,0.7564604665026478,-0.5323020587673678,1.269471458022801,0.7439708651952429,-0.9032328926500565,-0.5667193963592264,-0.7077591021530308,-0.35444467610746455
3.1503499834165707,0.959713326816451,0.7899399095421996,0.4741018562681423,-3.059396050335559,-0.4014264190760927,0.6206586755629406,-0.05642396400936497,1.4340911020350042,-0.12032722585817933,-1.3872081011269062,-0.23487453249133244,-0.949366070692202
3.6443193026832166,0.6858252939017184,-0.7170881910319764,-0.1420617306162849,0.9267798062542185,0.8768690073977126,0.46895718767689965,-0.5476909868812196,-0.4761639367348435,-0.157329087418482,-0.2911821197276415,-0.054722553288857584,-0.8834582299739063
5.556552166948582,4.42285051274188,2.61516739406838,-4.545966753577732,0.4907611943324814,-0.0038978191855022384,0.12622226047320712,-0.39101343634175617,-1.2972474281924877,1.51955740633056,-1.4604687185695011,-0.8682365922101959,1.1953219621907851
-0.6808111864938845,-0.8791324350646759,2.193165940352326,0.5700874458858572,-0.6417572157363864,1.29806117915174,0.903239814278248,1.0254050788482678,0.9016062730103417,0.4228877361653294,-0.7873304634438462,-0.6175738208079762,0.29923475133034116
-1.6507083931409978,0.7216909460297981,-0.033701118270421875,-0.9348041780171625,-0.4464182182899004,0.18636858549036503,0.10592286108485181,0.17072692013240265,0.15547617379284004,-0.11092113854839557,0.23388014099967677,0.021704941703088676,0.3754310561658627
-0.91222654039224,-0.6024374495589434,2.5901541682182248,0.8223763288623339,-1.0245272028845398,-0.15668741547134998,0.711483973749076,1.1661042277091747,-0.668088769952442,-0.202273478544448,0.3860121076982819,0.578808726955911,-0.6109913901820321
4.614160732927093,-1.0272175513807364,0.06883236653819112,2.8831770758487645,-0.4396059707734442,1.7442464200846022,-0.5073148513805277,0.6416114940421508,-1.340728400416352,-0.20772626589287868,0.5921107951345617,1.0801494623531662,1.1525846506294672
-1.5743977229597583,-0.29650022425739264,0.5026939107258034,-0.014944639224780834,0.07944316179019324,0.35423223550315275,0.10536047031665967,0.45613256680118425,0.10492909821057085,-0.2515876520342095,0.5187421601755814,0.29907003868034526,0.3846345526413396
-1.3759605523395164,0.2211904176097069,0.5478751671846611,0.450270407180416,-0.13082757696352473,-0.7948351332899325,0.5196420376945947,0.5744897650050571,-0.4337092554873424,0.2935465682977906,-0.5156292862475317,-0.368371942571384,0.07763977093539559
0.261680709079619,0.9689233739464114,2.44324506176193,-0.9435729474984613,0.2685779624597494,-0.8577395891330817,0.443154177634031,0.00037988551037839986,0.4813646956101703,0.3089875633277765,-0.5631428459307416,-0.6824282525266032,-0.2765245935202243
3.6701021681189303,1.428896321863858,-2.350253556050846,0.5169060482765547,-1.3618638567192682,0.3521662640179352,-0.4163641682958417,2.009011761730785,-1.7098192723973726,-1.2964961424842865,0.5217656598352829,-0.04502277371449999,-0.036963607895027575
0.24850034063783885,-1.875130392802307,-0.9682911032600438,-2.2823545752757557,1.0448625131914353,0.8845303506278089,0.6341327081846778,-0.5729922850912429,-1.0214855560090461,-1.475419435222029,-0.910837671730306,0.5079629592184873,-0.47690591395411236
4.284017012181118,0.39137187323792794,0.4002370164156163,1.9285130849124432,0.9071301516051629,-0.9473744598264021,0.40557235673684777,1.41151707642498,-1.475436634781917,-1.0836079310006106,1.7148888963155784,0.7220459577488612,-0.6246990915687358
-1.7122957964538286,-0.15298570011065574,0.878501724990361,0.5954118798601986,-0.5873799591807086,0.28325901927615776,0.06810688999095453,0.40702073288457075,0.18453906258709724,-0.24065854774146528,0.5717791518127212,0.009730367046988526,-0.3721170457559745
-0.15038198518803023,0.5034841416975779,0.7513972692148387,0.49391555773253104,1.4081817164520711,-1.2774570385023767,-0.32573036836605695,-0.6106734766768503,0.023162952398983763,0.19044443256907914,-0.24355463068989802,-0.2961130327887687,-1.0906535001156343
3.362076964419218,0.0488272563198484,0.7706585618810142,2.7575181719873183,1.1707392934627892,-0.2950970461393261,-0.6866974539558597,-0.46954744774089385,-1.1368233002260653,-0.3237220473870491,0.9048940007916149,1.3026893524326597,1.144606247431322
2.1022460928776874,1.850705872798123,0.9493527529394482,-0.4111091268653986,-0.15817384465399792,-1.6047586839242445,1.407313260063984,0.7490331917762185,0.8836546593152252,-1.6669746703720087,0.24668321893905984,0.9333637341566036,-0.6985843751665491
3.742232819596242,0.5166862848664627,-2.231650911109032,-0.12663793542986523,3.428602018800603,-0.9627771995808589,4.777431362825575,0.47565651778980206,-3.662099142210953,-3.9263020620702234,5.378875027296854,-1.891139213475251,1.6411017749655927
5.502748258565831,2.6820250367765923,1.3691710342778884,-3.163332608422622,0.11963338411127564,0.3187103606543307,-0.4663682847368521,-0.5157410153614254,-0.6201594401444618,0.7481841087845577,-0.07600277957547896,0.01105002808443299,1.0871802256982395
-1.5692561438023775,0.4956203969045345,0.5239642487441438,-0.6373763266979311,-0.6724588526365639,0.20400204592315965,0.12988071105179744,0.44621862345780816,0.1280524963250589,-0.1258579320157937,0.1421614258437558,-0.0863173345136805,0.4712434972052774
0.7525464833995793,-0.5836870278338699,-0.02407781688349167,0.39668116678131793,2.8295855104854146,-1.1267124012024368,0.22265524908060522,-0.14945048799936977,1.1704688594007606,1.225661844000138,-0.617065430194793,-0.3988911411969417,-0.7533791177335285
-0.7304667859995481,-0.08200702892045945,-0.4968931552599065,0.5154649956381481,1.3226514707120205,-0.9370547517866128,-0.901130399006544,-1.0873793096746616,0.22413193589416783,-0.012995107081836023,0.6340528394515164,0.32886337813581473,-0.8289987786806591
1.7529581416370985,0.599311319880388,1.5021895348672487,-1.2367800992742457,1.29067866179646,-0.569650365151065,0.21177059331370043,1.509856240574583,-0.8988028624336123,-0.4108639946200141,1.26254695882388,1.4293509796915298,0.44516861374688516
3.77075343682303,2.8770703270880658,1.2872074284475667,0.047100341448067976,0.7864832535488158,-1.5327877491154687,0.19727892285013535,-0.2987873903916446,-0.5620134280143344,-0.2815626200792199,0.060633489546416286,-0.5067618498420912,0.1927209464536966
0.7676135798576283,-0.33040185416156104,-2.1915995207397407,1.918031665421014,0.46013376323735306,0.09853524731491571,-1.0947756275994367,-0.8086589126835042,-0.5422233749399795,-0.2222570800863041,0.4757577965024422,0.5221705526918523,-0.4484426184291951
-1.2859667138542332,-0.22531060035156567,2.0764534569359943,0.9338794771468505,-1.0737160338197895,0.3476759812821166,0.14646735862552523,0.9995964059832398,0.18109133357538282,-0.08877969125344161,0.23930477759777527,-0.11591156476489237,0.32500473957494574
5.5323740339543575,0.5543947636133366,-1.7055394572449067,-0.19426552190803634,-1.5201540557832982,-0.8586367100641841,3.750982067502092,1.370713803921035,2.3639626099130067,-1.3616595383418737,-1.0562421097567507,2.420828771818254,0.6674648391019452
0.6494633729829221,0.32934825169635157,0.4023018256003812,-0.9754126679975729,0.647118292082803,-1.0898226476105561,0.6708894110798846,-0.8411265099792894,-0.9665987474532135,0.1152793701996822,0.971682182108154,1.2701936151899818,-0.44459268233070043
2.429348628650615,-0.7403798698100926,-0.10242931990670832,3.300220516060247,-0.216254861135928,0.8105210699258647,-0.8652908364183693,0.8930570269224629,-0.6860473285087342,-0.582040776758001,0.9550521953146208,0.7874085653262667,-1.0280976058987041
-1.3531817671981556,0.433052768746915,-1.330701112357546,-0.7296405109811073,1.3040290878660306,-0.7738006141027822,-0.3169244006532486,0.15386066526273734,-0.7252073072082446,0.30853364148976975,-0.4207689996053545,0.3024494384303211,-1.334026770213028
3.4380269030685815,0.3246306055617829,-0.007360551352254847,3.221066161151873,1.2785882972780103,-0.524578545708177,-1.3501565944270286,0.6161530214644407,-1.5879956809830347,-0.7222068578110626,1.319298038010214,2.4478792718995894,0.9200806538676742
-1.5771907352610801,0.00993044956705225,1.6267367175037513,1.576892459493105,-0.7343745454037276,-1.1771894618026906,-0.3175939421243006,1.648185684711811,-0.282019270041888,0.7015437793137478,-0.5990346664417745,-0.28565729604320406,0.7798811224541901
3.136086196258599,-1.029586322095183,0.45965133402413133,2.2795440508802614,1.230048615082815,1.126517505772984,-0.94365151692419,-0.23665529721122752,0.626278887195732,0.08019396195376595,1.7515425112077272,2.297161268894775,0.9148082203430445
-1.2967169026162255,0.4979760332786046,-1.3521039309482252,-0.3585376267753542,1.609640659446474,-0.4991308330847005,-0.4770462241676797,0.028434333036215346,-0.6668741232481169,0.19970048496515522,-0.3186488541071848,0.9774012957317383,0.03413285165574926
-1.6290244184891216,0.8297283237738121,-1.3651227540384416,-0.3489621753746435,0.6700576285797848,-0.3551911167776692,-0.5947402020412266,0.04984076475012322,-0.5588070863105841,0.21085849165386106,-0.3197927229977928,0.5376609547012849,0.2976721312776062
0.22374237734349287,-0.8751063006947571,-4.263350391425098,1.314289128679266,-0.6534758318627965,-0.5857758688891262,-1.2719800587462795,1.0408314126998488,-1.1826745566716315,1.3281897726590826,-0.5197837367896143,-1.0830790149742033,-0.7093637494377466
-1.0363247604967327,-0.1671238840616824,0.573561078242248,0.8091219078663762,-0.0591474560251935,0.34795707648852203,0.15120600539001516,-0.02322144355277932,0.10118141056339415,-0.2494868347818707,0.15239038513650904,-0.22601538280354203,-0.12245797578063328
7.198663556837551,3.573206207017922,2.409334484357081,-2.035733406867151,0.9367806277112265,-2.3309612214271502,1.7793910435158986,3.435514071885038,-1.4456177402154429,0.6361766902843798,1.3678221126769337,-0.38131212064913167,-1.4766507492335497
-1.3951889404944435,0.4101410311662021,0.6303173422490462,0.08045859263227523,-0.5811367477640094,0.1868296653594468,0.03192232957915923,0.4367632180168417,0.051679095548082775,0.007934178354157197,-0.04325338049693253,-0.03599938944313642,0.3051052026117441
-1.732160642479618,0.947761495155062,-0.5913664852849878,-1.2322320293363938,-0.22037758394323687,0.1687351250575704,0.08196501111790615,-0.10476478319300268,0.1828998512606212,-0.09598434508099737,0.32559885615559775,0.12972721791985778,0.27961861512644803
-1.9019929314696573,0.32377990327235856,0.5723216787363045,0.062094698240995325,-0.898667540337774,0.08559844075778435,0.21365445935642166,0.4619510391729127,0.1111848687623488,-0.027945957289416963,-0.10297584438004316,-0.3203746804518993,0.1091065376572762
-1.221156073437447,0.5845475311642184,-0.7545295392757072,0.21672967800617418,-0.344951837721992,-0.23232271477629368,-0.019140876383013664,-0.6855394133369668,0.45405632885056496,-0.29823174366962324,1.061920931851753,-0.5647480699538739,0.3145337156269766
0.9347004628897937,-4.166697032940637,-3.7293647586332748,0.6311754174281073,0.2792453024725904,-4.831412885408381,-0.7313143257656448,-1.0418425759182712,2.8673645195906285,4.331541812832076,6.718675065577828,-2.1835456770412462,1.1823365935484806
0.16119873666418238,0.1590061175088745,-3.4998869723358492,0.5273036852435693,-1.1433629561607401,0.37920615125178847,0.6430289514977644,1.3854278204109818,-2.202837616477857,-0.7984881368676624,-0.1562339217225537,-0.405812256801979,-0.028054287888973156
-1.1625184523518803,1.0159114282407882,-0.34193891127876164,-0.8328970822389397,-0.10283350635675682,-0.10312184876165054,0.06001528485072181,-0.17518200037848053,-0.046868579710485796,0.08136617783696944,0.024402053725187618,0.01584190528375598,-0.07150594554846654
-1.5316281432130048,0.7425409594470413,-0.8427758299910311,-0.9425964703828326,0.546225668997782,-0.0778768137076918,-0.08475640433169798,-0.063932816402248,-0.11836931306521338,0.0007175971529357682,0.11104026421643816,0.4855753006955603,0.15386681403257227
2.277942110853099,-7.821073120165174,2.483756238103195,-2.713300145257326,1.5392938269209686,1.0005765362892833,1.492400622508043,1.3921051224504908,1.2245707642439516,-0.9998685131509428,0.006863899443681863,-1.3466090495248,-0.531740335418765
0.23965874104842536,1.6385877951014343,-0.6259682470584804,-2.0913266034000966,0.6149243084888444,-0.6912861197718331,0.2452236901531812,0.6612449668249091,-0.8983584348819665,0.3515845965757477,0.20362580596492155,1.078577818848203,1.9403769802657893
1.5540623518508727,-1.5323835053130912,-1.4250450303063615,3.262020092064397,-0.33220956295095455,-0.19037735934217426,0.03290932193363647,-1.025757837814689,0.08053410473413226,0.996244959788997,2.3300529777612335,-1.9677217735798207,0.4896057811247078
-1.9564586253168417,0.4989747386013185,-0.31377015733292724,-0.5830539122108017,0.1764430578055249,0.10008932588550641,-0.015460734552539115,-0.11929656931472138,0.1016272488772124,-0.304813881117148,0.804639412631478,0.4700673033929679,-0.10312152478868694
-2.192656756834637,0.11750171053130119,1.7718992940748772,1.3524771441970178,-0.894613822007326,-1.0619754268229473,0.6839837427599001,2.0841101501967603,-0.22744802997807712,1.5909895750201997,0.4874846413314075,0.7309531278393678,-1.0637530437504203
2.892844073169866,0.8413269624846786,-2.695564639888949,0.04585315989323341,0.15961176479913033,-0.8178856442798751,-2.086743782984587,0.9200465247391798,-0.9837398117079972,1.4770073473881211,-1.3095153064077358,0.19725841519148835,1.6547100616675312
-1.3898420464836383,0.3944965894579197,-0.28508532978805756,-0.25549649370504934,0.6299114539114624,-0.07543503060955394,0.06604461818521898,-0.38117406177246144,0.1500187813705041,-0.14672801247456563,0.40455574720664617,0.34542648553113375,-0.5529153224877003
4.5853105746779965,1.2450586149660245,-0.7707594478312298,-2.2048485624944747,-0.11000447356238358,0.8204191680771491,-1.0595190662532608,-1.7144853130328646,-1.6360574358066495,-1.8234421295934569,-2.130843144859306,-1.2535071932470907,1.7809296916011539
-0.7234600657729505,1.8375437595459316,-0.45742738168896685,-1.616551588508326,-0.2651550773593129,-0.059952463512923146,0.19456766663668892,-0.013768447123762722,-0.04922765291222967,0.18377354343386051,-0.16315413161570536,-0.5000524812429338,0.28141227946480235
5.227417072191286,1.7526010240325298,-4.406447113059848,-0.30267340916240365,-6.2918783342016456,-6.28081293761435,4.6752999048959865,-0.7192267492939245,6.425628720953072,-3.6101755569800735,-4.451639174599995,5.119952363730101,-0.17182254934237387
2.9493309431848234,2.1799643442823675,2.1228214912051677,-0.42216428751642643,1.0168898974174276,-1.6850158690545718,0.002923591373854131,-0.855223992894307,-0.28329517238999985,0.2093658895679178,-0.04608125312140465,-0.5065754301691602,-0.023714084183156292
0.53650617304449,-0.13258670790477148,-4.099741323447042,-0.2243492629756087,2.1462889953818114,0.5496513064930812,-0.3533933200756813,6.246540531136841,-3.12302607570716,-1.4809086676312615,-3.7924637893508764,1.7358456698096987,-2.5456128076084705
-1.321293859018779,0.545812724976401,-0.02136648196846292,-0.34310533060574255,0.49535874850642153,-0.08097437506784695,0.8101082533160974,-0.05467284368548679,0.6570350806137802,0.2556908633655264,0.4200664635831988,-0.3084860895939197,0.7892672883368199
-1.0546276539324786,0.7902252109544672,-1.1772272852443566,-0.5718557404730438,0.8502375383394025,-0.33222865080916575,-0.028850974088268047,0.520589206034907,-0.5530898898820799,-0.5348898140458481,0.35057131400109265,0.962496001982575,-0.15259580841438267
3.656285945718909,1.594641312821707,-0.23915489279847799,-3.066558931745826,-1.0855280262370262,2.6760735479139495,-0.6948484698446575,-1.1868012015929996,1.1097552500921821,0.5369663983124127,-0.9119721017790064,-0.9716925394679056,-0.8143031752436314
-2.2043239069787077,0.5218037941353505,-0.6652785869874782,-0.5953566391385767,0.25963971860673785,0.05003757080974154,-0.5052001025006977,-0.5974464568752811,0.08765161743934584,0.553575971393624,-0.03777251192773627,0.13159697964680292,0.37879845596431205
3.906076877776333,0.7216189995736596,-2.897528437003918,-1.8637087325734485,-1.0179170817104117,1.9337842199189963,-1.4233379711695644,-0.25190555445428026,0.007647434355809569,0.5525368537765971,-1.0758376902640538,-0.5971876766654575,-0.7738542198559083
-1.6688121661704904,0.6795481733941587,-0.6743394063638337,-0.3300102138954717,0.4782624797846416,0.3203260078602586,-0.5729952235726213,-0.03301537463327515,-0.7221607456725623,0.28777743977181824,0.25016894335040446,-0.022606822348073017,0.11233592041565532
-1.2291998180046444,0.3245081559073488,0.4405057432743115,0.8521216536283029,-0.4032051960460766,0.24366038152752112,0.04486958613869838,-0.02404765141407344,0.06372492135466999,0.0042622464629252016,-0.13954275766457763,-0.0032184955972700694,-0.2322116791429974
0.05927485691535819,-0.9788846324626298,3.8551301365634547,-0.849976067378437,-0.009036575936864594,-1.9067367037378542,-0.18490097430787333,0.567165194035626,-0.12965706972199986,0.0820935164365336,1.1513808697752652,0.04468829640212152,-0.5908346215234006
-0.29893599536932175,0.4813531287395393,-2.1169847177815506,-0.3447451309031925,-0.6801714012835126,0.7206900172896201,-0.3030067699898276,0.6162838353972309,-0.3535071434441486,-0.6754669441021804,0.45192931230960387,0.8039452071781735,0.1128752630968076
-1.6207683542047897,0.6652054123585847,-0.7010405575454819,-0.4494553420126501,-0.20366622870318862,0.20417179309226177,-0.17771072845794672,0.2219891138592948,-0.37096345934976727,0.004303513002526189,0.18201147805357049,0.6262018426055685,0.44090677317718135
-1.5327174974484825,0.572396632247809,0.19321222512468542,-0.4493292693018523,-0.5199413825222114,0.2527076872260906,0.16197014841249047,0.06947813997169644,0.1889931889384211,-0.13727232549075832,0.17573118256863762,-0.03857873485910872,0.15367586268869057
-1.2769457036106375,-0.20896706135093054,1.7659900249952487,-0.25382261730675215,-1.2690009641320776,0.07219737768458902,-0.019366728597748614,1.0291426959890406,0.20491225573954924,0.04823242820315251,0.1106339428906681,-0.20460787563869323,0.7653950222755187
-1.46284776775732,-0.3271662369629513,1.3358242161670328,0.23969684852110132,0.11685994974098948,-0.6379665910988428,-0.4934936304261085,-0.3711832857636283,-0.5898192647205437,0.9785609635974021,-0.7680768389236962,0.030208850503586765,0.009371314813150447
-1.4026119297970154,0.05439340392741532,-1.0648087857409096,-1.0733596381366957,0.7254338100029281,-0.6018759923008559,-0.5951893204651562,-0.1367963937977087,-0.3328443313436681,0.13307646268146694,0.07531114983012639,0.7083351895415512,0.15885959801993146
0.30106087828912015,-0.9712169405267016,2.0497171644091803,-0.02848780056119079,-0.7058234858927092,0.16908401783114294,0.9784418425825149,-2.105787022285885,-4.292306540126782,0.2330653719563866,-2.0320692573853285,2.3581795122427653,1.2332658920376631
-1.9824944148286219,-1.2783633769500446,-0.6004451406762078,-0.8382137653228362,0.7967942455286516,0.5568218161284475,0.5349322183254547,-1.137750358712349,-0.612847306496897,-0.6569683270534898,-1.6220486887508752,-0.37669768659057035,0.6422872052920376
-0.17809721023466618,2.0104695544100055,0.23157159985667852,-2.9382824450388347,0.14638210480351788,-0.957914974278743,0.5535135826781842,-0.19081623809105147,-0.2172990201766247,0.7607636637752255,-0.5592408233398051,-0.6675354865605863,-0.737762054905365
1.0912720312705637,0.9956378380714073,-2.868226406983874,0.22134719437697928,0.540763666933739,2.5187725430169277,0.2314584306145769,0.6292219005551146,-1.5661115362581637,-0.44546621105953604,0.005518775831023414,-0.17437227932784335,-1.610269700041746
-1.71692629677764,-1.030219254917638,-0.6361116497090966,-1.02819398157624,0.6493143590468394,0.1388378042136272,-0.16191656738985924,-0.8261400710894783,-1.2278845588689893,-1.919584261710976,-1.2508809612492304,0.3768034185460471,-0.3022387863234102
-0.11051216713204276,1.5163487843467869,0.9664100971892493,-1.591174860828315,0.06993279776174736,-0.0985620890311488,0.2670234054407787,0.898042379751923,-0.2750131769406075,0.6998556880576613,-0.1845053780033322,0.3189773214146053,1.172873744500693
0.35259653689685966,-2.190548539507516,-0.5582047141476814,-2.076680695740813,2.4565002107918135,-1.8116953725766203,1.3717718228228826,1.7928764602716316,-0.14950520782901897,1.099652185416886,0.2895742866311036,0.162782086838092,-0.5734309258579037
-0.9957900508700855,2.250423986021331,-2.26018118749611,-0.1181208040228797,-2.5524097621305555,-1.3822485897548382,1.6209459951802614,-0.1970873699031093,3.217833943549655,-0.9620418812012818,-0.6800272845185245,1.317172598934325,1.11558202188025
0.41278980048995,-2.619370486996852,-2.2264693917452822,-1.0681262594258736,0.9735855629003823,-1.552578088653387,-2.935239889835471,0.524167325477914,-1.3591827840194384,0.6779216654299304,-1.5402244240995826,0.9948130840151513,1.2681009082313381
3.856582896060911,-0.5944821296854914,-0.9377909105764886,1.9973082368858075,0.5385687013766289,-0.4948905991021383,-1.0486843145123623,1.4218804864023669,-1.5618396493297608,-0.25415735987604166,0.5329849406278174,0.9680707289316238,1.2942968639589307
5.12861664730761,-0.7400795997952447,1.1563743296678728,-0.4169425695279796,3.8542916035982717,0.7325639192616485,2.1878499883013034,-1.7841787514470324,0.6163294325081256,-0.7615991253748964,-0.855269841130373,-0.3184359131363513,3.170301240667886
-1.3951889404944435,0.4101410311662021,0.6303173422490462,0.08045859263227523,-0.5811367477640094,0.1868296653594468,0.03192232957915923,0.4367632180168417,0.051679095548082775,0.007934178354157197,-0.04325338049693253,-0.03599938944313642,0.3051052026117441
-1.8382339734899202,0.2519597612609392,0.4080148156836484,0.34213079167590565,-0.4175398751359711,-0.5106688812957144,0.19544348326446528,0.5978492281554676,-0.2955665950785248,0.006876682901599296,-0.26299658835609085,-0.019764543389115378,0.304973485249153
-1.353086347437921,1.1025639729566479,-0.47026630307666845,-0.7699270224192871,0.20736575208771335,-0.16560263542511894,-0.21622544901143453,-0.5125585478712336,0.5242653182783231,-0.1382275935525644,0.7471371518990544,-0.057601615388099645,0.06608549449206023
-1.732160642479618,0.947761495155062,-0.5913664852849878,-1.2322320293363938,-0.22037758394323687,0.1687351250575704,0.08196501111790615,-0.10476478319300268,0.1828998512606212,-0.09598434508099737,0.32559885615559775,0.12972721791985778,0.27961861512644803
-1.1928860353644684,-0.3529399895478508,-1.2646300519056464,-0.04757928540718211,0.8472443082407255,0.5510288251295699,0.6986516519037409,0.7393571566484842,-0.7130348774722703,0.20970875031188474,-0.02418857479551091,0.9976062686859323,0.7243916075955689
-1.5611696597617344,0.40361190039517253,-0.9932206306956955,-0.22940363492914326,1.0334431033817029,-0.2762841244452481,-0.3904476833204943,-0.023627650295080287,-0.4011024778462869,0.012389556850487073,0.20233047230222212,0.8283878514490444,-0.059433806293571353
-1.133597076831552,-0.41394930459397145,2.0454480440799503,1.7137776705160777,-0.8504274605444259,0.2393730024060956,-0.023053758433213764,0.9498828084702422,-0.03262729713610451,-0.012849932617518357,-0.0339747072177274,-0.04021732906661406,0.10926738481482623
-1.2716340980993004,0.8764934238313838,0.08739906393789708,-0.4724991711000557,-0.018674882258950188,-0.1479691749923243,-0.1922675990444889,-0.2370668445458282,0.4968416408105421,-0.15316438701996254,0.6554184367431335,-0.16562389160486868,0.161897935531475
-0.6326738571024617,0.29227822455622976,-1.305859550959243,-0.8784509163172187,1.680699418431636,-0.499882417607184,0.768822924500581,1.5151938524809083,-0.44405027134622865,-0.8915186207392225,1.1780272653966166,0.9421192791433323,-0.899681889024322
-0.39457119625371895,0.7415724012796998,0.7596510158592753,0.6777627973503522,-0.034335097104507654,-0.44501077612925105,-0.21757825872711772,-0.002072592152507813,-0.2513303058396574,0.2763703622823463,-0.44877119195613013,-0.3693917818797137,-0.19446400463284003
-1.080016128669887,-2.901443583410066,-1.2910144216211652,-0.6186821692237837,1.1113707605417895,-1.3056109122973278,-2.0150547775057146,-0.4047960520519993,1.600084324227139,0.9161479018086987,1.782687507885319,2.5387604521320517,-0.10977700898635381
-0.17514711858046147,1.183729235889504,-1.0489033293493693,0.011395218141899591,0.06541735264436409,-0.2815545720664286,-0.42214103692416594,-0.5199182071742922,-1.2297028392311262,-1.4307557852165027,0.38515108927591407,0.6869270671056494,-0.44806476884937796
1.733816731284516,-0.7951116808750279,-2.0886792278653252,0.5927701082958664,1.3199297433999986,-0.14098556236678586,-1.9135033007398592,-0.12964965169161136,0.32703799462176003,1.1684048664300892,-1.5036451786687093,-0.3049361867726043,-1.1086561948337676
-1.6507083931409978,0.7216909460297981,-0.033701118270421875,-0.9348041780171625,-0.4464182182899004,0.18636858549036503,0.10592286108485181,0.17072692013240265,0.15547617379284004,-0.11092113854839557,0.23388014099967677,0.021704941703088676,0.3754310561658627
3.4338622158640764,1.2095849571343766,0.27738628482281713,-3.240749792279904,-0.05386078207467762,2.599592333635974,-0.9766713083231258,-0.8929933492938744,0.06430803517952345,0.34976698832396974,-0.22662731864250146,-0.6448153586647702,-0.9432912147407223
1.7103983948600383,1.7115133924076715,0.9870994713602778,-1.3022204978876792,-0.42365289637830017,-0.6830580556158563,0.6945665924077351,0.6627562169262068,-0.690593825640121,0.27728664337049275,0.05767153438484052,-1.4451198532902767,-0.7420746726584356
0.6407742382474012,-4.81485108741852,0.9054351281070294,-1.7712734409333502,-1.462461295483188,-0.20035507801038738,-0.876209799158701,1.6546834453535777,-0.3604875376924873,-1.0312183392394545,2.0729178418051064,-1.7032247449590474,-3.432381655464033
1.5377981720958362,-0.7488502662445243,-1.304869261592568,1.135830904803495,-1.7780742992796332,0.6466804796602799,0.4997554634364404,0.48730075162767145,-2.7420881639202075,0.25953600279234174,-0.09838885103645674,1.0380237779571286,-0.7090901358501939
2.8707400503732794,1.7764496741755844,0.6991221667270371,1.2426443126413782,0.3590869737115092,0.9653596184107425,-0.5886645842328793,-0.050764727714800555,-0.47193510106641157,-0.6940650868827887,0.6109357404913395,0.8327169625947981,0.976104570997864
-1.6290244184891216,0.8297283237738121,-1.3651227540384416,-0.3489621753746435,0.6700576285797848,-0.3551911167776692,-0.5947402020412266,0.04984076475012322,-0.5588070863105841,0.21085849165386106,-0.3197927229977928,0.5376609547012849,0.2976721312776062
-0.7043749143714468,1.196032026373204,0.06953633665602708,-0.4071302636403792,-0.21290738129763975,-0.1319348748592086,0.15980889837036233,-0.4120258189095912,0.33368385592125066,-0.26189834464354705,-0.096640442644445,-0.7719059948709298,-0.24540817260192263
2.702206530743025,2.6487852301640724,1.2442834846278188,-0.681537498816238,0.5834822633640071,-0.7572992895247603,-0.15201247617128033,-1.0120263460960108,0.5555915480454298,-0.20526039448046118,0.5345309406059219,-0.9244946089499398,-0.7814046758746004
0.8945981663123472,1.1574446983595865,1.528887735272461,-1.8480663291658557,-0.28959477845510156,0.823675736882215,0.07203187092241724,0.4586456318535487,0.3819219981060062,0.24050642398428024,0.7110954856818154,-0.46508063740146766,-0.2123523261563858
0.5806091760788075,1.1613030910545332,0.6946806595559113,0.8850114983391048,1.4222777946956147,-0.6004403292739836,-0.7296993294736068,-1.3953279805536891,1.3576859772819032,0.13900435591537336,0.509061441933677,0.6048826187913593,0.02319857657891195
4.057845197638548,3.1535665330156943,-3.0047158866630963,-2.120958265141843,-2.026047865661455,1.6478795150186623,-0.29195678537624975,0.3165103083106445,-0.48851761565170354,2.5735434261541457,0.013140986031639483,-2.0344810935904882,0.6507917127883528
-0.9325991747667761,1.0186073590772085,0.6462199756362916,-0.8616927022124709,0.3909544891281509,-0.741236627738759,0.2688808022674869,-0.6680459057402901,0.7704627280042279,0.10533216062672672,-0.41632553293612695,-1.2265969226376139,-1.1308735322724077
0.39482372648384234,0.6602297135040144,0.5408734330801306,2.5161576450902494,-0.03085261895968214,-0.20093559575376713,-0.32991731279756215,-0.7879459407425478,0.0030198240964379296,-0.44127866661849424,0.40138095964056375,-0.8895741214774787,-0.8931222006258598
4.2964419700214345,0.015624411067124856,1.4326204571116379,1.9772635091379578,2.793873735426388,-2.010487331860743,-3.4857537917981123,2.581672739182513,0.897419055489312,-0.4080322726591396,-0.813180134608814,-0.4177774168649414,-0.5536312664318948
-1.6507083931409978,0.7216909460297981,-0.033701118270421875,-0.9348041780171625,-0.4464182182899004,0.18636858549036503,0.10592286108485181,0.17072692013240265,0.15547617379284004,-0.11092113854839557,0.23388014099967677,0.021704941703088676,0.3754310561658627
-2.2421059099763787,0.7399197281236333,-1.0911333178681086,-0.6470009588184175,0.4625829611294066,-0.13248338771686813,-0.8196597119567184,-0.6951651434009444,-0.14400341445947423,0.9931890036377641,-0.7825878069669747,-0.0075813721744179005,0.7103008536849148
3.2360183928182438,2.778090390093137,2.243110668564081,-1.2206812956978221,1.0586246258422876,-1.9576252535418224,0.23360013517068742,-0.7954626191156683,-1.287756099606532,0.47413262629711084,-1.0339639210085292,-1.1182942190774214,0.5879050788792587
1.0522153585874823,2.3928920984111235,-3.54854271859749,2.840009189245197,-0.40631464570891374,-0.6944718118287782,-0.33702040936255173,1.3016011517737576,-2.150410980271451,1.2588408566980218,-1.1256666462192408,-2.313951492381973,0.2953117235544206
-0.9205682422225018,-0.7018527752944141,0.33985171897658495,1.2522300722735773,-0.4515805783785733,0.7821755728222413,-0.5163341254868069,-0.2832440875768455,0.3765014635507915,-0.6477814076394968,0.1451549366467373,0.1830271789439807,-0.3728844062285301
-1.4513534083538928,0.5460149226849343,0.26642178463658295,-0.6529765279088068,-0.25509795590527334,0.18832391507201193,0.16940474444576775,0.25996347480795584,0.15810717269436594,-0.06709913407446916,0.19507520810977708,0.12548285787075605,0.2800070497497271
2.1541029985601017,1.2330215208862265,2.8060214375765895,0.5110814958889704,0.3559245861249397,-1.243802581337323,-0.015236016198324362,0.03420512877816622,-0.2034423132215703,0.13357844996694512,-0.11125497093109839,-0.5578324464721044,0.1561302900115389
-0.3040144144770387,-1.450014146633994,2.419347277296122,0.71847876706612,-0.2968748016794923,-0.4311634617890443,0.5818942627283414,2.450405824452006,-0.0059725019671324365,-0.38299170646750474,1.1120702554184436,0.09540534855045685,-0.5222048797958545
2.2424895945646046,-1.5110336591165825,-3.4545668090018986,2.4105012722214116,2.4121894101529056,-0.7373522778981814,-3.36675454459173,1.3883578987881882,1.8130837507799007,2.9075346896920204,-0.08253115385917072,2.999670979077957,0.5840249382884249
-1.2766629527707833,-0.6152251504320913,0.04861730609581016,0.2144651274735633,-0.48845585772317274,-0.8756957795052086,-0.70836415726229,1.135368280154095,-0.30786106653190504,0.48192299896954693,-0.5681359842543228,-0.18175371821771286,0.2533171612502185
0.6537632824697863,-1.6670040104564134,2.2749350471043446,-1.5421748695686686,0.20624605208945582,-2.1304820484205296,0.5823150120123604,0.4352457322390363,0.27618190870134113,2.9504182875653173,2.7186093507631863,1.348436163862253,-2.342455588411829
-0.7485956699827516,0.6331851664315946,-0.7511393419405563,-0.6928986978732025,0.6803297770745704,0.1456171723074001,0.8731642651180628,0.08842364286738993,0.4790508174939497,-0.6676564242374106,1.0669674980967285,0.09061510659269391,0.20001586974101382
0.16108347928526787,-5.8967980357936085,6.194242654628457,0.11294305842865388,-0.6410491487602193,0.6275781777997298,2.985853012631013,-1.835275904321631,-1.0578180291794623,4.708988521875387,-1.5942950351548666,0.27364797652180284,0.41710985002666195
-1.141544916643062,4.389958171744246,-3.6638946902400296,2.710018447988065,0.07513230704736694,1.3284909412263364,1.460227793937509,-0.1460732944908778,-1.5208423072936135,0.7952354203328941,-1.7052394347032356,-1.80022246516438,0.5238730303328791
-1.4344110460522221,-0.8956599754341982,-0.6187784538975473,-1.3649441768363473,0.32641572469595076,-0.8180506763454359,-0.7918262555600892,-0.2840405731528368,-0.040161088395264694,-0.006645515778323737,0.918291830174698,0.7431629489859867,0.09177262542038035
0.3192037958870512,-1.6053604822411713,-1.2279671562871066,1.30898661764031,-0.07440647036269216,0.9709788315270802,1.4256570119377536,-2.3158719935743677,-1.5849345785719235,0.2799054683367027,1.0264845592077771,2.298882787952861,-0.5230797479825456
1.898838998805167,2.2755048881807296,2.6840754683402412,-2.3351947985195487,-0.5135717280298367,-1.6487739640615715,0.8831365233053771,-0.3757027941419558,-1.394763749473714,0.09111925138219139,-1.116660317158125,-1.5031708319022083,0.17073796048371734
-1.25097134252145,0.8916234532272248,-0.1388249977877105,-0.26400405704822194,0.0455664232622967,-0.14313428589526142,-0.2027173944819065,-0.34397950661010723,0.23962032094022997,-0.009589424262603556,0.04819399770175717,-0.2434540305010115,-0.022980415541048238
0.11719416546623879,1.8950083165129472,-0.33249767275708697,3.211280983708553,-0.28225628091432675,0.8325910951011628,0.1271718794651267,0.33433633966082793,-0.5029054833124108,-0.261539998291828,0.01529738245873851,-0.44452835110626754,-0.1517055538886979
-0.9456271989332019,-0.34316592509369864,1.0155707085260819,0.28255025634239894,0.21484834858180868,0.08538741415797586,0.4388533062397766,1.2035829384431398,-0.18377753863637142,-0.9461182462467813,0.8076198959867972,0.8098194107621186,-0.07990864511246586
1.76735538910674,-0.5525091591337479,1.3971776450326807,3.4145185341275,-0.6850422090568311,1.4976566048345132,-1.2360815226159723,-1.7498534009881257,2.5757127706792597,0.7427813213819924,0.09509643978297308,-0.1136747832390598,-1.1687481563464075
-1.372237206794341,0.370221263373148,-1.460398933672973,-0.8593773673189226,0.21871365509690494,-1.0463975732401423,-1.301793506145845,1.3538023387058395,-0.14819227582965097,0.9736863921044877,-0.8889335078086079,-0.551466220481759,0.5834242575254646
1.0628915307516553,-0.16762341836138764,-1.3167388844224779,0.41442859044223973,-1.1707318551246815,0.20168625160213696,0.3373043274250558,-0.10663462637358107,-1.0958232960147238,0.9540119222473203,-0.5242954922838826,-0.37800900133590776,-1.8753954534385497
3.5967019248740444,0.8615238894989368,-2.646597606085686,3.0540851749773408,1.8781594388407548,-0.557962327223138,-1.5665712982081716,-2.3102126336720863,-0.5047274735644056,-0.08571338319545273,0.5599481184382397,-0.3920098170735911,1.4109739248059285
1.7679983139308186,-0.7874572599596925,1.1128942640776605,3.0727604396774275,-0.4835629489036996,1.223806953302753,0.03523111975029009,-1.300220872989254,0.2936504155125222,-0.8002320619630715,-0.5838077587222166,-1.229833366825785,-0.6582153012034866
0.7436429445623894,-0.47659609950363185,-2.405789899427173,1.5619970903462363,0.7074600585240358,0.47496837907072303,2.6568495702756114,-0.40744965339346106,0.20260387719670434,1.0515344811235685,-0.7572486441538658,-1.58089445088887,-0.2971032472477275
-1.4181081013812207,0.4363706248064798,0.8022631797498138,-0.11582359713700262,-0.779011239435792,0.30325771910061117,0.18230126583674433,0.40240642958503603,0.21650285945279507,-0.06025311869803353,0.10016697042604318,-0.12665133095012016,0.301093310133709
-1.663403159819287,0.8690727142342287,-1.1072039977872905,-0.6433854600285603,0.3732458910721109,-0.18054903616592263,-0.3691717976548492,-0.0016944178975854152,-0.3115714404535156,0.10857754607557484,-0.10466219661332939,0.4016830424408092,0.29165429256055353
-1.932046122281685,0.7809235148686601,-0.6148469282019304,0.635521537724165,-0.3115039137772749,-1.640700281836413,2.6825937150253125,-3.3489130662726265,-3.2299051871553446,1.9127445056889716,1.769531180211205,2.7448623507936665,-0.8277911460786395
-1.732160642479618,0.947761495155062,-0.5913664852849878,-1.2322320293363938,-0.22037758394323687,0.1687351250575704,0.08196501111790615,-0.10476478319300268,0.1828998512606212,-0.09598434508099737,0.32559885615559775,0.12972721791985778,0.27961861512644803
-1.4820283592601158,0.13678595621502723,0.9097371352963004,0.3029459536627695,-0.5886055425595446,0.27949248897480133,0.10217839123432569,0.39117641304449513,0.18100534052879003,-0.1508621045787683,0.4065877048962907,0.08018330754288822,0.08177485109051254
-0.2060318065489089,0.6270852167992046,-0.7968393707017378,-0.9726155139627721,1.029286224433233,-0.8509442931542319,0.800951454287494,1.7769436670843752,-0.6205482476300462,-0.9209263665219605,1.65505396662334,0.7562961611777979,-1.5531156880546084
-1.4487514425684893,0.43471111725406175,-0.28369151395199554,0.3549836275727101,0.026907106420206352,-0.01736164168891246,-0.28956122803199374,-1.0421469208044754,0.7998417456248852,-0.7906175005803429,1.0284490461671931,0.04054984181839333,-0.06727972415385869
2.918661153570103,0.8060868663862266,1.128954412310058,-0.723662212464448,1.6043657764904415,-0.5757732233288142,0.24366308954268334,-1.068703659581243,-1.3027127554913498,0.10451338382846155,0.7543563540513788,1.806115673987248,-0.9440795088570901
2.568316097081595,0.6860318442681907,-1.2045914645949765,0.15122305289553106,-0.928322376319259,1.2336959911300243,0.817797950759985,0.9838418699416153,-0.9789414910223764,-0.4849909873827348,0.6701998977836933,-0.40374521037154437,0.3927698686040389
-0.8415760778585092,-0.27406005372093534,1.7615943926297248,0.015271840530701996,0.21877597983630998,0.08919253521165373,0.3470839127106258,1.0799655551136251,0.020971281947508066,0.011443471536597173,-0.007251195105521058,0.3971479848499769,0.37076947266252885
0.014801513351921855,0.5053221800652462,0.2571753292277654,-1.183029834832928,0.2870707751062471,-0.4959765264881813,0.7927877995216628,-1.9362237493474033,0.2642232633242424,0.9610175375128175,0.8706107076814344,-0.125503309152557,-2.066264161167227
3.5125061658698002,-2.1357410124541727,0.8681127616468562,-1.4196488463126942,1.419166604117511,-1.5346573843832352,-2.2364190557245287,0.5398122953903822,0.979313523281251,-0.9421681020694981,2.2160164790483248,1.1098985015733585,0.886882086151761
-1.7065379934871074,0.7719070089237425,-0.52906461882809,-1.1740960935435483,-0.13058834974873096,0.010313991466550581,-0.040281412861367605,-0.4719545336119417,-0.025422707081118937,-0.754691358565323,0.039602216467182275,-0.25266976931176344,0.7818426259549394
2.777979991482037,-4.17848015351994,-0.08160000296753622,0.8288145829918303,-0.1705202889718871,-1.248056327980142,-2.8033448221489254,1.5182513703719673,-0.828867853494172,-0.16869263938165183,-0.17230898556739824,0.20556877442741223,0.20323994442844265
-1.2978569271919553,1.007114067276512,-0.5722064827960347,-0.7420782164213818,0.8620822605813754,-0.6479910113164851,-0.0990279488669697,-0.74233891918763,0.33417853002526643,0.09669805090127952,-0.07795775646993842,-0.3805964531773428,-0.9073622182727726
-1.6977819011494526,0.9084171046946454,-0.8492852415361392,-0.9378087446824772,0.07643415356443693,-0.005906955554176103,-0.14360339326847152,-0.05322960054529408,-0.06433579459644717,0.006296600497288674,0.11046832977113417,0.2657051301803335,0.2856364538435008
0.591404103503056,-3.215143214633121,-2.5952484932709075,-1.8060440229051087,0.484711573168148,-1.4039745906216294,1.1746250327754226,2.5456788262638925,-0.5032181130067455,-1.66902043150418,2.733954053223187,-1.0400898931025184,-2.7239819644148597
-1.8018890353532866,0.6769123414323768,-0.5766445884107011,-0.5479433741468869,0.09506692265306735,0.05585660410624345,-0.37843517532057797,-0.8373256592890395,0.23929091320652987,0.6716180049469618,-0.5545903187439613,-0.30677273944999056,0.05886606030111194
0.21483448337681452,0.7536607000358088,-0.05090821837189717,-0.7521444443591745,1.0726777924367248,-1.0818101377155331,0.6939404538877654,0.767831032261961,-0.32188438550916854,-0.0992528309046555,1.0463220325549414,-0.0335480032672303,-2.2407628733293157
1.1789547510935372,-0.3752649673730277,-3.597366964894761,2.5369967953718047,0.3588392894649573,0.5306157007818828,-0.42480417178327096,-1.4674443562126125,-1.520154031423667,0.40665364251468966,-0.8527026608765536,-0.45753001113048547,0.5941987064217867
-1.6210250996012816,0.30202792795246763,0.42273523180167205,0.1134902381681614,-0.37486781263067476,0.062501259345168,-0.19905296345861517,0.5475281144718948,-0.08173614765093734,-0.020370304276668506,0.24941549212776495,0.20315483952715235,0.353471096555047
-1.0912302278617916,0.6344188761603604,-1.1578375878475202,-1.0567409488199206,0.7601573236874968,-0.4139694743649243,0.49750991622039775,1.1997535042102563,-0.2576364097631838,-0.3894335381153912,0.8788246732909412,0.25844249248595214,-0.5761959184316958
-1.7960809003585134,0.6481768265636093,-0.48389252973850133,-0.8134624785366217,-0.029971887066989503,0.14496989493176063,0.0018421365154874382,-0.11599479973354358,0.14740233233661618,-0.18659333096173217,0.6320195906258452,0.33656185641286623,0.06030015608325162
-1.3355664978071222,0.38044440288044845,0.3239404916486633,-0.3116629468987515,0.061115177737538016,-0.009693321400376613,-0.040467436940498425,0.544487176536497,-0.1182833200186206,0.0628000104782624,-0.056242663082077204,0.28948042838777954,0.39709670251700546
-0.36882616834200943,1.481799608019618,0.5079713958326565,-0.3753977621655303,1.0219833734244161,-1.130744899122962,-0.02895658897708457,-1.689811160466266,1.347701950665676,0.08617862599812014,-0.04470980924999804,-1.6806048451629823,-1.741533217145573
0.8583159594944705,-0.2879098087464415,-1.5838056949080928,1.090188807476221,-0.5854556194404911,-0.03181175257523681,0.06340753810134805,2.9038982450938287,-0.9846962876771771,-0.25896179355054844,0.7177744494101028,0.11569690509036966,-0.6132903706575932
-1.448015988850655,0.632591036125469,-0.357943730344772,-0.7515448463214391,0.1758907672577972,0.16310436863978026,0.1968592873823183,-0.21671677921066299,0.1623833479374361,-0.12791453536771305,0.2680218321698626,0.2893137118728871,-0.07390621816165271
-1.6942097204744275,-0.35168363277982456,1.8950673996870173,1.1519853165448957,-0.7841044281460615,0.25274365716009745,-0.36057488039066005,0.5181447488415025,0.12134061867811248,0.6513896111019145,-0.4304873249558061,-0.3208764415309556,0.6435030394560062
3.97631254863276,-2.7744002779492924,2.057406767410989,-1.475628580132566,0.03758394059240341,-1.289008484453771,-2.1940346230274366,0.49062883789961914,-0.7402142792228202,-0.3170135463917312,1.6302745021662806,-0.7949429868864247,-1.9749503019257466
-0.9685956556501083,0.4761815337299284,1.4045148208554463,-0.7308589307771823,-1.8199620082738335,0.8858185827767486,0.7007322331804221,1.1792994476350558,0.16735698685508868,0.021916864708960766,-0.8161999275252819,-0.8506849457269885,1.5869761052272355
1.4800468667189792,2.942189782343384,3.3538797759040686,-3.225872339739387,-1.0503705525957812,-1.872719592015674,1.4284804750409172,-0.44988178584161304,-2.757523221091075,0.07513255337342824,-2.090991204026563,-3.6382071658988697,-0.6417527391205179
2.148387569286981,0.2623622278962234,-0.7334581065337308,0.3984547428518799,-0.8566511720353068,-0.6918375518600315,-1.0656099867426734,1.204868076450781,0.043677659084945815,0.7769672824667091,-0.6643459802604952,-0.9216819456800737,-0.38195975592980697
1.4772273498355353,-5.778491928621446,0.1067965253954532,-3.84076729969856,0.2667980742575768,-0.07164403126472457,-2.272138589674036,-0.5362998907544134,-0.029106147239473645,-0.969070668561976,-0.44813715133929166,-0.7232646017243788,-0.293283324828239
-0.7412198642449858,-2.1049070180340683,1.99244594825965,-0.5975116697729106,-2.0177762839448574,-0.25695051777567934,-0.7692723095989061,0.891018669646683,0.18463634840662044,0.02106471946396756,0.3780732456813965,-0.1323789530451324,0.4006097833317891
-0.19413063816150847,-0.7488802915380346,3.4503785861344007,1.9188889353882472,1.2967287268413692,-0.31998862379892573,-1.5522739862546668,3.0474317293757425,2.224888386011937,-1.2515335137262502,-0.46884554239347753,-1.4497625074310907,0.0866456551509588
-1.663403159819287,0.8690727142342287,-1.1072039977872905,-0.6433854600285603,0.3732458910721109,-0.18054903616592263,-0.3691717976548492,-0.0016944178975854152,-0.3115714404535156,0.10857754607557484,-0.10466219661332939,0.4016830424408092,0.29165429256055353
1.7344650453547237,2.860276364205241,1.783507019389345,-1.3259300582256728,-0.2600998286288055,-0.5696073574150958,0.6436185897726938,0.7552722906075281,0.345721451699994,2.1646745210608906,0.5334853876596131,0.44025591510029405,-0.58010250668043
3.4019048608595557,0.8178521450574616,0.40252324160052205,-1.3441718892701449,-1.6101171753064465,3.337066166883757,-0.7415070057083167,-0.5771650870019945,0.8204716273089905,0.05413446000872254,-0.846960669775399,-1.6085829141300418,-1.5498542029915088
1.7465135997399668,1.308758896674655,1.2989019684677645,0.9965777098147414,0.9297337445194485,-0.235904768962834,-1.0575543391431625,-0.17502323840026413,-0.4605494653290597,0.0800218856928936,0.3706408146630216,1.1066836690182884,1.6578110331024203
-1.8199301258691982,0.3183299534313137,0.08403749989758964,0.9478326644058545,0.29013521501420647,-0.8788190474831421,-0.41723501537673047,0.7341484581055521,0.16663117225928864,0.5010667422369651,0.3416449542317129,0.707324207088979,0.2733824568227862
-1.4961788510945877,0.6491728675910837,-0.13753979849477282,-0.26128221190577355,-0.36742391240785893,0.30141332852902153,0.1940595857731834,-0.3072623435144152,0.24993388155178334,-0.1486867189657229,0.20930093929351942,0.009159864795463086,-0.16389177182789633
-0.8086274740388741,0.6467273239661739,0.8969517151785333,0.4634260423577517,-0.5207350370026349,0.06598809046154915,-0.03627978405366901,-0.3039513428104424,0.6837812123065545,-0.017468873246123888,0.3017847864016048,-0.5858468478354447,-0.15730433232524302
0.7084664216368921,1.3900494330212052,0.9396949394090102,-1.1145604103714055,0.2104353105950434,-0.48471059720516574,0.3368330431413744,-0.1304025318817231,-0.5247152458106789,-0.016914546743413424,-0.07006940402398487,0.3994218564471312,1.0551755666512659
-1.6215260226770944,1.022366513899104,-0.5400091215243763,-1.2530943224044153,-0.05569984000171005,0.012174982804628014,0.10646268465201807,-0.2751704434301634,0.2884446855700506,-0.058282484833210566,0.2274222121836216,-0.06632061766839618,0.017922023604578778
-1.2209298992417192,-0.30595958194796524,-0.6806930299578512,0.43206108789390535,0.14833017736284088,0.25055674006270107,0.5200268184151412,-1.065665336664759,-1.1568306274924145,0.42432355019739487,0.98557911078306,1.718369070057448,-0.7375490402324347
-2.249104220271217,0.0777887880416362,0.255277696069408,0.24961245913764438,-0.7328482535005385,0.21759454570319406,0.09649721351845113,0.4264294265689893,0.11134917758694128,0.06624050616211664,-0.360656507149241,-0.45886008424075997,-0.4044989835049088
3.7408994452434126,-0.14284997437475797,-1.6939758701483332,1.3442080460956503,0.7071126774729565,-0.31364921855671746,1.2304116355194383,2.9678944405053747,-0.3941086680464135,-2.088670207451674,3.4373028440438094,1.3804383818674575,-2.1827545551576866
-1.0007447306873911,0.7016259833179546,0.9873063491291195,0.3064916182431275,-0.585851368331193,0.18639320058746559,0.16956114958552437,-0.42820802486985904,0.6286806227600481,-0.05540868194810096,-0.00044656292941109367,-0.7149997726555656,-0.3645976521466347
-0.008070058721757771,-0.4521630539970014,-0.7001206389137562,-0.2977960425274616,0.16140730534875417,0.8148186574061578,-1.322013645669196,-0.05982717296580938,0.9165300783661309,0.3796290486887598,-0.5665317725404798,-0.9315683392935054,-1.0649162828443963
1.0496965825870568,-0.4786843620856874,-0.7308485885980478,2.270551192712919,-0.7946077655538157,0.4351715493948525,-1.137949301980259,0.12201119319097938,-0.07321135836017166,0.32408518878983017,0.1994591033545699,0.19990401219171292,-0.32210134518019534
0.5073320650333057,1.3162904818691576,1.916834610034518,-1.3350562203326186,-0.191966134107581,-1.0269705012346362,0.6964679052401715,-0.20576146285726218,-0.9689439759115546,-0.24971077198758737,-0.6097275992705287,-1.264086438626712,-0.5433294338555779
-0.6305111510162494,0.5249423135785373,1.0876604791269358,1.1802383005738835,-0.4741589223089601,-0.15818127127589363,-0.6600226995192503,1.0000422299114793,-0.20453669861115065,-0.025501435915237715,0.09710561853220666,-0.09067551482975016,1.1157818448731462
1.5429431269123337,-4.446260577729156,-4.378981629536573,0.07112583738597217,-1.144554530903866,-2.0462004063208252,-1.6162614197910015,0.008702143357754485,-1.6362496848299748,0.7023599735443559,0.0747086945496452,-2.5152036348503914,-1.215208182750209
-1.2439132624232527,-1.4101237099778647,2.357112050863202,1.4297140752011122,-1.5111415636844483,0.1015648098209795,-0.22582319649119342,0.5283089171406314,0.4569264062036245,-0.4793220719201844,0.7288924737893822,-0.10660078560272677,0.3204255211459738
-2.037484440364395,0.9369401903080313,-0.7207864122858674,-0.7191490761296793,0.2183630156559393,-0.0012561777181052006,-0.5777663387076079,-1.1770106805461282,0.32082353539615166,0.9040399095908398,-0.6785256627437861,-0.4822532244634838,0.3710314114220275
-2.0512762314670274,-0.12710630204075954,1.1635673028362208,0.327313403280198,1.0379312628765707,1.9522359113096786,-1.8934960511307874,0.8989888167316888,-2.7632220260426315,1.185595803130572,1.8259059729016636,-1.4052039536475183,0.3559356871733506
-0.9042682960175242,1.1172405485353047,0.2608979988394648,-0.007086543346724499,-0.07816904213206403,-0.07823877396534921,-0.18411533485313503,-0.9272818933036175,0.8264794144982281,-0.16460254420502615,0.5314583163925597,-0.6469639360737955,-0.24290868003832514
-1.246765927700116,0.61615500284859,-1.2639091724163445,-0.8333868492211447,-0.08591531574622667,0.2249783923268769,-0.35440449453346173,0.046129679444878356,-0.2384279669961279,0.10471974649209985,-0.17752772546220283,0.410216827120489,0.06444612125309733
-0.7211234660805301,-0.3690700733736452,0.05358854993777298,0.6027219215183995,0.538293111417903,-0.7082563432135974,0.05647045724890035,2.1818837410807017,-0.36989496285843915,-0.08775438521800046,0.5549694007102322,-0.018165897358223024,-0.6727711350012925
0.5321837113795339,1.7408732089693073,-2.8733227739656826,1.7336328615460024,-0.679985851817304,0.33718568916278596,0.4576376869743911,-0.12637085561246553,-1.3326084850937772,-0.5726852075201435,0.5216450575884536,-0.814583022450257,-0.32803174325682105
0.8702885279812836,-0.2865883046620042,-1.2231274538096335,1.5161368094085146,-1.0114873705380087,0.10717847046874389,-0.9420879376121434,1.2432910728599749,-0.9999334166317706,0.5148261673451217,-0.9616079226322792,-0.34325413200644667,0.16228835291740665
-1.378116608527301,0.3721994879418227,0.7057040188178153,-0.07439530135728359,-0.7302233239868874,0.16824297484530978,0.028550319474105336,0.5644694431293518,0.17971484533165372,0.058599185433686994,-0.03478107001442404,-0.20233949077252197,0.3348494926224886
4.486617559773695,0.862114936670727,-4.825340286053609,0.786792272136551,-1.0363601607538453,-1.1338994553892559,-0.7314607338099314,4.346620551302895,-2.4627035337077134,-0.04760061846780313,-0.07633640539753694,-0.6051084865759739,0.13616709922003686
1.393991436597421,1.930411569176093,1.1707717072847335,-0.7905746454074962,0.6748680201953914,-1.0351341117809114,-0.1816709257523594,0.17359185921405956,-0.5632594236779083,0.6393173120293038,0.20265729452809222,0.09017174482944033,0.11804879544527791
-1.1040555602828224,-0.07502024554210228,2.195892844784615,1.0005848350623883,-1.3376448949283477,0.43778031314365207,0.28263752055558244,0.9095776423630744,0.25010586764496895,-0.02452189231506966,-0.1252649153035113,-0.3830298798200982,0.32256800514097
0.19788149239651232,-3.5907678074767753,-0.02959117775527611,-1.3230794928035061,-2.379552445075291,0.2037055206592674,0.15976612156685407,-0.6587744012020634,0.05812464783289754,0.9716456981466305,1.4701947655917025,0.8512359727894429,0.5904045822367477
-1.254278883915151,0.23461712374393515,0.6852848481433862,0.762215691116863,-0.45678542032453767,0.13674071335400803,-0.06240931935078717,0.369871226287941,-0.0796276532110484,0.049770288463985145,-0.2448226898509473,-0.005631124498349933,0.08736190161260708
-1.2716340980993004,0.8764934238313838,0.08739906393789708,-0.4724991711000557,-0.018674882258950188,-0.1479691749923243,-0.1922675990444889,-0.2370668445458282,0.4968416408105421,-0.15316438701996254,0.6554184367431335,-0.16562389160486868,0.161897935531475
3.636276234284578,-1.5804139495756893,-2.4321683444417084,0.34918709318238234,-1.2105681853082169,-1.0316909467712008,0.28827268334063144,3.12292238272088,-0.08524856182423195,-0.8489514744975443,-0.49797299171667286,1.1155675042621576,-1.3686948333142088
3.1515598756313006,0.10771079577949164,-0.7140152846871952,0.6678186502015817,0.9888873041173095,0.22433933429428984,-0.029124347580579232,-0.24821272392770277,-0.6202662856399286,-0.8359592748352865,1.1728577616661449,1.5411140182050962,0.8223799421365624
1.9025591790846021,0.7799228624450156,1.2956436785121337,-0.27970152361314055,-1.4079152729360194,0.20584038487265807,-0.10393605673648859,-0.08929130260501558,0.26202863631024664,0.5450054464850753,-0.2681030285196248,-1.254841517967319,-0.5072425716391707
0.6942800008260732,-2.549019961480004,-0.5591102122596576,0.6036517020364828,2.28877612368993,-2.0654519382896774,-3.399932785955575,2.4494297458521146,1.2913712530603279,-0.5809469051229563,-1.1825149732530762,-1.9942863426500368,0.9807329969161034
2.322869633988089,0.8575101509480156,2.6870496546249436,0.6654289036533083,1.7139212095862433,-0.7635083131599,-1.4077128350637986,2.3086197220125544,1.6726041993923682,-1.5799065520707236,0.4791528276050459,-0.6477672949742788,1.9656796694661292
-0.5376080257767183,3.2934361252550284,-2.622079288251061,1.0213319689267748,0.22310837329994554,0.013685659174746411,0.9538721529420985,-1.0694004708375697,0.303665594670865,1.6914725643343025,-0.6998006026127759,-2.2626157303340815,0.35242414487795076
-1.004027937375816,0.45213809966299,1.1345934339584796,0.7474962883480792,-0.4834219584911316,0.1926627477488342,0.13482832895979147,-0.46944429595045506,0.6161879485259051,-0.12459840151604507,0.18445094057374084,-0.5972045725142923,-0.5847283560011564
-1.6185570596089154,0.15946588690521807,0.5379699720143128,0.2468906559784003,-0.7002154014320789,-0.1707380857739647,-1.3224707328911856,0.11109819023842625,0.13504187142391752,1.043011841360617,-1.4773056812912635,-0.3536474816749231,1.2336931375306546
0.41611800535679977,1.6546279457392754,0.4571284734755197,-0.7738624794966235,-1.3613404055134575,-1.4969674819369907,1.2399813289440482,-0.254669126367151,1.641664413510314,-0.4244436542295177,-1.3584248794370142,0.09431041799263828,-0.2637064528716489
-0.4981392176335199,1.1798620161694642,1.4633913561507381,2.9354953215797575,-0.8329107429822008,1.019215312867261,0.3198028961866156,1.0361270744416284,-0.07716104333012754,-0.11317224182673219,-0.28288268532229205,-0.3224382190280093,0.2659210497616708
0.5806822489942203,1.6754868160937355,1.3004559979010486,1.2500205058727154,0.5651849387780364,0.06397847304272743,-0.21921882947128965,-0.4855890863530078,0.5773002575349173,0.02849275366726805,0.28009690317168245,-0.8160026636265272,-1.2111208276720387
-1.661681894713472,0.535391843955993,-0.7071915449435676,-1.22064321260811,0.29821369879365833,0.46860793265248957,1.0355677806881065,0.03285092797827113,0.4464850846306426,0.2807424713700888,0.051350422412474644,-0.05587922007044471,0.8262339317882542
2.265744678896852,2.0587963343916886,0.25788953358667466,-2.20632790695689,-0.0921007283160077,0.1876105945647785,0.4975350473401168,0.2392643899533825,0.44389489921757286,-0.043935559215953345,0.3190582470011689,-1.101421250502315,-1.2740824482107
-0.8662586418052979,-0.06270429501744969,-0.5051603869555727,-0.3348215308919995,0.951286007942695,-0.13778506766454302,0.30380282961157556,0.2979338263397031,0.2205779006001667,-0.7353299514466906,0.7038884552284558,0.441132038056233,-1.4248987865430545
0.4427624099000254,0.8521461073699644,2.0823786701936084,-0.28385464204906746,0.5267460979827031,-0.9795203161666872,0.13887971995038206,-0.30777394511741885,0.11631372481602091,0.21828371765453752,0.45530489617475217,0.15418831881030856,-0.2572004731819113
-1.6507083931409978,0.7216909460297981,-0.033701118270421875,-0.9348041780171625,-0.4464182182899004,0.18636858549036503,0.10592286108485181,0.17072692013240265,0.15547617379284004,-0.11092113854839557,0.23388014099967677,0.021704941703088676,0.3754310561658627
0.5602437801601501,-1.7031635823221292,-2.8842524428868455,-0.6780990561848741,2.198952976311622,-0.001383610854334924,0.3643595755958795,1.032727363146508,-1.523853975003203,0.09573810890633579,-3.1860004742589543,-0.2423493592800356,2.0061123439795345
1.2192732836162565,1.2973459684363136,2.1722399758900086,0.19792711806155747,0.9847232625354786,-1.0240269573211376,-0.1402834192237831,-0.9251622450269175,0.49038784776356864,0.059644864526521256,0.5520011530174498,0.11906712364815604,0.41759462750664533
-0.15647106620703696,1.8939223900572015,-0.9157169042934847,-0.37101615534044696,-2.5105188404536776,-2.503544879318329,2.4069412862613926,-0.9217350990006804,4.176942331949618,-1.725684287801017,-2.4047520145522743,1.5918527445600834,0.12382870782915453
1.838524903042507,1.624930401292143,-1.6235126506969004,-0.1967740588438118,-1.3010722105751693,0.26363159216602233,0.6002218266378386,1.230902511822508,-0.2623079933338073,-0.8266350219009347,0.7534599042626972,-0.04314314474830881,0.39445397583595276
-2.097228048602372,-1.5955910752115297,-0.5257219480985177,-0.7033771587136277,0.5067521343010903,-0.3667627966086037,0.03128054454428162,-0.3299019056447209,-1.5225158796914342,-2.2274198457687255,-1.113351424001059,-0.13852790306306745,-1.0834167917312403
-0.7743170298495209,0.7649115397607512,-0.37519540180398825,0.9928050441141755,0.40728743505700604,-0.16755334418607826,-0.4665628563283014,-0.6524661757128327,0.1796083068293185,-0.35755670766185055,0.7387481731498943,0.055755767305695376,-0.3012212083321822
-1.353086347437921,1.1025639729566479,-0.47026630307666845,-0.7699270224192871,0.20736575208771335,-0.16560263542511894,-0.21622544901143453,-0.5125585478712336,0.5242653182783231,-0.1382275935525644,0.7471371518990544,-0.057601615388099645,0.06608549449206023
-1.2000432158015248,0.7060986435835852,-0.8560188504519999,-0.10047429364085225,0.5647744767194558,-0.28480460257320556,-0.4941886933098716,0.3158751075367534,-0.6258131454445828,0.039242914149390816,-0.32834081971060053,0.4583009447843122,0.49663506917488137
2.214951303171881,0.6352520390655809,1.5875668944647896,1.0895557392062125,0.6528531192811436,0.2946326384921338,-0.8394277511707539,-0.23084941087092117,-0.20051787220259218,-0.12922890989329172,0.8003248501553821,1.3125597347532532,1.0435017396683721
0.030404794622209554,-2.6504966828982077,0.07109767718632998,-0.776198626149708,0.30238234430437416,-0.5443283984868033,-0.5027435890025073,0.0790917656017434,-0.019691517787545104,0.08216018263586485,0.7771714783075787,0.616168137209121,0.35427333997539434
1.3582728693575048,-0.7940607214893671,0.2066772044449656,0.9133388971325189,-0.7951638850230512,0.9472597496691442,-0.4027433198226447,-1.4770162559923736,1.8349699311928727,1.4814178938855995,1.8380515145512697,-1.6946369913479018,0.46823531434629423
-1.663403159819287,0.8690727142342287,-1.1072039977872905,-0.6433854600285603,0.3732458910721109,-0.18054903616592263,-0.3691717976548492,-0.0016944178975854152,-0.3115714404535156,0.10857754607557484,-0.10466219661332939,0.4016830424408092,0.29165429256055353
-0.18361152237938244,-3.744691425249755,1.4216694401674381,-0.010466420542732452,0.9809949351785237,1.58661533363514,3.7624829713484766,1.5532198546295835,1.3901910592664017,1.5150952681705245,-1.4775239155730358,-1.1392526406109085,2.239900815332578
-1.04619144380175,0.8424253888408076,-1.2167280021063385,0.584525100246104,1.4029906366369602,-0.3976477229188337,-0.8911251279193865,-0.7746239465081967,1.1056819741247117,0.43107204684260314,0.6263701273113238,0.7791802774271156,-0.3997548596728771
-1.2670200002371188,-1.3910288535780446,1.2822151571479723,0.9700162115889759,-1.962063959923012,1.1267116643896038,0.8132268984887935,0.8661272790979464,-1.0075592728653817,-1.298356328624151,-1.0514059639025755,-0.9940718422100658,0.45891512517383937
0.41561500622937786,1.0002816909098597,-0.9564078366345793,-1.1921001140846323,-0.47247417858655255,0.1530667244984842,-0.4062964336193003,-0.3936605708740721,0.16252900611897494,0.21605249992522674,-0.05353553950982515,-0.2172707053830695,-0.3911290624857605
1.5159104760180122,1.1325227229182775,2.9956315285212365,-1.3373618809645518,-0.342102530082899,-1.260738329070955,0.6912401423980987,0.21551887012997129,-1.510460893651109,-0.3494271574461689,-0.46289467932809825,-0.8313898020277957,-0.00614066328049897
-0.6388650030723488,1.0795001048186308,0.7908144904140403,-0.950494378719727,-0.6081300150313116,-0.20581370505556015,0.15037882064625163,0.06148295341085089,0.07469078226146005,-0.08237912715807458,-0.015264161488389313,-0.4601665244402168,0.41838583100336135
2.6538039299109113,0.5407929698883099,-2.4340435824682873,0.09606023935714318,-1.7112249368450267,1.4836004345048608,-0.04964870161390117,-0.19121732566016228,0.5786643650478219,0.6847362750843599,1.0748562105299722,-1.0089030554376395,-0.7039242413329929
-0.6104472834969477,-0.6122173457166203,-1.6794008574590469,-0.9490614029498692,0.18145593104850202,1.215873503903677,1.3354356080452603,-0.06350389019184162,0.47878633347727534,0.19955477415414472,0.3853176058315801,-0.23653867313565258,1.1754920567623721
-0.9923498046822175,0.32093930075838056,-1.5686916114840423,-0.3329063601952775,3.2442332908169513,-1.1617456864492417,-2.5008328932711956,2.3832389005150594,1.0331744636982514,-0.6151775832775457,-1.6870425327553888,-0.6398307618163808,0.1308848264699128
-0.285122900970958,0.6871979153337746,-0.7670100946795394,0.9022945716820264,0.06823272127081985,-0.14363707947232823,0.3065449036480249,0.9802561565574736,-0.6284379984172328,-0.12935765704903895,0.0058440165533756245,0.46227615854743365,0.006489308204154407
-0.9688802406040605,0.009347721924824363,0.07904055848772858,-0.02681511364554534,1.2975099461119008,-0.32827511831915446,-0.14834186345332895,0.5746159274702978,-0.47358600281322155,0.15392294936784284,-0.2702293205759327,0.8651986816787088,0.1395752616122012
-0.930617367376987,0.44975576122520805,0.8946022803425109,-0.2976779980730127,-0.32816521998301434,-0.27333734121920733,0.42269613489312874,-0.01705727263663665,0.06366843814875174,-0.1442002473855564,-0.3092105159884973,-0.7083520359182933,-0.7192995534223692
3.794026299849325,-0.48201521511820883,-4.859229281917437,0.017687291386542223,-3.011415772740165,-0.028842997818048874,1.7660224685903319,-0.48364762660508587,2.2991338553792615,-1.25321916965184,-0.4043824672405837,1.8433288686985125,1.011175801692764
0.6068145442853835,2.8312917066164283,1.3205394029839492,1.6093617144498984,1.5641525458220684,0.04160108911018482,1.0102668084887685,-0.6795985291786074,0.5858768501561062,-0.09727308248200263,-0.557523880568304,-1.0677486412219943,-1.8074061694195607
-0.4426463382913508,-0.01357355942890584,0.48733995913181305,0.24055395567171997,0.9343751762058634,-0.16700369246140984,0.4147476628904948,0.9548188044513288,-0.38031827277037006,-0.6125975399298762,0.3414138235466097,1.009879881882575,-0.40067823174603134
-1.468628862390213,0.953116823401337,-0.7870053591066044,-0.4778026321885925,0.29143175705995067,-0.11545759641301176,-0.22917551740200406,-0.47010489967371316,0.05901112114175267,0.023319105261167365,0.029830016971787297,0.041282040402904674,-0.11871535647771503
1.0292912921632393,-3.631603157641683,-1.361756779348923,-2.2400064750963655,0.9152354431027312,-1.2744748842158466,-0.8028785125446027,1.0206057120078829,-1.735501518842551,-0.9801616270698564,-0.8456184113748352,0.1658184689431595,-1.227397105440695
-0.25805827277021454,1.4282602710385701,1.1429973923285635,-2.21946979168092,0.7092295500148714,-1.3592711942058846,0.5833634359974136,-1.1844663265319246,0.6672997178456047,0.9532940210752304,-0.08068770808607252,-0.8717519799263463,-2.8246489321685755
-0.6290957338915829,-0.9210473939805002,2.4939098600921485,0.8132709165578489,0.37778527833007364,0.37753072539560956,1.294601469682299,1.4036984176987675,0.3073763823642911,0.4182281500155058,-0.455367832030923,0.07772981494014648,0.7504417242340323
-1.1157084729777584,0.3008387456302615,-0.3449249072545554,-0.7611202977221498,1.1154737981244862,0.0191646523327489,0.31455326525586524,-0.23812321092457087,0.054316310999903604,-0.13907254205641884,0.2691657010604706,0.7290540529033407,-0.33744549778350963
0.7046727251187278,1.971251232469401,0.7771634036731863,2.8350039410714585,0.6363113327939711,1.0995139182737828,-0.10185793891648345,-1.2467298570872767,1.0427777383185775,-0.2097164834236066,-0.4096086419418839,-1.2007343260969898,-1.9028595439599674
-1.4615349555558625,0.1590549747706382,-0.0785898548161942,0.8049460188560452,-0.17853608857963565,0.05833860113125934,-0.2518458215881447,-0.7204582304347027,0.31899637732853514,-0.6138045999404307,0.11728295126058945,-0.03753365810504104,-0.08316198106982037
-0.9547518410900927,-1.5509501073945104,1.2292831005635327,-1.3850355091716968,0.6715338522208169,-0.2714791229000717,0.1949905392796786,-0.3682876939531568,-1.4583971465725876,-1.9243179393771082,-1.0937330660552969,0.571387927418625,-0.12701557278299752
0.288807654275772,0.43040798074658476,-1.9915698986977626,0.9951879124066384,-0.7367065455114846,0.11034733712270862,-0.29580162158099904,-0.6149092939943671,0.02327574284820498,0.2526120631942751,1.0501707465286692,-0.5788962250808853,-0.07030787271727378
-1.1092563920534786,0.43196144422815164,-1.3814191712519457,-0.5029152027423003,2.015963609254404,-0.5631789478629462,-0.3914916103634333,0.021474456026108372,-0.7090751354088815,0.22432447691438068,-0.42021716448529667,1.128326586749296,-0.02453063514078052
-1.281495859993502,-0.06843457949299302,0.6583277905902573,0.5925815126163309,0.17799771038147436,0.03288055020953918,-0.06454302421527838,0.43200837983524976,-0.12026382379704456,-0.0541601623448351,0.1920291129571311,0.43603139031859073,-0.04397695000336316
0.8147840852500703,-0.4146739544761812,-3.0942895132898283,0.6108146169425632,-0.0863200105329606,-0.34930743474086356,-1.9699775182938848,1.20307790297594,-0.8336627845474642,1.2418144534433249,-1.4047653476282969,0.11927784108156514,0.1667198920594873
-1.509456855284906,0.47476447130711114,-0.1951667381714106,0.02471319721626882,0.1747976566193832,-0.09919599919309577,-0.26407457345758184,-0.05866308920951006,-0.06460800360821772,-0.05640096263717449,0.17941458551645623,0.18404750319100455,-0.058031353618486284
0.694236890993985,-5.482520287995326,-3.8361322980454786,0.06448906503321788,-0.6332770581678362,-4.452243065738461,-1.4612245049949568,0.32031911015231146,-1.0266569776919134,3.053958966622568,0.8675734426747419,-2.7169739291936605,-0.3589235953189812
-0.883772253641957,1.2690825705500615,-0.7117525045939517,0.09015649316587845,0.13380773060195456,-0.18613726307815553,-0.46210293203244607,-0.5364196403926009,0.19959998343066454,-0.2387368670573021,0.4902857522955847,-0.1640852514635246,0.18377565745849575
-0.6341399387255872,0.07890340637377342,-0.9598246532955176,-0.20571068745485876,1.8363380143344517,-0.31106492693905624,-0.22147814185569953,-0.5145132663185421,0.7184640471073331,-0.07533450774077141,0.5581779342264767,1.6044338099025948,-0.12092984842286343
-0.35753835132924733,1.2461612891963312,-0.30345310394986724,0.35752556248314354,-0.22932703930408366,-0.02486583722041088,0.10098659431137795,-0.15621676341156976,0.292867713473516,-1.0052573563550211,1.101928896418127,-0.019404051259658665,-0.3564778358997368
-1.2632408852190038,0.11120400036038121,-0.7222830513543277,-0.5334023709837709,1.6762143967407186,-0.24558176014053293,-0.04718530106056951,-0.09656926465669677,-0.26193386892675086,-0.10104939541650478,0.4186048675772937,1.1321502802190222,-0.32899092463248103
-0.7970021155221533,-0.001201313618297561,0.4322616112976222,1.0032990547189893,0.7906283659325661,-0.3991977023326425,-0.4624580049625402,0.44444904829305987,0.5104461387029897,0.6400120587840602,0.3138594011908921,1.0096875459707382,-0.7576313404661676
1.3487905687478563,-0.026724972236010832,-4.224939073875983,1.1481984235523868,-1.9612332471530298,0.5720146257885762,-0.09903134003807118,-0.3218527480154783,-0.004143255113708078,1.2568813007213162,1.0656774032810719,-0.8426531842300747,0.10929275874690958
2.173838246719332,-3.897610677431831,0.9355965264661201,-0.6261593683697381,0.6470645424326945,1.4561117430126775,1.2729605470727645,-0.5340088151550891,-1.3670696542460685,-3.865203261765177,-1.1625573705470242,-0.03243188496017037,-3.19061207405179
-0.026995509335722593,-0.003717640475867256,1.3398450146570913,1.540924301182793,-0.15534611809988585,0.2677504072797513,-0.030936078120216662,-1.058928392896488,0.927439593453195,-0.052406448134181924,-0.028748750942271306,-0.9299143495950889,-2.0333755073826834
-1.5056075130709201,0.5233664378522555,0.15090873176878683,0.13400331942346413,-0.2341517573665537,-0.13631373537274535,-0.1376682400446295,0.1581269537552077,-0.7758281541398543,-0.19986100028571574,-0.1406193974835419,-0.18751123468811937,0.09240842661499131
-1.686322320706064,0.8953023078745065,-0.9352581602865231,-0.8396676497978381,0.17537139940032845,-0.06412098242475832,-0.21879286139726414,-0.03605120632939118,-0.1467476765488034,0.04039024902338408,0.03875815430964623,0.3110311009338254,0.28764240008251835
1.4564446566212201,0.3632905354800374,-3.0802754346998116,1.132055737326975,0.15188892240969107,-0.2772936664165701,-0.6431445206532838,-0.5268172228283278,-0.6469315956266105,0.9476621828999753,0.8148547008020287,0.21812476933091254,0.9359359201006625
-0.8214504651503561,0.4371362302783412,1.431122146059612,0.5987277138885987,-0.7819206041704846,0.11199519474147157,0.24970299467305038,-0.09611608439771234,0.3686710801484797,-0.0006824340805830988,0.14513746312748174,-0.49431175126911214,-0.6529498125915912
0.26218483862945535,0.14595074688438978,-0.6149443727507415,1.3516212792294688,-0.6908532861751129,0.4146610645659279,-0.3330135737514957,0.6461354395645819,-1.106045407425519,-0.12365399040260766,-0.6918787823581801,0.032613200729195296,-0.03756198393224093
1.9236096453295164,0.35086071407204006,-0.47890785792561513,0.8347234917795141,0.025340089071897078,0.487625077461226,0.03994930825854657,-0.48726993953464826,-1.0676860386869174,0.05275242667057572,1.2002200742430498,0.9406392070931202,0.614894876272727
0.5023112726092348,0.5330064227410475,0.07018315683958129,-1.1146900576097607,-0.7361773508750696,3.011470995814484,-1.6700234733944521,0.8761673836263607,-0.5208941210144394,-0.5421308841912272,-0.2757961110851491,0.8243155884237379,-0.5066901522254575
-1.5955484010918999,0.4429562908555892,-0.7353018744445443,-0.5238269195830602,0.7366313658740293,-0.10164204383350156,-0.16487927893411655,-0.07516283294278889,-0.15386683198921844,-0.08989138872779898,0.41746099868668574,0.6924099391885687,-0.06545164501062412
-2.013868911098343,0.8663456680048685,-1.0583520023008772,-0.6926678482990231,0.21184863137169807,-0.10341924578826572,-0.5764366837203119,-0.3534512391382316,-0.16857031365739486,0.5356961183750726,-0.4079605588745092,0.10109779291804083,0.5438978132735349
-0.023673993271087327,1.0506873773061944,0.01415826289565481,0.3104488547287539,-0.5415586951679009,-0.024818491482790493,0.05827054183926498,0.41972660510119664,-0.9961533683467083,-0.8014542165627083,-0.11451520711538436,0.3674035726911007,0.12914087970370178
0.978511388364374,1.2289237573928644,1.4639451168861108,-1.1400080402347146,-0.10521640585071593,-0.05018334388491539,0.33903152327288333,-0.45274565663676686,0.3416664182180007,0.15668070394327527,-0.6423027189331721,-1.0849278056001668,-0.7238208252858103
-0.7603112933980417,-2.282183048642693,0.43350673112357746,-0.5226009711972545,1.7405964613621894,1.7938540004074626,4.19180561997472,1.3124689714055813,1.3018633059040168,1.3812951773154911,-1.6465072002147034,-1.113911918383309,2.344987524358165
-0.27333440451032326,-1.4934494442904351,-0.6476682022823606,2.8969929952527935,2.4032653406941935,-0.8053382148213718,-2.960474428855048,-2.0233513297298154,0.38510614462294884,0.030417387171590808,-0.815143908944739,2.313400782757692,1.0275276364879944
-0.6741839080802521,-1.2606892228852236,1.0902727206695608,-0.49745402675403627,0.7201102164128277,-0.19893813482816514,0.3776592787393843,-1.1386591779229585,-0.9231844022129356,-1.6456714436078301,-1.1357096077402882,0.033286467229781264,-1.2342064448373593
-2.0889525758025043,0.7441025290420069,-0.955284622216347,-0.8745567992739908,0.2169591830152865,-0.11942597019033237,-0.6540176423897107,-0.40697503257452144,0.003949240289853174,0.7971309099321747,-0.550851462299939,-0.10559984791511552,0.6338790437353057
-1.1536432024067846,0.7271991100493946,0.31431240733300453,0.012975737615254576,-0.09219804649126127,-0.08163007325659874,-0.13622031171685023,-0.33831562470653437,0.5303586559561231,-0.1795155739623253,0.5972694783120943,-0.225907568167066,-0.05985725794569721
-1.090541903632779,-0.0031401066093113823,0.9011807078851587,-0.5580147307634902,-1.1154470195836474,0.8243665808306097,-0.35435206007408004,0.4025914083282762,0.4067503998046487,-0.04877779928047091,0.6821861574226924,0.16350775649727486,0.6712393601756439
-0.5520323061201508,-1.3667317875317948,-0.3820919777645032,-1.551820427565413,0.4548397027444354,0.4559313862956042,0.2716555601058401,-0.08697869939822118,0.08354222986474848,-0.598325290282364,0.8864841971855998,0.14534821758806765,0.7071070546787048
-1.130563144679777,0.3320998880310008,-1.345594519403117,-0.3633253524757096,2.07943217487982,-0.5711006912382162,-0.4181992352309062,0.017731117179261405,-0.7209076417168832,0.1941214816208023,-0.31807691966188084,1.1972714662469655,-0.09763678815517926
-1.210508883672247,-0.2695022127764354,-0.891379896479906,0.1955578546882005,0.6239208682355996,-1.117810260759028,-0.4005257574431387,-0.2990845733455238,0.3266307462559583,1.16030113119822,1.027812232511252,-0.42962795008811905,0.4261782570599823
-1.8006869553259848,0.7373122595106606,-0.38714507246415353,-0.5984666417285183,0.11062211626141008,0.1313610586692447,-0.27050340088940944,-0.3084465698021557,0.10277602395236367,0.1034705795078993,-0.14910860569089782,0.2720255326983081,0.12615921056950744
1.0866197596459108,-3.8068544559879225,-0.15035283136010502,-0.8763109561878086,1.0101152570246967,-0.06709786262596246,-0.3460703558962128,-0.36737516175767304,0.6016980962459966,0.09460410255449052,0.91181148677523,0.2784843905346857,0.24035302968188782
2.092789724642258,2.826703784490235,2.4968799760578495,-1.4806511429967493,-0.19615524578319077,-0.28106233575377515,0.1452443492317919,-0.24138394000171057,0.0919212653255612,1.2898889376544245,0.3379940776706824,-0.9240427701604842,-0.3848969068572105
0.5801778937407651,-1.1473071819864225,1.3492813871399267,-1.7965855729688214,1.3627616274998098,-0.5226410894820027,0.6403434184068132,0.12433117934726602,-1.770358840824997,-2.5793057385405076,0.13672844848323684,1.7841537364062994,-0.9031757444538688
-1.338937408823858,0.07231259435376514,0.7218896073015875,0.5960890118806526,0.11797952471731737,-0.0626266293699444,-0.1506333741083898,0.44388260808441904,-0.10353729442808286,0.017185680092748297,0.16802858336181214,0.4705256111780294,-0.08497726265590846
-1.9584843251195272,0.8110536195890005,-1.0561821984525077,-0.6942637568658082,0.36844580318281317,-0.12740919850610433,-0.5568210207413874,-0.35701897775721625,-0.18658148648031697,0.5338364505936217,-0.4077699140594079,0.17438784975644983,0.4999746000032253
-1.0206466157760965,-2.708256276539025,1.4808042711533012,1.650455638251823,-1.9446256705483052,0.554007098749813,-0.43595717698244835,0.29110178751276394,0.6251663695547583,-1.0817681033509936,1.5304663280722803,0.21021079020301556,1.1368554933600346
1.4464488341468036,-0.2962427594177493,-1.221421720109526,2.2304662158844706,-0.6389416540906072,-0.3110239180616237,-1.4114592936618287,0.9596258202266412,-0.6620735545099488,0.6404660535927467,-0.6627399858317706,-0.6219813719756341,-0.07419760821078449
3.0570107618981255,0.9856387317456871,1.311277623346042,-3.5425946837342708,-0.6569116435164911,0.8837627335890734,-0.30165615186125555,-0.4496534303298846,-0.20336960360043319,-0.014042389088120576,-0.6531431672243305,-1.7105299351791838,-1.503563549756005
1.373111666700771,0.2963951683031003,-3.411245459931474,1.6721005449638149,0.029885453139749576,-0.4067582666211806,-0.8484416754544918,-0.7175735679442564,-0.4355628378726085,0.6822598642839898,1.0918325012813022,-0.5354362151406349,-0.009561549485566251
1.2541857817524875,-0.36318654896739394,-0.46677659432856117,-0.1377997942254245,0.3864018074626726,1.6396600534958745,-0.8034738812292498,-1.0153493321338494,1.4909593916975863,0.2466455051199829,0.7483611732344123,0.7037121243276014,-1.3050988815956077
-0.30812693761829524,-0.8503248609877228,1.224216912211365,1.4422041468824498,1.4904275098081214,0.18572927379545662,1.0472973429817334,0.005436762008489053,0.44428935552603077,0.5207314957966498,-0.905373204180311,0.0832700198648615,-0.7199493042879388
-1.6752728552335765,0.28720045546917505,0.36748509953826936,0.38576151850754736,-0.34015583823079537,-0.35578806823810344,0.04068380786430651,0.5670584170637961,-0.2897005408061304,0.05268737942057907,-0.28536241968502174,0.03525846893086684,0.3076919860220402
-1.4962350649591027,-0.43575650209118466,1.0151710053485543,0.23366863559332865,-1.319030548614566,1.0770931450306833,0.3910371448806884,1.1534924288744146,-0.17773490905015898,-0.40233302022154227,0.3749797759720074,0.24998723701955647,1.3049964636963662
-0.85390528126718,2.3430411995893827,-0.7728397350770209,0.7488077527924388,0.3518734699942962,1.4773979330257805,0.1449031036241588,-0.07102525112902226,-0.08713206924003175,-0.39648990119278016,0.028100613422846317,0.24541045376613818,0.07548193376873065
-2.052399274112837,0.8649190460437535,0.4015242590885997,0.20573742680175747,0.05113811526750344,0.5742278019843781,-0.45117655596332545,2.139699256994051,-1.483831834246847,-1.5953922977814001,-2.679581296391041,1.4982386034606512,-0.8517472459361675
1.8584362859566417,1.70615192583331,1.8200017898260266,-0.4095190131535621,0.8089630363885546,-1.6579483235583132,0.3281143939753969,-0.2680977972690491,0.028292514857709464,-0.2777555978263658,0.0669850782424998,-0.6300048644261314,-0.925877230698006
-1.2111520001350495,0.4425436410038819,-0.3623521304002434,-0.928523377440469,-0.7077049334364555,0.4754679602420004,-0.029688772051345916,0.2529078059066722,0.06379588334551549,-0.04659164107967979,0.017594261227827576,0.12089066788975222,0.15223477733644178
2.3335108902541846,0.003845177687047397,1.9216569044547025,-2.918805458838655,3.4169118028957186,-1.8835178476458143,-0.183495723273588,-0.6094043840398553,-1.5858239659749522,-0.04852432200160376,0.2865440112608967,3.389894687019481,1.260694078249407
-1.686322320706064,0.8953023078745065,-0.9352581602865229,-0.8396676497978383,0.17537139940032834,-0.06412098242475826,-0.21879286139726403,-0.03605120632939121,-0.1467476765488033,0.04039024902338408,0.038758154309646325,0.31103110093382536,0.28764240008251835
0.890679070822586,-1.2987291762671707,0.5299025338980975,-0.05830632241683287,1.395713522397663,-1.7686769066927377,-1.7222903510471241,-1.4247751676303557,-0.9939931162530505,-0.1426049763819207,-0.5689136429841145,1.3270475950736826,0.2864844223811188
-0.993420940480299,-0.00041522679806016384,2.247250208545226,0.9797225419943666,-1.172967150986821,0.28122017089070966,0.30713519408969425,0.7391719821259142,0.35565070195439813,0.01317996793271712,-0.22344155927548726,-0.579077715408352,0.06087141361910092
-1.3493506187208895,0.3576818438856466,0.28642566724751123,0.4730229721708309,-0.18538776442044413,-0.04602644212288189,-0.268835542936011,0.5054767948804533,-0.2779684322613417,0.14430877245853874,-0.3300940823428838,0.14530449357083128,0.3131289875678145
2.4573745637783806,-1.446447429735937,-0.15531123136362093,-0.0015202218318104029,0.7434904294549162,1.089284315046592,-1.5856405764765265,0.39179659609445316,0.6816629166512996,-1.6834040163539798,-0.6033800825427198,-1.351189187511855,0.38075053375538215
-1.1983447350403469,-0.12145425440167049,1.2669915258852198,1.2632123224190557,-1.02752656741957,0.06851529206466457,-0.01645450888735349,0.8507461989434102,-0.20459585746470002,0.49883891830922,-0.3036220360021399,-0.5466483879331469,0.6671653913174636
1.7802982945901136,0.11374560805666267,-2.043792848736271,-1.481329764441326,-0.6740343484587513,2.286974042733115,-1.0552275479620095,-0.9699654899408213,1.1276974105027444,0.3088346500469228,-0.4221854956745962,-0.7134873976747196,-1.2642082246450201
-1.496292005689511,0.22063140431114628,-0.7606686044836972,-1.404880650988238,1.00357935740329,0.5668063759024206,2.1375627173696437,-0.034413426432032546,0.8073714976136218,0.7469540911406042,-0.5597640645224193,-0.5711383848012691,0.9206337722844513
-0.2203253380901339,-1.440019302614032,-1.5133449189393025,-0.51170352230558,0.6027903847369637,-1.2156867151194009,-0.6466017129237515,2.307480221855928,-0.4323574441351602,0.2609116070116358,0.6701112163384615,-0.29217767699059033,-0.09118030084064409
-0.4420516357937772,0.0071879786177280365,-1.0692106581725547,-0.14259396913611097,-0.022086442786207073,0.6808614630817832,0.2843819303719146,-1.0569111905369208,0.6095026477059252,-0.22798604224562893,0.6881888124858832,-0.4913755678653206,-0.31515461352998564
-0.49798106099776973,-1.0796546743002773,-1.591300454428134,-0.963274634490315,1.7203949192063057,1.2194743275814492,2.3974403728908658,0.5752712070576123,0.6126905147468962,1.4319620472217587,-1.4828562902284093,0.09258678620575773,1.0746205692133601
0.9400609304878331,0.6010236244760735,0.44104116063890847,-1.0861083058592977,-0.5444110632939615,0.9857217735526278,-0.26845648700628966,0.08836766822699671,0.26723419838003215,0.34529453339462074,-0.31122611934137834,-0.23427352431462292,-0.7051514442651156
-1.0941097031920728,-0.27779845845536777,0.6091186011510151,0.11896476324329477,0.5818304497464314,0.24832740061929046,0.8278914464576491,0.6633944473881316,0.2795635644818451,0.6016630201322977,-0.7812910188709816,0.033846092489723444,0.3934581188484957
-1.5692561438023775,0.4956203969045345,0.5239642487441438,-0.6373763266979311,-0.6724588526365639,0.20400204592315965,0.12988071105179744,0.44621862345780816,0.1280524963250589,-0.1258579320157937,0.1421614258437558,-0.0863173345136805,0.4712434972052774
2.842831043946504,2.196887066352976,2.4465131592213907,-0.9022439413876175,0.9084405647060403,-1.7824680722969317,0.32567865242530847,-0.09121244003262258,-0.1962898685008811,-0.0859551824004551,0.5058351729565793,0.16048135170924346,0.07535637528034354
-2.2065018291025775,0.37824074430920446,-0.772330946080446,-0.7433546559478713,-0.7857011367246144,0.6930168131500515,-0.07778338704989488,0.12089246900345514,0.02763828979965395,-0.6264490725479682,0.8464360232043114,0.8234941471970796,1.123635039579557
-0.7581642039110509,-1.4419057567918272,0.06974135425224201,-1.7799042139615686,-0.8029870954081063,-1.2780112524044198,-1.2903313330443447,-0.6068728210797039,0.7145098590083573,0.09351117601601987,1.5061151553416487,-0.03132993678749338,0.4052656759726341
-1.2151867030064158,-0.3189630694657606,-1.1634228356869596,-1.2637995227152885,0.3197860870341752,1.028299741272922,0.8567781601559087,-0.21163283743552663,0.03236108693996592,-0.7380969270192476,0.541603622513468,-0.1807207698150897,0.6486214289993555
-1.0839584635784254,-1.6591387002515057,0.7563661561861683,-0.6083260376594427,-0.2646624816897227,-0.08030249213108645,-0.367631659320737,-0.47915716760872895,-1.150070744461066,-1.7960975802987353,-1.446172290626386,-0.19024664992136317,-0.21927223337067758
-1.7500035422072022,0.20064277603420086,0.12385452256826973,0.8763425753396038,-0.6030592221879234,-0.014543052237608284,-0.24080261644495166,0.1449838327564244,0.02739774227506782,0.04092593875115171,-0.4564799926870472,-0.8227627222722143,-0.9723443281751778
2.1692810759086627,-0.27591820811575746,0.24622124809285983,1.259247235532048,0.4613543352754719,0.10435556747033768,0.044982011698556486,0.37913698586821,-0.5541460177989455,-0.7093378962190678,0.7059649665654449,0.947566487251293,0.4275134245417355
-1.3366558520426,0.21030007568121598,1.3599285467643794,0.18160425418222884,-1.0050518737824559,0.3208911795334059,0.20625911580368997,0.6778981329104413,0.1890791819850139,-0.07518991216543167,0.008448255270122183,-0.2346736071668892,0.39690575117312377
-1.3320687659398311,-0.34962127548456406,0.5285208188338858,-0.6389114331831296,-1.1867157876826815,-0.0639122866069036,-0.36108415641749503,0.4068874742791223,0.3024972622162737,0.07634881757437269,0.7471565284610705,-0.029028294988615515,0.6132274856993732
0.5798087031898111,-2.0092016015195857,-0.4444239061694452,-2.500859123166415,1.3647280049001782,0.794397812536292,1.0589373696125972,-0.2263054316863083,-1.068916498697768,-1.4173713263391203,0.06786326505298901,0.2560451115841359,-1.4112269296834976
-1.2552036027039792,-0.01577047344404772,1.9175939137789453,0.47903210550146025,-1.23109250812912,0.33852463996620036,0.23021696577063558,0.9533898362358466,0.16165550451723273,-0.09012670563282979,-0.08327045988579874,-0.3426958833836584,0.4927181922125385
-1.1238265828686123,-0.03438754789249546,1.551555031901379,-0.3248978620944388,1.0189131887348317,-0.6741892113545163,0.0610272455891108,-0.0743699892894862,0.3618230679252575,0.2049014270273258,-0.10284129465871795,0.3672846392587345,-0.6369212915997404
-1.4546467477351155,0.3595943894632052,1.1330152033692722,-0.30387065453308143,-0.9315287095501446,0.25455207779768024,0.1502118284760513,0.7791469130711477,0.15556216683943283,-0.04883872522306893,0.06659721370116137,-0.17438993060469188,0.618660944650296
4.790614513930752,0.8962890547044513,-0.19162951324753547,-2.1733055061723086,-2.149655402827737,4.320594824408825,-1.3614154464665615,-0.4773477474846448,1.3446378419470473,0.5451513670349617,-0.39590156579269903,-0.16892706039963037,0.7402848071560963
-0.8082067539651338,2.5298216340990747,-1.675104148043009,1.0578024825269368,0.17722168892037407,0.1536144641118289,0.8519031714468234,-0.5667617742800563,-0.29990899065849685,0.10646355787443888,-0.6351640110939805,-1.5552343432456013,-1.0164315452432489
3.0662502252190955,0.5258504081356326,-1.5841501642325864,-1.0419453810947876,-1.6531383749887691,1.948394665673203,-1.448324480938974,0.56901573470053,0.08642029952988116,0.8218318632089783,-1.2928895552045556,-0.39583523063241804,0.9482799972630913
2.156954349365913,-1.6768183972258552,-1.4309955322344787,-1.105666254425135,3.5686442252153046,1.1772249910550354,2.1995388654416814,-0.09231725237381547,0.051370529552289136,0.9994395692273924,0.006351943382943024,2.345757620931449,4.0309575448183095
0.7134181067897702,0.5051911057996147,-1.4740148908311046,-0.2939628609809168,0.5800525067617022,1.3597549176368768,0.07430154904422202,-1.101916811227783,0.631125000002938,-0.30831209640641916,1.6410069653660855,-0.773611163881816,0.40084088161721776
-1.3644057876164588,0.20438034416873013,1.268837705903398,0.6130126842521085,-0.8045279468139472,1.0025048853330658,0.011796943071272999,1.2723812478547838,-0.49778284143047263,-0.9805990318461576,-0.7626726754716464,0.6513955206977181,-0.4484461221407107
-1.4982548743034605,1.0271454874087544,-0.3678148941538645,-1.0140432994404915,0.24399560732106002,-0.2927988357339579,0.0824271190063716,-0.6199007029791935,0.49388051439582753,-0.04142508714334247,0.2351587690713998,-0.3938165866879738,-0.6077602521976472
-0.9785753911724571,0.38882616082244076,0.6632819843748604,0.3960871291592134,0.040183805539433425,0.013230909722365385,0.03190481924987313,0.01292804187831562,0.13282499912551807,0.04958067506726129,-0.22546000367439117,-0.10949718820300795,-0.15791009450600127
-1.4263428653036518,0.19730312195176133,0.6159937271963202,0.45777938805009566,-0.35526237067728644,0.11277215173832478,-0.09668238828457909,0.4464549345390507,-0.05439779902027669,-0.018378163706903962,0.08931693368841136,0.14721634030569453,0.16089884282196407
-0.5127126781227695,-0.38349786203011244,0.17838132779613564,-0.5724880564880784,-0.6155350067243385,0.914427252309292,-1.0524585720603299,1.10968251133551,0.6341367089495693,0.4619497702673241,-0.9430906805309919,-0.910535786730449,0.06302940147546325
-0.893543291837637,0.33701218215755535,1.7928821468276464,1.325548573100722,0.20095877145520866,-0.1409041189962019,-1.2920414727102512,1.2821409298886588,1.9440841124271977,-0.9129122242778369,0.1377181392165466,-1.4987177582799742,-0.15085611943433366
-1.2636996581855338,0.43310194907080046,-0.0706850369407052,-0.0477446731952189,-1.1342630737637673,0.39653281041887956,-1.6502897009584172,0.23216501463136863,0.3342026677730533,-0.814626541396793,1.377001694257646,1.1264773571348174,-0.4436043086683732
-0.5701140490789086,-0.2453843921866151,0.792446795888793,1.0453110681327273,1.5453240772791137,-0.4453969265801816,-0.24503950647107195,0.002808183443110981,0.1130346062831253,-0.10756141750510788,0.6147112775911957,0.6884428980410869,-0.5210493502596079
1.8743100398859827,-1.6943423397321802,-0.48201755991284306,-0.8565605512465919,-1.3959540932213812,2.192903213459611,-1.4868387520822284,-0.06335998486370857,0.7644967542696022,0.20065176056759823,0.056721269116355784,0.11068718949305364,-0.21852281139711596
2.1097646523364078,-0.014515931392884651,-0.631907166649934,-0.09905743213536579,-0.9732908513007035,-1.1309242885497781,-1.381764847391305,1.4038956779542149,-1.0955275914026945,1.3700911696928906,-1.5253989335819174,-0.9879144132700488,-0.08107311554950428
-1.0262003193056324,-1.7663653709074938,0.34957256449865615,0.40474943272850616,-1.7393165074483525,0.3840078885215097,-0.6928645809530714,-0.3008602032636237,0.5903415988038958,-0.9362661353050119,0.7700787979200472,0.23814719222689584,0.32461461682259696
-0.8050374315046144,-0.1972838183776607,1.4308423690102667,0.20331889792678084,0.3712934499506624,0.13789817651458466,0.3791733500713187,0.7032250716275137,0.08191197456087039,2.907806163261018e-05,0.02631856161936074,0.44488658450454865,0.053201838145941927
-0.879140645380405,2.0691254041633447,-0.7422010091405846,0.029639743400035425,-0.0451932650733238,1.2293045284464974,-0.003188081742171709,-0.11023621686518527,0.061376315492806734,-0.20330603565552613,-0.02223074889930264,0.00991546126829222,0.3568899680637742
-1.7502425785849594,0.5957176392830539,-0.8277842047400363,-0.4208980989980659,0.36577709627657573,-0.08788621255056803,-0.29891573599968274,-0.0472812228699321,-0.18224519547280837,-0.05021873685735074,0.3451788887798939,0.5178657394268339,0.06832394103932192
-1.4361900374865617,0.08432676893447173,0.5658454602947653,0.6955103332013252,-0.19285655921597933,0.04663638149247274,-0.19857948128084452,0.4598899899081066,-0.1486421872806345,-0.014487510474386879,0.11974700305033924,0.2614871905568558,0.08979863604658282
-1.6048700713674438,0.6692317587492427,-0.3775927932719567,-0.5422397984786067,-0.05066923494633524,-0.04648752199196365,-0.1948350114303184,0.23944049699601422,-0.17417135401658448,0.025453455555985847,-0.052960560846274624,0.20300882471705628,0.38345484112193307
0.5601399355435256,0.005724573816330295,-2.074245092699947,1.148255492738016,0.07677500758761342,-0.9536731084234884,-2.050259646793508,0.8827722160507553,-0.11922630841067115,1.0983107511461228,-0.8718481344916136,-0.715549335341317,0.06754411365317407
1.8688104672879033,-2.4891565811445377,0.25526171892437066,-2.572408453775967,0.6695785907174205,3.082510457222495,-0.17136716199747978,-0.9678396348946924,-0.43583228062033363,-1.8672765182730822,-0.6479714604120322,0.36634378780815413,-1.212644137229149
-1.6061840195326396,0.27564482479166896,-0.04537529817873241,0.3636005696032608,-0.09038387411351399,0.02007630233579073,-0.23852626168402288,0.13052943891375163,-0.15814068497208636,-0.08964704948566067,0.19512057037783237,0.27626972980945835,-0.013695598128126001
1.655617488171874,-5.46566021121695,0.16903521158018467,-1.3227056151738157,1.0235205759719466,-0.9552606331628739,1.164155143681888,2.2243569695222836,-2.2637404623122825,-3.7765199057804724,0.7526870385787136,0.4091631962016212,-3.371228807205299
-1.4361900374865617,0.08432676893447173,0.5658454602947653,0.6955103332013252,-0.19285655921597933,0.04663638149247274,-0.19857948128084452,0.4598899899081066,-0.1486421872806345,-0.014487510474386879,0.11974700305033924,0.2614871905568558,0.08979863604658282
0.5499009445672012,1.6485511023163306,1.2522738443424961,-0.9790043951138703,-0.20652772759758434,-0.47393197454611946,0.05688122331410731,-0.530110086074408,0.8394947986565592,0.2731632911270181,-0.04411121089766737,-1.5612680615477823,-0.6103003725207878
1.6045035369658056,2.066334878479741,0.37877663212287527,-0.500647030117295,1.9535361168949439,-1.2330862912521252,-0.40585227901751314,-1.0489550428923609,0.080582239070059,0.12789323525624763,0.5746254617151186,0.5842224743224788,0.41252108520468145
0.08536523526512652,0.6701750982803752,-0.3095980498676446,0.5411314558779609,-0.2154706443893697,0.9354726309618822,-0.6153167068922198,-0.7657280885089948,0.5999974709133135,-0.3603570117927676,0.8856258521601792,0.04805470593135417,-0.5282976622770471
-1.7960809003585134,0.6481768265636093,-0.48389252973850133,-0.8134624785366217,-0.029971887066989503,0.14496989493176063,0.0018421365154874382,-0.11599479973354358,0.14740233233661618,-0.18659333096173217,0.6320195906258452,0.33656185641286623,0.06030015608325162
-2.1347564931413916,0.9256123089038696,1.4185077369800998,-2.126049212947628,0.7180363793536663,-0.8822319465488041,0.07520629758264762,0.009263579718715779,0.27981195278489995,0.39678471614433225,0.47207693481166346,0.8504167056144921,-1.5533348639809876
-0.060443305723002334,-1.7418197695612718,0.06749549269233322,1.057514895571571,3.4776514128378477,-2.133393069880498,-1.7244647887279836,3.1438961600594286,0.5642532568791823,1.813012216694691,-2.3884782370144473,-0.007567747190393196,-0.6334543693580761
-0.730461473424313,1.1066722958400335,-1.165134338207227,-0.0030036924082247484,0.16667343572373997,-0.13014129241477868,-0.08839137868075084,0.45232840810380015,-0.5944972332268266,-0.7339606975659702,0.30846915115188367,0.5734543399698565,0.04692294237561921
-1.130563144679777,0.3320998880310008,-1.345594519403117,-0.3633253524757096,2.07943217487982,-0.5711006912382162,-0.4181992352309062,0.017731117179261405,-0.7209076417168832,0.1941214816208023,-0.31807691966188084,1.1972714662469655,-0.09763678815517926
-0.43029823396147654,0.04578632007964217,1.0068087953553069,-0.8314444676049195,0.5594151662456401,-0.5889041132215745,0.05948061178416573,0.3017716129921918,-0.7726921398421847,0.027845839183684128,-0.22703018727732271,0.5674980397555233,-0.1442146234343929
-1.518525668959105,0.9021651768875404,-0.1446374743878842,-0.8857633502284697,-0.3360101454848749,0.1515475182707778,0.10882022367102516,-0.2079772173077159,0.3096782689478056,-0.09718763970502174,0.1904074579441338,-0.16808359291038172,0.12132584012216802
0.8354613526562734,-0.4344865108111914,0.31026533827251046,1.389242771245406,-1.1678419520029826,1.2586499059141554,-0.798767125087286,-0.16361186773085748,0.8158616207557409,0.259076207598585,0.783545260795797,0.03674638374362352,-0.5829139686047234
0.9391756370134361,-0.5161735495503093,0.15796220401247088,1.7465912834610875,-0.7175200130681578,0.5918421155950586,-0.6667203817509201,-1.138555021216208,2.4632916236283204,1.5026982436874377,1.8507130027443186,-0.47351697527954656,-0.2079746730580572
-0.43101056242329366,0.7288363944690728,-0.45811325444800155,0.7549811956296113,1.7214664318183253,-0.9514763275273361,-0.5427743856085454,0.3550978260242563,-0.11444282040587317,-1.144088979615619,1.05661092973373,1.500856017947438,-1.2167135520468568
-0.9201647628181322,-3.2189913477536143,1.8593735415201424,0.2192281140712777,1.379833717544449,-1.4713924715622717,0.34793589509866163,-1.2693016607180758,-2.6316669495579945,-2.548174307896727,-2.8857483983547514,0.15972976794525084,-1.9956039203880716
-1.907591560311111,0.7460922703864221,-1.037972887807746,-0.7979430636617951,-0.15398408848272538,0.24899930208112636,-0.2677882084654879,0.30476011414492993,-0.35783734516766186,-0.03501347147218963,0.23511144225359862,0.7031267721103333,0.8110355831262565
0.37972587988007,0.5683188198448184,0.49172555997441164,1.0477187132161865,-0.5941750950181874,0.8527792727832609,-0.7164732692849792,-0.09454289638200034,0.3883453370268433,-0.10538466700842011,0.19679166400695283,-0.21889689260895914,-0.05973147603236495
-1.4824370936813354,-0.2829086492324564,-0.46536003604052495,-1.524755324380608,0.21954626740423594,-0.38488768382170874,-0.29242259867637377,-0.288819690134543,0.1488821569473366,-0.12186544574551345,0.7696531629119358,0.6031964495444438,0.0002699296471304822
-1.732160642479618,0.947761495155062,-0.5913664852849878,-1.2322320293363938,-0.22037758394323687,0.1687351250575704,0.08196501111790615,-0.10476478319300268,0.1828998512606212,-0.09598434508099737,0.32559885615559775,0.12972721791985778,0.27961861512644803
1.9214680534590602,-4.199468091548338,-0.6710063295486391,-1.581710003841792,0.1716290727535222,2.518940741309636,-0.451317516015591,-0.3925525891865793,1.4601666495372192,-0.2697570901130033,1.0009268450740416,0.21718853129548893,-0.13534884432958105
-0.9967931060571588,0.4235377105771714,0.7615551325964683,0.10008369838546005,-0.7083425419764294,0.2156262192356138,0.4370674755990789,0.9316499305276351,0.017185422184995428,-0.7283444707686819,0.6569687914185769,0.2832363375740883,-0.08449330404469746
-1.145249989526488,-0.03809031342160776,-0.4953697079592204,-0.047927462268460654,1.6026912325084075,-0.1792426584048074,0.00886198626706914,-0.19781804481740312,-0.22841685378116985,-0.1274005823588675,0.3604559091462546,1.071866603656825,-0.5507461181096531
-0.6005110630401745,-2.3513426339341037,1.2761382580165672,-1.3476967584949893,-0.30523679512132473,2.409582900368461,-0.24581617125723076,-0.814404281473928,0.08480940069395003,-2.053628604733428,-1.6307867279843435,-0.4966109464778446,-1.2733399294589514
-1.5912031469473256,0.12302219275692396,-0.8230166046021473,-1.2090543958798259,0.8168049815305535,0.7684807402474086,1.9891705502583066,0.1704666391495449,0.7100703180006639,0.6574692878211749,-0.22289801133064835,-0.24148565806074712,1.37284924845006
2.857117886705278,-0.12101010416100713,-1.320416532073692,0.4255274591686315,0.3259285997027874,0.2728284657573376,0.147376315611007,1.127218448381939,-1.799366361048141,-0.7356042618943811,1.1022026015990032,1.5794525247211149,1.4968323452152832
-0.7440157071132588,-0.18730133899672216,2.582199746591723,0.7377155759996848,-1.2220001163159004,0.09918777278402975,0.39837018485718567,0.8341174285902175,-0.04355930900047156,-0.017996492201061733,-0.191493832637556,-0.2982027686525431,0.09831720161678363
-0.7566738928361502,1.9855781705282485,-0.7063433287050743,1.4642707690373606,-0.7928837425645298,1.5016861187794275,0.5765408818398362,0.5823165211449418,0.211766223316476,0.3618244020037616,-0.047517225525844975,-0.14780808602837603,0.3807944094665912
-1.365116184764727,0.20214054177584515,0.5763647347111622,0.14837281339793482,-0.01480803043942185,0.08321569916525813,-0.07824476115612902,0.265576116445975,-0.0222713278864402,0.24907827579492337,-0.26594548023615566,0.11554915548340251,0.2795016627611691
1.056648721819954,-1.5534567862494089,-0.9981028764714991,-0.82260052359975,2.003459367559974,2.128800383968198,-0.7086398432937421,0.24064109353919466,1.401186994117794,-0.8022766976931733,0.05119397855822182,0.38533049633988825,-0.7367184311822013
-1.5440990343736516,0.5069726920588563,0.37354460992037536,-0.3483698909368756,-0.5293314553128579,0.25049511104432776,0.12214822272965874,0.22960601981217613,0.19346935041406882,-0.10236652278593306,0.27745117715931045,0.02775306483754192,0.22082892545022323
0.9568465324726673,0.026116189914590627,-2.0994133327418063,-0.41820853841199834,-0.9700212805912474,0.6521738289588997,-0.23304050467040366,0.5112304138169087,-0.9261999557352548,0.02640407787528743,0.37218017804899745,0.17418230446887134,-0.44407535454028063
-0.7887528003942544,0.5528765280423679,-1.011868514481283,-0.7732995271920275,0.7296131848735248,0.01610423067084203,0.32437134436113735,-0.04302425703946012,-0.53203059758656,-0.2596508285830571,0.2574626170059461,0.48187104101877215,-0.19728379626348572
-0.7708473022157102,3.6362933141394405,0.6093707135832546,2.7204838384054493,0.8307256487466376,1.1105225753221415,1.2473898797858722,-0.05630189454821182,-0.04840243558606007,-1.145086258345084,-0.05198305027239872,-0.25454943026461957,-0.9362755703079271
2.708325343358873,-0.16924448100559678,-2.2828999316080303,2.244515528162283,-0.7319546838695615,-1.056967959352338,-1.7649663265531932,1.5558426531163976,-2.0765979441011795,1.0384237250508843,-0.829539432401208,-0.8224975719453573,-0.6079418694770121
-1.5692561438023775,0.4956203969045345,0.5239642487441438,-0.6373763266979311,-0.6724588526365639,0.20400204592315965,0.12988071105179744,0.44621862345780816,0.1280524963250589,-0.1258579320157937,0.1421614258437558,-0.0863173345136805,0.4712434972052774
-1.1360891418730472,-0.49184002935905097,-0.08781696348314103,-0.5129761995387342,-0.1160156669207179,1.1762340107734308,1.3178347763164517,0.6600178553984262,0.43171320719287315,0.08743113030810369,-0.10599702061267459,-0.36863381644516635,1.1966171993095533
-1.8979219630016002,-0.004866786513794824,0.6683997517116267,0.30109428799266663,-1.4018182379244708,0.8163069858688341,0.019357268605278595,0.7706679458111435,-0.013266506226912155,-0.4103816003153263,0.6098001199166786,0.509958709730132,1.0864634698989777
-1.6290244184891216,0.8297283237738121,-1.3651227540384416,-0.3489621753746435,0.6700576285797848,-0.3551911167776692,-0.5947402020412266,0.04984076475012322,-0.5588070863105841,0.21085849165386106,-0.3197927229977928,0.5376609547012849,0.2976721312776062
-1.4591091983733389,0.11055636257474945,0.7377912977955328,0.49922814343204747,-0.39073105088776194,0.16306443523363703,-0.04820054502325946,0.4255332014763008,0.01618157662407778,-0.08267480752657755,0.2631673539733149,0.1708352490498721,0.08578674356854767
-0.6189327833916721,1.467450333330168,-1.4732228345485319,2.0116653763325925,2.268878949066755,-0.23535899668179916,-2.0666555564575737,-3.218949185900293,-0.031054215514521623,-0.7196877484607378,-0.8496875094046523,1.1057262072847995,1.1890139097467274
-1.5912031469473256,0.12302219275692396,-0.8230166046021473,-1.2090543958798259,0.8168049815305535,0.7684807402474086,1.9891705502583066,0.1704666391495449,0.7100703180006639,0.6574692878211749,-0.22289801133064835,-0.24148565806074712,1.37284924845006
0.29046755271451985,-0.08162922784929531,-1.561365747859838,1.7592804668719315,-0.012664263474379451,-0.9196020627817907,0.38318857390428673,-1.317462458127965,3.2221366483240743,0.034684084863844146,-0.6577102642481814,1.7025919398532599,-1.9760534231738243
-2.270650626043737,-0.43488303438672016,0.23966660833899778,-0.2639663976613946,-0.2603042431328386,-0.63806747895083,-0.9417429924151943,-0.42166388090196183,-0.9066115492178443,-0.13304613164851892,-2.0816052150844246,-0.010817774778129176,1.2264193269804349
2.02048378842359,-2.99517889774255,-0.5080964209111433,-1.604269540260175,0.12856785005400612,0.4086652768776784,-0.9342538927600811,-0.7171802519459978,-0.23770808636930937,-1.2516519543065285,-0.35167375605800527,0.4025081176802617,-2.3629685638845843
-0.3528245413085193,-0.5885850352369889,-1.2039436636031615,0.010236624884274396,-0.73226585795142,0.10267782070246141,-1.069929810210652,1.0673242036939619,-0.1468993731076278,0.6699679665237154,-0.43734059955323157,0.016732179102395252,-0.08799025168122301
3.1722838428384326,0.2149953871064407,-3.393113647425001,-0.23454096222112428,-0.8596976723133315,-0.1507345616786398,1.618638577717015,4.734824631679167,-0.9610158940100619,-2.607442683515379,3.749835945826786,0.49444061375693776,-2.6677962310803163
-1.7534673951059165,0.847899938957911,-0.555541833436159,-1.0926421790698029,-0.156909018317821,0.1608133816823005,0.05525738625043323,-0.10850812203984965,0.17106734495261958,-0.12618734037457563,0.4277391009790135,0.19867209741752725,0.2065124621120493
0.15880244384252976,0.6184299659026621,1.0645305719937386,1.7786391300364914,0.9385934830888936,-0.6844350074040891,-0.2736089105352597,-0.9962767338399985,0.6598865883339903,-0.17481586540615468,0.16643886621947962,-0.8473063812802102,-1.3081023377701195
-1.663403159819287,0.8690727142342287,-1.1072039977872905,-0.6433854600285603,0.3732458910721109,-0.18054903616592263,-0.3691717976548492,-0.0016944178975854152,-0.3115714404535156,0.10857754607557484,-0.10466219661332939,0.4016830424408092,0.29165429256055353
2.265003912656963,-4.645404213596916,0.1997812774326539,-1.6670321967459951,0.09626881693060232,-0.4852048131973531,-2.0299579863102903,-1.4756751501625818,0.05549888680826553,-0.3205746909729782,-0.5646676794904306,-0.08141105826637125,-2.0455754095938725
0.7705103939272863,-2.1899546113821478,-2.708736222881136,-0.4637992176917205,2.125679739480495,2.751185968283149,1.753945028369507,-0.2759366390551996,3.0890941550226683,1.4579541803804603,-0.055160080534774905,0.7632062437421768,0.0409451534416199
-0.8852680862417107,-0.10060220139674811,0.5638726581339873,0.16423651041584808,0.9271750443719169,-0.08729393597168239,0.1332738282606874,0.4218319646618828,-0.19283334181057207,0.025290816847193857,-0.11324775262250834,0.6689370928560358,-0.08819777058202379
-1.378625592801898,0.0024505685795921167,0.8192399879834424,-1.5442120847828709,1.1113747007231292,0.6832810819120856,-1.3962213547950282,0.9200307287465561,1.4718300282244878,0.7660622366654094,-1.5793436587246283,0.658808499263632,-0.7226206465380269
-0.1489160664328731,0.08821699444435001,1.004425385494075,0.5921940243430036,1.2288215089247492,-0.4159572899928555,0.13615746789458105,0.7520151478160465,0.31927360374531893,-1.2685498389052725,1.297521688461464,0.4042077760232008,-0.6356497873343998
-2.0517305477009273,0.4409176233517001,-0.2084602278269346,-0.5860196805522223,-0.14784268557534924,0.12915001076013655,0.07324024545370277,-0.211295535738314,0.2691415279278603,0.06171348891271996,0.28107059224425096,0.2193121497057074,-0.2588178763120415
-2.3181456760548,0.1293376998145139,-0.423394054742552,-0.6713857017088602,-0.1870636424284261,0.1868586185529055,0.009322647753056086,-0.5553891423381837,0.5539171404206954,-0.5437243652443007,0.6484409788276416,0.39705016662384257,0.07850428550145562
-1.732160642479618,0.947761495155062,-0.5913664852849878,-1.2322320293363938,-0.22037758394323687,0.1687351250575704,0.08196501111790615,-0.10476478319300268,0.1828998512606212,-0.09598434508099737,0.32559885615559775,0.12972721791985778,0.27961861512644803
0.8105186552045472,-2.4294498582499515,-3.8299721322264433,0.24054716241378632,-1.000006920212242,-2.066975502304923,-0.09556215811934785,-0.6848304250562528,1.3770051074023884,3.8810377563998335,2.9814819181598313,-3.9405696829268897,3.1132309130557414
-2.056791494737463,0.7114385394052304,-0.2879204428877059,-0.8230745658769556,-0.3011008800094945,0.31478398328302354,-0.14346153618426277,-0.7390004031431551,0.40390179736600035,0.5155528247537099,-0.18721167844455924,-0.27149924766887856,0.3703438828132834
-1.5319180319328578,-0.33098718590858406,1.289046662443484,1.790127642289962,-0.39269953631333576,-0.5376188231989086,0.1310195904029936,0.49116695933054527,-0.2623217889447144,-0.08217206717522654,-0.2521992910418081,-0.16170584694064155,-0.26044951569000624
1.720525923252479,-6.242295839995174,-0.3603165284057838,-4.363457568484765,-0.21343243554917737,0.45540229517504177,-1.4186945365247987,-1.2998518912786368,-0.6212081131663606,-1.926358678575714,-0.0461374533942253,0.3074809721007956,-0.5127436857166546
1.6791286200883386,-0.16251789029214567,-0.1181001053587242,0.7041194655670229,-1.0340975820556233,2.2346295663019506,-1.1748034848555537,-0.31881366394635147,0.9929345864659317,0.03912833552804163,0.1065412293540422,-0.38590010099236416,-0.4332538522417086
-1.6977819011494526,0.9084171046946454,-0.8492852415361392,-0.9378087446824772,0.07643415356443693,-0.005906955554176103,-0.14360339326847152,-0.05322960054529408,-0.06433579459644717,0.006296600497288674,0.11046832977113417,0.2657051301803335,0.2856364538435008
-1.661681894713472,0.535391843955993,-0.7071915449435676,-1.22064321260811,0.29821369879365833,0.46860793265248957,1.0355677806881065,0.03285092797827113,0.4464850846306426,0.2807424713700888,0.051350422412474644,-0.05587922007044471,0.8262339317882542
0.632068831195371,-1.9823260726872645,-4.183178538496516,1.177958559822698,1.9141130212033843,0.7080903476680577,-0.22235022381011485,1.6563279458313978,1.196810217531206,1.5734523952630775,0.4570264547303327,1.7671937313077801,0.2332798644609009
-0.45000092706416556,0.928564254534335,0.37926623450851216,0.39527027101483414,0.5235015537206569,0.13690438366411292,-0.36908701314926323,-1.3778429827484069,1.1552813140709424,-0.13142256081456,0.7905724251738646,-0.6036767689231857,-1.3357722491991697
-1.4177882384660137,0.3016791498971975,0.7135216905108241,0.36581465075130914,-1.2144532368015473,0.5190919979659706,0.1521178557097515,0.5701702874489004,-0.055967601106814334,-0.18405852659506894,0.2576262141007995,-0.057532127705593614,0.4324907334333818
-1.3018194567053982,-2.3552691073735077,0.3309507861291347,-1.638322886888797,1.0450165539605238,-0.43940739832558157,1.4229861259904697,-1.0101668678918163,-2.0745809691562624,-2.4339431535830176,-0.5335784448893585,-0.059762994451422496,-1.443532613856025
-1.7628565830500016,-0.09705766491535148,0.7065774627764135,1.1067854009243976,-0.36412590811745044,-0.4601732663105287,0.19807552085715815,0.48911377030106723,-0.2857145925489471,-0.07988049462791993,-0.11686505714029836,0.05784153904402629,-0.06299401425681686
-1.876600676932192,0.5441168133491919,-0.8681509321428096,-0.574999767970435,0.22319598426625897,0.02355970761032856,-0.19951891595656912,0.08865003202281155,-0.29603368447870915,-0.03613765403349505,0.20466612353207478,0.5803086838628196,0.13950164791745126
1.9321376366475744,-2.922022115153541,0.8523084224268106,2.319236945216161,1.3054744769852786,-1.5045956430389478,-1.5275642562037068,4.152607673286123,0.020390927946308923,2.723613480798782,-1.0765326087609866,1.3142783716062156,-1.755781461952487
-0.22160357930434735,-2.06095377032515,4.5803219320069255,0.8990865036973652,0.7747929404650314,-1.1180265995720207,0.6024082873121736,1.3564917599349682,-0.8512386506595259,0.4350202578033603,-0.37331708480569403,0.9558389501067373,-1.0728174721414032
-0.5657200001530085,-3.6322458849739236,-0.27413876799217973,-1.1054052783857837,-1.7920346016203597,-0.5296726588871046,-1.5151465973381304,0.9883385061197094,-0.5131826834085551,0.14615491539284844,0.8239419621827044,0.670090613366311,1.311016544751127
0.6898717060353718,0.7422049357953009,-1.3523842805208073,0.8729748204337824,-0.40599954111065234,-1.156423256005751,0.4308697569108032,-1.6294734698346887,2.268010376972415,-0.46495958695062223,-0.8611601408006042,0.6333385374354172,-1.2356117893413883
-1.7839554673676261,0.5684843659544275,0.12210186285637176,-0.8691728954481542,-0.10547265388375143,0.5547687575349687,-0.25584494515682477,0.25408979892647515,-0.38287453483214534,0.0985205953227276,0.6772903087563774,-0.22803039627243474,0.34676767072275566
-1.4181081013812207,0.4363706248064798,0.8022631797498138,-0.11582359713700262,-0.779011239435792,0.30325771910061117,0.18230126583674433,0.40240642958503603,0.21650285945279507,-0.06025311869803353,0.10016697042604318,-0.12665133095012016,0.301093310133709
-0.694712079988622,-2.5798716028647046,-1.1869884613248514,-1.4520964325078753,3.6489026460267873,2.1102898360920244,4.390228078031649,1.663726109295469,2.584744235633942,1.1280713070253638,-2.4896521829324265,-1.9430044981013415,2.459828425328331
-1.6537874279922036,0.23537383716212543,0.30563565258825404,0.41387138158117515,-0.5774175311882,-0.4072485767025904,0.35859503281689165,1.1235794482522588,-0.5261013833611529,-0.45608408186423416,0.1382877730619638,0.40357848488349785,0.3583497693283498
-1.1140861364957706,1.2602400446806294,-0.3578381537455789,-0.5476518550766323,0.25995754412191985,-0.20901750603810249,-0.19990048014870168,-0.9428689023687084,0.7418566222768808,-0.12509574202120277,0.6360687697377795,-0.3962955554166897,-0.2671661090537743
-0.1563311115408321,-1.3604660164119369,2.5608791046855988,0.08124222101251055,1.747357542823318,-1.8804908304393302,0.1335217153695904,0.5269138118725345,-1.5141348234310767,0.6111080461773466,-0.5623104528991086,1.2222186335577947,-1.8163853466471331
-1.2151867030064158,-0.3189630694657606,-1.1634228356869596,-1.2637995227152885,0.3197860870341752,1.028299741272922,0.8567781601559087,-0.21163283743552663,0.03236108693996592,-0.7380969270192476,0.541603622513468,-0.1807207698150897,0.6486214289993555
-0.6109718333076273,-0.4688691900731942,2.474287388509849,1.8275482945131327,-1.135615378315221,0.40881498660992377,-0.10493086455125575,0.5348375507196403,0.32142463137179195,-0.7547388808008455,0.7855019643853134,0.3972310600083727,1.0210912643807308
-0.5944748635147067,0.41923262223204155,-1.3691538292178578,-0.5640669692566553,-0.181570380756249,1.1780395986816348,-1.144501571587664,0.719293108334846,0.48098678240842735,-0.5372718292971551,0.3079047699268926,0.28760213464978507,0.14505856567559242
0.793470615689149,-0.40477649202535143,-0.5100897789261639,0.6902203197309292,-1.441022647658362,0.79924387389892,0.3802159485281682,0.28154573618836604,-2.5206070680114574,0.4238192856252002,1.1470139289223455,1.0014486707958419,-0.7007404135258484
-1.5574057497000344,0.4858033823913181,0.6111744882035351,-0.46170865558572216,-0.6420195095780651,0.22899687398961568,0.09954635364163282,0.4999118708988955,0.17115333799921237,-0.064104927049249,0.2604561736804981,0.0025772251097465884,0.4497423505964823
0.6594246924860584,-0.10221201851300207,2.4782270961164143,-0.6884261067493116,0.6879616755412783,-1.1273554308286393,0.4716627594187255,0.85713470793274,-1.0239837238354648,0.244357941255957,-0.6850235210936195,0.29999346540484184,-0.07834223168601806
2.7386953530892946,2.336746823062436,1.9790535965008527,0.2360908220200689,1.0491586737173717,-1.1569376790999408,-0.2697370283086982,-1.276610421601818,0.009885129746824884,-0.609026585348797,0.21245912113577253,0.2632866366341391,1.20732121665472
2.0883379666258515,1.5976425445087634,0.00540692189490102,-0.12359977282899341,-3.176193237010824,-3.05404971682222,2.0571225901319172,-1.214133199167211,2.433427308886134,-1.7215464381736292,-2.116227606636589,0.06532869351674109,-0.5785652667017948
-1.732160642479618,0.947761495155062,-0.5913664852849878,-1.2322320293363938,-0.22037758394323687,0.1687351250575704,0.08196501111790615,-0.10476478319300268,0.1828998512606212,-0.09598434508099737,0.32559885615559775,0.12972721791985778,0.27961861512644803
0.9517999846426902,-0.28929952062227027,-0.35899853746076105,2.030234056931892,-1.7090045995392134,1.2818009812527147,-0.15849687444186125,-0.282025476271172,0.22193268711200576,0.2702492735191697,0.7642246552808267,-0.7712436566858428,-0.4435374720094197
-0.8875872169326096,-1.3774388100083195,0.7286269953287395,0.36522135207671197,-2.0932343640550277,0.15584928238561205,-0.5961281962288062,0.07466653993359533,0.7949075084962975,-0.27082098657053777,1.2008310084773133,-0.07824060077497584,0.8447464443773692
-1.4342549482984703,-0.2361575364438426,2.0326397111368792,1.2203374322603553,-1.6717546454212786,0.7979314901457987,0.06968364390699787,1.0840707708162312,0.10005930746857485,-0.18689375268398956,0.42257568253732736,0.06024794513287019,0.8207661238650278
0.3282178355369851,-4.157450686824843,3.4689834288718098,2.3695131809042973,2.7034541239452548,1.793940117380449,5.0818032445135835,2.273486081661772,1.6560912882046508,2.138922033532717,-2.5197537340007914,-0.8337107952178846,1.5999967223794842
-1.0255753242452286,0.6446353485629974,-1.1822048975324861,-0.9396052240922232,-0.6972444656733346,0.34295761883185677,-0.13470926088360846,-0.1298742318680995,0.3155602763210242,0.2509030123285588,0.5155628620027894,0.15603309001128163,0.38287486418529443
-1.4181081013812207,0.4363706248064798,0.8022631797498138,-0.11582359713700262,-0.779011239435792,0.30325771910061117,0.18230126583674433,0.40240642958503603,0.21650285945279507,-0.06025311869803353,0.10016697042604318,-0.12665133095012016,0.301093310133709
-0.7361867206858834,0.7055916682180452,1.49864033283347,1.4062588822225763,0.07525419161935266,0.8410275515918868,0.19774971449486342,-0.2520282202477874,0.7277325207742915,-0.14964347263009709,0.32896116941908965,-0.4191000891771066,-1.141225857664161
1.611149401391953,0.5547816425370626,-1.2228055234025936,-0.042829485658885696,0.5435590320493885,0.9138562301676154,-0.493923354180293,-0.22843321550126539,-0.5830602478164777,-0.004861209676583511,1.1205676626139651,1.4300723489792129,1.715998618459057
0.4797643127375176,-0.8076813383189009,-0.48570940727819883,1.9630598573505655,0.4669546356825976,1.601825694129922,-1.2934864732514528,-1.4567004704456614,1.8472985912178628,-0.10409984158196932,0.8058704972606098,1.090652324457366,-0.8277447825301819
-0.8425798372019221,-0.26059618452729905,1.1553451750809183,-0.7695183182505858,-0.0537197606881781,-0.47392648254914327,-0.056289353785776236,-0.008477423267962868,-0.8985556352378425,-0.29995040247691085,-1.0497765504360965,-0.11239365070793181,-0.4831095514131373
0.4244197484643607,1.0316572533669803,-1.1010784007896388,-0.3367151728709429,0.7107969795248893,-0.7496719491295717,0.6061300428996804,1.1719294631865038,-1.2905775030154834,-1.460351653821269,1.263018780919026,1.1473892232911345,-0.9889837546773563
0.03794209883281018,-0.8821114804309621,-0.0010736387777819454,0.1344745107816124,1.5788326445123677,1.5552784385054448,1.3685794533992677,0.6137005984757667,0.4010919711523886,0.501004279609592,-0.9999821903228582,0.31734276428001645,0.1272653624820059
-1.3405661317490674,0.9361408058752879,-1.2687671782286902,-0.37263309924822025,0.7536072124372583,-0.384850752515779,-0.6413283193972548,0.05901149330470834,-0.6061677409743226,0.20278759855990627,-0.23789507260085258,0.6937231765516567,0.5348755087294966
1.5113624345429388,-0.863283216759445,1.0303606964160914,0.2323925177936713,-0.33602580715635766,0.9958904735931003,-0.9919128947390583,-0.9727065655093339,1.5848577550022853,0.2579935718286071,0.6383455957553372,-0.4310129509266479,-1.716049742984945
-0.6889925476214243,0.54064011135302,1.1174267333057126,-0.16046999983010035,0.06791491961353936,0.17245780979140693,0.1831170092987941,0.3217102211267734,0.08087313696109742,0.02233923568423484,0.2180060330625502,0.7182469380388221,1.0923624427758485
-1.1993206273401085,0.410788668951834,-0.8297570069008144,-0.9521719217835433,1.485808699864471,-0.22181653001472312,0.032937573541849154,-0.08533924811615587,-0.22643635000274587,-0.010440409535769989,0.11218413310704618,0.9253156417260138,-0.10967246558928476
-0.5393929214596017,-0.22847297400493746,2.39807118258314,0.8069069315218544,-3.549087568697107,1.4166251065788187,-3.6127092241944925,1.2375159268401534,1.7093926666972377,2.822511271253692,-4.082057094788071,2.7952783422015006,-0.7461530650435717
5.232948761923755,1.290332385541412,-6.185219081412282,1.861657949882297,-6.494617372232415,-4.727556726770297,2.822212818035089,-0.046894374418317564,3.0969031948856918,-1.630342864487118,-4.192176951286238,1.9873000986198794,1.5959818959664736
-2.628815779078572,-0.5080566289772392,-1.754591818611828,-0.3621974121393782,1.4654123105978534,-0.517218987431985,-0.24539604129811057,0.13543233600923293,-0.428757356711926,0.19607746608967172,-0.569229906071421,0.05610308423482858,-2.2332186375175613
2.595646076915867,0.36206665221366024,-4.282693244275588,0.5430682391525933,-2.715530444190672,-3.7047312026009775,0.5807636996962188,0.09646737043293302,4.640390152414072,-0.1836899553133716,-3.910592393754159,1.5357756200640091,-0.7830611228151526
3.358211066255733,2.14106267672931,2.057429396502117,-0.22653962748287715,0.8398052918392057,-3.1101268020719144,1.1296783253915221,-0.797156708822175,1.360130796087562,-0.5511000515337022,-0.784282214328088,1.1565454392874628,-0.37684340975671066
1.4109906946753876,0.9699273815935978,0.9693272515702744,-0.719200692896504,0.0809583783791716,0.9887199771283125,-0.48032155492838546,-0.9794927362186852,0.25535309489571995,-0.23452605217117595,-0.34221705256594154,-0.10710633321644376,0.09456683884855892
1.6033154090524144,0.4411798748688166,-0.056737548633256855,-1.112612083231071,-1.671753695038064,2.0738290829009935,-0.4424265651866087,0.3549780212827376,0.46575493847401267,0.2638878811738678,0.4397334595729363,-0.11061124186816455,0.20275442089228243
1.8537698181019686,1.7549009811442138,-0.8366099070635102,-1.0165743714770157,-2.597551539831512,-3.380308119337246,2.4406483548056404,-1.725858053472891,3.312679541171433,-1.5921065232454115,-3.0444794795039636,0.8654917137043531,-1.9893920364316942
2.202093694480498,1.5002294615593257,3.039667248183882,-0.4460587034386463,1.093883157848971,-1.504031105356531,0.12179732017455246,-0.38108515615803445,0.16783472269592178,0.4587103289308132,0.14536497123304049,-0.020333146742846645,0.4033899879139706
-0.5909303323679682,0.45720565813918196,-0.6025750731259989,1.384319492576885,0.40134742414596947,-0.2160329680530826,-0.30472546095419367,-0.5880362455990431,-0.28028605529831424,-0.3299068167716416,0.6526586902673991,0.003757007471041517,-0.7601654312861947
0.5463084746782848,-0.35974695468181567,0.6780463932983619,1.2837723768419802,-0.4084514517529942,0.9840561957933938,-0.5998895622485754,-0.20703571024991393,0.7634481058238358,0.10570333638335556,0.8289387998446284,0.198255067135044,-0.6375042186872237
-1.8079431539708264,0.0503506150592245,1.6294738778217688,-0.665135887131157,-0.046376959768062276,-0.11160943391886344,-0.05737775237736692,-0.10879346240280076,0.5064131419610776,0.5223513126355392,-0.1688875525065885,0.15261812623100288,0.2956560992339615
6.110669163380611,2.077271770672308,0.08211480353298019,-2.0168893041203404,-2.4950153688965484,3.5218764770508155,-1.0661543467466765,-0.7808268599145434,1.049039351361244,0.6812026495054508,-0.9425127556904295,-1.4495774641586692,0.35617890235370664
2.278524703824116,-1.1490097689006975,-0.5530846579187678,-0.7926825859862701,-0.553644188611903,0.8607728602736929,-1.8846999478889812,0.28708473539610935,0.526074124688219,1.2631739194670355,-0.9875719017716934,-0.8128168890128938,-1.3008085975630572
1.3059570669267733,-3.3801892479870337,-0.3417488142918866,-0.8032870483948296,2.108034587359276,2.137892791626083,3.340319498693469,2.633504997565093,1.9926054213670297,0.8083261803805935,-1.113547483017694,-1.0104641464492206,-3.0000117523489047
-1.2220464559753377,0.07427406823988676,1.9689795013895077,0.5151099263470782,-1.2641217306960368,0.3714412114079263,0.22659023322794383,1.0108264225237806,0.21658885249938786,0.0018292946272930944,-0.06711595687247218,-0.3227462032579008,0.5443231986181422
-1.882447310796015,-0.6283831775595942,-1.0939710639713247,-2.1857387863154454,-0.6007241227437515,-0.8111895410732063,-1.355520097216339,0.7230381979416266,0.7893604271504185,3.0878574073884653,0.7767269933298772,0.9125595031113425,-0.5976542094369534
-1.6977819011494526,0.9084171046946454,-0.8492852415361392,-0.9378087446824772,0.07643415356443693,-0.005906955554176103,-0.14360339326847152,-0.05322960054529408,-0.06433579459644717,0.006296600497288674,0.11046832977113417,0.2657051301803335,0.2856364538435008
1.725055065963156,-0.693592429538441,-1.1787658051927983,2.6494240319579903,-0.12095081116848336,1.658254756736162,-1.7806901047493962,-0.5707856297454186,-0.40043111767317924,-0.8815134515280318,-1.0397846019375718,0.48221522696936103,-0.2491314030307306
-0.7990246202047641,-0.2647950541584929,2.172544499679586,0.6487656723310854,-1.4805691108248924,1.1604042888728154,0.11670260920550028,0.7788105119148564,0.578292421168241,-0.1190475263368271,-0.2421449418681776,-0.5845526566622616,0.12422910998066303
-1.0344862233433372,0.02827851354564759,0.36431500897898583,3.411401479232214,0.827029522661467,0.45440749030858324,-0.29991753592096426,0.01666856140166809,0.09982809523108808,-0.8101598197856118,0.6227482980359618,0.891128672900885,-0.21915759444212066
-1.4319156993920488,-0.027596851431039553,-0.9614388117888885,-1.2346732096653965,0.538286441450286,0.8506366509704238,1.3799291802605522,-0.014645985018406181,0.3795789671547958,-0.004640898380244737,0.1473525407937504,-0.19385610350819918,0.9902351823984354
-1.4462372247676367,0.8074982160164206,-0.7429603718811877,-0.2769139392659106,0.3654632249454355,-0.2125560498125573,-0.21343736866430602,-0.29052725251135525,-0.09009770904614904,0.08583457085490358,-0.18927762355485675,0.10002555953686602,-0.1938034386775055
-0.0460229757941566,-0.3833362632805035,0.9829346235219061,0.0918539696794507,1.6198743558948507,-0.2511817790811266,0.9805177396773567,0.5647489831387377,-0.019456650032560682,0.7094347517360376,-0.7877558774323452,0.29758409809822234,-0.04442254942818127
-1.0321336268716785,0.2754278585946605,-1.3417843536851888,-0.45989624721617506,1.9151732502572887,-0.4406118206797252,-0.3769126753861631,0.02109794440692592,-0.6614158323763581,0.17611020746188596,-0.3004382141433553,1.1767419270401394,-0.1554418041015521
-1.4656202493075898,0.17329528738939975,0.4595247766961266,-0.5897096891240292,-0.18689679246658578,0.5367914249598048,1.079856748079306,0.6412709209170162,0.4465710776772354,0.3428248846954154,-0.11593250488604072,-0.2519740923782253,1.0694638202726874
-1.5035351269845794,0.873072200117115,-0.3130957781292686,-0.7676194136891054,-0.1292230042340211,0.07851408454035376,0.16250997197965666,-0.3764192235908695,0.3219617007156315,-0.08463367177557332,0.1692732537525825,-0.12660429423059327,-0.20383316987259317
-1.686322320706064,0.8953023078745065,-0.9352581602865229,-0.8396676497978383,0.17537139940032834,-0.06412098242475826,-0.21879286139726403,-0.03605120632939121,-0.1467476765488033,0.04039024902338408,0.038758154309646325,0.31103110093382536,0.28764240008251835
-1.233699368670274,0.4501330594122506,-0.5718382506496631,-1.24659520643746,1.1889969623567973,-0.04717444940297665,0.2585059779282267,-0.13687443076386452,0.02079929585432251,-0.11272135511405608,0.32731465949150973,0.789337729465538,-0.1156903043063375
3.300184368047976,-1.2288964005415859,1.4669063183614997,-1.0180705136862926,-0.9941934935630836,0.6334687045140794,-1.7484389461369905,-0.7383755445598518,0.7718527539903326,0.07655746577345225,1.3474846226554538,0.7373980381087849,1.3001025019082169
-1.729666964935198,0.06084172239908098,0.8836151177447731,0.727347001242943,-0.49945423236895975,0.2667427533390477,-0.29540131071927506,-0.18403734656425497,0.17843665339310405,0.6233620014213817,-0.5256338457351616,-0.3229550047807114,0.3247302635231984
-1.6166911772517167,0.1296503929496595,1.6371816266248076,0.07295551233459632,-1.6765512261578943,0.6422123468959242,0.10193193585315684,1.456454261777793,-0.010006658442129739,-0.04536357114446684,0.18719564468741787,0.05634308764239538,1.3333947884093615
2.6412806892118548,-2.7873500343315527,0.2738532679156031,0.07541470042846975,-0.812443017175089,1.3768877635259162,-1.8132438241997233,-0.19404704381913085,1.0830395487036306,-0.34327958969024885,1.4777499800973637,0.7329906359054197,-1.0622768941572014
-1.3722697796076666,0.3839114375259243,0.4583715047482787,0.276740782401553,-0.38326225609222675,0.07040161161828253,-0.11845660667842584,0.47112000644864743,-0.11314466835662945,0.07612147540634791,-0.1866737314199081,0.05465255206384737,0.3091170950897793
-1.3837293600510552,0.3970262343460632,0.5443444234986625,0.17859968751691419,-0.48219950192811806,0.1286156384888646,-0.04326713854963332,0.45394161223274465,-0.030732786404273342,0.04202782688025255,-0.11496355595842035,0.009326581310355504,0.30711114885076174
-1.3162771258832744,0.546800289524444,-1.2210777415688565,-0.31704678148981347,-0.12633812442166809,-0.5228826638956506,-0.6396010612380698,0.6074559618367634,-0.8192256315339054,0.14184823440226235,-0.23794842049686582,-0.3816899697752192,0.19314925989604262
-0.6880620367557466,-0.20274235013369798,0.5576774142489401,1.9987439629578763,0.7763738269623655,0.4551336546842511,-0.8634731482696056,-0.04162031228818725,1.6184312356519353,0.3838500941617896,1.233668070689667,1.2127306963507278,-0.46498468814814264
-0.6077352103172595,-0.6975814420014408,-1.0992962337619703,0.6043850121802249,2.0664421452266346,-1.75096646867034,-1.7540420525607658,2.0272816457289147,-1.1068471237427173,1.2339186318714912,-1.7160467139379285,0.30003347541181025,0.3977937363226668
-1.3722697796076666,0.3839114375259243,0.4583715047482787,0.276740782401553,-0.38326225609222675,0.07040161161828253,-0.11845660667842584,0.47112000644864743,-0.11314466835662945,0.07612147540634791,-0.1866737314199081,0.05465255206384737,0.3091170950897793
2.5075995563738,2.140010802574243,1.6088636176576,0.3482166131487891,0.08683617170346311,-2.5591411026352824,1.0096017996155078,-1.4834428100385533,1.6341048785518482,-1.0985343101281537,-1.0043864055269038,0.6093434805025763,-0.367032743132525
-0.01805661893675609,0.2315111315055052,-0.7928169716924156,2.289081879508614,-1.3220426525438493,0.18813475507091307,-0.17486768559477087,-0.9081248379006152,-0.5506933677135767,1.0559268145798846,-1.1516828302911886,-1.8625975160245951,-0.3999099085509601
-1.0075394064278167,2.3583261331986667,0.5071929674437663,2.3627129223373964,0.4177345650638665,0.8665813944908806,0.6371085551758444,-0.14413944727490385,0.027951194374222513,0.042010520293719704,-1.2587712609368096,-0.6399431839243717,-0.7108433757499752
1.138563914776181,-0.589986058885608,0.7505935385735558,1.2067292065659292,0.08132006797226753,1.5458622164934777,-0.32438475810181117,-1.1722554876961495,1.3599862335762365,-0.2552860426174149,0.5545636868713565,-0.7296314217785346,-1.311473058095805
0.5501365362435895,0.15307755027940936,1.789035357675432,1.476216570331676,0.5807490804220982,-0.00849170304176096,-0.16780083505355792,-1.5644525060448775,1.0677584172871613,-1.1335638614624295,0.7476007474197216,0.5459743481923248,0.7152869055650061
3.541994151330649,-0.6788412905754965,-2.998275457058416,-1.4234331315331228,1.8866546507978001,2.8671925492220076,-0.5270151602512623,2.9166481958980186,4.171199016779913,-1.3559880685002998,0.8155532298398848,-1.8357338856581624,-0.532613581425235
-0.737186281122117,-0.0036109260177977355,-0.9385665370247799,-0.819249188029979,0.4249696711025881,0.941470000046955,0.8894280978813746,-1.0722535464304768,0.467543694937081,-0.7118332239565244,0.31946685819091836,-0.8581086498722703,-0.017881778092313616
-1.273129239630493,0.5129641347665514,-1.753501309496018,1.8786861246334516,2.1905915992597382,0.08447751782498915,-1.697434178499579,-1.803545451873447,0.38825030751295136,-0.12034659094832804,-0.22709829961861816,2.151611658778129,0.6703125102502077
2.2311736313317683,2.0202020927107864,2.5164484462408776,-0.9168330841905493,1.0352833400792478,-1.8373986939707359,0.09799269924534158,-0.7064191964093008,-1.0045051111291579,0.10139623224948378,-0.4201949736712881,-0.6712319482351355,0.6283445970940732
1.3496062842945047,0.868639413180394,0.26269945635229924,-1.228566170593274,-0.9158606242253168,1.394404920645755,-0.4966980224871768,-1.0575083296163763,0.6323706900888446,-0.03548160274801854,-0.2939202457727887,-1.3446575584852107,-0.9589728423605303
0.9475060088046204,-1.4964162056517623,0.0467005078571784,0.9827208193179103,2.300706165672798,0.8783678968896568,2.2081738519191374,-0.6040293517179565,1.1001704371737624,0.9787100638082615,-1.3822064060546897,-0.7590884991851423,-0.3009461661120663
4.113194551677079,1.823375185633757,-3.8991502095726336,0.08977337706081949,-4.070036323369924,-1.6238141302605273,1.986014121280275,0.3848976675705786,1.24540842828344,-0.9124698391404868,-0.9200348400798503,1.0977732055416327,2.064251536219951
-0.9761864920642669,-0.16128699774177918,-1.05099468635587,-1.0415243553726334,0.37237787906838166,0.9848848706599387,0.8731031290186416,-0.6419431919330015,0.24995239093852364,-0.7249650754878859,0.4305352403521932,-0.5194147098436799,0.3153698254535209
2.244130893649692,1.959325709716689,0.32067129035575637,-1.7545048573681714,-0.7602612306709217,1.2900123017822718,-0.5485495256020817,-0.8982514703097072,1.018264470635566,0.6564138373184946,-0.13794231990701383,-1.0710812066143054,-0.8048564586383373
-0.4527488670509601,0.033587750716233766,0.9046201862499014,1.2614782427039675,0.5513036474344543,0.5501328263992796,-0.40022317156884624,-0.14810315116090914,1.5722043391587803,0.24061343623668646,0.9833793407913496,0.7685204211507861,-0.4091639627742487
-0.38795702190835446,1.4120553844253945,0.6519931477512708,-0.9121432206232043,-0.1508821948590654,-0.5158604013585862,0.34689162642071325,-0.4503112704467962,0.405105381195996,0.27732797968590595,-0.416673708256183,-0.9896095354130756,-0.5348318350829364
-1.3998531266067225,0.6160092046598543,-0.5783476621947714,-1.2418074807371045,0.719205446923453,0.02479540875053905,0.19965898899145315,-0.12617121490691055,0.07483281432308882,-0.10714235176970319,0.3267427250462057,0.5694675589503112,0.016079335504591
1.263450574698097,0.6865436901394686,-1.3401616412562334,-0.5121452930493698,1.1584520224653136,0.515011771129405,1.3358326622457146,-2.0986219638770893,-1.6545141716382452,1.5755999008400672,1.7179081459881598,3.1147988935452338,1.4078045147917868
-0.011734380637360738,2.2278604468557766,0.5885401833700209,2.9393993257806215,0.5621612050307229,1.509242441467524,-0.5186978568775447,-1.3821797666358169,0.5298452007375899,-0.8564409404075413,-0.39745881776518055,0.019706787503843554,0.5267593680224737
1.7796506567505543,0.37303607524164617,1.371842267107899,-0.6655954680733079,0.7197945872449495,1.4278161369985136,-0.5513742119904259,-0.3803148859793152,0.7954765110863657,0.00037378595554183426,0.27113408324443794,0.7825191850533785,0.3294079795464725
-1.2750517314115755,0.38184538242784494,-0.684382723853119,1.1074625507712872,0.44948813588285175,-0.1561738115704925,-0.42659834005831077,-0.25390557573199574,-0.45825604087384086,0.13180493082677264,-0.49423959829091013,0.3568099250146929,-0.36759344915391035
1.3567416382209174,0.616776002971686,1.2137254795751777,-0.15273245538755278,-0.6248644083563524,1.536376297942833,-0.49052921345136463,0.08749795912240682,0.5072768313167273,0.16264080533413208,0.481440251789673,0.9327227592025907,1.5685649957202434
-1.5161061926126336,0.291939560828046,0.8717426795991021,0.16495201196296413,-0.8086712799960756,0.31140418506790996,0.10927035312287402,0.3984874905103267,0.2108490196597138,-0.11879944150373908,0.3042568152577736,-0.062051628793190164,0.1988042173752209
-1.2151867030064158,-0.3189630694657606,-1.1634228356869596,-1.2637995227152885,0.3197860870341752,1.028299741272922,0.8567781601559087,-0.21163283743552663,0.03236108693996592,-0.7380969270192476,0.541603622513468,-0.1807207698150897,0.6486214289993555
-1.528987775935119,0.5644948062717329,-1.2669455368384575,-0.5652889944233705,1.181724541721994,-0.6821497864289008,-0.5036880291754516,0.5357224469638515,-0.3934907983034709,0.598662343479403,-0.6560117253069859,0.3627298296695977,0.38514861827421276
-1.537412945238932,0.19207800463089506,0.9075673314479309,0.30454186222955465,-0.7452027143706597,0.30348244169264005,0.08256272825540116,0.39474415166347976,0.1990165133517121,-0.14900243679731734,0.40639706008118937,0.0068932507044792545,0.12569806436082206
-1.732160642479618,0.947761495155062,-0.5913664852849878,-1.2322320293363938,-0.22037758394323687,0.1687351250575704,0.08196501111790615,-0.10476478319300268,0.1828998512606212,-0.09598434508099737,0.32559885615559775,0.12972721791985778,0.27961861512644803
-1.0151600096531688,1.4207897103270064,-0.25408203729171874,-0.5654065273084297,-0.06260220784061757,0.038490513218619744,0.1309399177061048,-1.3956958466854277,0.8356737632562939,-0.05658879048691258,-0.0076062903282269395,-0.8863546021659133,-0.7201361955110555
-1.0629572734447594,-0.8833522331833039,-0.4803059477886988,-1.4809155813977222,2.4296837330312386,0.6764508936133955,4.747417592611079,0.8969521099678338,1.373613487786751,2.4277455473665497,-1.7381959807451934,-0.8555187503863749,2.1160082208708695
-0.9623346865857904,-0.40433021324255486,0.8735467689472747,-0.1802462471109774,0.7548102276721024,0.3509996230775212,1.1123068397808,0.6011560488834689,0.4727656918701474,0.4938030712096588,-0.5655885580412141,0.11773835074447443,0.2556706403205144
-1.5987682775583052,0.46154857076133554,-1.9876669433290615,0.019181886210307995,1.305113903979842,-1.7871483461391084,-1.8767899944528295,1.4467722223182633,-0.821138995565363,1.2322821057378093,-1.3721106771331117,-0.2179217783403293,0.7688749827986885
2.068139883955081,1.2214173617468616,-2.8481316711246385,2.450268650649398,-3.082591641295752,0.29015732481612677,2.3032152579768224,-0.6113439015375036,1.826599805678224,-2.3314850211791613,-2.4357517925472396,1.4563071943358004,-0.6916949587928112
2.2337888607356606,0.11622880822676404,-1.6126223145963283,-1.471735657838458,0.08590039929124882,2.9064290217925612,-0.5316774643320639,-0.13811333255556224,1.1319743376836477,-0.832106245644894,1.6475559791102048,-0.10303118683221675,-0.5899904042311528
-1.732160642479618,0.947761495155062,-0.5913664852849878,-1.2322320293363938,-0.22037758394323687,0.1687351250575704,0.08196501111790615,-0.10476478319300268,0.1828998512606212,-0.09598434508099737,0.32559885615559775,0.12972721791985778,0.27961861512644803
0.077223482554276,0.3188372995502954,-1.7027881236820772,0.9295059818361445,-0.2805708706312353,0.7583949046718546,-0.9657377497104441,-1.0152874595427017,-0.13719504958333137,-0.21557859978507313,-0.05383953638811345,0.7010700236158568,0.30941026449281006
0.49519600145678266,-0.01899014030599552,-1.9221252263185324,2.424411348370515,0.2069951278568699,0.04819115581701012,-0.5595128979092742,-1.4657825771388666,1.3032337842253896,0.8594002029769596,1.0497913393111211,-0.19341345808106483,-1.3147647154918096
0.3307676203752809,0.07335050116793174,-1.8737820149106141,2.115054049238644,-0.12270226558012637,-0.22157696461260623,-0.5426360030512423,-1.0828612239456796,-0.00871747081034332,0.5881596703358629,0.5057837986017816,-0.6423561729689189,-0.904789243001438
-0.3267686570937838,-1.135621136727333,-2.13039350808685,-0.7017381029880678,1.6228960432123432,1.2571929999795617,1.9164424178493475,0.4044239585230828,0.8736895662737075,0.36936637969676667,0.04971635858014081,-0.2543236910265842,1.752045292452168
2.337885628458211,1.59188096170239,2.830368702302473,0.2537902998119378,0.8330503320113051,-1.6065562468434955,0.10099041681054115,-0.8224325133290107,0.011345359153459423,0.5111923468183613,-0.11659190110962918,-0.3428201620409007,-0.3639771347372646
-0.3468453832073875,4.8673619632860134,-1.5147657824545762,2.4024930365064767,0.3293532786224691,-0.6944257775369561,3.2847798212075037,-0.6850504291703167,2.6186362247853734,-1.9501046471457861,-2.4732210571349884,1.0134308183488743,-1.9060439836202916
-1.0610386018619364,0.014353781145791895,0.38256316897532816,-2.2093206137041177,1.6613417196314466,-0.46988824501237436,1.470924320607764,0.07774164276949914,0.3164750256451794,1.0201908930280785,0.04955079663488096,0.5017892331751947,-0.906555655577511
-0.5820501637800698,0.640121618817379,1.644655666496895,0.11378329969506887,-1.0675974658322662,0.27989217775475345,0.027263437777756507,0.712545795812166,0.08301956363964359,-0.09568325588439387,0.2537599168307404,0.08693294470740814,1.196362310069413
1.3732683548996214,0.2814606984711145,0.6677500137998464,0.5087079560744755,-0.5900607893466061,0.5478034771296507,-0.24692536153003908,0.32954777833447,0.31321746606907463,-0.04961128324978934,0.43551335567876237,-0.03893129079552683,-1.7103205390402747
-1.7846213199151248,0.6350620297434705,-0.569865448488885,-0.7153213836519828,0.06896535876890171,0.08675586806117848,-0.07334733161330509,-0.09881640551764072,0.06499045038426014,-0.15249968243563683,0.5603094151643574,0.38188782716635816,0.062306102322269186
-1.3751695358449532,0.9561432530970543,-0.2520249925587905,-0.5244819532784288,-0.2413089561413414,0.1916593561803124,0.15433726730827768,-0.6363239178511839,0.4340081704047598,-0.10920368049199856,0.15638151556328367,-0.2692503986709297,-0.27538818189655867
3.8098486835981054,-0.7471476227076204,-1.5169953748094336,-1.4465253991003748,0.2635268245384199,3.0429871162017803,-0.5648918549429851,-0.10544037110101909,-0.7842882616469559,-1.9362026291140373,0.1000001717646885,1.2315526054045214,1.1565556512592625
-1.6769962662865678,1.1261416196171328,-0.5044523232448433,-1.2819563982900677,-0.36583731668672365,0.18753748102049053,0.12415946603092713,0.007833226296591615,0.13139689173174343,0.1057711670814712,0.192871607630424,-0.016469109028847018,0.22016010562728242
2.2402704433357723,3.065816311897492,2.4039921443563403,-1.2031207205240237,-0.5736842963094901,-1.7209488134451414,0.4901613028940367,-0.023613432819587325,0.3368682138778634,1.647009052714942,0.1956412064715407,-1.48908047697903,-0.42632348844755863
2.0089406173707944,-0.593855949596546,-0.5087226007945188,-0.9627613855042407,-0.3841378384965424,1.532290009827859,0.1810677799576733,0.4614535584733332,-0.08099696505026022,0.08977174026760866,0.3538459008578713,0.1951301208512256,-0.02807956711074614
-0.891716658615528,0.6106238043041359,1.6635635099963395,-0.3535085471756335,-1.098647474714175,0.022184837607291407,0.26642486921256797,0.8280853908294757,0.1109219764251717,0.22441399910816578,0.058942082305060456,-0.31784318385317645,0.12123151925905246
1.1832289037737405,-1.080092003517404,-2.22903377009638,2.0129022957897056,-1.6322745290003382,-2.8432069546690455,0.1470759228554796,-3.6561257782334335,2.3504570674284153,3.7735350228388875,4.427367963055279,-4.3513212103294565,1.4744644426800388
-0.891716658615528,0.6106238043041359,1.6635635099963395,-0.3535085471756335,-1.098647474714175,0.022184837607291407,0.26642486921256797,0.8280853908294757,0.1109219764251717,0.22441399910816578,0.058942082305060456,-0.31784318385317645,0.12123151925905246
1.1832289037737405,-1.080092003517404,-2.22903377009638,2.0129022957897056,-1.6322745290003382,-2.8432069546690455,0.1470759228554796,-3.6561257782334335,2.3504570674284153,3.7735350228388875,4.427367963055279,-4.3513212103294565,1.4744644426800388
-1.6290244184891216,0.8297283237738121,-1.3651227540384416,-0.3489621753746435,0.6700576285797848,-0.3551911167776692,-0.5947402020412266,0.04984076475012322,-0.5588070863105841,0.21085849165386106,-0.3197927229977928,0.5376609547012849,0.2976721312776062
-0.6136027528562238,1.2528124443212774,-1.0342486894978173,-0.8210854910420211,1.6371624686555382,-0.3931709061993808,-0.37884561000959677,-0.8290855052563619,0.15209709802837693,-0.009763342562195153,0.7655649329023377,0.9968026212186489,0.8085603374643834
2.762555205215469,2.4082464192038464,1.7522056138332633,-0.38037269328980294,1.2599901514422673,-1.5447181427832202,-0.06801755547185359,-1.1954377264422684,-0.09963465025164721,-0.35072004271858354,0.5474224451402089,0.21928001495801033,0.16020836504074173
1.8087536135180988,1.4273268798741408,1.1607116148382888,-0.6696260913410289,0.5464688008166276,0.38631902415826225,-0.40240919973860684,-2.0416337780217284,0.7514053208544217,-0.7410303260328005,-0.396964107345448,-1.4226319777037757,-0.6278554221382683
-1.2632408852190038,0.11120400036038121,-0.7222830513543277,-0.5334023709837709,1.6762143967407186,-0.24558176014053293,-0.04718530106056951,-0.09656926465669677,-0.26193386892675086,-0.10104939541650478,0.4186048675772937,1.1321502802190222,-0.32899092463248103
-0.30336200390811097,-0.23736361340127507,-0.7459581656143774,0.5514507490818337,0.7340426120818685,-0.5504061717009361,2.469069513371082,-0.4033691470721948,2.0245104002932366,-0.7797687176919823,-1.004836112963576,1.9064424811991934,2.7970852778743107
0.36615828118277405,-0.38079674643787526,1.270595034897707,-1.638361510366486,0.7806508570759633,-1.0801501841001993,0.5172275105434639,0.8601067677735135,-0.5674335791087686,-0.4549194642503107,0.7430127857192527,1.055870975109665,-0.8553375846555001
-0.5460538779429598,1.7436457009856134,-0.4178319720643976,-1.290512285247624,0.16181500284292297,-0.4271599566956224,0.04377751471975231,-0.6220726328037476,0.4093095708245604,-0.013753742607704435,0.2865775579038885,-0.6247966551876802,-0.5069024197620982
-1.4592204504747472,0.23552228419799234,-0.9141980881455438,-0.8067369574625748,1.51645697372931,-0.11121511892553132,-0.005414156441010523,-0.06333624278450754,-0.17461779711845649,-0.0802866509268301,0.21686062041445245,1.0529279663643347,-0.12466482238541017
1.4425760760590522,0.23213626879517577,1.5769358222239256,1.3284882825081312,0.3736964388416042,0.7005553108221177,-0.6196012029447457,-1.6366778337450345,1.470560835198842,0.03600884495202599,0.6572112468302336,-0.33826075991177723,-0.6725933210848876
-1.787545228458434,1.00305354357093,-0.5935362891333573,-1.2306361207696086,-0.37697475575435196,0.192725077775409,0.062349348138981554,-0.10119704457401806,0.20091102408354328,-0.09412467729954642,0.3254082113404964,0.056437161081448785,0.3235418283967576
1.142685320366697,-3.2028878563540766,0.5753875360468824,-2.771024017610806,1.0248560641328546,1.406122215612781,-0.42346296391766297,-1.2823988575437142,-0.7689871705281396,-2.1028088778720866,-0.9385708661606688,0.9553897805538674,-0.02209074236855218
-0.6387079836972334,0.34852299713768725,-0.6793763625078808,-0.3903795678123611,1.4194856674661067,-0.23518718476872502,0.3704586954992952,0.3463988115125841,-0.38040426581696285,-0.6746799532552029,0.508696750845125,1.2059747541903556,-0.6439081202304644
-1.6141697467871028,0.7984671813730728,-0.3644531418898801,-0.7467571206210838,-0.29390074817554784,0.23507422679329595,0.1380122984455448,-0.20601356335370904,0.21641686640620228,-0.12233553202336016,0.26744989772455857,0.0694435413576604,0.057863421649275854
1.0319580159616815,-1.281939382086567,-0.7592798503260562,4.176091349940678,0.15312633709983273,-2.1895648301402586,-1.2758562409454866,-1.7671213676167428,1.8163903934151773,2.016637098666152,1.5049906036940819,-2.3929154971030746,-0.536490829398786
-1.4181081013812207,0.4363706248064798,0.8022631797498138,-0.11582359713700262,-0.779011239435792,0.30325771910061117,0.18230126583674433,0.40240642958503603,0.21650285945279507,-0.06025311869803353,0.10016697042604318,-0.12665133095012016,0.301093310133709
-2.0961217933016343,0.7612033106658935,-0.3635582240194085,-0.9848995354487257,-0.27659315859872424,0.2926709493711149,-0.16214396529347566,-0.705250809756253,0.39272945898413997,0.5243365537344975,-0.1678286923008796,-0.25140468881481276,0.44426228063900747
-2.1931858300250955,0.5338488267341338,-0.5996393066173378,-0.5434775654897862,-0.8521402850134193,0.3400072645787316,0.19511031005055693,-0.16620242552031794,0.3271965816339163,-0.2174309509493181,0.1306091385745745,-0.6489691728085301,-0.8951705353592071
0.708207829517749,-0.6526436468072109,-1.484966461605293,3.080733260590848,-0.7519339122450907,0.3630580376082837,-0.37810442434408714,-0.4353736689168459,0.6658136809020119,1.2504272969064183,0.1517796749237802,-0.3063119550325962,-0.8495036038133185
-1.0765219925715768,0.6203757934648437,0.7802215413571658,0.37682548242248143,-0.5110143583850674,0.12894317120880205,0.0536889547294697,-0.13698392131312495,0.34180083421282637,0.025443313729305993,-0.19134455671196562,-0.4875913094812568,-0.13923026878270178
1.291538737734509,-0.13626189693205373,0.9011271344800692,0.7369984560423567,-0.6885388794382024,1.765365677126572,-0.4494954638897505,-1.3394895781774308,1.6415004424674373,0.16438113626774795,-0.26542396891536385,-1.2707946168991733,-2.066810584473339
0.8798730620910012,0.05133453945348415,1.1845541483024442,0.9159092433783513,-0.017741496752944164,1.0540530339606402,-0.18918411413718705,-1.297541749430868,1.404413411245366,0.13307969248958337,-0.1105768410589572,-1.0194131414900125,-1.9426833874256202
1.780418043874741,1.332275883138756,2.289516404759899,0.6291247391171256,0.9476674287856817,-0.3698653052257921,-0.20338563669790882,-1.410445665465396,1.187628449798506,0.17830542616042724,0.4954975511039855,-0.7907281661969063,-1.410952964070272
-1.433156248943492,0.5939861350576711,0.7619316445467718,-0.20196093569443593,-0.8935700924914014,0.29066301436888003,0.14944483003618453,0.296286976758431,0.29587212856004264,-0.04523243809200777,0.08233651770086327,-0.2927448089439934,0.30785105338113106
-1.6977819011494526,0.9084171046946454,-0.8492852415361392,-0.9378087446824772,0.07643415356443693,-0.005906955554176103,-0.14360339326847152,-0.05322960054529408,-0.06433579459644717,0.006296600497288674,0.11046832977113417,0.2657051301803335,0.2856364538435008
-2.446916624950096,0.6120319019495207,-0.47563280158660554,0.07011341660645505,1.8260777643128567,0.3027274389506811,-2.3974187912759057,0.7888724623897087,-3.1399529609879466,1.7669193805434629,1.5560631570408272,-1.6192950240907318,0.45925026314952905
-1.258774627419787,0.5414880059558007,0.8772152793038737,0.03235984775810054,-0.743950044746321,0.27431447202528875,0.19318457841189954,0.11553285992005254,0.36156372878516685,-0.05149855101045912,0.02612138231852653,-0.35244729096918037,0.07892557443648583
-0.7696850252310806,0.4543675039242609,-0.3505301380585307,-0.10215893270457861,1.264344578434991,-0.11763020315335497,0.1594153890590147,-1.822395493641923,0.9044602816691159,-0.6905807916245992,0.35295335185054294,-0.04821439799747661,-0.9531367422868635
-0.11716588516440173,-0.49464241022816374,0.5443502318818669,1.7121515343826645,-1.2935979644962314,-0.07297860685004837,0.3809535135275479,-1.385600158924976,1.3877041226668116,1.4693410991138807,1.5579812794463443,-1.8871138624616053,-0.2879620868583599
1.2703851472989565,1.0376907001235085,1.9552406935909048,0.005809202819957295,0.5212924805266093,-0.4754206788023631,-0.0051299798819843395,-0.7702060355200581,0.5562676931622581,0.039061381708829244,0.2831681380516298,-0.7874305149657801,-1.428784103236427
-1.3998531266067225,0.6160092046598543,-0.5783476621947714,-1.2418074807371045,0.719205446923453,0.02479540875053905,0.19965898899145315,-0.12617121490691055,0.07483281432308882,-0.10714235176970319,0.3267427250462057,0.5694675589503112,0.016079335504591
-1.1561887295522932,0.5678171028901834,0.7427454915801359,0.3027337599749299,-0.5285449557298029,0.14341479474646326,0.04824729844189211,0.006452863519366668,0.26927039954664045,0.02106602988551879,-0.1543217626582074,-0.3746933294717266,-0.028146400934090376
4.902382666325488,-8.53735187322054,-0.17053042777107277,-1.8727708503599263,2.2935087243985444,-0.35471733625808255,3.5066103169645353,-2.297436987552516,4.32723682127867,5.1526588522357475,2.3182077234649685,-4.093498020690885,3.317524537640239
0.7644771020147417,-0.2834246921350478,-0.37684603336023687,3.3098242936710442,-1.2227170067704896,-2.40518236761727,1.2973621876693067,-3.24949143636541,2.4666888630179598,3.4842812898583944,3.6149117811421507,-5.090579688607828,0.3592134390340566
-1.913196329468976,0.9029567006240776,-0.7607873924243265,-0.9145953190721734,0.0891646630198748,0.03276125856798102,-0.32581096006743226,-0.5519909452374165,0.1331845940429374,0.4359327888591228,-0.22966218172870279,-0.0744880425135561,0.38287289343756103
-1.4909786707366521,0.5771667450632596,-1.3244159781464577,-0.009910281177621891,2.06575921896525,-1.269734714249542,-0.2718799868597485,0.15206598624646409,-1.0310830224172332,0.2905067834240108,-0.20138753791231592,1.32550418625072,0.14462532027543726
-1.732160642479618,0.947761495155062,-0.5913664852849878,-1.2322320293363938,-0.22037758394323687,0.1687351250575704,0.08196501111790615,-0.10476478319300268,0.1828998512606212,-0.09598434508099737,0.32559885615559775,0.12972721791985778,0.27961861512644803
-1.233699368670274,0.4501330594122506,-0.5718382506496631,-1.24659520643746,1.1889969623567973,-0.04717444940297665,0.2585059779282267,-0.13687443076386452,0.02079929585432251,-0.11272135511405608,0.32731465949150973,0.789337729465538,-0.1156903043063375
0.5785659003016995,-0.5386891377210005,-0.4854461061577556,2.828841059541933,-1.3297832969671706,-0.08229723579344274,-0.09513066018619987,-1.020623294186973,0.4764003356100978,-0.17647811290001583,0.8780025538779076,-1.479689151901385,-1.0475156761740858
-1.2632408852190038,0.11120400036038121,-0.7222830513543277,-0.5334023709837709,1.6762143967407186,-0.24558176014053293,-0.04718530106056951,-0.09656926465669677,-0.26193386892675086,-0.10104939541650478,0.4186048675772937,1.1321502802190222,-0.32899092463248103
-0.9034304918971238,-0.5396697629340681,1.7740798518075882,0.24412923211604556,-1.8117586353174353,0.36755467216914683,-0.122789131189057,1.019710505362215,0.2198032181637099,0.08738138750976766,-0.015234731856553232,-0.34566627664837685,0.526348752873518
-1.8920563861379642,-1.494726680327907,-1.8582549584623975,0.41727285682689763,3.954930973551048,-0.9738165381484266,2.8399074425054733,0.7071634659979879,-0.4953170778793264,1.1633906571360195,-1.1304675512163438,0.7891045413701248,1.3186153755838252
-1.0911557992076555,0.6706060618388525,0.622778733648795,-0.04581216125892055,0.03634145130723273,-0.36317782218187095,0.011543452943489525,-0.023525775091834927,0.2747293781421543,0.16391713660440083,-0.39011050173066875,-0.5587223666003405,-0.4040602278891213
3.719843635764042,-5.484974919260839,-0.48319541943706246,-5.242716575268923,1.0099862326591165,0.8391448211858253,0.49518791671155576,-0.4419723486125085,1.2936448371689957,2.1117267192408877,-0.14596071512127784,0.4371639857568013,-2.1262244387698037
-1.3321849981818688,0.3671760965397887,-0.05819711958135753,-0.15969371034829072,0.2466618704188076,0.006095748460828368,-0.004751267037113635,0.11031010676245108,-0.11227597538741349,-0.0405703832568251,-0.03882740937052191,0.3172693479165937,0.02792406159481476
-0.9636197826151593,0.2255451352772905,0.04210169147897182,-0.012911828005314234,-1.1008454973672168,0.48175833025412523,-0.1352704283611781,0.4742736779369426,0.6088185909163211,0.3654487707887007,0.43723310621845163,0.1633426261034072,0.5306920505867692
3.082046150796253,-8.755425766014286,-0.4899647934920861,-6.007194480915138,1.5646038636586566,0.8676090071815972,0.31638531081232685,-1.0108599123589317,1.0213557333712222,0.7616361236314839,0.05579315802874256,0.4472888399190102,-2.190839008604704
-1.0419624625552426,-1.669566144104839,1.5020896261886074,0.5535975023958694,0.5708660968583696,-0.02989000682287479,1.3799861110684486,-1.250008947260644,-0.5336857013253841,-3.273978360169209,-2.2560284503466153,-2.9002684065372217,4.503480449467682
-1.4359824957333855,-0.4390175174368905,-0.5349434117447285,-0.8615085860819572,1.5526493473444551,0.5645544646571056,1.82660349109297,0.23107374659311722,0.7212839165927561,0.7497686787413991,-0.30855630602983897,0.17547492960193176,0.6932624427427918
-1.0650624121281882,0.6072609966447048,0.694248622606782,0.47496657730712044,-0.41207711254917606,0.07072914433821993,-0.021500513399322782,-0.11980552709722207,0.25938895226047026,0.05953696225540136,-0.26305473217345343,-0.44226533872776486,-0.13722432254368422
-0.26403316238679864,-1.3733068676672011,1.6664315037107553,0.44625687476134634,-2.1082986135826363,0.5018847077016283,-0.3541178494077955,0.8910969176961383,0.15135736895655802,0.1300182893036272,-0.2647539670551461,-0.1670356137178255,-0.025469009179798552
0.5002417619396174,-1.8582275941602013,-0.08853078687227148,-1.5013088312528147,-1.0330985467586065,-0.9383059193802229,-2.796149889534356,1.7481634256138685,0.1491513449164062,0.6689915572513668,-0.14351949465041766,0.06171464115913658,-0.03152734399028644
-2.552786902446725,0.43059011996365043,0.1803330203234084,1.2452374080847814,0.016594220651669944,-3.6362800494392635,0.057025060787360894,1.419876899891438,-0.8314304345800485,0.8600912749726334,-0.9647889054205853,-0.9749857833814656,0.1696065804147057
1.627751414482738,-2.9813764395190656,-3.4246910691188055,-0.19308513412169448,2.4100942721375582,3.1266777668857673,0.09226489862238312,-0.1371177599049358,2.19177908355976,0.7393959764881531,0.6579586593651437,2.2600519115637288,-0.38815224572770424
0.9183969953536121,0.8312490189815394,-3.096906590549334,0.47862368560906354,-1.664432815775757,-1.4061620583795504,-0.15784355196827426,-1.611716502176932,0.9620517648479076,2.7000454674234398,0.6539616159821036,-3.0198295171420892,0.2988062282655425
-0.6426803528457578,-1.5105806178797558,-1.8218340677555636,0.34379865048641006,-1.256095503286067,-1.0803778641885728,-1.013854710427944,-0.34332255139551665,0.6387306971412169,-0.6485540272525315,1.4106205115433457,-1.220683950194985,0.6225449267606248
-1.7415213634765485,0.3860413422848335,1.0526109442232532,-0.5389198158205201,-1.3653187028698919,0.543138022893234,-0.09019067433461625,0.43963764875126965,-0.03456492767583177,0.6633938393683628,-0.045008335949214495,-0.002664428878008205,0.9974659097179244
1.97894678262257,-0.5506278769012479,-3.4758019532196966,0.6971297270654571,2.584143281580902,4.100392431447478,0.6707037763806967,0.10616928034097521,0.13740126276140338,0.48261442589003245,-1.7299566545829494,1.1010324365815127,-1.1961805471308045
3.656484771496477,1.0067797575438409,-2.1528569104512565,0.93059652339349,-4.619026365694386,1.8358186708682154,2.4070071995868667,-4.412598060607934,-5.089907998686399,3.5166900886937613,-0.5159337640268935,1.3278991062323595,-0.7119717830877138
1.7665693138668763,2.1838556630756347,1.17334940549578,-3.2025042924077245,0.576859504976013,-2.156063000679752,-0.11528783698279006,-0.6021525678962764,-1.5303553698420214,0.3692345642057101,-1.622450737617917,-1.135672582132089,-1.1329586417089508
-1.472446564665891,-0.24966272809976384,0.49971769950855327,-0.34068101988630667,-0.4630085762146406,0.13838463348407623,-0.1191852593497786,0.1479943350000527,-0.6303249452914964,-0.8603108255134788,-0.7999002693933094,-0.09527415336760157,0.2933121282702981
-0.6502780878794447,0.1421941629094289,-2.2366104863406426,-0.30207457113399233,0.5883503473023628,0.48011371262908353,2.4025694749148965,0.10461126549675923,-0.05212276362330097,0.9636630734287593,-0.05687052161749581,-1.0526286666762386,1.6183016114540485
-1.8692402040888882,0.9835934589446875,-0.723534660592563,-0.8466994359713133,0.43109891341074635,0.40399029951161713,-0.5685382071699456,-0.008962323863342163,-0.5564230948740955,0.2980965719290928,0.3014594206902423,-0.1312774168758835,0.25197615079538643
1.1548691213119997,2.173385798649813,1.3600818500891454,-0.19483531015337444,1.0211282772184,-1.5009234814188002,-0.33939266095546405,-2.0524246074710915,-0.09025081645139026,-0.2670481129936144,-0.26911850217968736,-1.6046689636920834,-0.7621699667297509
3.254607218905378,2.201072397001494,0.07246094586764537,-2.2611976549597577,-0.3652072292643604,-0.5384242444323539,-0.9666326902439994,0.37409183641173377,-0.7178865048853685,1.4041678390616705,-1.147507908885856,-1.6039017588848097,0.08660428405731839
-1.632251682892444,0.44642332550106495,-0.6008708613449287,0.06457680971724436,0.29225393204426475,-0.0215471108148425,-0.24286844867204402,-0.1485300030306384,-0.14872818032722726,-0.07656992379971347,0.2870299303488547,0.4575820628646366,-0.15343125243785022
-1.608586265082938,0.355869759238307,0.7086171469031443,0.11241639822718397,-0.35053512212346954,-0.040120207781542246,-0.05281961468357452,0.5256049083739789,-0.04791089621239339,-0.058793507418681924,-0.21418201839893075,0.17988121516621683,0.2645163907987351
0.52017994340411,0.5521745040049655,-2.6808445755215504,1.10734116284801,-1.665380307051714,0.4595270218876792,0.03536300154451175,-0.13517773739318942,-0.9779011858273665,0.2891546631681915,0.07017335061906613,-0.8554058949138501,0.13712531182974916
0.3489108756504123,0.6493255082890704,-1.9699147823560734,-0.4074186080616827,-0.08361663903317679,-1.0849178022800763,-1.3013431443774885,0.26312427710615416,0.46842745477172604,1.1294094459188018,-0.5131631316506066,-1.3106883655322097,-0.20646293063758128
-0.12627755136059554,1.0588614420421816,0.8587628151369103,-0.6791625852343539,0.17344033138267465,-0.7978358773605392,0.4741732338000222,-0.26237216858946966,0.20387584535183628,-0.29517909032410916,0.1700708317184825,-0.484705526720505,-1.0685653665201742
1.8155394308442983,0.5041900235252789,-0.4542565426616721,-0.11658217432650107,-0.3702313795733098,-1.4567885225277972,-0.832640005002796,0.1333780226666307,-1.1565572502794095,0.8089422693019799,-0.9930628500047817,-1.258992339428387,-0.6531852858137354
3.250946692424929,-0.322523501520479,-3.0661990606556744,0.5883789179237747,-2.861052318681213,1.063087966515054,0.35283403723176643,0.8203663521991758,0.5310165552766944,-1.0614770277377243,-0.7520928634929787,0.7615682328540375,-0.07816266230134866
0.4646073547782044,1.0062862873545744,1.3160663077936923,0.3155655731388135,0.9968916193030161,-0.7112701339398366,0.2398934044015967,-0.06431368447349262,0.5513881759472892,-0.5446867888210416,0.7996759730591966,0.28371738699264226,-0.21874091358815356
2.0133672194026238,-0.9003601669392901,-2.4469720739259833,1.4947031979774346,-2.1215257349722485,-3.101532417016886,3.796185605113189,0.08579304097454045,3.4649029969629406,-2.580954009326144,-2.968027489528558,3.506409717037574,1.8716659472703443
1.649729073212616,1.9401549813510692,1.4730627219294052,-1.5045742121093757,0.2005198192259424,-0.8433481075436502,0.43539206635897854,-0.3493780916663572,0.288269178601753,-0.11983848910140055,0.31382425134181585,-0.7785030377168541,-1.5837955463270899
1.5757145657250307,2.3243060669577895,0.718162077786385,-0.2326976518242946,0.9896550231052658,-0.7918882172770083,-0.0791388080184606,-0.608366794242312,0.5458798197865048,-0.6871993327395424,1.1002150112575328,0.2527580798436124,0.7068343119266143
-1.7006148184510101,0.7314937734686588,-0.5794045517845636,-1.373960846805654,-0.2595787827774128,0.05228275906376463,-0.012989826131120777,-0.1462310365407258,0.19382006045349243,-0.08595837176424903,0.3853993268216483,0.15865454344836286,0.27927693021655015
-0.18587038444266987,0.9234439319789871,0.8370085120252003,0.5451848707485101,1.1093215363672766,-0.17277995450906922,-1.632748408535698,1.4433283753787027,2.4401878534507917,-1.5104440386357967,-0.512293413696124,-2.186223718162315,0.0802966304101022
-1.6748627402626757,0.8821875110543677,-1.0212310790369066,-0.7415265549131994,0.27430864523621956,-0.12233500929534037,-0.2939823295260565,-0.018872812113488346,-0.22915955850115935,0.07448389754947939,-0.03295202115184144,0.35635707168731723,0.2896483463215359
-2.2204144092524047,0.3022478281383871,0.9755324896631143,-0.477116922995278,0.933658530594754,0.501680454627101,-2.0495389980066263,0.5312175090848793,-0.5710652346094568,1.4432832975819023,-0.7209333400389029,-0.5102161233221216,1.0376902757530695
-1.732160642479618,0.947761495155062,-0.5913664852849878,-1.2322320293363938,-0.22037758394323687,0.1687351250575704,0.08196501111790615,-0.10476478319300268,0.1828998512606212,-0.09598434508099737,0.32559885615559775,0.12972721791985778,0.27961861512644803
0.9434080464774331,-5.878125303171968,-0.4248482726057768,-3.2940850349508732,-0.13564953935698526,0.671291248141043,-1.1479020915388196,-1.2083324733802372,-0.48884279989039625,-2.234749695991739,0.09045559786022968,0.16800919529210834,-0.311380615799605
-0.7585093183716902,1.716764852313213,0.40928588689241463,1.2864093779602148,-0.03790079351047068,0.32386574048654476,-0.018378952666214296,0.2342976273180517,0.13799396688285034,-0.21861801478041973,0.08399158714796803,-0.40259936904691684,0.3844490723122109
-0.8424867131713004,-0.5449589539438692,-1.2573970270830206,-0.21443552656735146,1.3721828049028528,0.237010248316485,0.8658317083547277,0.382519060140619,0.18853694331787715,0.8470627766264511,-0.8048244434846472,0.005050059336207761,0.6278705910769953
0.6373738352256999,-0.4467111924540713,-3.154683770012283,0.2791064900740751,-0.4592469842516387,0.7597805324887353,0.9360523705602918,-0.10321556554750512,-1.2353860507221046,-0.15895286392247804,0.5670688637254392,-0.7779038146759532,0.10277677328367922
3.0637091490603536,0.8762701116486934,-3.6190523108800803,2.0807579058262937,-2.2434198331653405,0.3216060011194253,0.16806842173178005,0.7575187875970796,-2.3941102612930973,-0.5712374316442781,0.39164337785781195,-0.6389141527212969,-0.3170053476319227
1.9186378499751684,1.266589035721262,1.6681073210288064,-0.8663233760457312,0.4288464725613155,-1.2909492058243333,0.31215860485466085,-0.1796809041545911,-0.4200864872203948,0.3927131629413142,-0.69513443322686,-0.5058050586888374,-1.209537978443827
-0.7204315230325632,0.3109711133502966,-1.120752666038885,-0.7576710147266572,0.5810073380371495,0.12774021581671083,0.47299050435522205,0.6552771676904325,-0.22376296794788636,-0.47480132121882673,0.30752243439125043,0.6386392298625987,-0.08917452991562724
-1.703642759702379,-0.011436258199746197,-1.4064788277433415,-0.44795220575773176,1.2126563265266905,-0.20897381602678525,2.846058667591503,-0.2876315234264907,-0.9013206979863415,-2.2794013118645977,3.9901008065650605,-2.1828025488114497,0.4122504751254146
-1.7092414815928412,0.9215319015147843,-0.7633123227857554,-1.035949839567116,-0.022503092271454295,0.05230707131640612,-0.068413925139679,-0.07040799476119693,0.018076087355908946,-0.027797048028806677,0.182178505232622,0.2203791594268416,0.28363050760448316
-1.667570749896675,0.8105401329769585,-0.8832137719293525,-1.1063512334304513,-0.230611009407638,-0.2123191549904952,-0.3989034909489355,0.3849919960589293,0.09054698172011931,0.2624322350956155,-0.07943590998090554,-0.17062731838575673,0.4248103758630964
-1.4213567952941029,1.0924742197730173,-0.4210570564836982,-1.2102756245687412,-0.6347703448055696,0.24630542489417723,0.8343522606320186,-1.0875184109929823,-0.7857095191543569,0.547584216498289,0.8856470426873514,1.2781414343619961,0.8752744764527596
-1.9613545845888165,0.7732557012359562,-0.40389958055441544,-0.8134367701140099,-0.12124738009146588,0.09668500396169045,0.016129381820612333,-0.13297228255812632,0.18833357777136944,-0.20081603754746016,0.6859004157537062,0.23847536802779135,0.16002243906091637
-1.8367614127688856,0.43808855189531987,-0.6133094306878164,-0.07768853281414158,0.1537133559728798,-0.08684002336393971,-0.7363866334616911,-0.43673008477837955,-0.019142477756562658,0.49992386191300964,-0.4207782149752146,0.15399823269636112,0.33269571719118207
3.996762393168617,0.31683433093778207,-4.056499616877088,2.263445830777015,-2.236510199114307,-0.0022239951324230264,-0.6310415149800869,1.0746919721628716,-2.236374344439982,0.6283455612916469,-0.11017201666454575,-1.035713132126053,-0.057002209138202795
-2.7630287421557282,-0.5948046861165833,-1.7788961488760373,0.058844107053675626,1.5083684526901475,-0.3974960625629216,-0.6637334535136845,-0.38649975394810865,-0.4057278216352269,0.565058137063895,-0.7008520177431575,-0.18689288123399644,-1.8505523309405052
-1.5251466126080457,0.19901685177980274,-0.1546471149181966,0.25949137268806566,0.09478279121657804,0.31939167406426927,0.3566148328987056,-0.25544206211529535,0.21988622513209602,-0.07962645083666701,0.3525953537212382,0.1994516613785293,-0.19899917907813988
4.35862179042249,1.2071056053247642,-2.8984653801985796,0.2878954388108719,-1.6883368525778089,1.0951475402693875,-0.13596643666278968,0.277198370396413,-0.12119229268679871,0.47518544686439845,0.5613888562581604,-1.514143191296576,-0.17257685738226275
-1.3722697796076666,0.3839114375259243,0.4583715047482787,0.276740782401553,-0.38326225609222675,0.07040161161828253,-0.11845660667842584,0.47112000644864743,-0.11314466835662945,0.07612147540634791,-0.1866737314199081,0.05465255206384737,0.3091170950897793
-1.1715201166062013,0.32941580113592933,-1.0463924576569446,0.09565179122478301,1.3384958314165651,-0.22551057025118332,-0.15293732340886068,-0.44755060300846555,-0.3709442274428019,-0.006628972359673074,-0.1694401031564033,0.7795710944075424,-0.5136736723123266
-1.4618001097644222,0.6098284771306671,-0.39545855474592395,0.03314107274814322,-0.0706121749001851,0.12677124791727495,-0.0315088186131942,-0.2557271608667067,0.0026982356947149577,-0.046405773387436795,-0.005829587090944117,0.14513777705593883,-0.15787393311084358
-0.5574081538366682,-0.3569276524892387,-0.8484597545399921,-1.5806093830425083,0.8325605274296431,-0.7982472727263067,-0.3489666389830278,-0.3425282569306062,-0.327662626634207,0.23139488900094762,0.49255825360822897,0.8766940338799554,-0.06813687322920219
-1.5837306201366819,0.05531722161185776,0.5913563599621567,0.6700711847827012,-0.1952566031606282,0.07320630032238191,-0.2924040928241137,0.282227709978291,-0.08614721029403513,0.1981419417846367,-0.03180685567270013,0.14783959421467616,0.19395878976791883
-1.663403159819287,0.8690727142342287,-1.1072039977872905,-0.6433854600285603,0.3732458910721109,-0.18054903616592263,-0.3691717976548492,-0.0016944178975854152,-0.3115714404535156,0.10857754607557484,-0.10466219661332939,0.4016830424408092,0.29165429256055353
-1.645323671596311,0.5856292721586321,-0.3787767569426064,-0.36943632520326314,-0.06802637108882502,0.16101671317217395,0.009407580581806414,-0.19632184683150009,0.11033997183784285,-0.14864787408442132,0.40002021190990245,0.2526592711064913,-0.08634293814050427
-1.653151313471114,-0.2712808634465842,1.8753462772424045,1.0167393872654984,-0.11792414690914879,0.4024999808978239,-0.4979355553552205,1.1151331652936167,-0.5766111534038693,0.6405365408302348,-0.25110382847283635,-0.3109210247729545,0.1872651090385605
1.5207765176743022,0.4478575504341131,-3.4067033843775296,1.6866123636695933,0.10899799952465075,-0.5102824434068073,-0.9211308706301327,-0.849761483990153,-0.3099418425587059,0.6983817767537123,1.1302050217057054,-0.6668240390742902,-0.007633103349296879
-1.5346553984815328,0.600044603562556,0.34181445086177165,-0.11534183312884601,0.13235836372191112,-0.07187582147267237,-0.6450441618766062,0.027076740184174334,-0.17839798579574584,0.8673292213290525,-0.6484286146201607,0.28133078008896667,1.462723823844373
-1.599624636337391,0.7667767191097048,-0.4701169581442593,-0.6534891714433713,0.016102113106125953,-0.08814476775562065,-0.16025505405504403,-0.3748400957604661,0.2652567816287333,0.280941733141266,-0.1889388208724118,-0.2706140796416828,-0.06391088742346016
-1.4966040593420873,0.34170513948714476,0.9362677172358287,0.03823384404663423,-0.44594690480199156,0.20155743195915835,0.0638907069837529,0.24112130888013206,0.37906553700558404,-0.0030086904653955017,0.11685825989606739,-0.022789564559566853,0.14610706616209898
-1.2272368014143873,0.6284817176960995,0.5623167145658027,0.026889785207094362,0.13287865319847514,-0.39482193022254397,-0.1574706267285722,-0.18400966080574757,0.2548124731763975,0.4106402373895195,-0.6133745359151961,-0.6270439921890283,-0.2978941279287679
0.464052536175152,-7.197964651273069,-1.5311326049001375,-0.12955446540252952,-1.8637586255747025,-2.452670866975378,-1.8860763514682308,-0.13937150480131147,-0.3042882399427161,-2.104275818970659,-1.4963411512452083,-0.3127761400337126,-0.14456810054047503
-1.894435607368314,-0.15377879320814183,0.6486360164097921,0.1521256132019205,-0.3971395363707238,0.14428420192921107,0.17643731250413858,0.10614158846872063,0.3884403436869857,0.03592184215064597,-0.06197823636803962,-0.7036149318437037,-1.0574638459596184
-1.6290244184891216,0.8297283237738121,-1.3651227540384416,-0.3489621753746435,0.6700576285797848,-0.3551911167776692,-0.5947402020412266,0.04984076475012322,-0.5588070863105841,0.21085849165386106,-0.3197927229977928,0.5376609547012849,0.2976721312776062
0.6173085334759547,1.5004484383606698,0.566558832341477,0.021956585414789793,-0.34127193230130975,-0.6691897320792782,0.23018904220378913,0.4707659867835768,-0.7896615940542541,0.1498822277513068,-0.26595036171385983,-0.9292958791326321,-0.5695335137659305
-0.6216359822377627,1.013396477120285,1.55746260671339,2.05512491358121,-0.2743942573026386,1.3403306031185522,0.2518614688670205,-0.5599656951835328,0.8353604166502476,-0.24651132362748276,0.3415538663464174,-0.5372717879980308,-1.0222976052803248
-2.295122438302966,0.6776158633609177,-0.9000206272957787,-1.1923733523436515,-0.5975122275592232,0.22756517621325892,0.13999625659262993,-0.03477179059169416,0.2644960552835528,-0.1841557028076187,0.20833172796439467,-0.49530088055385796,-0.6434201573266204
1.910798123539157,0.3123958499428369,0.12185173142341335,1.1232137712153496,-1.3692370970689418,2.492222812360636,-1.2408029849171647,-0.2080666136578504,0.3795405748344019,0.07669871923789191,0.13602960657478483,-0.2353113589881595,-0.7055492937793173
-0.8330201144871743,0.352361605705903,-1.3248725584319756,-0.3750413779957836,2.139822043965177,-0.5184358646022035,-0.4714458920065302,0.014945341089059292,-0.7710264490030247,0.23959430856352182,-0.3330593468744421,1.4304105972848697,0.15424373295515517
-1.4945664428341092,0.5230817177536553,-0.2736609841467115,0.07458982813009515,-0.10608085511066045,0.17706353141258727,0.016973024648125452,-0.2766488939294565,0.07327761133906945,-0.11070241720711042,0.1680208331939595,0.1687566858001164,-0.2329860323642599
-1.732160642479618,0.947761495155062,-0.5913664852849878,-1.2322320293363938,-0.22037758394323687,0.1687351250575704,0.08196501111790615,-0.10476478319300268,0.1828998512606212,-0.09598434508099737,0.32559885615559775,0.12972721791985778,0.27961861512644803
-1.7406448375677148,0.4818611471032308,-0.9006446150028975,-0.05204846362604784,0.10349711265460326,-0.011162337499599762,-0.3372926151703067,-0.75126436876691,0.24037260498454924,-0.5768939033744569,0.3041734189013079,0.24367027468345545,0.1538646392165486
0.40875842445481525,-0.4661140091562547,-0.7362908568880532,-1.3469371073711944,-0.35982196246841036,0.7175274297878411,2.147032654428553,-1.5444036804864612,-2.877887275167045,1.4020664380093752,0.5584509221653443,2.8913543133440696,-0.09783213245094573
-1.4604206986561696,0.3524567265647804,0.5779992714991219,0.3197854463502899,-0.5753281081138175,0.14468384783143326,-0.08959042639603074,0.4537660120048823,-0.024554119889352927,0.013684499368125276,-0.013013955950105925,0.004981403969615993,0.2779282091066725
-0.7052212284591686,-0.9057776420346847,-1.6443788808446422,0.9201094133968711,-0.09721723009361002,0.002616734652780834,-0.8406344534794177,0.48896469061438924,-0.14604641739834498,0.414642620354328,-0.26595877555980285,-0.17860215018071457,-1.4738687316247525
-0.8547541342156437,0.48344447155905984,-0.7598491488900476,0.5078991719745941,0.23361672605937744,-0.13480807901464728,0.2994870894485927,0.682960947282114,-0.4772453575996072,-1.1028188532809324,0.6717612025093928,0.7379199371186606,-1.0993717663418852
-2.917987904810245,-0.5664769633517388,0.42649835487852844,0.08808320025585761,0.9522936395208261,-0.805121039117405,-2.257203903226187,-0.8196258349584045,1.376681583211073,2.3415641000345606,-2.6064316393774125,-0.8668567293471672,0.1110193184659321
-1.511345433089464,1.1837784841347043,-1.020061169599204,2.391873617885438,-0.6035309041845143,-2.096350606689333,1.2533514839170576,-0.5849997152192004,-0.9649348836680443,0.5666606702572331,0.7976482097420534,-0.83411053261704,0.15080661954330962
-0.7919456417649735,-1.1063736214940918,-0.8754358332624642,-0.34110364131102117,0.10177530301869592,1.0815101556051678,0.5967668230591999,-0.5258346845979462,-0.38711491764890293,-1.2599150333330575,-0.20935759440683632,-0.18679996814542962,-0.5451782617063139
-1.086312108287779,0.30786634319737927,-0.10967522414411936,0.5814734823614345,0.2434376884403714,0.19269224116317904,0.1129537332514217,-0.38117263448956823,0.00977514902951966,-0.20206550746786345,0.11598338588393582,0.29204724144138094,-0.49000943083361204
2.07348012387875,1.9117731506058886,1.354408458275802,0.2860532902740102,1.4880942711712037,-1.109655885257695,-0.4286279793834184,-0.5402525420520763,0.3512408426341648,0.3197118244059303,0.21835355991550798,0.35638772303505456,1.0976407508087962
-1.2281870637962462,1.0128058824317758,-1.05801289111426,-0.2601842232171321,-0.1551403599104746,0.03629230228752201,-0.30896749749463226,-0.3140649138794165,-0.2838306395342451,-0.10647345144153755,0.3399290264319471,-0.09539129127735861,0.30900785675162384
-0.9063404375126127,-0.692884188614347,-0.14144249914095497,-0.0317918771387657,0.6102123079334352,0.7272851898742099,0.6579384574233225,-0.01983994508225058,-0.06189415647740701,-0.7228279370968346,0.6324572505469155,0.21815486751913893,0.10116786129827639
-1.4628706605526738,0.6638521785262083,-1.3586133424933335,-0.3537499010749989,1.1398491440131293,-0.4271609749311849,-0.5358932131044533,0.039137548893169276,-0.6128406047793507,0.20527948830950812,-0.3192207885524888,0.7575311252165116,0.16590249146667777
-0.10754869508918484,0.5132707489629357,-1.750986559413091,0.9438280322978748,-1.5074683367802,-1.1375019477797172,0.6128292031925181,-1.5317564554552288,1.661617196977598,-1.459697126008914,-1.6910026825922333,2.0198321136566917,0.5248445838209204
-0.9194205989205448,0.9629004937198274,-0.6123685244615624,1.1552792166171486,0.6446354794986959,0.1802240473113156,-0.746664183018219,-1.6386056265180815,0.07392772988561062,-0.4806274372783594,-0.35434656825126415,0.4274555699023343,0.36051125178146365
-1.1567062477435903,0.3914944557299073,1.9561241599921544,-0.29108361391556975,-0.05379966590825211,-0.6569925982626389,-0.020751761254262133,-0.8735443902743779,0.5761703970196294,1.4284429875546145,-0.6927557911099753,-0.8954211528989179,-1.545344844564897
-1.7812851279867776,0.48330308163505276,0.7042681756500672,0.016863560860059225,-1.065877611090427,0.11397968119990393,0.23080243413978027,0.47408345542685776,0.15832097338324425,-0.05565546955772016,0.09978374346372919,-0.36553984727851624,0.11809096872986768
1.1927039875433905,1.647025172780094,-0.30627109003842135,0.3684258502797899,1.1338102013768985,-1.06606073413045,0.3855511570385609,-0.14118868682513194,-0.0009001574753297201,-1.2955053751541281,0.8383396189324457,-0.09269127866041181,-1.593738372401286
0.17786639150651698,1.2539842491994422,0.33907937554319156,-1.8725590454003438,-0.2708030548874606,-0.548784216103486,0.4699805966192593,-0.7803077606593728,-0.7352405532215033,-0.12105481891366103,-0.6338220432859599,-1.1305694206846073,-1.1559291821047881
-1.2997916770540594,-1.6457552934678217,-0.5905565767851317,-1.2784760109716649,-0.4472440834749788,-1.5483221779027487,-1.2111172136826724,-0.5539237128268724,-0.3345853696218651,-0.21763869886776624,2.035056461045886,1.2534235207456175,-0.151916399471622
-0.44185343017755957,0.18054267530735682,-1.7780770538299748,-0.17655329736338865,2.4579972630833953,-0.45349515723223677,-1.7763831641689454,1.9097110439035372,1.5574222937524609,-1.4832388114346398,0.9406146930786035,0.13728860556786987,0.453514859734169
2.5971791498598873,1.9688105134294935,2.1645209326366444,-1.1471256010356496,0.11295164792460236,-0.5416354740682253,1.435281905885778,2.005456794480847,-0.4501942108755853,0.9482733420576214,1.532943611657451,2.526076396165421,-0.9932588130096699
0.1940358408770082,-5.252852937812273,0.2173803895559342,-3.066194447481045,0.510267186619528,-1.2544797860461225,-1.5737324906023813,-3.813611900178713,-3.2750630100982856,-7.4571797654500855,-3.5015076130809253,-2.006855255970936,4.374152900287598
-0.3913746970384128,1.0655984790103437,0.7320282947241323,0.666788578508343,0.31304822806049126,-0.5999670449741619,-0.309418445941562,-0.3927760359539366,0.5962286135511425,0.08598035946409442,0.03927846423385739,-0.8187879552601356,-0.4469038703061324
-0.831403664017764,-0.3413423028731294,-0.5932452899445605,0.3381095738432838,-0.4771933356490746,0.11818207027641951,0.7308981127020762,-0.7980092788014095,1.9123020578044587,0.14112067649496152,-1.1020607140590553,0.6580970647844493,-0.5814503044318231
-1.6871078791058578,0.41520193232007624,0.08078625981342454,-0.1398677377877361,-0.08735885532926961,0.26447694842054215,0.1186892138939341,-0.34603241244957733,0.410545500082741,-0.16011621839654575,0.4368654431022057,0.24953851993972415,-0.2829062472043113
2.037648762837018,0.043838749906878804,3.009708671730616,-0.6578774002709002,0.6936019957984186,0.7341020347568334,0.009957812770804937,0.11734879494953553,-0.132642510119223,-0.08814005596749473,0.23267204723541077,1.3286050072110906,0.9315525288311775
4.873736195131434,-4.840536386346265,2.142112802765453,0.14960542953789008,1.8553968155214078,2.2093729243336075,1.9391120461442999,-0.20798230045719346,0.06601602909072825,-0.9777739407034549,-1.1222769511867496,-0.33781328706187363,4.038566360284288
-1.3530716848221664,0.9076125224043671,-0.867410041233488,-0.41870677243003696,0.04713741751193425,-0.032629976068708676,-0.21818444043455068,-0.1751142806486179,-0.119063026387519,-0.21069351257018978,0.5092273226411294,0.15704113952550802,0.13554409886392224
2.279450806302761,-0.2558230013738397,-4.085776515659978,0.9657946104780694,-1.4032282202578865,-0.5504049589026206,-0.6729484377882401,2.320256181785483,-1.8536113135843717,0.6243841088926703,-0.6539121037284051,-1.5016085999646385,0.2754558717379081
0.04548284363444134,0.9438026055578947,0.8099877789379831,0.8252010883521299,0.6494845646955142,-0.8168373984541637,-0.38734597194022596,-0.11523068012762137,0.20511398371301226,0.10696559387720399,-0.5840345036690858,-0.834042405631733,-0.21262834290425245
2.619659845733405,-3.0898829760314173,2.9831654572657444,4.1300940761607245,-1.1860558232574472,-0.13919279005862994,0.7057373951772952,-1.29952404215725,-5.154828932801043,2.6790033690473196,-0.8921525025113906,2.71226429777171,-0.8749658392053201
-1.2453594308504556,-0.7182354899777423,1.8891051740762557,0.16329189010027012,-0.893200209073338,0.15010774553826553,-0.0766735872201166,1.0040069116438874,-0.6888772534767339,-0.7924784843196266,-0.989372389693311,-0.249904701940021,0.7043305598288131
-0.9471047563587205,1.1654809885743698,-1.039449436939695,-0.5342817080918455,-0.3259697018409816,0.010566892529317345,-0.07739433592538986,-0.022474384388505998,-0.5119326584110347,-0.23517557948564508,0.2462936325997611,-0.046913075137514124,0.29101776670454266
-0.9668707097314382,0.9821983366010495,0.4365902209865327,-0.12806784476696256,1.5774280865089803,0.6854249713513336,-1.2988012041187775,-2.6425855122065856,0.039401303048360335,-0.10177567515394458,-0.9933520009386546,0.08435489668716675,0.14099742089597453
1.5221930086879276,0.38771889666271114,1.7001243651227003,2.0154561682857888,0.9113886127259114,0.47404319514159704,-1.1315043310943047,0.17025882591710823,-0.7457943779172161,-0.6790416334153322,0.2005446776495714,1.2566169202402924,2.2712316021784758
2.1184955918220343,0.8743511693634028,-3.541694176154992,1.0701074634150722,-1.7642370136967125,-0.12362685555382781,0.5034276298640015,1.37897041158524,-2.3484615786161913,-0.8014222259351254,1.161586797407983,-0.08653625294512372,-0.6988690030358968
-1.988190720768116,-0.08774533719139042,-2.074580392876971,-0.133530129569271,1.5645401193853778,-1.482874160249443,-2.4825993996278197,0.4317309912131192,-0.5689628699500268,2.550726939049134,-2.44307630485493,-0.6055478912381832,1.0946690561937094
-1.0000791622910408,0.33705027291469963,1.1078419832725799,-0.6445664668826456,-0.9697032595669596,0.003967517669610824,0.1458666820493757,0.6000857693917837,-0.001989657501246649,0.11677218630515888,0.32063373692100605,0.007463090214399537,0.1704188272934353
3.9691429778409884,-1.3296332522681185,1.6071478450838022,2.7120386448501104,3.3901818640440755,0.9763566592398752,2.990129900069116,1.7912429086451596,-0.46621993991206634,0.6009787905553022,-0.8701979679490737,0.7318802192771083,2.4836612076762763
-0.2325875939410044,1.1722425084879884,-0.674709171062655,-1.324576782367436,-0.8893530968093192,-0.8056091403779265,0.5593072498475226,-0.18535296148641686,0.808467033720296,-0.48710680127811556,-0.00288933287599382,1.5807403729916905,1.4591467273451897
0.4516172480003911,-0.0060787775542216205,2.248513250404154,-1.207706213154436,1.7692139794044637,-1.3655946090670956,-0.37773339438993153,-0.9131369593280769,-0.8110316647557589,0.9788560514204504,0.4947546859535662,2.1259629575441696,0.6775021825984576
0.36834999201849544,0.4010572330506977,-0.39553379581914755,2.0148443256751953,0.6764557695263668,0.41482946771981877,0.07959211797258907,0.9619658680138351,1.1565466335936818,0.008241488955207744,1.646269934528324,0.8182698048774991,-0.6603495973631303
4.144418626714049,1.463260685537663,3.1828446618215835,-0.3538825300556289,2.15982198142095,-0.8971209050148711,0.28128315373706125,0.3034651338360177,-0.25202045321554606,-0.06958505534790499,3.61861413540841,3.237262442212375,-1.2579837067548747
2.4178567060588967,0.6427699691118008,0.8680648893860093,0.5089689366925071,1.3888458310104719,0.5978856454044208,0.550655511503908,0.512185295470015,0.1913574643179165,-0.308203148412561,0.9735340926199366,1.1754301555951328,2.0544036549687665
2.0548685428965627,0.6003930909776019,1.282681496343153,-0.333121592440696,1.5211344677417213,0.5078248711554854,0.6223129802411106,-0.5304872960540811,1.2776029642923308,0.7193693665219784,-0.06759615963998995,-0.05246263614478181,1.4195514748720508
-0.8454852574641015,-0.8155579572475292,1.2456891466379616,1.4720848107787265,-0.014385288185341839,-0.7090244230149539,-0.9427597349999131,2.012806454039889,-0.3409059154772999,0.7210360757708149,-0.784942056984188,-0.21419244092360093,0.40179003341374775
0.6408499263788459,-0.4158284818733266,1.060759390152402,2.2837921018257257,0.5600033112881609,0.5023313953211216,-0.6095734909934222,0.9213849297450774,-0.8921994521386543,0.03476563153131739,-0.08252190328981178,0.47934624341826293,-0.21417375249601317
1.598271374090332,-0.3992387196792018,-0.1980577937621186,-0.19118028526793507,2.8681583354859277,-0.20321822722664265,0.6584703461117188,-0.4738543184833725,1.039633391118841,1.2670915092874722,0.9957406899123998,2.248538582770946,1.5220522472853795
-1.686322320706064,0.8953023078745065,-0.9352581602865229,-0.8396676497978383,0.17537139940032834,-0.06412098242475826,-0.21879286139726403,-0.03605120632939121,-0.1467476765488033,0.04039024902338408,0.038758154309646325,0.31103110093382536,0.28764240008251835
1.1814047942697248,-1.8826325275503997,-2.7585513003263293,0.1937274367217364,-0.9994287397612529,0.5003123663459793,-1.354066281160522,1.637792305741886,-0.26092046866335744,1.178179491468959,-1.0771122383958476,-0.6440162475061626,0.43009452505077533
0.7935543351184154,-0.2904516443871566,-3.45219945683926,0.8463539681801607,-1.381476422227977,0.384565524819867,0.19474277401146203,0.16221964064866057,-1.3388895206893907,-0.9387201997816698,0.6422222522980225,-0.854373467418806,0.12965326084727954
-0.6176456565349299,-1.452567097959318,1.6775124768599043,0.5538642487587082,-2.441761876269054,0.4775314490133384,-1.0709514083529104,1.349994639195947,0.44148832091159157,0.7411904430438866,0.3616370723592045,-0.3723301648833409,1.3753811098695674
-1.5318972475232218,1.1129191905985978,-0.7487403178632854,-0.9779374222517351,0.2491924696363756,-0.2950372873422222,-0.11422370917917224,-0.3904731824006305,0.16476504684533352,0.08355998877431335,-0.08607560298791929,-0.1996805978345831,-0.19383351592992795
-1.7052306142884615,-0.378939724570257,0.5233371021759615,1.3365419830447975,-0.4563892124622904,0.15252822621079223,-0.34757821060796684,0.03511813575455557,0.11142839774326856,-0.6386665627783515,0.459017210934416,0.34663226748713716,0.22211182414814581
1.7291617297865145,-1.0944614334370508,-2.9079192767788564,-0.998024235246205,1.8214477452062219,-1.0997702872843198,1.859109926070276,2.7663719847308044,0.28156054716650475,2.8935762966715353,-2.818196946516881,-2.55282246687319,-0.27643576717059426
-1.0821937580208396,0.5687022530378818,-1.4413938683729601,-0.4730100015525105,0.9942012407414672,-0.7107029647451607,-0.5839284247194542,0.829115966738039,-0.6009589552589049,0.03429655060833677,-0.20582666604334854,0.6217839261731898,0.05283289277329206
2.02295870315424,1.6513440528177343,-0.13883619404557795,-0.33784046457945927,-0.6424252134786174,-1.1836770529245568,1.4644054171726564,2.2300009659150226,-1.0064285421741355,3.4130402032577805,1.272443088006083,0.5680974929141321,-1.3237062283830416
-1.7502425785849594,0.5957176392830539,-0.8277842047400363,-0.4208980989980659,0.36577709627657573,-0.08788621255056803,-0.29891573599968274,-0.0472812228699321,-0.18224519547280837,-0.05021873685735074,0.3451788887798939,0.5178657394268339,0.06832394103932192
-0.7878253351022166,-1.8374680925641975,4.063556305989698,0.9955217422997839,0.1280882915770536,-1.0244121925474805,0.3646446544330292,1.0373076241139805,-0.7881676303374503,0.28040973960005744,0.007333348101438383,0.7377157868218946,-1.1320908857374514
-1.0125497554564737,0.6517853213924625,-0.04169682167355181,0.9720667466820087,0.5210577119376332,-0.9130386228418444,0.7330599102214519,-1.2853919645901082,0.23510457243389896,-0.31798528499675194,-0.3603367286597611,-0.6888398932528458,-1.2305754796516353
-1.2277394200102003,-0.011157831065111506,-1.4022193351321055,-1.1227612166725474,1.0757717434671266,-0.06397286806179735,-1.5410139667758542,2.20397160590492,1.4703169004128647,-0.8994848590110349,-1.0087633897666812,-1.870667087017309,0.8443688393882216
-1.2870399185231498,-1.498799665814811,2.1766457723747674,0.050218750502432366,-2.3843139225628467,0.01867444739443323,-0.48882084835856304,1.1187483345095253,0.2077452654978521,0.01705368995005576,0.7331395529487406,-0.11618764020412803,1.2803014496021372
-0.008135988984792621,-2.1537101049580962,1.7546137399372865,-0.2957854372020983,-1.3861863944786819,-0.7111422460863518,0.0917342785040136,-0.14105909596153957,-1.3921577742651725,0.8642862625170336,0.31210718833329676,1.2290138594985804,-0.039796606575520935
0.21268917860436512,1.1377525955984351,-1.1410786572984977,-1.3473484525644752,-0.9860804927573067,-0.686326985364469,0.7901506404631053,-0.12537849178478686,0.9795332693039854,-0.36039306525283016,-0.5862677101852403,0.7320206196559879,-0.07206551448235632
-1.3348816439513256,-0.05248031264943666,-0.555790332367013,0.8095609100407556,0.46856514183903114,0.23337006795126888,-0.3319940395535698,-0.7083823863719647,0.11417830174696787,-0.5981191517721299,0.2401271932631193,0.6237920644133298,-0.1965291510786141
2.164631329066934,0.3818849056012819,0.8098913933908589,3.0837564368424197,2.549134029298873,0.3759086345067606,-1.491791367905459,-0.17252782678361653,0.7552340870243486,-0.5734599720094118,2.095926553707939,2.135740765783547,-0.1294336600098809
-1.9795661281227723,-0.3205364181818689,-1.285864867119562,1.3077899616066233,-0.2936482098829389,0.16604268110126372,-0.026291615755703254,-1.064188117179308,-0.020663816192364494,-1.198375406932857,-0.39188211336333456,-0.3356350467483362,-1.038523952799602
-0.2743744486694346,1.1949947033791695,0.8419360361742892,-0.44819728240604056,-0.2694420113583738,-0.5401636352082598,0.2257643243832789,0.020075125876609815,-0.026328390121119028,0.3193203146466121,-0.858496138368675,-0.9355068932451486,-0.26532241362959136
1.9266758208765893,0.5695342303427572,1.2489263416232845,0.2540778126850772,2.8933390948469984,-1.0264896631124312,-0.9527033955496551,-0.9309968486014222,-0.37842369128161735,-0.46510775418577416,2.377809577949485,2.438988030450182,0.3251760534291008
3.419777978391187,3.6032687144033746,0.052078870219098364,-0.7104994913299194,-0.29810111945353646,2.683802947435723,-0.12223676625053076,-1.0956237924278143,0.8424865502262368,0.10904331619186906,-0.16597958216159345,-0.5918945152032452,0.39610639863802277
-1.2607591196550685,0.28599599370311135,1.0124518628175234,0.2612213675267265,-0.2592500546764912,-0.033627795531083186,0.1511737383025495,0.05036509257017399,0.39209500914764867,-0.07545838408319464,0.2102344169523385,-0.3119123636336194,-0.44161833195322525
1.0942928854969924,1.4762709489304389,0.7067202408299319,-0.138834498321732,2.3921283051626085,-1.127455227652931,-0.4081196336350591,-1.1909462357585374,0.4520865969286408,0.12815466258909708,0.3987935445540986,0.5764716789175396,0.4206840213239682
3.4266382402571964,-0.3095102596046471,-2.39861484349072,1.138526356546331,0.1515295636062686,-3.70573472994886,-1.8047382842060007,-0.13192889204912112,0.03878398907221866,4.383618032857459,2.1800186427764547,-2.043514948199781,4.419772393637225
0.452120761920988,1.7685294670549219,0.8478246076904984,-0.17735853554148892,-0.04601479285052551,-0.8310517901602105,0.05227342532834559,-0.13770483943262907,0.2881545015217778,0.15737670478926402,-0.467990393859973,-1.1634241473922726,-0.2886969407321653
0.807763285979842,-0.18883879316427446,-0.34503736431861304,-0.11573925339530246,-0.5167075165263303,-0.67634648974578,0.3606187022869627,0.8631663008795702,-1.521105578724386,0.467851846334129,-0.25988960229708596,-0.6179187882431756,-0.39596841775979413
-0.37723420609808106,-0.16735468215681454,-0.5184847108332734,-1.2296178440021297,1.4055553181691258,-0.9185535815371346,0.6962358585624359,0.46113738725817294,-0.45940133031325653,1.3031463028812604,-1.3584929040398364,0.22704125774807088,-0.08601089658931718
2.799906319163218,-4.387855769122071,-3.5064993109045823,-2.7436026529207505,-6.900730467260073,-5.825856762150214,1.21829229868448,-0.7101761742803403,5.242326115333835,-2.0712151516641826,-1.4633421461679765,4.677448183385081,1.5400522754699058
6.146326313882558,0.38542295320172176,0.01011483120852712,0.9409988346601962,0.9115733009951474,-2.314591334641959,-2.1246450672084314,1.405257994428556,-2.024736877904124,1.9302101347507656,-1.4195050936601241,0.5642034800496695,0.7968011410214682
1.0396873394626598,0.5085963369979736,0.13413228406622724,-0.5751352016061008,2.170911314480896,-0.8795776431577964,-1.5640170316444053,-0.21528027059000276,1.4059278123992922,-0.542310446137618,1.0989161215163543,0.6384102264647595,0.9988546604690178
1.4771146398943178,0.7199625977632719,-0.5996873301515334,0.3526009617774753,2.7015659582288434,-1.9785980076948912,-1.0474204162475107,1.6078703294790522,-0.4717787332815339,0.44029271694601896,0.4362891165172625,0.6193313307987578,0.6842659970750377
-0.6566433138089083,0.32976920788451924,0.16319068215356158,-1.2748256700249552,0.1570001134633144,0.4557383389190525,0.41729430271719115,-0.36382653313564917,0.2804388129550592,-0.2931164250747147,0.18806504814608432,-0.4324221223331562,-0.13203630288274576
0.8418861670800069,0.1893080167881889,-1.8549843910985426,1.9262915677568153,-0.012888755922473755,-0.47999737512846463,0.4189268997079253,-1.24812209578921,2.475511468296691,-1.0445828332369598,-0.6716993870190078,2.595338460189651,-0.9993955148210512
-1.732160642479618,0.947761495155062,-0.5913664852849878,-1.2322320293363938,-0.22037758394323687,0.1687351250575704,0.08196501111790615,-0.10476478319300268,0.1828998512606212,-0.09598434508099737,0.32559885615559775,0.12972721791985778,0.27961861512644803
-1.5033351118864142,0.03692440001787617,0.9455617871451293,0.4425358039293606,-0.5251369769341288,0.2715707455995315,0.07547076636685278,0.38743307419764805,0.16917283422078835,-0.18106509987234656,0.5087279497197066,0.1491281870405579,0.008668698076113692
2.278767236987938,0.6165883925667013,-0.5693838656118342,3.5785729500850576,2.4826568097033683,-0.8339266604313609,-3.4846430768736556,-3.1971435403108357,-0.7833980249815637,0.5774659505678819,-1.749994661663898,2.1984285110745705,2.5333042809556017
-0.7513398516956973,0.11796428304340646,1.929564203315272,0.8497407851533572,-1.8591846603839137,0.502687767445015,-3.5200822273281203,2.469380858390217,1.7043152912493953,-0.14876970550995045,-1.7877458090672147,-0.4806733908360686,-0.22173818706115273
0.5612799563051237,-0.2738250939931942,-1.2710961106157588,-0.11733558935064448,2.505596605849437,1.404587532293959,-1.3405763780026683,0.9799086321739104,-0.9259411652055515,0.7246495898159411,1.3970816511348063,-2.388676475388629,-1.9247281167279016
0.0021180499912808433,0.32958040925699394,1.7219746079840892,0.4314156386628921,-0.13288195408090808,0.5362315495548364,0.0967775925870795,-0.2395602137681497,0.5029845618953547,0.06249521489576667,0.40112231383998465,-0.11975677266090332,-1.0479847715575223
2.8279420089241736,0.42984511814981735,-4.561787342837011,1.6514481483357362,-1.5798103249660425,-0.6194410499071885,-1.9458857764587554,1.1778340157227805,-1.9689186499573166,1.507219223446192,-1.9396150062657458,-1.544401034639903,0.3464484513355096
-1.732160642479618,0.947761495155062,-0.5913664852849878,-1.2322320293363938,-0.22037758394323687,0.1687351250575704,0.08196501111790615,-0.10476478319300268,0.1828998512606212,-0.09598434508099737,0.32559885615559775,0.12972721791985778,0.27961861512644803
1.833004168689285,0.9380180112359673,1.3310518503229756,-1.0909278546460008,-0.18698038860920124,-0.8167026268072249,0.10135744209617358,0.5622462092283164,-0.8955230786068183,-0.41300254981003676,0.34888122977530334,0.8178300359334227,1.5032062582812071
-2.4660268829034004,-0.7865137953184921,1.3738789150334634,-0.022842702493400695,0.6084313518272396,-0.47402831941121043,-0.7572261644103552,-0.09143706285934068,0.3895311806134991,0.38802276669706653,0.1034810513497239,0.5985034566078966,0.1828528963975062
-1.6817908311406988,-0.7487103251751457,2.0298553212006456,1.415235907150688,-1.3773435687681228,0.7935911779151338,-0.007148536579229134,1.4995833701541805,-0.17104068827691,-0.29249425787753697,0.8402554439839509,0.6790665804928777,0.8907760550973562
-1.1129793903131449,0.9551321730127897,-1.289735424156675,-0.271569977466488,-1.595896633915498,-2.171175624458062,1.9370137566319183,-0.6214537113631579,3.2240996642861637,-1.590368057423846,-1.4873101224353535,2.2939691320055164,-0.20435050310548078
-1.5692561438023775,0.4956203969045345,0.5239642487441438,-0.6373763266979311,-0.6724588526365639,0.20400204592315965,0.12988071105179744,0.44621862345780816,0.1280524963250589,-0.1258579320157937,0.1421614258437558,-0.0863173345136805,0.4712434972052774
0.7817763732300274,0.4164749613610802,-2.0089837427850648,1.7604716920112196,1.114678043778442,-0.2961986794763185,-1.8991719256063904,-1.2708143879973552,-0.05160114977814384,0.6128762599522337,0.15291731376580403,0.1370218389752245,-0.07670525111753476
-1.9458166333027018,0.4292029532344652,-0.6317050395554222,-0.5927962880597069,-0.3273130653784328,0.25063701705805136,-0.04741805523029177,-0.5331043759655383,0.4249592634616021,-0.7220230651664129,0.6650597088547758,0.28816235168854804,0.3680085899577013
0.49021805690594733,0.12626029068787417,-0.7786920745103634,2.431014160319689,-0.8391966269591041,-0.4849670303530614,0.19882457970055725,-1.9799041144777094,2.2995022629573825,-0.7279333327371308,-1.303674200708692,1.1922972506802985,-0.9154867500269255
-1.9929880486038636,-1.294471834437677,-0.7458282336997694,-0.053403159205441586,1.4006657109309861,0.40943518215238656,0.9880523448286344,1.1991546943366693,0.6534328472580219,1.1672575507135061,-1.2797230650809654,-0.04279531162216492,0.8418677512163494
-1.348306269404634,0.09969029980422138,-0.6056032747670593,-0.9173294364876045,1.2844245495163698,-0.9960939760485235,-0.9945079780149155,-0.567237161082585,0.42525888640468196,0.2118762295715526,0.685445481389001,0.6031732051578254,0.15899651858070066
-1.0779413769148891,-0.19605554562560776,1.7207741294988015,0.3899777193613508,-0.5711956954084294,-0.04429396399098561,0.2059664197988559,0.5147795247377056,-0.12446367807578776,-0.15384556198322977,0.3867380566194902,0.16859034077218604,-0.13450547595326146
-2.63300030130163,-1.0809246072410499,0.583977681611801,0.19364049207457731,0.03409823437170272,-0.00017489116404488834,-0.48193094400234454,-0.8476069794732335,-0.41287996780254316,-2.8947197890386067,-0.46258813098914675,-0.8649492379151963,2.167984498383259
-1.4791295490714669,-0.893768068144695,1.7469008761713787,-0.16221256185767538,-2.2358568754577486,0.43053083195575814,-0.11336618288641526,1.7850175734507905,-0.02887251348294862,0.10719028783699107,0.7056018352237857,0.16991453137790313,1.4560261933351444
-0.9450490085875309,-0.3589369179665243,-1.2771265637436828,-0.10525460013129379,1.5070089297635336,-0.18529136563806625,-0.15503570295690108,0.045318295186141035,-0.8812630267372842,-0.1926462915010854,0.4715818923513286,0.714535706557034,-0.26616536248349915
-1.6288170303650662,0.6016931408195633,-1.302670457549874,-0.689553156433288,0.17248076682289706,0.08941533255762192,-0.6585297455935356,-0.29538331342651397,-0.2553417043158103,0.5820835736951583,-0.5699843238882948,0.24877714439644755,0.3325773908811596
-0.7584603425417653,-1.2582853223323551,2.9131362658074473,2.0985679352451236,-0.06983387671364903,0.4325737016251624,0.06836246489234209,1.6517845577731711,0.93140693324641,0.313750613090413,0.49372812953233924,1.0312539122806343,0.16007092038431356
-1.4736027336801514,-0.5582568733005884,1.5822998563705526,1.2924598411490056,-1.3362592069233348,0.7149891711171059,-0.18649697464723752,1.5828937907859975,-0.4056988878218045,-0.0835219520513371,0.2646327131862777,0.6330062858070109,1.06031328315025
-1.4887041195952364,-0.2101042951520525,2.610457769677427,0.802481433734081,-0.87843930072761,0.15705467317166752,0.3727215769201053,0.10563618078353976,0.9096872144146906,0.3846903975342404,-0.32249018124929024,-0.7823584534444923,-0.7011886173860177
1.8050495750046356,-1.007455362867196,-0.2037400239994069,0.623526968739838,-0.47027158140372716,2.8207246864391156,-1.027032932302703,-0.3761672440026877,1.3383220929523993,-0.1722345995200352,0.47086133635897454,0.15952348061490756,-0.8521394151806223
1.0003408692780973,1.0252735953066634,1.4839141845955919,-0.2093854430999737,-1.2201890750732924,-0.900429363997508,1.6649596907657205,1.243063060944979,1.6825924418383877,0.2831817496505423,-0.41923979430869773,1.8142554605477612,-2.2151002318645556
2.4789260840430316,-5.536056910326818,1.891056534685481,1.6107115790472288,1.0102699339665961,2.802132641652287,6.731929858394668,-1.377495033518616,2.668509962071709,5.779803663716897,0.4912308787450669,-2.254486547025174,2.7635552653607944
0.7325514999050675,0.8474653225648102,2.2787659548902055,0.28906464206978705,0.4881990221120845,-1.0385109636198895,0.24518204198860552,-0.7345600860181462,0.6135543454680709,0.177751945049791,-0.16215192582483245,-1.1878442991100118,-1.2279383155431285
-1.732160642479618,0.947761495155062,-0.5913664852849878,-1.2322320293363938,-0.22037758394323687,0.1687351250575704,0.08196501111790615,-0.10476478319300268,0.1828998512606212,-0.09598434508099737,0.32559885615559775,0.12972721791985778,0.27961861512644803
-1.2813523070297648,0.49631503229565815,0.8327279910093124,0.11383793473766593,-0.44495998894829164,0.15526689308843108,0.06789772905699747,-0.0813219461247653,0.43761006404795244,-0.10700178226125671,0.3166454871122967,-0.3111249359330347,-0.14080542682676106
-2.0671047311631177,0.6954570930242613,-0.961556639292685,-0.38353563521947814,0.010320789611109892,0.46294120538215516,-0.2541337347806638,-0.1632483700116769,0.26023859255518633,-0.4788264054526507,0.5850651766603128,0.42541266720768733,0.8241290868466059
-1.4820283592601158,0.13678595621502723,0.9097371352963004,0.3029459536627695,-0.5886055425595446,0.27949248897480133,0.10217839123432569,0.39117641304449513,0.18100534052879003,-0.1508621045787683,0.4065877048962907,0.08018330754288822,0.08177485109051254
1.842749216538643,-3.679998360621698,-2.935082086611308,-2.225431573447019,-4.280609335418516,-8.705202543674226,3.128528745820849,-1.3586174366475117,4.808596651345313,0.6146324824875613,3.1394532309898104,0.8780284256464378,1.5278639282629853
-0.34698368595548884,-0.10077669365938638,-0.1885177196001604,-0.9528097212608994,0.34720839780331664,1.7172787769639868,0.7708972669091437,-0.19531777271218567,-0.06258667549713537,-0.41677502675873446,0.19763791615615403,0.8635127666352019,1.0890500209655116
0.5280353968901564,-4.87133531338945,0.8015515914566983,-1.3568096837138306,-2.884312261565075,-2.359455982439981,-2.8981410502853886,1.2614705238589523,0.4810352881628504,1.3930557741202536,0.8944798007062223,-0.60510700478868,1.3218124720264994
-1.5090499399273625,0.6372149131798408,-1.6548002368344366,-0.2246772880354862,0.8164213749264987,-0.7602353495435732,-1.055993041129144,0.5360298053830707,-0.6691711286740083,0.5674154040490226,-0.7246368443191947,0.3105964752340794,0.398940678743945
-0.660653783034401,0.15044249631448284,-0.9098282906821846,-0.9164882077009822,0.8320084413431669,0.8312322661964987,-1.0111619882072902,0.13278372270023278,0.3107783150219593,0.20543136584280766,0.04396052801338943,0.36620386441707964,-0.204307542373293
-1.663403159819287,0.8690727142342287,-1.1072039977872905,-0.6433854600285603,0.3732458910721109,-0.18054903616592263,-0.3691717976548492,-0.0016944178975854152,-0.3115714404535156,0.10857754607557484,-0.10466219661332939,0.4016830424408092,0.29165429256055353
2.885908831225383,0.20959194955464353,0.5792980966129152,2.856935062236428,0.48002694052141287,-0.4070470533863088,-0.9686675877174843,-0.3998364420641656,-0.9948831517266403,-0.05524747783899548,0.6893042717614516,0.9976577803928595,0.4820558596102021
-0.6085477674084024,-0.49058488509953274,0.1134979131098881,2.636396561602863,1.2465508127226614,-2.9860971907302387,-4.005316415840541,5.108966557502063,2.0998238203055855,-3.266704298957662,-2.569843414579998,-4.411786953975924,3.485754037153209
-1.80456509544661,0.1822764785117777,-0.793170659456411,0.36672108717372415,0.2939028095308508,-0.03492756762540949,-0.41741548977272536,-0.7624943853074508,0.20487508606054416,-0.667502889255192,0.6105941533715553,0.4505049131764641,-0.06545381982664769
-2.174162942761753,0.9013812989637268,-1.2373512966604345,-0.37420120920752653,0.30030915832646043,-0.8392047496397521,-0.7863924108648181,0.060231367328535235,-0.4489299290332444,0.8376575945073191,-0.6000637185890672,0.03520995327574011,0.7729182505381719
0.7130678654043835,-2.435350218198367,-0.435423596836355,-3.3792570915772604,1.8654927327422268,-1.986306811008305,0.8501630008292665,0.49795244440802394,-1.0112036707847203,-0.6074588603220723,0.2015649179048591,0.30069628246801433,-0.4478350305027429
-0.7808072724782422,0.2589771626761514,1.0129853336552939,1.0842349164346985,0.7041428741302216,-0.09630014618699542,-0.6987414255801293,0.7398711646072922,1.7996157954800442,-1.1358870027642431,1.2301663119465427,-0.5116390198410349,-0.018213942466379265
1.7194523673138626,-0.856061554159989,-2.157780209212441,1.8440783564514127,0.24579013836732239,-0.16018253039200214,0.6814731294608084,-2.084894213188323,0.8623855549602354,0.5409013076486594,0.49081916667845893,-2.5470952873645096,-2.5399140193013263
-1.53202577581188,0.6915036287073336,0.07048217138611095,-0.21537335012017103,-0.5116932852284609,0.1931861576444908,-0.011651183366710963,0.16483925331042093,0.09711394583878609,0.024730639603006303,0.04827468984388711,-0.0012671700647762668,0.25321597484263897
0.1425703726837839,0.8225072303430435,2.4044454890525415,0.7273073867983161,-0.8427022016584796,-0.3710322243970484,0.06340666445260681,0.049276701065195855,0.5651566168806241,0.09030062160014533,-0.08683000822583593,-1.2515556306351692,-0.009089461579307562
-0.9577420646579647,0.35420201600694945,-1.1402594594158957,1.7831928444151035,1.8166849067885704,-0.5297159319206645,-1.140769119580544,-0.8355675605617353,0.8564658244892186,0.4163928195977916,0.6595113769660683,1.0617091516184023,-0.8348106734761928
1.8268358058680225,-0.3658050584649272,-1.0086292618341528,-0.8978857657053614,0.8795694183281764,3.243289747149468,-0.42087123514692437,-2.126826652704044,1.0351618507281701,-0.801888128033386,-0.4696822377111005,-0.29833432035458407,-0.8478767818119708
1.438773279521692,-0.019673325305069652,0.5599539769643264,1.4562996111143112,-0.19151272842446693,1.034053213962201,-0.6435560006979213,-0.6529406873583632,0.5614812002281898,0.4890754393398593,0.17010466301143815,0.49806521400455284,-0.05308054646237755
-2.0116907814230967,0.1202620285892828,0.06684400668509373,0.19813135622260805,0.7387373600580213,1.4043638271210768,-0.4936088348282681,0.2108529802696485,-0.9065793007891193,0.46236964313826134,0.891521620200529,-0.08431713356185686,0.13163985396440922
-1.130563144679777,0.3320998880310008,-1.345594519403117,-0.3633253524757096,2.07943217487982,-0.5711006912382162,-0.4181992352309062,0.017731117179261405,-0.7209076417168832,0.1941214816208023,-0.31807691966188084,1.1972714662469655,-0.09763678815517926
-1.8145404689296114,-1.544211818706778,-0.8267604020949256,-0.6926250200500833,2.5623856109422927,-0.5450134547871531,2.774871237412881,-0.44608976113902404,3.136917690309261,3.004487870887124,1.9120685246211828,-1.1315222592812275,3.4324905263351724
-0.6026818464479156,-0.2225350878716785,-0.7166688345285078,-0.3463003033024872,0.45750590654491513,0.15024786710722784,0.13877706640824675,0.3668789831178293,0.44326128141808724,0.2887533321313767,-0.022470794783280373,-0.5455193643372608,0.5831804229412546
-2.0698971192387914,0.23142379538259625,0.17776189473670267,0.38191425833076176,-0.4430190657759459,0.259667716028981,-0.7174996121003958,0.12375754698634174,-0.1956831555266929,0.6833528405642667,-0.40020915541279656,0.09554479442086722,1.046300996797021
-0.4782802437503071,0.7638155849432217,-0.0014463450118229718,1.2996933550881067,0.034282969627487385,1.0508273475180274,-1.0108252089683527,-0.28675139977266395,-0.32432667575990265,-1.0381096924099105,0.08109545193557743,1.3629413998915592,1.2586526173473507
-1.7260547795937138,0.8335117493030639,0.39907164044320664,-0.026162096366323453,-0.5188864955016199,-0.6047133782175133,0.21601890216594735,0.8500091471745662,-0.35450827728444784,-0.08195878515929492,0.2831388184067109,0.266164603464995,0.664962350798197
-1.685464206070795,1.8625493414845817,-0.2568316519642315,-1.268695888457209,-1.1318486015450322,-0.45062050718416413,-1.8445842765140694,-0.40332720306931985,-0.37146935015373217,-0.8200475254076294,0.9131847663722449,0.7092827933917014,-0.5059324273794747
-1.3302559328602275,0.6532964686285158,0.6363923980752335,-0.41510115935527625,-0.6198670606023574,0.1605871753101761,0.14620567991453037,0.015908268960333097,0.3456438003236165,-0.11272608048443213,0.031093043682480885,-0.4250112745422706,0.13799189365944295
-1.7650886340487635,0.5811350371118155,-0.5926906160178733,0.013725357997531334,0.577170409457009,-0.6429330459005135,-0.2094559938654876,-0.40474223415141497,0.09429760235238867,-0.1958280069928127,0.7360535327030512,0.23898072540303747,-0.26365849512572115
-0.0827322740171912,-1.2099441549514744,-0.21214620778241153,1.235876616580454,-0.5393640166154693,-0.65372172570408,-1.9867814257606726,2.8553179132896753,-0.8945473184164866,1.328933929060908,-1.9677838226555937,-0.31502680967627394,0.4163064036903005
-1.4734926873600367,0.4916626732223478,0.8000933759014444,-0.1142276885702175,-0.9356084112469072,0.3272476718184499,0.1626856028578198,0.40597416820402066,0.23451403227571713,-0.05839345091658259,0.09997632561094184,-0.19994138778852907,0.3450165234040185
0.5245598337015216,-0.36016568051563774,-1.386298711050811,0.9269128517034464,0.01934445606639602,-0.8054638883485407,-2.064133975331318,3.579100802532245,-0.27813098917024937,-0.6219936479847117,-1.0252273195081583,-0.7699425725896049,0.09345413440989496
-0.8429721609336405,0.22907654604147218,2.090079683597827,0.9774149332641847,-0.8363783946650859,0.03710345092523704,-0.07160022690139684,0.6030326578455502,0.5579543195170898,-0.04041395384427384,0.35442233887098457,-0.5100750365658583,0.33079007798375437
-1.1993206273401085,0.410788668951834,-0.8297570069008144,-0.9521719217835433,1.485808699864471,-0.22181653001472312,0.032937573541849154,-0.08533924811615587,-0.22643635000274587,-0.010440409535769989,0.11218413310704618,0.9253156417260138,-0.10967246558928476
-1.311022065855807,-0.23793727743652368,0.5407399256504837,-0.10157724849791917,-0.22390130784799273,-0.05427650172753972,-0.15119462483524637,-0.03898252440810691,-0.5960196545525629,-0.7972990457203843,-0.9891700749704527,-0.2660905770564292,-0.04029691483827737
-1.21756346028568,0.42761444145794225,0.42178636287949106,0.43174528841502674,0.09820765038498619,-0.10539530338240852,-0.2163431863192689,-0.34954564124707527,0.49486113703211815,-0.2701245598430601,0.9036902127823416,-0.019072929674057663,-0.2791757169888936
-1.4775575053993846,0.29366197707360003,-0.5083885310494368,-0.0383520108677499,0.6631082016417184,-0.035302942097776034,-0.10883199160647794,-0.17641161310349524,-0.12034981684363735,-0.11624257567016175,0.3593120402556466,0.6321262626263714,-0.2872068384877963
1.2070470940887246,-0.5073707332516747,-1.0955873461466927,-2.103782723698932,-0.684469453288595,2.6855576030429997,-0.5298731411224656,-1.0296270031860537,1.2821595925792957,0.5768047895548515,-0.08630408818890174,-0.41942277885825385,-1.2750217730572782
-1.536098997073736,0.5856649385884688,0.5753498363547064,-0.601298505852313,-0.705488075203481,0.23691861736488562,0.1262539785091057,0.5036552097457424,0.18298584430721399,-0.03390193175567079,0.15831592885708234,-0.0663676543879229,0.5228485036108812
-1.5881633367080255,0.15324766331048248,-0.8119198728163024,-1.2246987117229469,0.9865445431289562,0.7375472798398885,1.7189404137662447,0.48368642960001984,1.0208113426304235,0.46315995827225676,-0.38358492662599936,-0.5098252828267705,1.394058092976519
3.1830153141871147,0.28417596742089574,2.3664296549726647,-1.8532630388935138,0.1621216538865781,2.3941100958233563,-0.6114269264312411,1.388944202518366,-0.6620724961395742,-0.4659831725145624,0.3930044013329986,1.3794373676031189,0.24645352900333561
2.003218329304325,-0.1372014338194513,-2.7695466157166586,0.09670701407506434,1.4962040752241332,-0.3371844725123321,-1.632559877095729,1.013750015003566,-1.2738873901663996,0.8168087491117514,-0.7413815853183582,1.2611617288839603,2.304645884605996
5.354649992320515,1.666316634040731,2.228435295699791,0.4209477197300828,1.8298493515449596,-0.43475033902736243,-0.8364786613990686,-0.014215484892772728,-1.217434784699521,0.868138778897592,-0.15986298924991393,2.367401604319504,1.1696283673469057
-1.686322320706064,0.8953023078745065,-0.9352581602865229,-0.8396676497978383,0.17537139940032834,-0.06412098242475826,-0.21879286139726403,-0.03605120632939121,-0.1467476765488033,0.04039024902338408,0.038758154309646325,0.31103110093382536,0.28764240008251835
0.8248447454863588,-3.2349488379359377,2.1159499097724073,-0.8659135964811944,1.0590506706452094,1.4781939530990165,4.63815483163521,2.51381428472951,1.3141468624977133,3.85977501399667,-1.1243498282433564,0.27093812169658255,-0.8019290710061737
1.0183455440444176,1.5101466767703684,-0.3390424286732296,-1.1456034596930718,-0.08892446280911362,0.7035264819241085,-0.9653604682260299,0.45337100239546624,-0.13272503142622144,0.7282074947337848,0.16362454517096048,-0.8085651949279372,0.14827051183092196
-0.8784305150640536,-1.1927788968469073,2.348247028847932,1.030480288182451,-0.08569945682052285,0.8132218103362651,1.8805530878291272,1.3461464055409094,0.9669331000467366,1.0757035055841482,-1.356923465195826,-0.7047863189941463,0.6856950717438961
0.6103385049889416,-1.98717241684661,0.11643986852605057,0.4088823070891233,-2.598182728586178,0.12180011013168038,-1.0311985928298495,0.8113797201761842,-0.5627877516658432,0.3172404099875708,-0.14021230456505102,-0.19011293283123934,0.06670242375604511
-0.7428224815654301,-0.9944299327389187,-2.2825668253919074,-0.026449271908286505,1.906659982471275,-1.8972899970113257,-3.216110902089975,2.3766775231825257,-0.06714527101565292,0.6874349717022805,-1.644863492599332,-0.4016122588891914,0.19868540451357922
-0.9881256701674803,0.0532155421630473,-1.4012709079545171,0.6015815828637248,2.5425797554614658,-0.16287654365837317,-0.8042755535201246,-0.35208061580724376,1.885555922607656,0.6561071407514832,1.374275315090142,2.325156654548537,-0.48068480251916074
-0.23344032324866273,-3.6985522621164706,0.742616186221113,-0.7312460541690835,0.06699979269713284,2.2249143148582093,0.9705813309222945,0.1745306748242931,-0.5626685092578304,-3.2265454464325214,-1.959985667038021,-1.5331555845314184,-1.6203451776017668
-0.9258026717909493,-3.559545996260509,2.0572641678263546,-0.2367234101684769,-2.4378460032764453,-1.072113913228405,0.3091052412240518,-0.9187567652063806,-3.9903100865877996,0.5980856997862988,-2.398218524840142,0.7537102759334923,-0.3755377379675067
0.04858929971969569,0.04281156410755044,3.21339268454845,0.38003886836663686,-0.20783134185749141,0.0559739464055508,0.7421125047519438,1.187722674072186,-0.2712699871524117,0.028788642218228765,-0.298849989389317,0.18125853035491438,0.5637257227860523
1.6498012033519995,-4.914703257288723,-0.2819723180703742,-0.1818140029195788,1.0919302194362723,-0.11081597266118046,0.3144390312868421,1.4994947257089768,1.0124885585676233,0.20187781239576047,0.15921923601557358,0.4239119709391493,0.11855926583778018
-1.1757704621397287,-0.04227509181565224,1.4974420002725084,1.182942632333237,-0.9238682126166087,-0.26511560819817886,0.3794434802581663,1.371155519113736,-0.45969028239438464,-0.1387432207582234,-0.020073653536655897,0.010920015176297636,0.7146445476422107
0.7482534185255949,0.26298396469935803,1.7013740478833452,1.1531552865244152,0.5251184702543477,0.13696069652656098,-0.31519848658158256,-0.08538782795437763,0.10780553261597141,-0.13178436217080475,0.2782333677632892,0.12767521048764566,-0.29996537987803223
-1.1083324640237544,-0.7503625135320968,1.044449496961893,0.4327691569911655,0.40458958270331796,0.6378035268005199,1.7466050770580215,1.0872050777417646,0.5697586388528516,0.9690320464603386,-1.1478301022153297,-0.47965279223257484,1.167655516360645
-1.732160642479618,0.947761495155062,-0.5913664852849878,-1.2322320293363938,-0.22037758394323687,0.1687351250575704,0.08196501111790615,-0.10476478319300268,0.1828998512606212,-0.09598434508099737,0.32559885615559775,0.12972721791985778,0.27961861512644803
0.9801900191979732,-1.969330515617923,-0.6150676390656606,0.22677883497971105,0.35670089062302,1.2317675601334577,-1.0718444441271975,1.3961930411033174,0.6991484617844044,0.2763936307829678,-0.4147156647478494,0.9690942463128657,-1.9996427592036046
-1.5921133758666366,0.43311171281380717,-0.8794513152491046,-0.00714454483690285,0.45338336099592824,0.2793001173948935,-0.2524544768099701,-0.10648218435680869,0.9098897460634567,0.2974576627360644,0.5445919571440542,1.0636154911874982,-0.0827491139258975
-2.3951889401355237,0.12759775513887567,2.5135307853155258,0.904080062433101,-1.3514769183503152,-0.054878549451312354,-0.15261613596964652,-0.1408097953941666,0.1746384454561019,0.6666644316209406,-0.7348297142245444,0.1415071398907564,1.2271437350567809
-1.353086347437921,1.1025639729566479,-0.47026630307666845,-0.7699270224192871,0.20736575208771335,-0.16560263542511894,-0.21622544901143453,-0.5125585478712336,0.5242653182783231,-0.1382275935525644,0.7471371518990544,-0.057601615388099645,0.06608549449206023
-0.6636160162413312,-0.49851756496432237,1.2047702892835346,1.3674258477388317,0.9110425543656067,-1.4826058177077663,-2.9600555667799595,4.031027738542417,1.7607112589778153,-0.04137391381370172,-2.2791227170054653,-2.7085864814321736,0.2366821585670127
-0.917642607574528,0.65277851108019,-1.231003748739906,0.1037673801417526,2.037383995477425,-0.8334685935673898,-0.7752366842970203,-0.3793594316420155,-0.3255086562304142,0.15745723649358823,0.1028894416362718,0.7900724624237809,-0.1794002689786385
-1.1570247020320379,0.7404674163900543,0.6964500185630255,-0.13899349893520596,-0.2777447391725308,-0.09741914311780372,-0.171936481620235,0.0958614450675114,0.524351311324916,-0.07614518022723776,0.579854224600539,-0.2536964876958802,0.3093153829764934
4.362930149428006,0.12955497729332474,0.10999991923822387,-1.4030975772967613,-1.9308242459779905,1.9504839887487113,-1.0026493258792122,-0.026512750944111884,0.28172105257401536,0.46540586950284535,0.04261185235319729,-0.037619375714566874,-0.05105879420301546
-0.7007300277495799,1.257984551787492,0.35389930455082164,-0.31281088296146564,0.5279501415998367,-0.6610644723641348,-0.10244960957942034,-1.178594179754785,1.0310674477373882,-0.02692695474524049,0.24982012266593037,-1.0924613383982207,-0.9564434425799664
3.031059660994987,0.022037903487970512,0.21483305234072267,-0.5523117731626169,-0.7088269923350529,3.3124897342673743,-2.02243171980983,-1.9807753931559544,1.8494392730394444,0.8253553623273009,-0.7788689744264652,0.02936222151527497,-0.9017689293763241
-1.406648520937832,0.4232558279863409,0.7162902609994299,-0.01768250225236368,-0.6800739935999006,0.24504369223002898,0.1071117977079518,0.41958482380093887,0.13409097750043894,-0.026159470171938155,0.028456794964555297,-0.08132536019662832,0.30309925637272656
-0.923128376806184,-4.195853135965101,2.41704133409604,-0.012742842724083768,-6.332580791049711,1.0679379771083237,0.30016916174231,-7.638389498782535,-4.635177821158777,5.267654515622228,-0.9405671239558827,4.3723368372585005,1.6315929710163024
-1.4219417679297741,1.2782904141859095,-0.4654921511970866,-1.2231021090859682,-0.13214063143063165,0.09801962377775982,0.14141766876337164,-0.3922952734329658,0.3198046845255186,0.12582707981216962,0.10137685642793011,-0.26177843336496254,-0.08309631336313765
-0.4282795916151547,-3.9083040599722927,-0.6923317619573891,-3.628320528501352,-1.7286977905949323,-1.7914091338449107,-2.2806891247069054,-1.3219609545560522,-0.053068542923815666,-1.0510841326309701,0.8775977816420681,-0.3092327063244695,1.3651459601249571
-1.2236358713020168,0.9401548623545196,-0.3293258784319447,-0.18631101881933784,0.23277983369129374,-0.15747756055997558,-0.23536762981258846,-0.5966289338160369,0.47537045147154816,-0.13048513196883177,0.6172780180065274,-0.07255932119680507,-0.15366375274609434
-0.9287443814606182,-0.6394511887100388,0.29246962597318815,0.9867465969639325,1.6035217931224413,0.057516521620539565,-0.16022926047218816,0.47951987753328335,0.6417982891353909,0.31649072396727124,0.5115951473667947,1.7103468601742287,-0.37903450466402966
-0.6871188048093084,-1.3315290986124364,3.1403635420073246,1.5668263659585044,-0.10065221147644758,0.5717925648773196,1.262053073460472,1.7242256783793506,0.33669552305446454,0.3388715318342654,-0.2010827145532552,-0.057872534032521905,0.8513106650993281
-1.8400059058939409,0.6903540781593382,-0.5720352523372545,-0.7137254750851977,-0.08763181304221339,0.11074582077901708,-0.09296299459222959,-0.09524866689865609,0.08300162320718225,-0.15064001465418586,0.5601187703492561,0.3085977703279491,0.10622931559257869
-1.2987377945804524,0.029704560458603927,2.002634349389967,0.6562956851804541,-1.3572503368817364,0.387509420750495,0.18026694538154647,1.0106508222959183,0.22276751901430825,-0.026514032884834178,0.034833643135842196,-0.3270913805986404,0.5151402588740529
-1.2350333070548234,-0.4338407369759725,2.0830275565206082,1.5250164241314854,-1.309997970049254,0.43416754760672394,0.12119267486132466,0.6411963080639538,0.3290669271599333,-0.4077873905125845,0.029332144367786188,-0.23208048655414595,0.38350060126748975
2.2557410736581844,1.7211241598086533,0.85195426792154,2.734876261105677,0.7468524895411033,0.670907848734524,-0.025086043014194773,1.127681498358151,-0.4796949564361784,-0.5339607999405164,0.6906763798360349,1.5771010753853185,1.118084623433677
-1.1703902655609288,-0.5312762638597643,0.9995770332492503,0.31546899010070034,0.65798686416268,-0.4665654989138979,0.1822240677402588,-0.12506707467525147,-0.376852171067331,0.029468677327533215,0.10452041352949264,0.6858109396727728,-1.001654966747381
-0.9609630566261559,0.3783708598234614,1.8631663402027194,0.49194002454887487,-0.7628552304327748,-0.029235650810488532,-0.12764751422903547,0.7042814380062565,0.5244373043715087,-0.01406276690191114,0.4125712973020237,-0.44979136000366093,0.5525452714609266
-1.6127903356788502,0.5410954308071859,0.6090046843551657,-0.46011274701893706,-0.7986166813891805,0.25298682670745426,0.07993069066270829,0.5034796095178801,0.18916451082213442,-0.06224525926779804,0.2602655288653968,-0.07071283172866237,0.4936655638667919
-1.1876677146451722,0.03492967777947015,1.7110607451383566,0.809533211000995,-0.9673099931883623,0.1967991307961798,0.0010218288415662215,1.0623616051714893,-0.030646793357680564,0.10411024020557923,-0.28224648325693563,-0.18676829099742503,0.5503410373351949
1.231652792484566,-6.077761283476757,-0.1777943154730615,-2.516013554884988,1.3033808171082717,0.9879211360704884,1.6430395257557113,0.002517912223680669,-0.30715906567730944,-1.8215619250236585,0.037282906319289905,0.5788906211243068,-0.505784139541279
-1.732160642479618,0.947761495155062,-0.5913664852849878,-1.2322320293363938,-0.22037758394323687,0.1687351250575704,0.08196501111790615,-0.10476478319300268,0.1828998512606212,-0.09598434508099737,0.32559885615559775,0.12972721791985778,0.27961861512644803
-0.9616880544549238,-0.7038221382443068,0.8417937979940474,0.331049303618169,0.9063681946818716,-0.005216282214997276,0.08466259008570574,0.35263196893970505,0.3319853716482604,-0.032674497709672325,0.6556341181763132,1.028957499600154,-0.3089924359731096
-0.04546002059976742,-1.6507497441857233,1.4763640047853754,-1.1258710874093258,-1.404414253864618,-0.5592111366000182,-0.8938744004921787,0.5873705499150235,-0.8438323228291933,-0.3550438827086474,0.18037409052005104,0.7116484770829212,1.7757641190434976
-1.506148093658274,0.3200752989151113,-1.3815791532370179,-0.6598964584119149,1.9120834742047694,-0.8394983011076956,-0.04026745544321411,-0.048841751391078485,-0.6593977584807736,0.04273337112583905,-0.1764470108283329,1.0712570028838462,-0.15421888508831055
-0.6812256713585818,-0.8366094220839888,-1.6581444951901838,-0.9901066593383748,0.6066612664947817,1.386751626671242,2.0072831664256463,0.03242482536819036,0.6323997515472224,0.3928914255532761,0.17082464902829939,-0.36466061047775816,1.5226928930271018
-1.4378024457470404,0.21041791877190016,0.7019666459467039,0.35963829316545676,-0.4541996165131777,0.170986178608907,-0.021492920155786563,0.42927654032314777,0.028014082932079423,-0.05247181223299931,0.1610271091498992,0.1018903695522026,0.1588928965829465
-1.526988846744631,1.0004196890238273,-0.8603060607324631,-0.691484204902735,0.2104325940897993,-0.09306422950008061,-0.2079095488221088,-0.3229247759943745,-0.0016868072164315116,0.04914481671095846,-0.03528743379787029,0.0852351409147652,0.06547466438529521
-1.732160642479618,0.947761495155062,-0.5913664852849878,-1.2322320293363938,-0.22037758394323687,0.1687351250575704,0.08196501111790615,-0.10476478319300268,0.1828998512606212,-0.09598434508099737,0.32559885615559775,0.12972721791985778,0.27961861512644803
2.024884067223117,-2.397440580847852,1.614288368271315,0.6869323160762301,-0.7501367680516196,0.23490125997294278,-1.715868107682907,-0.4456603560643898,1.1808719751502097,0.17563728964368822,0.6314583997915616,-0.6718965364539227,-0.9979383001284517
-1.408162244290471,0.23359241189321434,-0.7845110638837868,-0.9974436689560966,1.1404641052389863,0.11380480657624965,0.7275551917388109,0.15622323461009288,0.2459605562896713,0.5659317937493338,-0.5558591331414271,0.2902246413597015,0.37198342384123473
-0.6421003737296902,-1.4773296692008986,-0.9584854666241679,-1.1101618944979232,-1.8973778416224447,-0.7612399982672831,-0.16343172904341863,0.0012271292305707476,-0.1637420208313794,0.5468641207124629,1.0663807411124135,-1.035750852927912,0.8640371093839915
-1.1935529002055254,-0.7748539354601705,1.531379299311131,0.6903301140176227,-0.7441698584484464,-0.5143030692888452,0.48358625657346443,1.3959914516450802,-1.0893965263200147,-1.4819113097061138,-0.6797469942489556,0.07367813663602923,0.10408228089308129
-0.8116681903890748,-0.4702804650399252,2.9218013027243104,0.6509930897151381,-0.736126026857279,0.22934588567248457,0.3325258911650516,1.6990887639093237,0.07509079346286716,0.07910488820627666,-0.1751060568493403,-0.018817057973030547,0.7457690009578904
1.3941986002579716,-6.883783179847875,0.9032553299272787,-3.689865842553566,0.4592968075084936,0.45941963081023945,-0.03902229780367192,-1.2345656822722353,0.6696463722081666,-0.28370137619429975,-1.7249138492784117,-0.3662285148755479,-1.202076917110653
-1.2159276707504867,0.3235234664951928,1.6726291630567771,0.05583148884815263,-1.2373483741137281,0.32636157584058284,0.15162937823918926,1.1195034581420356,0.1400858783674422,-0.0312524184043815,-0.003427421765721673,-0.29875846500746833,0.8625798269140628
-1.2607921671178908,-0.008392310632936023,0.6967842314121706,0.6062913382803056,0.002288872132618035,-0.09021775134523988,-0.14038626353471884,0.43116884669816946,-0.26454175231870336,-0.014172044884501862,0.09786134208742568,0.3630529511177831,-0.028874845065121973
-1.630268717348541,1.193626050151141,-0.452852569019598,-1.080541085176969,-0.24533457491792285,0.04428469840276448,0.006757973799949947,-0.37976412460881676,0.34468724996195477,-0.015883934955839556,0.2275527384527622,-0.06157452123976376,0.016450566776679616
-1.3167613405183256,0.1793308879164176,1.8911719164094358,0.35488086534209323,-1.3962111810963815,0.3733181302138564,0.18829214113980647,1.0481437545296675,0.22342768694044957,0.012472691389531616,-0.04792361554389388,-0.375941701242244,0.6621648097141757
-1.5201685627696162,0.7294261626269025,-0.9287487487414148,-0.8444553754981936,0.6451629148336733,-0.13609084057827395,-0.1599458724604905,-0.046754422186345145,-0.2007811950175695,0.03481124567903112,0.03933008875495034,0.5309012714490522,0.15587276027158983
-1.4181081013812207,0.4363706248064798,0.8022631797498138,-0.11582359713700262,-0.779011239435792,0.30325771910061117,0.18230126583674433,0.40240642958503603,0.21650285945279507,-0.06025311869803353,0.10016697042604318,-0.12665133095012016,0.301093310133709
-1.3676553727831982,1.1055370701731486,-0.7853539611784033,-0.5433007600076317,0.24549378877927036,-0.12200747657540299,-0.19702623624695356,-0.6097983456593578,0.1433740621159402,0.05789938439853284,-0.10933302190538684,-0.1405608191042948,-0.15669307131192758
-0.9824578829579811,-0.18286782879781507,-1.14668102691612,-1.2073830139666926,0.7480788207531202,0.6569654298964553,0.83058403909534,-0.5352657636939447,0.1610388736064684,-0.6285995579975785,0.2735401591080281,-0.5274904702381057,0.1272341921946347
2.1486196756217018,-0.27937581075084167,-4.637834212696337,1.287585311637675,-3.229609347016752,-3.65633400627307,2.651393495980549,-0.24004735641958072,3.3279796773217147,-2.692166288136497,-1.2549405997517367,3.6318515624920584,-0.16571848449564744
-1.0635423139990188,-2.038942614022732,-0.9803840171091535,-0.9210242378125116,2.5557966648741512,1.7011218281663831,4.050212967155574,0.5283033551386699,1.302873361572658,1.269213640507736,-1.1062728940042177,-0.6323176633960881,1.8357658849394602
4.123414520088488,-5.293355164033963,3.2348697011182983,-2.2037128344002737,0.9314228136136522,-0.9151253333595202,-0.6939139515451913,-0.23873389463577419,-1.7798593950044992,-1.0896039082432447,-0.0056798106032229295,2.839633400034283,2.5087212333063715
-0.960662723916444,-0.918044306694483,1.0010805953113526,0.5934766925782435,1.1919599328752732,-0.6855244244899092,0.6672819792319478,0.5101924782405344,-0.7554888400041813,0.7240570487573043,-0.6621288726954467,0.5810526436044176,-0.09156222760114102
-1.732160642479618,0.947761495155062,-0.5913664852849878,-1.2322320293363938,-0.22037758394323687,0.1687351250575704,0.08196501111790615,-0.10476478319300268,0.1828998512606212,-0.09598434508099737,0.32559885615559775,0.12972721791985778,0.27961861512644803
-1.7207035099185948,0.2991594003873186,-0.18532988264573624,-0.048807869288129725,0.023442079951530897,0.19546550991694636,0.004474174108180441,-0.22473025758794388,0.15725433486619392,-0.2733505084912514,0.7781511218416375,0.4141679388460078,-0.307667343422718
-1.6249942251729916,0.4433071821939732,0.7546501732964397,-0.05971732051722028,-0.9140552023161916,0.11415283189025666,0.24225581012918598,0.45394337351159497,0.14623609605096663,-0.070110498909467,0.05063198147838498,-0.2096384293550194,0.34430396887014886
-1.7960809003585134,0.6481768265636093,-0.48389252973850133,-0.8134624785366217,-0.029971887066989503,0.14496989493176063,0.0018421365154874382,-0.11599479973354358,0.14740233233661618,-0.18659333096173217,0.6320195906258452,0.33656185641286623,0.06030015608325162
-1.0772512132807828,-0.566155537055127,0.5862792012256983,-0.3686585682335716,-1.013627303862686,0.08363272461191078,-0.2976517710334501,0.3544827133017903,0.20675755779885874,0.015878525631454914,0.4740922551338834,0.1311551574688314,0.18647704259283623
3.887005401041645,1.24015564769148,0.9252804887871035,2.5651681062707112,1.3287765440536041,1.4530221626410615,-2.0289563208988417,-3.589525398034082,1.4960801494585443,-0.47333945355078777,-0.2943431254370771,0.18587202725792842,0.4603290067690408
1.4546073117071083,-2.0266694305708803,1.3240137922349764,-0.3550132207166444,-0.5228390976541456,-0.25300954513830637,-0.7860071859872495,-0.9701688842837969,0.6433545212711805,-0.47164506513173166,0.8472550150127371,-0.15512403369799607,-1.5475992536626504
-1.2908688290024526,-0.14539933012214637,0.5550053611102882,0.7759844709025475,0.22137953229562035,-1.3215570189181747,-0.09049428768999182,-0.046013856764457954,-0.1708103044759818,0.21596396891438002,-0.7112050637554206,-0.4743591633985886,-0.6965370138963691
-0.14780182643921835,-0.20177731911772703,0.2912932543991444,0.9691816594178808,-1.3832271396446534,1.503644679399788,-1.1976817375144677,-0.14449516030383303,0.7514276150279061,-0.21625670166710215,-0.43016839988348476,0.5247393944775612,0.15794490236630496
-0.9699933980454226,-1.303733866196007,0.8613172838258084,0.26721931408674604,-0.612611504391116,0.41973129662785824,0.2333541903269941,0.03639032002547391,0.27319292112922816,-0.46761353788524285,0.7722310060216281,-0.2814038612600637,0.18610507601387735
-0.1466584686891768,-4.108674869780211,1.1186603961578716,-2.0491207123334627,-2.71256567904679,-1.6541122242281108,-1.8912560860757428,0.026155463605200668,0.6628568378272781,0.5214350640925502,1.7009047555813512,-0.05610870568321158,0.9718348115249837
2.3768289375753495,-1.5159632218190757,1.463980505032139,-2.248437365392452,-0.4420017703354825,0.5702097596470659,-1.6464464860989505,-0.4277144012246045,-0.7790671530583902,-1.1108472056486967,0.6760223930019849,1.32827003239696,0.14388576987830173
-1.0600091353415526,0.21344960511260622,0.5314895860827195,0.5550022855213682,0.48087130760692903,-0.38619466229926996,0.09349161179480418,-1.2253228665477007,0.23767602508147848,0.0740730438306716,-0.004393264304425277,-0.13170053840538354,-1.5574507072261408
1.986247585892753,-1.1105608662725555,-0.6678524382072228,-1.2734525525277338,0.4262203580474616,-0.23191552049286052,-0.6348033469876814,1.1919676459220063,-0.11693631198367012,-0.7465704603770631,2.512698590711508,1.7957212552030761,0.08328408359077459
-1.7502425785849594,0.5957176392830539,-0.8277842047400363,-0.4208980989980659,0.36577709627657573,-0.08788621255056803,-0.29891573599968274,-0.0472812228699321,-0.18224519547280837,-0.05021873685735074,0.3451788887798939,0.5178657394268339,0.06832394103932192
1.1123055895418168,-0.8043755928591155,0.030938097145966424,0.5786351525952327,0.4272773236018109,2.0481431448547136,-0.09739402152717515,0.15130047981369638,1.5100450192899781,-0.47191670242916167,0.27974496888054534,0.4246852027761636,-1.5369122176010201
-1.4181081013812207,0.4363706248064798,0.8022631797498138,-0.11582359713700262,-0.779011239435792,0.30325771910061117,0.18230126583674433,0.40240642958503603,0.21650285945279507,-0.06025311869803353,0.10016697042604318,-0.12665133095012016,0.301093310133709
0.06380808952546618,-2.4983154551998332,3.1082844007590724,0.30240453903643727,-3.21666455730514,1.153531419643505,-5.613864841317203,0.4350533173919199,0.8796740375403003,2.696842902369939,-7.791323734129254,4.637295165912735,-2.607020507202843
-0.9450779179194196,-0.4648029903632757,0.9817572102473098,0.07013367071368233,-0.2441295136817611,-0.5731894254060188,-0.7804349289863094,0.06336646435058348,-0.3532429911608339,-1.2468552538098918,-0.8850653635599232,-1.0666628708414696,0.8494504233360906
0.781521701371119,0.09533403198632491,2.5740128729062635,-0.09227114904215757,-0.07386753439645981,-0.7874147808100094,-0.3513515570528879,-1.4440323317349573,-0.47799709318590866,-1.8579024683255834,-0.3639020757192723,-1.4459232711466683,0.52491544891546
2.8467070933936176,-3.879057687445819,2.5623779391422614,0.5013076053033312,0.15008306725243245,1.0582152569274388,1.4540223418235878,1.8279629371038713,0.5414991306481465,0.9502392534922629,-0.6234169185534094,1.2157800148490996,2.908886332155919
1.0624178297412141,-0.04986732994932204,-2.579389355909216,0.8476670402734665,-0.9570499853024765,0.3558893924317056,0.24134919139253133,-0.3829384183003594,-0.4552249860676309,0.9190587294601965,0.997635423436279,-0.022208875588624517,0.8609612300592782
1.076130547176187,-0.17268645919072992,0.5812681738028929,0.3440600886254491,-1.0719712651072086,2.2243981546826803,-0.8532762150158403,-0.4121848419162637,1.3548242537084918,0.08509463786371642,0.4157046327288803,-0.38972966031170675,-0.6087197098733846
-0.919994923539154,0.8931469275570635,-1.955333102891038,0.4769940037148189,0.7021457732022973,-0.750331014545808,-0.6594655202386943,-0.40849005098552,-0.45366117115460447,0.45201047646762316,0.19729645772656237,-0.16562647332706157,0.15398655149033422
0.1214133075745199,0.6618575117858497,0.48717304355154295,-0.4058289424055083,0.9818157182232358,0.40802189212006534,-4.04240654347299,1.1617574747839312,1.8009489313115217,-1.0097045039203056,-2.7092482912864635,-1.392662040499963,0.8373599521179802
0.9703663954423759,2.1613786676925675,0.6091973410696127,-0.7677240999324648,0.4271592481089147,-1.3265475743693984,0.03463606590068533,-0.5511310443134987,0.23450393203024542,0.26328092942391934,-0.2367664337765264,-1.1877182545649485,-0.9524129444710212
0.754692326478136,-1.0353806183540455,3.857447759017124,3.0363511692598877,0.22199474447775097,-0.11107905011019083,0.41608712462676134,1.5077729946955107,0.1926306829010051,-0.7843391601884911,0.9155372590826084,0.5367128989175661,-0.559394882674256
-0.5261699003302596,1.0967134240253342,1.461950584667328,1.494626545312178,-0.5040011530130619,1.247643467250556,0.2370295062204121,-0.590201931990715,0.881778144767124,-0.1458763644299996,0.09493360254222054,-0.715179100962534,-0.8033208311470261
-1.3164292215599482,0.8464178822777945,-0.8186352235767094,-0.1832816801734163,1.3880422047415804,-0.6986502376122954,-2.9480560322585063,3.5140311448955153,3.0142585556251342,-1.7096441073922248,-0.8417037886076656,-2.3271223225086013,1.0694506939899455
0.423814666142371,-0.07763722453244125,-3.0609983158785883,0.955047667771343,-1.349788781831697,0.02299710440321141,-0.240843705599676,0.07016927468576414,-0.7277654244423933,1.146671277539301,0.15878586782366214,-0.8554594447969881,0.37792628216365287
1.3853242640349146,-2.7897018207003725,-0.45961862677837717,0.8759699954307587,2.87459016482481,0.999350842397269,3.2288175515903923,3.0524057251126466,0.6330674694930704,0.7485824397909734,-0.5697689783822878,0.0287264068233923,-0.35223428844451926
0.5978938279852304,-2.769549450655103,-1.9458023015400483,1.435173318800358,2.825497885627313,0.15866098911301849,0.4715025219772945,1.6611461107313894,1.5446719733303693,3.1321986829053605,-3.091216675518658,0.09259112186923761,-0.5308742191052047
-1.732160642479618,0.947761495155062,-0.5913664852849878,-1.2322320293363938,-0.22037758394323687,0.1687351250575704,0.08196501111790615,-0.10476478319300268,0.1828998512606212,-0.09598434508099737,0.32559885615559775,0.12972721791985778,0.27961861512644803
-1.218378668715326,0.7137816617320171,0.6068346783766402,-0.1644300905578784,-1.8020091439223678,-1.0998600567512784,-2.3035537759282034,-0.4053380765343305,-0.49671862022628877,-0.8128461588680399,1.3023654175522195,0.2292937529803893,-0.8144039912571647
-1.4546467477351155,0.3595943894632052,1.1330152033692722,-0.30387065453308143,-0.9315287095501446,0.25455207779768024,0.1502118284760513,0.7791469130711477,0.15556216683943283,-0.04883872522306893,0.06659721370116137,-0.17438993060469188,0.618660944650296
-0.6242674173511821,1.668283870343216,1.2267966456661332,1.3770693016827231,-0.2934447002584201,1.2568054101072552,0.17622165746607804,-0.043212464438008656,0.8016181043259734,-0.1438262767170517,0.3125869868058785,-0.4898093437633296,-0.130348915826753
-1.963898569408043,0.07715909736245692,-0.868122759010471,0.21853764227862124,0.25884161484137985,-0.005984320550087064,-0.42829880234788054,-0.4756208156424677,0.059814216728172505,-0.6762574569427664,0.6846397414790718,0.6763008731955241,0.1567139158705753
-0.18884672654186738,1.5356136803903608,1.0424095278541117,1.1722010803933565,-0.5120965208767786,1.0876790766247892,-0.07042872001532352,-0.10386020476080925,0.6945006457526223,-0.302073030005667,0.44880665816511384,-0.5408425076416139,0.15847201880969683
0.3194440945183995,0.11001667300622443,0.10388209790717028,1.7098314539237314,0.24239820916102522,0.3906854760245845,-0.872817307057514,-1.378257776019898,0.8840320627177325,-0.7859459990239347,0.6237075314030446,-0.3536980310210106,-1.1231671822549336
-1.9214772622304097,0.5876994100466257,-0.5091616126287289,-0.774945515182488,0.3210305304325509,0.007448947832656769,-0.17049192188640125,-0.11292140254320597,0.16685519957886477,-0.06942954275320776,0.511883253864724,0.5297026940687721,0.09150987921366947
-1.3391209728390938,1.9043624984108418,0.3134105367552704,2.9697063200485694,0.8933160060237071,1.081035865783891,0.13309411141895788,-0.24841415014455676,-0.3805997979541111,-0.3709631658640822,-1.0473581228607844,0.49607736325630825,0.10463300533300025
-1.0776161650205789,0.6696352357949539,-0.4159360884512685,-0.3096602707055854,-0.3024303912793735,0.16864068363153392,0.5896350143075466,0.45689962850653365,-0.0020308029250859245,-1.0216709193780205,0.7960009624140568,0.348792166365418,-0.8582167929755148
-2.0809555547892917,-0.043234562663853296,-0.5376772687657474,0.03911850983229462,-0.172552528980584,0.2541724175990686,-0.17066861861544314,-0.6871142567635912,0.4701482152712571,-1.0213116244089533,1.0846340608914165,0.5478087014377867,0.17815345585825612
-1.773449336127173,0.5089052746170023,-0.7701891458587546,-0.43607016009570937,0.3510391437713577,0.08209315597151697,-0.2285660794080742,-0.05991314778003969,0.26867744961922635,-0.0012040680071302367,0.6287867098170267,0.728387134027468,0.01610390587688392
-1.732160642479618,0.947761495155062,-0.5913664852849878,-1.2322320293363938,-0.22037758394323687,0.1687351250575704,0.08196501111790615,-0.10476478319300268,0.1828998512606212,-0.09598434508099737,0.32559885615559775,0.12972721791985778,0.27961861512644803
-0.7896278328972708,-0.6832539589033407,0.725616316787767,-1.6052830014080495,-1.2640876272846215,-0.8073040714255487,-0.7932919091315757,0.24675335346426602,0.07962441503804535,0.2179676750511534,1.0674807918890021,0.2565325617691648,-0.07027199708919132
-1.7106538747551545,0.2114752512529741,0.6314664281405812,-0.16166666198451893,-0.6797601222687605,0.3697135294920182,0.02163343037257507,0.6628308534423621,0.04194349107377967,-0.16221277788419242,0.562913307299306,0.3365148196933396,0.565226636089554
0.8465491706034345,-2.10188876407273,0.5169064568161602,-0.6500995643911625,0.3518449474365021,3.2120883362789288,1.5799786491188754,0.1546280016623256,1.2442417209398584,0.4043378697564011,-0.9634661417575702,-0.7518020716966789,-1.1355164687385417
-1.4085171941461336,0.11922611002996483,-1.23282594565249,-0.9572578317016218,0.2799460957382633,0.5911260746405638,0.3533230431112724,-0.12090723142132541,-0.1466837979872953,-0.41991878634676055,0.2542808625279464,-0.014550251814707179,0.575561543029082
0.055882643550717995,-3.4628086236668927,-1.5544966387318457,-0.38484041370254574,-0.4497677603572781,1.0663998421292025,-0.7317260364658262,-0.1936749861149527,-0.2016727197332645,-0.7912387010105472,-0.3040214607733174,-0.39715339531536215,-1.5864650805330467
1.4137197978295641,-0.8511445471212956,-4.414982516496254,1.2566252316289612,-4.6058739013780245,-4.0757212755139784,2.2839227809667597,-0.20526563106801438,3.3150426793762304,-1.7020544932779544,-2.840009569559252,3.727381481101529,0.2396153246503957
2.3155050039609173,-0.872192555243318,1.326775575729411,-0.13861731873986893,-0.6967250005093336,1.3177706839573013,-1.224967887702951,-0.11496896808159544,0.22406062986364114,0.2528044973793967,0.654082137661389,1.1994375337491248,1.00337087561655
0.7362696713942206,-2.2242793131631604,-0.5013564784151033,-0.4464568756207704,1.0174301196674103,2.8641847742816475,2.0682264495803193,0.6877238371968601,1.1788881501155175,1.0433729976936796,-1.5539732759218077,-0.44015656546151133,0.7110839554552287
2.7420786513589106,-1.8821768693296446,0.3728411198026312,0.14246723547990212,0.315217244069564,1.6510517583975042,-1.4401129762131926,0.4448523859846217,2.2902832637412165,0.3225698250296758,2.104971235022268,3.2997228814394823,0.662475074385524
-1.7502425785849594,0.5957176392830539,-0.8277842047400363,-0.4208980989980659,0.36577709627657573,-0.08788621255056803,-0.29891573599968274,-0.0472812228699321,-0.18224519547280837,-0.05021873685735074,0.3451788887798939,0.5178657394268339,0.06832394103932192
-1.3001172056887051,0.2870763110244907,1.0291765231449213,0.3696513115783074,-0.8525344036681032,0.3695968208363366,0.23834855316438294,0.30115764942432965,0.25001987459837616,-0.08660430564039626,0.04201801199500406,-0.18693500751231745,0.07933811665653677
-1.5576631083727455,-0.8790640206987116,1.913975751010132,2.2038163943895692,-1.3491120040896463,0.47276032082064684,-0.427947359706367,0.25977531134450477,0.7334708263915908,-1.2089781349737914,1.3400165456223105,0.2307734519027958,0.9731291908134836
-1.9009929528934242,0.8793540394009105,-0.7013854721521444,-1.0952448422702286,-0.2442186079550846,0.27990173578216054,0.04793481843800366,-0.12324256306807384,0.2295429805883076,-0.16165251649807602,0.3205498619245866,0.14636847086242502,0.4279922315983507
-0.8745139455407249,0.8421732378164177,0.8980852266669793,1.3196156174779203,0.22112743610449054,1.1822006017931583,0.11393056118515647,0.38646659052961496,0.12323382486944275,-0.07668036959475039,0.06209429040323983,0.30922409519590965,-0.18830934241361116
-1.5054841658052704,0.46412906613190674,-1.2869640387956758,-0.07457020054181714,1.2667862752639607,-0.44300446168172475,-0.5893084628393989,0.03165087119947534,-0.6365056173953539,0.14487349772235153,-0.11494029890565723,0.8954208842118505,0.019690185437880127
-1.3023827372193408,0.14412937082663133,-0.8123425514450742,-1.2308418310217077,0.9376147867627751,-0.3827514038488193,-0.2158190898929782,-0.15756853895464823,-0.15056241314823715,0.015190540442079549,0.23121313999384344,0.7633001222677971,0.021413804401848043
-1.7852963542310725,-0.6814483146611499,0.48854212768995164,-0.04952881326613141,-0.37938339833435764,0.35063330255296454,-0.04654970206886022,0.2648679243717109,-0.7109662221621711,-0.9569223761365001,-0.7527886438388847,0.21692149318871787,0.15854971424186956
-1.8011060908436525,0.6562298350530392,-2.023385067735166,0.35554319104258714,0.9431930984490369,-2.3086070746312655,-1.5544659736520028,1.5082796376450174,-1.1842664915944925,1.2560970119191415,-1.1720810287272905,0.057806665373584164,0.8887317895229809
-1.536098997073736,0.5856649385884688,0.5753498363547064,-0.601298505852313,-0.705488075203481,0.23691861736488562,0.1262539785091057,0.5036552097457424,0.18298584430721399,-0.03390193175567079,0.15831592885708234,-0.0663676543879229,0.5228485036108812
-1.536098997073736,0.5856649385884688,0.5753498363547064,-0.601298505852313,-0.705488075203481,0.23691861736488562,0.1262539785091057,0.5036552097457424,0.18298584430721399,-0.03390193175567079,0.15831592885708234,-0.0663676543879229,0.5228485036108812
-1.732160642479618,0.947761495155062,-0.5913664852849878,-1.2322320293363938,-0.22037758394323687,0.1687351250575704,0.08196501111790615,-0.10476478319300268,0.1828998512606212,-0.09598434508099737,0.32559885615559775,0.12972721791985778,0.27961861512644803
-1.5259533647955434,0.1789632078107562,0.8215944126975472,0.40268295711419355,-0.6462654685347684,0.24526841482205786,0.007373260126608612,0.4119225458793826,0.1166046313993561,-0.11490878827122199,0.3346868846197015,0.05221922145797112,0.12770401059983968
-1.686322320706064,0.8953023078745065,-0.9352581602865229,-0.8396676497978383,0.17537139940032834,-0.06412098242475826,-0.21879286139726403,-0.03605120632939121,-0.1467476765488033,0.04039024902338408,0.038758154309646325,0.31103110093382536,0.28764240008251835
-1.732160642479618,0.947761495155062,-0.5913664852849878,-1.2322320293363938,-0.22037758394323687,0.1687351250575704,0.08196501111790615,-0.10476478319300268,0.1828998512606212,-0.09598434508099737,0.32559885615559775,0.12972721791985778,0.27961861512644803
-0.8358600887949085,0.26991303676636663,1.0387501580576852,-0.250771688179014,0.061733458053567884,0.0850774318599611,0.23910731424219586,-0.41086013917522984,-0.6294374586873447,-0.034855940558886016,-0.6409232446122947,1.1577065058012812,0.8260282691302666
-1.233699368670274,0.4501330594122506,-0.5718382506496631,-1.24659520643746,1.1889969623567973,-0.04717444940297665,0.2585059779282267,-0.13687443076386452,0.02079929585432251,-0.11272135511405608,0.32731465949150973,0.789337729465538,-0.1156903043063375
-1.537412945238932,0.19207800463089506,0.9075673314479309,0.30454186222955465,-0.7452027143706597,0.30348244169264005,0.08256272825540116,0.39474415166347976,0.1990165133517121,-0.14900243679731734,0.40639706008118937,0.0068932507044792545,0.12569806436082206
-2.241027468634533,0.545433357933492,-0.04386226590688201,-1.286758157782054,0.42941189041628347,0.08169121485794197,-0.06402322991742337,-0.20984497345794803,0.7002322257774982,-0.03966385749273118,0.7018716331114088,0.6440285448596321,0.1418936480403998
0.12595433366819275,-0.34595872625027135,-1.131212255000398,1.911006264190484,2.714431604751033,3.736586149251027,5.037806710670219,1.4680328440413084,0.5279335040114487,1.081132743941836,-2.5833850861081595,-0.6810169819776247,1.5642772550804827
-0.05253389759062873,0.5221805764381211,-1.6475067128377754,1.2264102000266075,-0.4053861884646859,-0.1807816455486519,-0.3908101790598656,-0.6406122433801934,-0.32096444664765333,0.08181004861301651,0.6129142323505757,-0.6292227542444725,-0.7175512419194328
0.5409947800752787,-5.045516578405973,-1.5424872116332273,-0.26336208739192174,-0.8381341151189785,-1.7014388858925926,-2.302290685555683,0.6507724217379157,0.00572689179132811,-0.7245611628902214,0.8319153888114978,-0.4401358442078624,-0.9692563858673164
-0.40405763783757787,-1.2943994716233458,3.2134888237717703,1.0768330741568288,0.2543807605849594,0.4153967495386359,1.2597317634999727,1.8072928189040045,0.4189041594945666,0.612388894515959,-0.8995824781929408,-0.054581223355859944,0.6103607774784523
-1.4181081013812207,0.4363706248064798,0.8022631797498138,-0.11582359713700262,-0.779011239435792,0.30325771910061117,0.18230126583674433,0.40240642958503603,0.21650285945279507,-0.06025311869803353,0.10016697042604318,-0.12665133095012016,0.301093310133709
-1.2605497040185283,0.031904794795758584,-0.5712282293501485,0.20004001728821705,0.21389211507221179,-0.9553705808321417,-1.2437617758967918,1.5216670700191202,-0.5871468801159263,0.7918177839311019,-1.097787869567975,-0.2684904689271401,0.6858162695720608
-0.5183252701720206,-0.2892239487480718,0.46865117594018946,-1.0330356001940857,1.248928186324376,-0.16256522306445548,0.2934885375463041,-0.7659118483207614,-0.7101235165627549,-0.9120885213862805,-0.4067263204761984,1.1354649722168855,0.1918835166510026
-1.142968751746599,-0.5453055971708645,-2.0063159829782324,-0.06906010410739129,2.658772836869969,-1.850011788041075,-1.7452170495113093,1.454013472705458,-0.9230418918480616,1.4420909187283995,-1.5492280136532208,0.6249658427806433,-0.08333545021240832
-1.629461629974998,0.5213110412940336,0.4916067627711252,-1.1270412387902364,1.3883404811344735,0.6683328206781595,-0.3417914566905876,-0.13281657871957261,-0.10603728242965241,-0.14495974250595867,0.3818633228870028,0.6809204476838693,-0.41091193108449353
-1.4181081013812207,0.4363706248064798,0.8022631797498138,-0.11582359713700262,-0.779011239435792,0.30325771910061117,0.18230126583674433,0.40240642958503603,0.21650285945279507,-0.06025311869803353,0.10016697042604318,-0.12665133095012016,0.301093310133709
-1.5912031469473256,0.12302219275692396,-0.8230166046021473,-1.2090543958798259,0.8168049815305535,0.7684807402474086,1.9891705502583066,0.1704666391495449,0.7100703180006639,0.6574692878211749,-0.22289801133064835,-0.24148565806074712,1.37284924845006
-0.7566988793897487,0.49781731091967635,-0.9062897059029886,-0.8758544765276713,1.4930088316984178,-0.30152628650445057,0.3144114081716566,0.4476475916732905,-0.41392128096254394,-0.6483287663128402,0.5668457092761642,1.266258430752553,-0.4221529267532923
-1.4705687788167274,0.12367115939488833,0.8237642165459166,0.4010870485474084,-0.48966829672365325,0.22127846210421923,0.026988923105533115,0.40835480726039797,0.09859345857643402,-0.11676845605267294,0.3348775294348028,0.12550927829638014,0.0837807973295301
0.18112034452461792,-0.4035401572546777,0.43210869057234713,0.4072632784042724,-0.7433069119310075,-0.11288677027002349,0.016888450081275937,-0.32529056415886476,-0.2733557763291214,0.5310596227302672,-1.176714164211262,-0.7724969858100345,-2.154351547750393
-0.09795078457981883,0.1805733088330963,0.8663588975912836,0.4084356779349098,1.065306774729139,-0.32669937233235263,0.3421256071475318,0.4954898571253897,0.20828284010440068,-0.7571217339797294,0.9780826456745297,0.6865731363141417,-0.6202291910974719
0.43540534422032634,-1.6213471417426752,1.2462766978479414,0.1871721104507047,-2.145632462856698,0.8672607568190341,1.6666419158659533,-0.7228922626616705,-2.428775133480921,1.753868743118916,-0.15184404007818578,1.5148470424037748,-0.3428857860743124
-0.6275396625265373,1.7964659732569936,0.4618578652975308,2.3263199973325386,1.1161351652404867,1.804916739578898,0.22027319937279424,0.30781049964148005,1.0126499880966748,0.048221992111174554,-0.7069421026802624,0.7805918227986648,-1.5128899942109526
-1.4820283592601158,0.13678595621502723,0.9097371352963004,0.3029459536627695,-0.5886055425595446,0.27949248897480133,0.10217839123432569,0.39117641304449513,0.18100534052879003,-0.1508621045787683,0.4065877048962907,0.08018330754288822,0.08177485109051254
2.002725432942246,-1.408066434445431,-0.8577976294505788,-0.855211733896035,-0.06874382344282835,2.673318068561559,0.8085742057962035,0.3347537234809664,0.5487728877211009,0.1937420320311176,0.28889596187331384,-0.08574578419214515,0.28795928921173897
-1.1664713618679596,0.5242206512960695,1.0355281926908033,0.36636488623759716,-0.5914017440203422,0.11142917220198395,0.15009299551971883,-0.20222852422430904,0.5339851579677005,-0.06796572972459058,0.09501178912452249,-0.5967934044100345,-0.3961439776924826
-0.34669909930724363,-0.5695112267153709,-1.548255287013149,2.900637876572835,-0.6019546546573584,0.4018568287512013,-1.0042170120592195,-1.9248731726437196,0.1451110002333077,-0.5824238002524852,-0.05764624747929331,-0.04120984414242146,0.6892415398802059
-1.732160642479618,0.947761495155062,-0.5913664852849878,-1.2322320293363938,-0.22037758394323687,0.1687351250575704,0.08196501111790615,-0.10476478319300268,0.1828998512606212,-0.09598434508099737,0.32559885615559775,0.12972721791985778,0.27961861512644803
-1.7936824413146124,-0.5262036496840039,0.9388780808751542,1.2231573040394228,-0.725201064555024,0.36954084694258105,-0.1002355878277425,-0.0410821188027499,0.4174109129366897,-0.8354471474698895,0.9501384024271988,0.3032181434685084,0.06787573316327793
-0.8165106035813796,-0.17929098231758125,0.048035145631684754,0.7530830797236815,1.520798519387264,-0.4365780971951755,-0.3178629805120679,0.5249023299573,-0.6873046335247093,0.22985270800376634,-0.5435088053914354,0.9408929173769871,-0.07616209314791828
-1.5485450175162847,1.1607296152949116,-0.4811081398022677,-1.0083609534269535,-0.3243829637201456,0.14931020716242546,0.0786743170017145,-0.531507399071493,0.4185023280821009,-0.08099282576818481,0.21433982917922145,-0.2822567789471414,-0.009709775149077027
-0.9995195666959807,-1.064124154866144,1.236782564006209,-0.3167215230971612,-0.42603357054833907,-0.2929102288369539,-0.061848265093954635,-0.5110603791785863,-0.12439332884043763,-0.9243077096441259,-0.576922673890848,-0.4747090592992545,-0.6498269058077907
-1.6175071662903409,0.711891067932538,0.2599123730914747,-0.6481888022084514,-0.7248894713386185,0.2602937732255277,0.1105577555089942,0.2706666906649098,0.21214069116313222,-0.061520130730116286,0.19450327366447306,-0.09438731264447074,0.4117766895606557
-0.8805735939949797,0.2161125528421821,-1.7426012637862343,-0.22139517264592615,1.9291424541760056,-1.2706152887978233,-1.3437061827062957,0.9603030225524377,-0.8323890606969194,0.9081111138049236,-1.0175378785580997,0.686289065535074,0.5423435911670991
-1.476030679331964,-0.6149598259073318,0.942917996286263,-0.0561056927354662,-0.4373251664457222,0.2873845651640829,0.0645583625223177,0.0479118038059165,-0.42542565279949435,-1.0638441537347385,-0.2975413498671769,0.028778070849274362,-0.04986578058598462
-1.3658913492998708,-0.39579822513810836,-0.839612228970314,-1.286012908974339,1.0725066920273334,0.9468110916748816,2.1061504264379494,0.21738429424310407,0.7606353658786422,0.6319191406537367,-0.5435473861594339,-0.3547125419846194,1.1673514795545523
2.2001372751189185,-9.270629651241805,-1.336796455673216,-5.238882311539143,2.0281688419247024,1.6979941616119094,1.463592796471275,-1.1791696675075443,0.7627341815567437,-0.2545742660136724,-1.5795292704451631,-0.0296441626498846,0.21554227323750197
-1.7731617394717363,0.6219472329233316,-0.6558383672392687,-0.6171802887673438,0.16790260460479314,0.02854184119059634,-0.14853679974209766,-0.08163801130173783,-0.017421431568096078,-0.11840603390954145,0.4885992397028695,0.4272137979198501,0.06431204856128676
0.545554714321534,-0.37584442802069024,0.41472478898956894,-0.06373455023866012,-1.4781613922074435,2.3456410752371766,-0.47551554761513337,0.04357812806954136,0.9251808504660387,0.11562083834239904,-0.05517800714713331,-0.21209786857023974,-0.39589914377286645
-1.5151855059887573,0.04674141453109287,0.858351547685738,0.2668681328171513,-0.5555763199926275,0.24657591753307545,0.10580512377701744,0.3337398267565608,0.126071992546635,-0.2428181048388913,0.39043320188296415,0.06023362741713057,0.03016984468490886
-1.7960809003585134,0.6481768265636093,-0.48389252973850133,-0.8134624785366217,-0.029971887066989503,0.14496989493176063,0.0018421365154874382,-0.11599479973354358,0.14740233233661618,-0.18659333096173217,0.6320195906258452,0.33656185641286623,0.06030015608325162
-2.548297476871777,0.8034700117133391,-0.2897011371084118,-1.2463739360651054,-0.17740771145556875,0.2946606708233104,-0.33236323882230784,-1.0226408681164656,0.4844370037320776,0.9005646276650725,-0.483214091244477,-0.4629896346603437,0.7092916110642622
0.7426557433878862,0.7083683801848754,-2.255675556454531,0.9066202382414662,-0.2598956813229091,0.4398670349505001,1.0720945941239592,-0.0634051643672206,-2.9751071499580006,0.37082451701490077,-0.15644634049549883,1.0297531984955437,-1.5082703194209455
-0.28484739428227474,-0.9855703167420712,1.0840764542236745,0.2758012941512112,-1.9371912246586431,0.7882282713292221,-0.32154594281437,1.0016492120547988,0.029157393722112443,0.1126062141223647,-0.3070205743045189,-0.016711313591299987,-0.03687388746027946
-1.536098997073736,0.5856649385884688,0.5753498363547064,-0.601298505852313,-0.705488075203481,0.23691861736488562,0.1262539785091057,0.5036552097457424,0.18298584430721399,-0.03390193175567079,0.15831592885708234,-0.0663676543879229,0.5228485036108812
-1.5301013171455842,-0.16608084353388922,0.608530697344669,-0.9603501522505488,-0.5542076990896587,0.24481069355416712,0.08863394979709775,0.16039060050716364,-0.4234451490210705,-0.9468839809116407,-0.5458131259063851,-0.11777289108153668,0.391207871934384
-1.1709883280243052,0.2560496908431757,-0.9832114433084119,-0.5045016453289275,2.713714829654408,-1.1045595165021893,-0.28796551164522244,-0.5157706299048658,-0.27531526182950117,0.48552576228627486,-0.6292255816049432,0.7180157744174979,-1.172230867177032
-1.3022754647251262,-0.16969448778566634,1.9168974635754032,0.9308514944008084,-1.8785676468334285,0.7818145987511811,0.15923170273230214,1.2835213867307662,0.06796510431057258,-0.031467656480145344,0.12194138161021792,-0.03974539461269622,0.9810121741238824
-1.5904004966328162,0.7363786380053113,0.2035729250116623,-0.799583740065134,-0.554794318972372,0.22516297707635582,0.1102820785311419,0.3199940741954719,0.20126829595240142,-0.02394406944407202,0.21946173896102963,0.005647196423256575,0.45897354291793796
-1.4181081013812207,0.4363706248064798,0.8022631797498138,-0.11582359713700262,-0.779011239435792,0.30325771910061117,0.18230126583674433,0.40240642958503603,0.21650285945279507,-0.06025311869803353,0.10016697042604318,-0.12665133095012016,0.301093310133709
-0.6676489899325129,-1.5071469790869196,1.8359948696208266,0.01619296047383941,-1.7279351833448304,-0.5929509302272462,-0.23679983863522602,0.7295718673423712,0.20136499297185873,-0.9649222991577716,1.3868444108736786,0.1918960221719045,0.2588537233710139
3.7154816928871988,-1.4438162235299057,1.5848760209870383,0.059696880722642204,0.1308695517336947,0.31411175469586505,-1.7947885921269278,-2.0873408354885985,1.9009820228143,0.4071411792990709,1.250742117921835,-0.06859921190670769,-0.5334133298489613
1.7153539213813391,-0.23195231414910714,0.6213459711860106,0.2175810038211181,-0.05232679639542705,1.926397129245281,-0.5899054935467343,-1.7931136031227408,1.7639342366875783,0.39560048712479207,-0.15051862149365236,-0.4623696038384998,-1.7000372949292872
-1.7312712027868014,0.026307674289243636,0.6168672596295481,0.6446320363640773,-0.19765664710527708,0.09977621915229097,-0.3862287043673829,0.10456543004847565,-0.023652233307435842,0.4107713940436598,-0.18336071439573928,0.03419199787249655,0.2981189434892546
-0.050003990640209675,-3.725244202372932,-1.435162544569055,-2.5403043281247726,-1.5676454220144453,-0.5185647670627139,-1.4002744905466589,-0.5773780295285944,0.34304425119180204,0.022262164524435656,1.8083828557505495,0.35512810261408884,0.48313308930089366
-0.6879413967294176,0.41912852999884315,-1.422127218405291,-0.2870079072198376,2.0866323067137666,-0.6508104477279435,-0.13672540060109856,0.5507179569687077,-0.9083925726766812,-0.4437668751562678,0.13658465650723703,1.5382142552735045,-0.4101172493191868
-1.4820283592601158,0.13678595621502723,0.9097371352963004,0.3029459536627695,-0.5886055425595446,0.27949248897480133,0.10217839123432569,0.39117641304449513,0.18100534052879003,-0.1508621045787683,0.4065877048962907,0.08018330754288822,0.08177485109051254
-1.8453224837995728,0.8794075573720312,-0.8237743418687478,-0.9632478931011011,0.07403410961978808,0.020662963275733037,-0.23742800481174073,-0.23089188047510958,-0.001840817609847835,0.21892605275631233,-0.041085528951905204,0.1520575338381538,0.3897966075648367
-1.7373754322176804,0.1427295233399619,0.7690279520778788,0.20667659809900715,-1.1380267678791298,0.6245244695737947,0.06027500605465023,0.7392988109846477,-0.00024064895914473344,-0.19420316199931273,0.5006101032017257,0.3300440423833175,0.7221974004189586
2.040979497987662,-3.8131597189957627,-0.6805265234430384,-1.5132342841595061,0.8979556581912121,-0.24823532034632667,0.24658283073008366,-0.7012460302093114,-0.8935922046623098,-0.2979788686965939,1.0930713800284995,1.1790886998458106,-0.9907242304518953
-0.7130008254786784,0.6901369157074604,1.3709755537090502,0.3856633120035539,0.04240345379535811,-0.5536958233387483,0.3390113065226569,-0.7214519122264956,0.8894675469698721,0.11126352833419749,-0.44509225182853784,-1.3675671983825801,-1.5200243722187665
0.44116563197421405,-0.06791661738562459,1.2076154661750398,0.6939147304401782,-1.6286854827788098,0.7966866557098323,0.7357344824333477,-1.5004101087611823,-3.048728880308407,1.2602458630066131,-0.08231517826231664,1.7750673351708364,-0.27727674661878127
-0.2491565278907785,0.5249994695132884,0.7699718674517201,-0.3478434454183395,-0.024310503338841303,4.742599695146628,1.9184992530612788,0.09659654323982324,0.2259811275092262,-2.2783759987024417,-1.9305675005847664,1.1308753783587284,-1.5551934576646829
-0.27291846105652656,1.1860845743780357,0.9531260497456421,0.35552221569063797,0.4997855009630507,-0.7071438057818047,0.39765341467026616,-1.9148253106069226,1.2909618179376934,0.08885135211632327,-0.6936144040168079,-1.95253730500801,-2.3047620870113645
0.09810975115642069,-2.015904045800783,3.3026948464233263,1.5170728716392092,1.0462250255363579,0.5036033832070401,2.2733943195978705,2.5492056931652507,0.5602515789656483,0.4491057484545522,-0.8053995649114405,0.2978455448278288,0.2966784670799107
-0.30552710658207577,-1.0638536337351114,-1.3685992282200987,0.1667974363787764,3.64453014419645,0.20695588948156154,2.6388390219374496,0.94485665016289,0.016624778563827505,0.8485497673999397,-1.1369605667679135,0.9113670433948432,0.6794748003359157
-1.1688795533314844,-1.3877954540403203,0.6997089842279917,-0.9428899888208028,-1.0291536901655565,-0.8265958715270479,-0.8791964407175972,0.17543795861934716,0.12087487172099841,0.15302232414621958,0.5528108860255964,0.07699726104024612,0.5167435094254343
-1.2348094243101035,0.4761256073676448,-0.10437678484743317,-0.3014199581129817,-0.9149719951983755,0.3638088868310724,0.034017349432808576,0.06049115425313266,0.2733345742915447,0.0380310209954707,0.27052254067713216,-0.0987158556518057,0.24922720048842334
1.6879793248647363,1.2938963285556502,0.07987807242200004,-0.4265148904039782,-1.349366374401764,0.6090192027117507,0.03662088615397422,-0.5382543907378448,0.37392741122836065,0.5714703896620322,-0.10280644402734886,-1.4483006881900142,-0.09636869501852854
-1.637126797815758,0.7512389404156983,0.2221470488211406,-0.48427502014066487,-0.6146881944157156,0.5025186685757117,0.08583479434981382,0.2759998788823396,0.02122282660700338,-0.44207492253371383,-0.18224090010546604,0.16636111938491058,-0.0064397734014797975
2.9551498209409943,-5.3779499487331925,-0.7613875721366333,-3.362208365398056,4.250875226771426,4.424808840972735,4.88829834920458,-0.03609337800152154,1.8220057041343902,1.9461287922584127,-2.4388452215662113,-0.11566014288486796,-0.0975815048427512
-2.23069128773348,-0.26220843599299726,-0.6854897785826681,0.25978470030920847,-0.46989370729202723,0.3598395397253592,-0.21992881036122225,-1.1042238329955854,0.7477051463962426,-1.5567413586136338,1.1176741791203468,0.49940919671346845,0.48586188973270567
-1.114489301020625,0.804220897356313,0.9118358436548915,0.09440595409577052,-0.8234477031124594,0.23277652021823528,0.17121145518649505,-0.27746016257153583,0.585993867224786,-0.027723302716859,-0.0657546585141699,-0.7443367289821139,-0.136484418013315
-0.5643651117099793,-0.25651464237845595,2.1787063295521913,1.4554749650227545,-1.2170844978089908,0.7940322529090779,0.5490608344262706,0.18373990885777694,0.5295640532257697,-0.24999757681288332,-0.17722344686812827,-0.9678525868673408,0.04076232752880563
-1.0866509041958294,-0.7871100435185017,0.49845751069170585,-0.17372866187399247,1.951554295676008,0.5810364183435487,0.7356396553166976,0.33340074451355406,-0.17079321835398167,0.5602406043565477,0.1582382459502169,0.31383553837052836,-0.19839213840733702
-1.5485450175162847,1.1607296152949116,-0.4811081398022677,-1.0083609534269535,-0.3243829637201456,0.14931020716242546,0.0786743170017145,-0.531507399071493,0.4185023280821009,-0.08099282576818481,0.21433982917922145,-0.2822567789471414,-0.009709775149077027
-1.3286805625836255,0.5260175136066468,-0.46078917208664144,1.1241280357384675,1.2528418890162494,-0.679663684314111,-0.7544243471531069,-1.6384009871102332,0.19444016294321664,0.831672920940193,-0.9899297956359446,-0.6438519957499923,-1.1710176316673684
-2.0815705243449396,0.6216666480948331,-0.5550013379728851,-1.1145392532162692,0.11774633067855231,-0.011471327188739822,-0.011673222156331084,-0.09269276113384246,0.14703396431500268,0.15050165189330536,0.1655597752054878,0.3292669743621361,-0.00587379685176253
1.8929709755439537,0.2374866250090516,-2.1428913238953236,-0.42757363519806335,-0.6039914234427064,1.607624370802396,1.084553343660428,-0.8862588645612258,-1.9728846036761074,-0.057921724036951,1.4200883326858367,2.2091785062233273,0.9116797680674008
-0.3608516610505186,0.22555268440401186,2.7765779283175385,0.8097978001314896,-1.5659795365805744,1.8465115323384957,0.7155832495911364,-0.7748405409464244,1.2640188792167055,-0.600321473735389,0.03661399498795359,-1.0019321374310857,-0.7580528632096633
-0.41356251185332843,0.8051281032029447,-1.0083100714098479,0.3035001495522547,2.23720755098244,-0.7013453030771667,-0.3692243286427075,-1.2731999463131634,-0.0681337297212097,0.23351703621488729,-0.6512820661457055,0.18118964616119448,-1.0973915987926823
-1.4931604315374687,1.1054375668790435,-0.4789383359538982,-1.0099568619937387,-0.16778579190903042,0.12532025444458683,0.09828997998063903,-0.5350751376904777,0.40049115525917894,-0.08285249354963578,0.2145304739943228,-0.20896672210873232,-0.05363298841938649
0.19873052475915323,0.6173709502771357,2.5964717668338357,-0.013426122349429458,-1.4811321641066115,-0.14676843075878507,0.523842934515964,0.9230655511286168,-0.27694905501861916,0.09131830800879696,-0.46614885438763587,-0.6638489809085478,0.1620191157005171
-1.9068602862323476,0.1646169850268717,-1.5369345826386107,-0.6196047848188622,-1.5480011282017563,0.6758236713205407,1.0562023255817716,-1.0183653802445705,-1.0467523334386504,0.5551228257394956,0.3442983461000588,0.052143109767702686,-0.5069426246039481
-2.0789389292852753,0.22580813261001934,-0.8048767272826267,-0.056264958139673193,1.4062188101462458,0.644959781748735,-0.3536630602474498,0.22411974592549175,1.6980761093751855,-0.26378137862660384,1.7051809173529415,2.3032290551005223,0.6938773377270735
2.7597910439707305,-3.0253652882679734,0.26238184093506406,-0.7547843445550831,4.881003173491257,-2.8447788841038864,1.917060288887162,-3.082898417754112,-1.6734217684175978,-4.126504492094861,-4.699313013908444,-3.020113345838004,1.0187733717579448
-1.4931604315374687,1.1054375668790435,-0.4789383359538982,-1.0099568619937387,-0.16778579190903042,0.12532025444458683,0.09828997998063903,-0.5350751376904777,0.40049115525917894,-0.08285249354963578,0.2145304739943228,-0.20896672210873232,-0.05363298841938649
-0.509519975794995,0.12521410167235056,-1.0536657169206671,-0.907865121828998,1.6347086058440372,0.6790636035718088,1.2464315864147566,0.40779954622601206,-0.28888522970498814,-1.198736713150123,0.8063784719004402,0.8654605422784353,-0.1814855197352778
-0.24420326378450766,-2.436159871006142,-0.07264545256846504,-4.410875246818482,-0.0031078722241571666,-0.8956301872105887,0.20278147499150426,-1.2945427154056532,-1.6513770255486746,-2.0120519370027945,-1.311428920118988,-0.15880243199341607,0.13433216386352015
-1.5030342039087665,0.1527336141704785,0.6496485751967795,0.5989651468834714,-0.44839097686298574,0.12884036108089342,-0.14300567613097648,0.4462793343111884,-0.048219132505356276,-0.04672149121903125,0.19126653369672575,0.142871162964955,0.1317159030778748
-1.4148649129931214,-0.2855797497110793,-1.8159513521101986,0.07078856102163088,-1.325354194111546,-0.6239175959110028,-0.5947399401048343,2.1996605477136084,-0.0427917246016557,0.25525497769660865,-0.3801729960450752,-2.1388988584310824,-1.5577612508495229
0.6321878427398936,-1.760307020696198,0.13166986884881687,1.6561806117803715,3.2769180915974454,-0.6834520206477687,1.3429370250319976,0.3872412893490672,-0.1056680053813913,1.2716533922949598,-1.1585829595189285,0.585526375457261,-1.015445027552881
-1.4646785711252013,0.6862891962758187,-0.06861057630221072,-1.6981603400647491,0.046947221664112575,-0.35217846951545845,-0.15044757069859746,0.10902004154150483,0.20484733373998654,-0.32386018308442355,0.17416549571495699,-0.07017926328988026,0.11211705633914554
-0.07549149363932248,-0.6399784301796546,2.4451929712679576,-0.2871115345307479,2.1979149597628886,-1.5126807014873838,0.18398900146864738,0.15179223400537617,0.09388578911561253,0.5829017946954306,1.5130357193720256,1.0944222927163092,-2.6583200707454977
-1.4391139460298712,0.45231828276193126,0.5421746196502931,0.1801955960836993,-0.6387966737392332,0.15260559120670322,-0.06288280152855782,0.4575093508517293,-0.012721613581351267,0.04388749466170352,-0.11515420077352169,-0.06396347552805344,0.35103436212107125
0.9717203513771089,1.3296619482884446,2.746835028648973,2.6795302040378397,-1.6100294637273074,1.1276411723005562,1.1107314712774408,0.47929781952395417,-0.08241383277013145,0.18965334206039777,-0.46434285512821094,-1.2487915514408594,-1.7021934286535119
-1.7960809003585134,0.6481768265636093,-0.48389252973850133,-0.8134624785366217,-0.029971887066989503,0.14496989493176063,0.0018421365154874382,-0.11599479973354358,0.14740233233661618,-0.18659333096173217,0.6320195906258452,0.33656185641286623,0.06030015608325162
-0.4583152290854021,1.939830103401489,-0.08045958791072995,1.2766752221530708,0.8183887748522934,0.7205933981068859,-0.29211077576511735,-1.4121654734515527,0.931384748542713,-0.13159586702299272,0.46697278696471756,-0.5390787986685428,-1.0319691231617243
-1.2085833590307704,-0.5329973285673728,0.17987790488058564,-1.0073312795505702,-1.3562101452695277,-0.2440641815737772,-0.5036344459077842,-0.01868565162454807,0.4410663781225327,0.1607857166860514,0.7907320751990277,-0.1431987655214475,0.5473717073187159
-1.465252554296322,-1.5349643004511275,3.1210208481677517,0.7977044629472186,-0.5895437307598356,-0.38260713554113923,0.6454260472734478,0.7695756977334312,-0.13022952408392877,0.10133406083142392,-0.09569509262580923,-0.23021925539164426,-1.8825676473083384
2.45712695539318,-9.12215738551373,2.313048785942666,3.5152948620552897,2.7034790024444977,-6.489988863530729,-3.530370114353582,-11.516020291284145,2.049546689861184,-5.4266553644582025,1.9969547549166804,-8.13225859150599,4.3047707217115025
-1.3334310355216425,-0.04188222399364119,1.0876861754605023,0.853348334253966,-0.4823657591880585,0.07219158530053733,-0.14791400644642597,0.7391250320803588,-0.16423335844041398,0.0007786913517932102,-0.07411195692899744,0.08452003484241724,0.2587172301003964
0.9666058048323108,0.9677389158220885,-1.8025972774442565,1.024230125880442,-0.3938368730282377,0.5347111797131961,-0.6644739705936639,-1.8802744520334576,0.7324611646470267,0.5612052896666955,0.42327539842152156,-1.1304606274250957,-0.6041650936384562
-1.796943690324824,0.30905095164462126,-0.8269448655969585,-0.2701320925217184,0.5194377304327037,0.30562383927452264,-0.23824570248244226,-0.050820209168449086,1.0056989758985833,0.16501256674550158,1.0525820009683164,1.24008186473572,-0.08432427196995679
-1.7731617394717363,0.6219472329233316,-0.6558383672392687,-0.6171802887673438,0.16790260460479314,0.02854184119059634,-0.14853679974209766,-0.08163801130173783,-0.017421431568096078,-0.11840603390954145,0.4885992397028695,0.4272137979198501,0.06431204856128676
0.9490458868070345,2.5376889861712995,-0.5270573813823238,-2.4948071959030793,-0.4323076350859968,0.12753890858434996,0.19928239958027413,-0.4373598622647338,0.016116711574445428,0.8103673117224798,-0.9603067728354723,-1.4001100958372812,-1.1537546329814932
-2.2450152072735343,-3.140172029573657,4.125285954169254,0.9685845216088668,-2.1099836688287175,-3.4531186368991387,2.712624593988213,-2.128667460198016,-3.856956367272852,2.4647049605443616,2.53576406556672,3.6146818588854637,-1.0494107237707857
0.9666058048323108,0.9677389158220885,-1.8025972774442565,1.024230125880442,-0.3938368730282377,0.5347111797131961,-0.6644739705936639,-1.8802744520334576,0.7324611646470267,0.5612052896666955,0.42327539842152156,-1.1304606274250957,-0.6041650936384562
-1.557480514609697,0.734398360121559,0.7227467193189526,-0.21473350039622685,-0.4633016868090452,-0.9509600738999697,0.14312182381656452,0.6176327863067811,-0.6500791860727232,0.1731493835212826,-0.006544777926962237,0.20938003220545337,0.5908008605046736
-1.1183597433005732,-0.24502543454534045,-0.5232258020948105,0.5378317585781793,-0.46768893080372814,0.6519440962848623,0.13587342368472843,-0.42124126215423735,0.45788812271895857,-0.05787564378816718,0.31277469145244985,-0.2868125137617052,-1.48793468994734
-1.7731617394717363,0.6219472329233316,-0.6558383672392687,-0.6171802887673438,0.16790260460479314,0.02854184119059634,-0.14853679974209766,-0.08163801130173783,-0.017421431568096078,-0.11840603390954145,0.4885992397028695,0.4272137979198501,0.06431204856128676
1.377235516561829,1.9013378049613485,0.4785348684829783,0.39710951138697587,4.059510249991802,-2.546058752353492,-0.38293640292732245,-3.7545273759279514,2.429981813689408,0.12612934476404775,0.48620298665154543,-2.2144671708098,-3.7780621969979906
1.4560780581811923,1.69032381985131,0.4352700603334783,-1.9170749370408735,-0.9892407210514913,-0.44679972470873125,0.6959880636938813,-0.523017735062126,-1.3515901946845705,-0.37809419206752276,-1.3704615249079222,-1.4555726626570966,-0.8687906641272434
0.4953269354572326,-1.7167605703578426,-0.43207776807541254,0.16419039511668784,0.6543879932168741,1.544982385352313,0.43818896034579735,-0.6302871831218774,0.457614079872478,-0.8854802674575759,-0.21643283384718465,-0.5387465273896394,-1.7329210633912155
0.8176803967270064,-6.924540961883101,-2.8756788044595996,-1.2322423469577206,-0.38668916417890115,-2.0949375961233057,-3.657495840033002,-1.2680069502790643,-1.3923426635420346,-1.612882573405129,-0.43180275580920446,-1.4436027455851934,2.4909334520850384
-0.9441309357640197,0.864057790812305,-1.009193577980015,0.059078231164775334,1.131019198402781,-0.05466324374287514,0.5527747540871798,-0.994394591170342,0.4498453882936369,0.554416281803054,-0.7468031582480066,-0.6417812648722423,-0.04839538732751484
-1.5259533647955434,0.1789632078107562,0.8215944126975472,0.40268295711419355,-0.6462654685347684,0.24526841482205786,0.007373260126608612,0.4119225458793826,0.1166046313993561,-0.11490878827122199,0.3346868846197015,0.05221922145797112,0.12770401059983968
-0.9436437365065198,-1.0666311229534524,0.7533158374720019,-0.5102147106528311,-0.8542667478575868,-0.6805018971313057,-0.4437278658744014,-0.944327651495825,0.4914704474708484,-0.36554797803250333,1.0489725438064728,-0.10287270927527363,-0.8028091078843091
-2.981174435484537,-1.2843245630129896,0.034195405011501874,-0.1729609958971793,0.2188389459824766,-1.3268604461694407,0.2779261669551488,-0.11778529707311511,-0.3260171979781943,0.9547333000095871,-0.1265767949331836,0.187250423413694,-1.426071985732653
-1.4256475753265465,0.11246913874340522,0.7181793115311286,-0.5083691421301426,-0.12261497058575908,0.44376976387105393,0.667402204217841,1.0068491964406407,0.8872402494966405,0.33007887409247244,-0.688844014754915,-0.6234425541822797,0.732178773390588
-1.2882934136287705,-0.4772324973054703,1.7690820733278083,0.17776088968669426,-1.5883222984003693,0.8034082792940475,0.5353042887063472,1.6859552963927253,-0.11702691695191102,-0.14280304789051054,0.43333528714603275,-0.1189577422991133,0.9643152835510806
-0.16264141861649187,-0.22362135798474322,0.7726558670659469,2.6306734788662727,-0.9346089599090261,-0.0414865357880669,0.09885303400404997,-1.546670106780008,-0.4506662250409955,-3.631930091514593,-0.33219531357120496,-1.7503922584346816,0.6456339198531057
-1.8006966709588543,-1.6722484064965821,0.8632700080928822,0.3756352697764931,-1.4500761021032167,-0.18595825306072475,-0.6951879613648219,-0.4224605376684614,0.7380175616383878,-1.0648003243332602,1.4251235883831843,0.16205320836186396,0.6837881151875305
-0.19621970197614488,0.4567849514065342,-1.4869846851526336,-0.823409442182914,1.2635990585009669,-0.7749618015175844,-0.10074192927133949,-0.35728099101048655,0.4143603401867088,0.9708037800757311,-1.4624069396634676,-1.0672794281097762,-1.1516528087186175
-1.3686149998127184,-0.2507643026792035,0.4867923057412618,1.414754229606996,-0.5038215541529604,0.30511189599857064,-0.5476821396295998,0.18991830126937354,0.5207106072293844,-1.2900011304448287,0.5717136389706691,0.0048546543734747085,0.5143531923262566
2.0024414185423423,-0.352646850611823,-0.8289533704040501,-1.7579965362735983,-0.7741217627537176,2.334853030262992,-0.9463304413345803,-0.5794439388533663,0.1942594474983004,0.14743593991692666,0.650288230332763,0.4001811898514571,-1.841345013353667
-1.4800038881567597,0.4304548439069593,0.9260061870089165,-0.138376159595091,-0.5699628227259677,0.28940268588781515,0.017989114302644334,0.44327891463459884,0.20519080391706945,-0.1152637564779882,-0.021417323343398298,0.09892631522572329,0.26121705285456953
-0.2405663352679496,-0.14295882224968992,-0.9369478798163723,2.5783724649562805,1.0769807258897877,0.2232742080522029,-0.16223142785639572,-3.0089924707682494,-0.15852186515103187,-0.4471842759259295,0.42332489590355227,-0.02736492321833305,-1.9239579335328478
-0.19771540787202432,0.4044837319476947,1.7395227765115502,0.4139755222771381,-1.4853712903797944,1.2894774054184153,0.11994534087733554,0.20172790326336953,1.2787820167960824,-0.2708835403151896,-0.09490456129886111,0.08190518314304829,0.13498311732787735
0.7445539595397715,-1.4835371275247204,-1.4823402553370382,2.0443280460720614,0.22770240418057808,0.9608785929824699,0.6442945792704604,1.167384192844876,-1.1421431332335243,-2.082316466248403,0.6243841695744492,0.47277816539307294,-1.9097733376434587
0.6461735569229158,-6.657047976271448,-1.140347332937887,1.539872420248835,-0.9672768261383997,1.2199029510230033,-1.1651039899376523,-2.3909739940261363,0.5206262496888983,-3.1595731156161655,0.2191223192591714,-0.8516816036284904,-1.8039146470479626
-2.2607759497041666,-1.0755940604135987,2.8643278342855423,2.587681100331934,-1.4407338904355491,-1.0364204049398336,2.1494764616072732,-1.9493952776275474,-2.0077338205299258,0.93207205144882,0.9908561197410632,1.4392676031928238,-1.124007480711239
-1.4802428469022118,-0.14184328348489686,1.429926452533836,0.5262820825344493,-0.8321767742509437,0.3115975729452573,0.12069458491369371,0.8101049012023922,0.08105122839482311,-0.17017618188995365,0.35189178379412805,0.08505901133564911,0.2886711599785388
-1.931333266945225,0.17553791402816793,-0.25977571536182364,0.05824924852629347,-0.6465437259454216,0.7252154912501303,0.021761261459216204,0.22647421404342752,-0.11337047868236981,-0.34361755660903065,0.8296345918233748,0.8242325689072989,0.4757979415202384
-1.732160642479618,0.947761495155062,-0.5913664852849878,-1.2322320293363938,-0.22037758394323687,0.1687351250575704,0.08196501111790615,-0.10476478319300268,0.1828998512606212,-0.09598434508099737,0.32559885615559775,0.12972721791985778,0.27961861512644803
0.9299841549314016,1.0328230907392337,-0.2204326952427997,2.0821730926557156,0.9191629682143254,-1.5180246602437992,-0.27091740804744424,0.30652638140709265,-0.6547254642487329,-0.8063893376076002,0.7677987392870856,0.2708814866251986,-0.39725683841896736
1.029594726401867,1.4891225427085224,1.0393964355923984,-0.9993631974487879,0.5809302062347975,-0.8770928660283164,0.23339239657743152,0.4190167149549152,0.0731791472219578,0.9964841811132458,-0.09763448810649768,0.32374299222555253,-0.8428803691154152
-1.1464417761176389,-0.2932708916609741,2.779317094988175,1.070349586215279,-1.1505712390460183,0.17066630252877432,0.34938826301277637,1.2163233957251214,0.3002356678303308,0.5267978254484135,0.5125704007257673,0.09595172926662826,-0.3257988056934793
-0.4918015333640291,1.2941357571785694,-1.0018222074134842,1.037952845376677,1.9532876366726348,-1.358204398225738,-1.4893115824292484,-1.1735405292845693,0.46528931474252294,0.08412874623915988,0.9448221642325769,-0.024325545222587317,-0.34292723062555724
-1.107615598664894,-0.2870367628121385,1.7644286773105313,1.711229844658261,-0.7152447178083721,0.2767544778096334,0.05119741647475987,0.448953705705749,0.05931434719968643,-0.03653413133098823,-0.12765463403723326,-0.18215848772562188,-0.3069892943620887
-1.2541602205953188,1.263113638603025,-0.3665101866228083,-0.7876816946510844,-0.11519399987482398,0.0819053838316033,0.11461494884337191,-0.9653854921879527,0.6180824592577362,-0.06972064201827419,0.10346209183304796,-0.5476606621373228,-0.38688459196522096
-1.7151828723804396,-0.06214754951616809,0.6733821071935925,0.5267949650642966,-0.3213039644572406,-0.41362463483849865,0.015401070407672225,0.15802520051935764,-0.35686434785916155,-0.7346129217030932,-0.22365821880362968,-0.2999007008123989,0.6596917983436983
-1.1102334697477403,-0.058815488141576465,-0.5135734845424188,-1.301442405010724,1.7832353985980018,0.1445071708809648,1.0708175739987356,0.0832816202484764,0.3851291652092072,0.452492841482342,-0.3395847378663555,0.5939870701296792,0.10242630550232495
-1.6052340446906932,-0.5189517018180845,2.043218229264059,1.2563796723828604,-1.432731562263127,0.6689427317553002,0.024441098843431132,1.3364887873828517,-0.035652174836557034,-0.22272973455472087,0.6397479103734577,0.34078380856854545,0.7461088298601959
-0.5286613893640443,-1.0811665291978698,3.1965155897183157,-0.008465827582991957,-0.4449736927731799,-0.37718140719038346,0.4997602972507781,0.7241361838326744,-0.28333150021013553,0.12601757543995953,0.21587067588481784,0.4656688329871752,0.31371312826001346
-1.233699368670274,0.4501330594122506,-0.5718382506496631,-1.24659520643746,1.1889969623567973,-0.04717444940297665,0.2585059779282267,-0.13687443076386452,0.02079929585432251,-0.11272135511405608,0.32731465949150973,0.789337729465538,-0.1156903043063375
1.7791607332149135,-1.689305229826366,-0.1713023960428509,-0.6662467830838371,-0.15989341691175177,1.763581958966936,-1.7109973437386143,0.3013030809904326,-0.2660630090813947,-0.616194698479609,1.3468240969855367,0.1187503438223986,-1.2046171436735855
0.40531196611713033,-2.3287474859513457,-0.026536777886284696,-0.7668023981071314,2.1595421869475437,0.8300125192919764,1.3071048358788646,0.07062797773053878,-0.653719001149752,-0.688138568391475,-1.850024701930166,1.0636567193769015,0.7678356839459588
-1.8006540966148417,-0.24524360691449792,-0.7980170638783234,0.3541629337473423,0.5161971181901526,0.3249452324331509,0.26653735143914215,-0.6596761814708556,0.43562988094091654,0.07645896771629217,-0.4759382165022199,0.22035082261563124,0.8685033557908932
-1.142885344725402,-0.317145741175391,0.4557847291697335,1.3371393413255994,0.7376299631015633,-0.09298948915708934,0.8497423333499273,0.6702354202167634,-0.22791757344368882,0.1179158361722099,0.31861306487776636,0.4338602558885052,0.73433228435857
-0.41356251185332843,0.8051281032029447,-1.0083100714098479,0.3035001495522547,2.23720755098244,-0.7013453030771667,-0.3692243286427075,-1.2731999463131634,-0.0681337297212097,0.23351703621488729,-0.6512820661457055,0.18118964616119448,-1.0973915987926823
1.2237164062021184,-1.2722362357821715,0.34747453913269133,0.7179371216178266,-0.49353864213215415,2.307389806176188,-0.727144821312431,-0.8968810104176637,2.241950425174573,0.6357718684725077,-0.06255824645536978,-0.2576902241652394,-2.358879587301931
-1.467129083364561,-2.8127487137483476,1.4379979619369883,-0.3382939812056353,-0.9796699993157687,-0.43450243861665555,0.7831220485711636,-3.3941161655385406,-3.3522214047312415,-2.6879459944522903,-2.3946331902392295,-1.1533145997467775,0.32537086496937356
-0.8879663697110206,-2.280449824836896,-1.3481853935433226,-0.38450390880785296,0.6481046007473695,1.9107949487951887,2.778590301059915,-0.07485762220308308,0.3108667378465575,0.19919184143050703,-1.8658717021564426,-0.6190763661521393,0.29460901119664823
-1.787545228458434,1.00305354357093,-0.5935362891333573,-1.2306361207696086,-0.37697475575435196,0.192725077775409,0.062349348138981554,-0.10119704457401806,0.20091102408354328,-0.09412467729954642,0.3254082113404964,0.056437161081448785,0.3235418283967576
-1.6535000453512747,0.8482319526337359,-0.4400909230215827,-0.9085820901928539,-0.2693930267647776,0.21296119288138746,0.11932986933633193,-0.17226396996680696,0.20524452802434195,-0.11355180304257256,0.2868328838682383,0.08953810021172619,0.13178181947499992
7.53627321259568,-1.728092565858375,1.4026189538939464,-2.5160743248374255,-2.874191610684858,2.1810145186003647,-1.620277091717751,0.9864360644758567,0.35798597411488686,-0.22898376448742053,1.6432351518119088,0.04449837246457656,-0.3659852758641943
0.32937521870968656,-0.10306642771215882,-1.8912347713197353,-0.5491216201251398,1.193788721922438,0.679648099595409,-0.1682480079894518,0.0016702379415402923,-0.8534645747550559,-0.22518305938656252,-0.22787979817274734,1.1611286696830776,1.1891396987503478
0.6365366034923399,-0.34913843090337193,-2.653686034390198,0.16597526782360741,0.629694797727681,0.6315226849809689,0.30980425407098566,-0.4521364120671921,-1.1939332926554547,0.6487672680097955,0.155763599835102,0.4476344648690952,2.1119597642942383
3.3207070665045344,2.1633062600580844,3.139363794963127,0.185138548956585,-0.845532427758428,1.8776922371873497,-0.6691554942803205,-0.5583602666589167,0.44269772505163796,-0.10177717417138563,-0.9160930494446872,-1.4591785590974784,1.5137024283642577
-1.2619522940530743,-0.6577506228556597,2.285762211050972,1.0073481177598373,-1.0144010228046494,0.24558895919263518,0.09947399110818676,0.8561025259047188,-0.12459456287560675,-0.44947823040646784,0.18660863173033462,-0.04017123778331537,0.10408516841622993
-0.1874723066378809,-0.6825901741057272,-1.4864883428926619,-0.5223906492673223,-0.32224128067204977,0.6981558605620364,0.851499823656854,-1.2576567127852938,-2.597928758269459,-0.5640416860668267,-0.34996689373312734,1.241923293461423,0.5064564431515192
-1.732160642479618,0.947761495155062,-0.5913664852849878,-1.2322320293363938,-0.22037758394323687,0.1687351250575704,0.08196501111790615,-0.10476478319300268,0.1828998512606212,-0.09598434508099737,0.32559885615559775,0.12972721791985778,0.27961861512644803
-1.4513817478745816,-0.030470916925835447,0.5328776368908648,0.3085032838033575,-0.6703881057797733,0.038930141837109446,-0.3568644965202305,1.05151445276145,-0.02307102983606154,0.19819594286218492,-0.002220017276550946,-0.01977821583373299,0.517846143093119
-1.5179709722890642,-0.9727469290559109,-0.03361433479208423,1.00457943228597,2.7758641178020684,-1.8361017831108786,2.5716122874234646,-1.856380917359849,1.9914489713211203,3.9296309203954864,0.5436386519012729,-2.3304407673962992,1.7506448452030543
-1.3413570908858665,0.5050493174487268,-0.10840160825021129,0.3638845959252269,0.6114267098559936,-0.3401044901374527,-0.13196328415654623,-0.9558364380485443,0.3463301966855971,0.18872027373421227,-0.1454926432596642,-0.34981868755799406,-1.058122012998311
3.3913035640733575,4.719441765657328,-1.322122035778389,0.13980589783705985,-1.086369707934923,2.2800352825025922,0.5546083338364365,-0.3942905176939178,-0.04660293532222472,0.9361122246216907,-2.242806183855824,-3.146775115723026,0.12915439774707166
-1.198309560631198,-1.3827020483695953,1.7920529269901586,1.2871854810203716,-1.8037998627035186,0.17695084917817214,2.0970485784409805,-2.488274714591528,-3.4327799374759276,2.6217692962035586,-1.64561561886332,0.7413071630273096,-3.410689860916452
1.7000644796987718,-0.3120140867245827,-3.5263268416271885,2.747720855920048,0.2797015525526606,0.34287701303219364,-0.03681671071457958,-0.8141093931582618,-0.5286718481749306,0.0345381903622149,0.8334852746013472,-0.8745194770760326,-0.22509441459593335
-1.5660068845431703,0.781885349907458,-0.5848570737398797,-1.2370197550367492,0.2494139314901082,0.0967652669040547,0.1408120000546797,-0.11546799904995662,0.12886633279185503,-0.1015633484253503,0.3261707906009017,0.34959738843508453,0.14784897531551952
1.6777229326443286,-2.3154997096873617,-4.673193545309421,2.2999322863640255,-1.1053909569838187,-1.2072172630087266,4.869883004537652,-0.017775008880508782,2.5924178089066054,-0.46725083043147453,-1.7819602335066058,1.6141300680516615,1.3712947463715006
-0.018520767212054222,0.12854360733750508,-2.3573967416405317,1.0442096780573367,0.353666858523606,0.08999874455152125,3.3394072811027877,-0.5716069474262163,-1.8636768153261993,-2.1773892402136186,2.9924675732498343,-3.267088161148951,0.5641697803363449
2.4929471232551195,0.010461330814902168,-4.270118401989779,2.7005207601737458,-0.2914715305327992,0.2650146403661042,-0.6728444008840848,-0.35593397129224963,-0.38318007077774163,1.4755096262291907,0.6215492318751642,0.6066034473983662,1.088770543646436
-1.1184205007178136,0.5221990415924436,0.04716362598340746,0.609008159140767,-0.10188425905064259,-0.003995772513027119,-0.20105082447927075,-0.09156006276059354,-0.036334793705886236,-0.10076290112663262,-0.023206135784822626,-0.016297411155089064,-0.0347318178917921
-1.5796409295754639,0.22919361710826888,0.8890212233138448,-0.3980832012682186,-0.9757822259117138,0.19440933559677245,0.4164213952552728,1.0344400209542304,0.16325093008293565,0.10694455081795089,0.41373678906064043,-0.22557180387277778,-0.017540598237025237
-1.6367474263970803,0.7532942077129302,-0.4089404301844414,-0.6652790336415184,0.005089307622481453,0.11602664785643824,0.012725449090642667,-0.40286836939852694,0.292463201668988,-0.17783876327415774,0.5579740025183285,0.11076589639380602,-0.16186757961397136
0.9051953351664214,-0.12043233357632308,-0.2401910308768829,3.0213610533123867,-1.2531183051873165,0.1676401534167695,0.30827311198261886,-1.969004210247266,-1.302434860058592,0.9372646346950227,0.6008316346060172,0.30975352700144526,-1.3287686421984513
0.9808462662805753,2.048221877953566,-3.446274689341505,3.9270783780868115,1.4997132845187224,1.6816558991967683,1.515036535981001,-0.45378008637702216,-1.133277108770525,-0.23115385238873692,-0.4072617827893354,-1.0848286834488279,-0.5017854480701746
-1.5180143048823849,0.23985938185182523,0.11101660927530026,-0.20858059651228933,0.12762210068704527,-0.30982376510023674,0.04615941756403994,-0.33272600817732195,-0.2264097731210659,0.17437164295622962,-0.16057805472871217,0.3108886170738713,-0.6256998815819482
-0.3831422999365418,-0.8895325610694328,0.009178934499843226,2.127231721820734,-1.4114640150025615,0.5803680903266639,0.960341313198955,-3.0236073549605518,-2.157648387442133,3.0269199924704147,-0.3282615511619743,1.99199085555457,-1.322741694543339
0.6938854866688834,-0.21341735713368168,-2.8337634227170203,0.30704551358418214,-0.8797932666765435,0.7712714660660223,-1.1361729577993323,0.15660315191398042,-0.4833168522524903,0.5047422656916728,0.016680047168179453,0.7622565580556518,0.014532884195675213
-1.5499080076314082,1.0266492826641052,-0.6883602232316954,-0.8877663946720128,0.01255810241801673,0.023363824241083752,-0.05753061256452374,-0.35728156442618025,0.16313695668828074,-0.019042480341232272,0.10813291712510538,-0.005416800592218608,0.06146277190726007
3.330025829713499,-2.250785335171034,-0.40458515803026973,-2.0222911275522537,1.8073658074615484,0.11922800586754567,-1.8365955170792054,-0.9691470487945676,0.06972231844445072,0.04270944083068106,0.9446456588957096,0.9304243934324242,-0.02606596239584571
-2.3768181193660967,-0.03443846658534491,0.7167410544507441,0.5444713512563667,-0.3638539946949875,0.23004584718976603,-0.7811428135193841,-0.6025159510518012,0.24433884746188342,1.2631488708612044,-0.789766794102998,-0.49368844433463116,0.7586827716449076
2.1448168984333296,0.8739150954762624,1.847952482486957,0.14162835919131259,0.7665286413274179,0.6574539665149516,-0.21849076276808047,-0.40674549803952337,0.18281041993888883,-0.4006267851800878,1.066240085718742,0.8701604524937543,1.6337073158708566
-1.5144937843521549,0.16584841099061734,0.7356214939471633,0.5008240519988326,-0.547328222698877,0.18705438795147564,-0.06781620800218396,0.42910094009528543,0.034192749446999834,-0.08081513974512661,0.2629767091582136,0.09754519221146307,0.12970995683885725
-1.5027623835738926,-1.1390075944707332,2.2003112246982153,2.3454907710567148,-1.3889335660695092,0.5584399797272471,0.013583826906973635,0.18819164338182143,0.6298732086972665,-1.128325749711252,0.6447836621752837,0.01891843545639127,0.32367232383092787
1.6176909017860954,1.415826055224781,1.4964236637877213,-2.017219552101596,0.42622616370507316,-0.3166443902889049,0.04556053018328896,-0.31970568882550526,0.27493381997034033,0.2355665594903597,0.13485841431705772,-0.5258903038688935,-0.9361831899861689
-1.5183680257366334,0.5941309728243659,0.5850632581645727,-0.337298752373615,-0.9822517710523284,0.5066240312577869,0.09358360030361472,0.41415617572258845,0.18948747968691304,-0.0961738007198828,0.2436008346397597,-0.01296592324000523,0.7129900831087848
-0.2303970427927906,-1.29786337436915,1.8866333828998336,2.382635125264712,-1.6521150562112448,0.6375341870548897,-0.9444090102544805,-1.237516045044694,1.102321595572985,-0.3971455022846106,0.26564668244640705,-0.3606037394394381,0.7220607640781019
0.15930456957753206,-0.7350249812983923,0.4513904702360672,2.4991028269079765,-0.8476184575971132,-1.144044414918587,-0.030798918829054486,-1.786432929159523,1.4299089404800942,1.8258990310449417,2.076220755404038,-2.1117141983864895,-0.18047996926044088
4.9184794574961135,1.0470573681011264,0.38554532977856065,-0.6923444117615213,-1.0022163745389872,-1.148639673231967,2.137053572014218,4.411540289926296,-1.6529019651545678,-2.2328267113702656,2.083344694690617,-0.2405338331224104,-2.0737426914484214
0.575138826541191,-2.0359658272063923,3.5477319823025724,2.5552932902851286,-0.7316798489432923,-1.5251860597945364,-1.04181986333482,-2.677239774048526,-0.5431062378010817,-4.22880934556647,-0.3042484363260592,-2.578021658222411,2.054488921691776
-0.7184889851146286,-1.0435503071851298,-2.0160199694708543,-1.0196318863602822,0.3891705102419738,1.3520343008869153,0.11847112350175275,-0.046529854663930455,-0.11971662504962373,-0.7094457525360653,-0.24464821529793818,-0.15711348718469914,-0.8946034335874594
-1.9521200482090357,0.45925753749270526,-0.4140609133281614,-0.5309232496163202,0.1431604122821326,-0.0033462523235964384,-0.030815402957484958,-0.17676314707864593,0.0981390975082277,0.15824411347703804,0.03570064131296084,0.31430926855343067,-0.2256230440899171
-1.145710829075316,-0.29260661445132075,2.0633894641459034,0.8795775714562452,0.3550815378256293,0.30718436591255316,-0.49405082630455155,0.15221894668278046,-0.49430153429072,0.9952913833979676,-0.13446124291021624,-0.4921595712859163,-0.382149553250263
-0.831353577421183,0.10723460819013013,-0.6312696226940924,0.31022022575791847,-0.258447010155209,1.143472252484921,-0.1892093909867133,-0.47250955147376117,0.38325554884820034,-0.26838133366362577,-0.11703815117652382,-0.4546057889425623,-1.3843082575907133
-0.6899753962774186,-0.05925277068559222,2.5282230989932803,1.8639047205474704,-1.0420556139836874,0.32718534179187503,0.2351645836786296,0.03772691682758358,0.6497909567180788,-0.08886717513308114,-0.04098094515581366,-0.85358312138427,-0.5632536609938953
-1.4941839132294223,1.194869453899894,-0.9106822014958971,-0.6158778368596625,0.1296634882452326,-0.011877083041159631,-0.42794425094330146,-0.8068296097714001,0.10986166345022393,0.35991520512471803,-0.3643387919462844,-0.32754990840265397,0.3557139736168526
-1.2425301816351806,0.4222439571191265,0.11660062092103078,0.5828116879243824,-0.055134451400640466,-0.02525523868140899,-0.18213725681815468,-0.09898831821814193,0.006651165280478278,-0.04133000115259521,-0.028745712460534104,0.019998527156675883,-0.1312332527105405
0.7937018432400182,-1.183125918548712,-3.790780956782863,1.1409430834621868,0.9762374310540446,0.32005600877280765,0.6960154101229861,0.49016114059932,-0.609203844041656,1.0566504813371451,-0.5601417829530848,-0.9369437525604801,0.9523886395631732
-1.790724740788756,0.023463413080199506,0.8962233859431983,-0.013302882114521701,-0.4556252773192208,0.2930306353763859,0.1590126891541157,0.4018465267340886,0.6315596175992106,0.23524754712648988,0.2237357105130661,0.28340982009279225,-0.036619137006939514
-1.7424032750641543,0.9949592849532597,-0.7718082116206504,-0.6682707792924313,0.22316310354523705,-0.05439601537792354,-0.3901171156210696,-0.821686120686497,0.19583358142295293,0.47878100507279253,-0.3754179452977071,-0.25495803177912413,0.16271110397935565
-1.0648619218176838,-1.9235216235596024,2.821799428138736,1.4243991601206185,0.0911761694140136,0.06510216759126454,0.16442636854609194,0.8421620433173629,-0.6337586216026074,-0.7434250867139018,-0.9474375830970573,0.2800384344910816,-0.4064982368859598
0.7129306623476495,-0.4319507757572234,-0.857795892263283,2.34326257086439,-2.214101359293399,0.5511885360576877,0.43572629284285647,-0.532053217425599,-0.1218836874276063,0.7256287344957232,0.07500754483753813,-1.6803666613878732,-1.0880126496076095
-1.5728271685181852,1.0528788763043828,-0.5164143857309283,-1.0840485844412906,-0.18531638925376592,0.13979187798224804,0.09284832369306138,-0.391638352857986,0.32796072059299297,-0.08722977739342296,0.25155326804808115,-0.09606874209920228,0.057450879429225
-1.7502425785849594,0.5957176392830539,-0.8277842047400363,-0.4208980989980659,0.36577709627657573,-0.08788621255056803,-0.29891573599968274,-0.0472812228699321,-0.18224519547280837,-0.05021873685735074,0.3451788887798939,0.5178657394268339,0.06832394103932192
0.037987257133946684,1.3075755417089032,-0.8566632571843028,0.7538573894494854,1.2292792953220506,-0.9636994369034902,-0.7890843951630707,-1.2655062826882622,0.21685892374636395,-0.3564692631888432,0.7821360855920676,0.6606623571928066,1.2399056602259233
-1.607918232241397,-2.283832846718141,2.177273414561936,1.4475734633655268,-1.8327571835233998,-0.11150521359204085,-0.6856318145993552,0.14472318418968746,0.7256108804508375,-1.0719076305758777,1.442738164587821,0.08375353619535664,0.7068872998174419
-1.6050874176865435,-0.5198264606389917,0.8682271670779589,1.9650549139936118,0.21850370973403155,-0.6032825893472624,-0.0575344379768869,0.861574641045993,-0.5952428389850779,0.062266131507754806,-0.4837470309145512,0.3875842494247764,0.10905119480524618
0.2013822738941122,-0.5088115919508236,-2.693868207908817,1.7096981666387334,-1.1839100446879365,0.7431394571791294,-0.0053863303760758735,-0.19367028113306684,0.33345826458865746,0.8381470407363378,1.0464156219571588,0.17927661886530477,-0.4918493791336282
-0.314554175388216,0.15677183173945292,-1.9880164658169983,1.4898580037842966,1.4395074802165035,-0.32956451727248864,2.6010725059325392,-1.2443920265709183,-1.160736444977346,-1.9770355729542808,2.9543093958674658,-2.8834565787319866,0.6753213805387503
2.447934524532576,-1.2379817683429792,-3.526638495562184,-0.03704977980608048,-0.5189839649382175,2.43410079222804,-1.0000993686032744,0.14403154879878244,-0.05687187365828374,0.1842693035175448,-0.3248511818551171,0.3753637434596637,-1.3167801316898078
-1.7741092414760928,-1.4110931478702269,0.4807509741720749,-0.19077998785611755,0.06983470919740649,-1.0810838017022788,0.8548571060412143,-0.0810753193667524,-0.7908478499650912,-0.3272336965545999,-0.3185132129258474,-0.3265537055321971,-2.371438945624977
-1.628673095969922,-0.6224711395666498,0.7604081868132918,-0.5455994219152853,-1.3561232362326665,0.031918331346787766,-0.4677065467371624,0.43729204241101904,0.207397520273431,-0.1184097986639802,1.0154262776684786,0.18543801603999474,0.8596778053987738
-0.641962424904263,0.4251614716781003,-0.47557489329135666,1.2980671577798697,0.3767629078465342,-0.32108768616374533,0.06113817750157905,-0.7408295165542799,-0.035780781486751984,0.3225404901556273,0.06781306779138745,-0.5834372982818918,-0.6766340951019405
-0.984878783454988,-1.6560064868514484,-0.3343279279933865,-1.733045759026512,1.7384339024691935,-0.5779722552076799,0.42096567590215567,-0.1767459163784031,0.41515290144242967,0.42203969550209725,0.3256388206001955,0.974385661793718,-0.11894226300025842
-0.8499097495025552,0.7270484386512293,0.4517889555016949,-0.04700135459027784,-0.8252884470167023,1.6097577604240179,0.25674009451340596,0.41775394363439866,0.39498407912523387,-0.15969958261748443,-0.5003568854573707,-0.21775584636418857,-0.2228921193093617
-0.05326562618261767,-2.5836483229136125,-0.004850210867645728,2.6208460921830055,-2.2754248809665047,0.8593012210690338,3.6708187160000336,-2.370720288169288,-4.550656516102717,2.6946512847648956,-0.45668820899350204,-0.10872557716997845,-0.8312023767186429
-0.4002320735148331,1.2345385199468746,-0.8619268155909996,-0.9480811345265601,-0.3669911137413166,0.6868526631478363,-0.3322800078641778,-0.07381990309432504,-0.35216477823709735,0.0333935918600009,0.35781713381623764,0.07471517381014786,-0.2532200261900031
-1.6017523195483678,-1.4937573389581236,1.9789698140836272,0.14301928727008548,-2.187525457170632,0.20748076929601275,-0.5354611955297679,1.4073324184224776,0.006204191780390179,-0.10262862023584655,1.0887427499920497,0.35898816603536415,1.4916850005044162
2.185885846565104,-1.1411950516963323,-2.574689533747909,3.0521434318248652,-1.6455319176403085,0.1821287844983069,0.10010027421798011,-0.23540662872831186,-0.5817561552718252,1.2306975278267114,0.4095595311632552,-1.4740873561946908,-0.9510034947476076
-1.1526418785563273,-0.09473830650468837,-0.16695659377225058,2.1873258053117715,0.2053855743777144,-0.2739917464559584,-0.5363146077763952,-1.681377235604934,0.9011603132805428,-0.986392972941482,0.31908407277502787,-1.0203517902486607,-1.6606979938936608
-0.498287592544528,-1.5392859719211853,0.27181085877816724,-0.009475263357158857,-0.11751417439825473,1.2006695764294184,0.19808403911228142,0.2956185854043407,-0.5060065480400586,-1.8274580682093766,0.014597463708427662,0.04468668793270115,-1.5123095716498927
2.443781079103394,-1.9567725609117967,2.260555028408054,1.5774662246894309,-0.5900578280637638,0.37437090451598454,0.36690205483092564,0.6365388970789254,-0.8763561160273187,-0.5624184129050496,-0.5662938763268227,-0.09119470188006985,-3.4743781430014873
0.7278985834129585,-0.18510034187154858,-0.6273640852034684,-0.22343762598873093,-0.914044745301769,1.4025632289711278,-0.016210137544013334,1.1970258157663374,-0.1707657120696707,-0.6910872536397233,0.5399886418142257,0.6117406306881337,-0.04580196471287323
0.21878949536638567,-0.028291855401491064,-1.9547565241664677,0.4928400008509193,1.035903666827997,0.22639546331511626,-0.197645072350895,-0.4853756623706245,-0.604806873730835,-0.6038127373508761,0.5492875210413284,-0.08093831331889467,-0.10642566436150205
-0.09964547680141524,-3.7894033987627727,-0.023793276013432844,-2.866291705125715,0.3497171131223688,1.7648731528519717,-0.2522283741628552,-1.0608334895119873,-0.7993776290455902,-2.8676745841711258,-1.3694314032648454,-0.12955424818815262,-0.8526796631088991
0.6416182885601968,0.4296403696278388,-1.1314905081609883,0.4392931578896796,1.3471759322378276,-0.8269328263928584,1.6881111937564137,-1.0717797279502173,-0.5043054861444082,-0.8182348814874016,3.16515228929275,-1.2294494616814737,0.9001005943944996
-0.39464409303236747,0.31855170833092994,1.2679118085361867,1.6026798490600782,-1.11021547946709,0.11617120086026067,0.029981309434898774,0.26270576179590854,0.011131770707414846,-0.2907138210483624,0.30198555009697614,-0.7897528054838101,-0.11997605489558445
-1.3642156633608582,-1.6141977490050146,-0.742740062870372,-2.098251779798197,-1.8258016820096499,-0.08183107441639642,-1.0593472378420539,0.1180383214689054,-0.006469729064630088,-0.031751070270055935,1.1398038730111864,0.7592383004586005,0.9999806641097342
-0.9827324965757338,0.13216835821682849,-1.762203388631896,0.6950415933507434,1.2986856959651918,-1.3195716673256672,-2.164396928962854,0.6657564098082471,-0.9586335509858692,1.0008618170438877,-1.9050249438531188,0.5841296074888448,0.6655352116887827
-1.0993864376733773,-0.46623013033673705,-2.5705489657132095,0.5686262771215278,-0.503435201901957,-0.8285891009475723,0.6324677932700984,0.24391454729419387,-0.6950138199153831,0.736532706100316,0.24399268342696256,-1.038610151783446,-0.4966405638961396
-1.4514277928754582,0.056335069864888954,-0.598679762875236,1.5702938118226932,0.7588988074661979,-0.7640530598580524,-0.05625274087143178,-1.3599478799207145,0.11383728289272498,-0.5846299921548489,-0.2510971230511459,-0.04705801115631979,-0.8638766300667435
-0.5940276918508217,0.27331704857620787,1.7069533720185313,1.1544511694687203,0.16334268722180087,-0.2604460679821973,-0.00868579637057211,-0.7452747892059681,0.5019752052975957,0.25144865382363674,-0.9257857455354469,-0.7902357116768665,-0.8255883773546099
0.7036276250999294,-3.295464729479432,2.4910521979440476,-1.5709718028365351,-0.5734847283838084,-2.3961165503595825,-1.1538050097191763,-0.3282767791369142,-0.03360428354527147,0.4947692717877098,0.7713799005304445,0.1852080581792145,-0.7199656471566626
-0.8412672092885617,-1.1367379367887611,1.9717972710733764,1.4689081603710659,-1.429884992762359,-1.8092299758637511,1.7116328252891688,-2.5698633495460426,-5.913151769030317,3.6100431944087275,-3.1368246072816084,0.20097772738757658,-2.4784070656774486
-1.785676233399813,-0.1341346855200177,1.6018943795777087,0.24420059936645136,-0.9579310570181481,0.2731809903708286,0.21667653094064046,0.6554377663099336,0.32421572545902805,0.07476546024455301,0.09377912525130247,-0.13013096957233428,0.07821850697278875
0.6622543129160435,-1.26795776940578,2.7938054548899696,0.7414138376657919,0.702012598704109,-2.1932805285809738,-0.48085551408219424,1.0478523390182652,-1.2479353663401571,0.517966010261639,-1.230455000701244,-0.45038966557360394,-1.315161400493159
0.5318657661225011,-3.7080443383122805,0.49568968028082583,-1.110023773635215,0.5277003433102001,1.9658739568259183,0.6816144677645001,-0.9357113168469778,-0.6667521045799091,-1.8698183698377315,-1.4562694587354565,-0.3801394201343217,-3.036362242285018
-0.32061722852626096,-2.37674374944797,1.5564971860975225,-0.5869804898914213,-0.8463800971805325,-0.13938440922378614,-0.08445549748715933,0.551131593966867,-0.07656517410697034,0.9795365337742991,0.6518962276918779,1.7150883784424857,-2.2784380707183107
0.3278686965954737,-1.8660306026894156,-1.3288830572057755,0.5273719597525515,-0.26606922144048695,0.0977650864994438,0.8279403431511265,2.03119766770034,-0.8007238128872384,-1.7700313125584015,1.0442116675404403,-0.3367414545316746,-2.9332402232648045
1.2169329926458514,-0.6497268042074444,-1.3079547656219261,-1.306990460646964,-0.3551801116002113,3.664404184214006,-0.33813930030809497,-0.8315446591396226,1.292108458749774,-0.5081701282685097,0.7386160275145152,-0.3749086852563955,-0.34875664376983195
-0.9691100852264866,-1.9982977360105634,2.5958832479217504,1.2873299864475867,0.9146739446269199,0.8650166641266969,2.705738066869353,0.9952445614516561,1.644977247571811,1.746269194115955,-1.9220414143810705,-0.9626958123976247,0.08570431837334143
-0.45874750698946415,-1.4131821618612848,1.3495126032078049,0.7257316509037007,-0.335743476658086,1.3746468677781893,2.003645242903762,1.154056354742379,0.8044516749869727,0.8830515900474095,-1.3100108905728878,-0.7449628658628072,0.7994512929115588
0.40464106845444964,-2.5718968804388065,0.10132410130930662,0.5264712643538951,-3.527997620846796,-2.134605518078775,0.005194015228703365,-0.8389522429852262,1.752879122904671,3.39982406673431,3.9293515268129298,-3.339676570191308,2.990096465562892
1.5983285341656417,-0.18678929421768217,-3.525078115529463,-0.29021794734473083,-0.46302758214754686,0.866798170496722,0.0699395923925699,0.33160630362299565,-0.5189839119895265,0.22934179376384167,0.5889812348943162,-0.7690238396047371,-0.06602350777181464
-1.4839599423097531,-0.4187581319451079,2.122844487829806,1.300849910993219,-1.608684136335499,0.729012286329657,0.11522120679680269,1.2764762783027415,0.010357514543167036,-0.17989120192913954,0.39670144843926686,0.16270493186507504,0.7444843402375454
-2.1183432333909087,0.7933861425722806,-0.9006026375900822,-0.6539541747581311,0.21264291811241148,-0.7856834082491285,0.0732816142333416,-0.07990324508759393,-0.21744610244634904,-0.019496010745705068,-0.03379174659019803,0.03622099255186942,-0.007380741024066211
0.14305472468424557,-3.2803115690686626,1.9452633532221022,-0.10154224473825024,0.3037968765509443,0.4290000079313826,4.078987711033972,-2.821810799719252,-2.809469832195178,5.846470659054864,-4.539832529930273,1.3255140712690578,-2.8527211215512303
-3.437105797087542,-3.194382583358529,-0.25664458145221564,0.2732644785601962,4.322465870856507,-1.204957362744463,6.8671383201135034,-1.6618243834495194,-3.6903292004401287,-8.049213833805197,4.773889774802817,-5.301217353195421,0.4627594862378302
-0.9486718418943735,0.23301441632446443,-1.6874691680811387,1.009613270912478,2.8062792466836957,-1.8495659577461314,-4.418320566145583,3.7845968495045192,2.1223808084871143,-0.572083058392654,-2.8433039307422248,-2.7507320846923218,0.018032118348549474
-2.5983500892788904,-0.7309270738353206,2.663836218076717,2.071776252219601,-2.3732413290469143,0.6507416127373143,-1.2133486823930797,-1.232658441915036,1.289473861854459,0.27290333747125073,-1.4876134555943326,0.7889221164432064,0.8180983859346821
0.6021707390209046,0.9367933888187355,-1.1499400061948764,-1.2951248678985945,-0.24078260422298975,0.8805833076199899,-0.30437809380980085,0.562225877551961,-0.9175052028454698,0.0038665482728124988,-0.3330381910592058,0.7086945017640618,-0.7246274182037652
0.34194328057226653,0.1426407909901586,-1.1643584990498246,1.4368524496345545,0.7247387038046545,-0.15231471822564305,-0.7617517182170113,-1.350817508826155,0.01826588247549603,0.351657784999095,-1.132979831114762,-0.4184352628320507,-2.3189413237434073
-1.3050917293253392,0.09586674891850273,0.2835672439349371,1.1187244358610786,-0.25188277254402364,0.1476693556954701,-0.10418900221645382,-0.6998488794006469,0.3424062973848104,-0.4957728573406618,0.11983079554806124,-0.12701013717929077,-0.40949259874415983
3.449278742240089,0.7196627978631558,-0.06389004189586911,-0.26512292674507953,-0.3622524565194652,2.012693314406786,2.597672201223288,-1.139961923416081,-3.670700380946563,-0.5331675924635008,0.9886372343570938,2.2891849300269844,1.2805123774980716
2.8692182868304843,0.22363457639926404,0.4990116287508777,-0.7088844356762544,-1.3116062805471278,1.8854626032484625,-2.163652657820934,0.595905829515296,0.15597109909152942,-0.34473912269290213,0.6839288249740161,2.1407449180549047,0.18653444032236077
-1.0624646305300727,0.021794452097763876,1.670428406292598,0.6835721712491296,-0.9539865065811226,0.006737028368129708,-0.022841997161836117,-0.5169735771928289,0.019208880504873807,-1.3863961488020575,-0.6941870372267643,-1.4315461373511968,1.0381069847288567
-0.053726558461158966,-3.0163333864605573,0.3153424285013231,-1.671031243930362,0.11757124888939247,0.940771095298727,-0.010831299126696683,-0.9989135672461845,-0.9960999967605076,-2.1473988590697024,-1.4213683999130788,0.06529695165360304,-1.0526147084860389
-0.8057661666099668,-2.334334110714569,-1.0190490852239091,-1.389858653250676,-0.6509987206658757,0.4969522492716804,-0.3482360469036586,-0.532630229787887,0.37901728426388775,-0.51204640398031,0.40216310075007716,-0.5497420268879148,-1.1565893790259272
-0.7991650059238559,0.09136009628853571,2.272402096680091,0.5647012701571877,-1.2766579254037944,0.4048084866424916,0.25409421189107345,0.7501888043178044,0.419238200634557,0.05736310217763154,-0.2380966842990862,-0.6916587063365139,-0.050414627900307166
