Household No.,DIS,Relationship,Gender,Age,Marital status,Educational Level,Ethnicity,Employment status,Employment_sector,Income PP,Income FP,Income SP,Income TP,sof_neighborhood_shop_PP,sof_neighborhood_shop_FP,sof_neighborhood_shop_SP,sof_neighborhood_shop_TP,sof_main_super_market_PP,sof_main_super_market_FP,sof_main_super_market_SP,sof_main_super_market_TP,sof_mini_super_market_PP,sof_mini_super_market_FP,sof_mini_super_market_SP,sof_mini_super_market_TP,sof_home_delivery_or_mobile_shops_PP,sof_home_delivery_or_mobile_shops_FP,sof_home_delivery_or_mobile_shops_SP,sof_home_delivery_or_mobile_shops_TP,sof_own_field_PP,sof_own_field_FP,sof_own_field_SP,sof_own_field_TP,sof_govt_ngo_PP,sof_govt_ngo_FP,sof_govt_ngo_SP,sof_govt_ngo_TP,sof_online_PP,sof_online_FP,sof_online_SP,sof_online_TP,sof_neighbors_PP,sof_neighbors_FP,sof_neighbors_SP,sof_neighbors_TP,sof_fairs_PP,sof_fairs_FP,sof_fairs_SP,sof_fairs_TP,fin_bank_city_PP,fin_bank_city_FP,fin_bank_city_SP,fin_bank_city_TP,fin_bank_near_PP,fin_bank_near_FP,fin_bank_near_SP,fin_bank_near_TP,fin_local_financial_PP,fin_local_financial_FP,fin_local_financial_SP,fin_local_financial_TP,fin_atm_city_PP,fin_atm_city_FP,fin_atm_city_SP,fin_atm_city_TP,fin_atm_near_PP,fin_atm_near_FP,fin_atm_near_SP,fin_atm_near_TP,fin_online_banking_PP,fin_online_banking_FP,fin_online_banking_SP,fin_online_banking_TP,fin_post_office_PP,fin_post_office_FP,fin_post_office_SP,fin_post_office_TP,lei_trips_PP,lei_trips_FP,lei_trips_SP,lei_trips_TP,lei_recreational_PP,lei_recreational_FP,lei_recreational_SP,lei_recreational_TP,lei_social_gathering_PP,lei_social_gathering_FP,lei_social_gathering_SP,lei_social_gathering_TP,mot_public_PP,mot_public_FP,mot_public_SP,mot_public_TP,mot_shared_vehi_PP,mot_shared_vehi_FP,mot_shared_vehi_SP,mot_shared_vehi_TP,mot_hired_PP,mot_hired_FP,mot_hired_SP,mot_hired_TP,mot_own_vehicle_PP,mot_own_vehicle_FP,mot_own_vehicle_SP,mot_own_vehicle_TP,mot_bicycle_PP,mot_bicycle_FP,mot_bicycle_SP,mot_bicycle_TP,mot_walking_PP,mot_walking_FP,mot_walking_SP,mot_walking_TP,w_work_from_home_PP,w_work_from_home_FP,w_work_from_home_SP,w_work_from_home_TP,w_come_from_home_PP,w_come_from_home_FP,w_come_from_home_SP,w_come_from_home_TP,w_come_from_renthouse_PP,w_come_from_renthouse_FP,w_come_from_renthouse_SP,w_come_from_renthouse_TP,w_come_from_commonhostel_PP,w_come_from_commonhostel_FP,w_come_from_commonhostel_SP,w_come_from_commonhostel_TP,wmot_public_PP,wmot_public_FP,wmot_public_SP,wmot_public_TP,wmot_shared_PP,wmot_shared_FP,wmot_shared_SP,wmot_shared_TP,wmot_hired_PP,wmot_hired_FP,wmot_hired_SP,wmot_hired_TP,wmot_own_vehicle_PP,wmot_own_vehicle_FP,wmot_own_vehicle_SP,wmot_own_vehicle_TP,wmot_bicycle_PP,wmot_bicycle_FP,wmot_bicycle_SP,wmot_bicycle_TP,wmot_walking_PP,wmot_walking_FP,wmot_walking_SP,wmot_walking_TP,w_alone_home_PP,w_alone_home_FP,w_alone_home_SP,w_alone_home_TP,w_with_few_known_PP,w_with_few_known_FP,w_with_few_known_SP,w_with_few_known_TP,w_with_few_known_lim_unknown_PP,w_with_few_known_lim_unknown_FP,w_with_few_known_lim_unknown_SP,w_with_few_known_lim_unknown_TP,w_with_few_irre_unknown_PP,w_with_few_irre_unknown_FP,w_with_few_irre_unknown_SP,w_with_few_irre_unknown_TP,w_with_large_irre_unknown_PP,w_with_large_irre_unknown_FP,w_with_large_irre_unknown_SP,w_with_large_irre_unknown_TP
1,Gampaha,1,2,3,2,4,1,3,10,1,1,1,1,4,1,1,1,1,1,1,1,1,1,1,1,1,1,1,1,3,3,3,3,1,1,1,1,1,1,1,1,2,1,1,1,1,1,1,1,4,4,4,4,1,1,1,1,1,1,1,1,1,1,1,1,1,1,1,1,1,1,1,2,1,1,1,1,1,1,1,1,1,1,1,1,1,1,1,1,1,1,1,1,1,1,1,1,1,1,1,1,1,1,1,1,3,3,3,3,3,3,3,3,1,1,1,1,4,4,4,1,1,1,1,1,1,1,1,1,1,1,1,1,1,1,1,1,1,1,1,1,1,1,1,1,4,4,4,4,1,1,1,1,1,1,1,1,4,4,4,4,1,1,1,1,1,1,1,1,1,1,1,1
3,Kandy,2,1,3,2,5,3,3,3,1,1,1,1,3,1,2,2,1,1,1,1,1,1,1,1,1,1,1,1,1,1,1,1,2,1,2,1,1,1,1,1,4,2,2,2,2,1,1,1,1,1,1,2,2,2,2,2,1,1,1,1,1,1,1,1,1,1,1,1,1,1,1,1,2,1,2,2,2,1,1,1,2,1,1,1,2,1,1,1,2,1,1,1,1,1,1,1,3,1,1,1,1,1,1,1,1,3,3,3,4,3,3,3,4,1,1,1,1,1,1,1,1,1,1,1,1,1,1,1,1,1,1,1,1,1,1,1,1,1,1,1,1,1,1,1,1,1,1,1,1,1,1,1,1,1,1,1,1,1,1,1,1,1,1,1,1,1,1,1,1,1,1,1
4,Gampaha,1,2,4,2,4,1,3,4,3,2,2,2,3,3,3,3,2,1,1,2,2,2,1,1,2,3,3,3,1,1,1,1,3,2,2,2,2,2,2,2,1,2,2,2,4,1,1,2,4,2,2,2,2,1,1,1,1,1,1,1,4,2,2,2,4,2,2,2,1,1,1,1,3,1,1,1,3,1,1,2,3,1,1,1,4,1,1,1,2,2,2,2,1,2,2,2,1,1,1,1,3,2,2,2,1,1,1,1,1,1,1,1,1,1,1,1,4,2,2,2,1,3,3,3,1,1,1,1,2,1,1,1,1,2,2,2,2,2,2,2,3,2,2,2,1,1,1,1,1,1,1,1,1,2,2,2,4,2,2,2,4,2,2,2,1,1,1,1,2,1,1,1
5,Gampaha,1,2,3,2,5,1,1,6,5,5,5,5,1,2,2,2,3,2,2,1,1,1,1,1,1,2,2,2,1,1,1,1,1,1,1,1,1,1,1,1,1,1,1,1,1,1,1,1,3,1,1,2,1,1,1,2,1,1,1,1,3,3,3,3,3,4,4,4,1,3,3,3,1,1,1,1,3,1,1,1,3,1,1,1,3,1,1,1,3,1,2,1,3,1,1,1,2,1,2,1,3,3,3,3,1,1,1,1,1,1,1,1,1,1,1,1,1,1,1,1,1,1,1,1,1,1,1,1,1,1,1,1,1,1,1,1,1,1,1,1,3,3,3,3,1,1,1,1,1,1,1,1,1,1,1,1,3,3,3,3,3,3,3,3,1,1,1,1,1,1,1,1
6,Gampaha,1,2,4,2,4,1,7,10,3,2,2,2,4,4,4,4,1,1,1,1,1,1,1,1,1,1,1,1,1,1,1,1,1,1,2,2,1,1,1,1,2,3,3,3,1,1,1,1,1,1,1,1,1,1,1,1,1,1,1,1,2,1,2,2,3,3,3,3,1,1,1,1,1,1,1,1,3,1,1,1,2,1,1,1,2,1,1,1,1,1,1,1,1,1,1,1,1,1,1,1,4,4,4,4,1,1,1,1,1,1,1,1,1,1,1,1,4,1,1,1,1,1,1,1,1,1,1,1,1,1,1,1,1,1,1,1,1,1,1,1,1,1,1,1,1,1,1,1,1,1,1,1,3,3,3,3,4,1,1,1,3,1,1,1,1,1,1,1,1,1,1,1
8,Kandy,1,2,5,2,4,1,8,10,3,3,1,2,1,1,3,4,1,1,1,1,1,1,1,1,1,3,2,1,2,3,3,3,3,1,1,1,1,1,1,1,1,1,1,1,1,1,1,1,3,1,2,2,1,1,1,1,3,3,3,3,1,1,1,1,1,1,1,1,3,1,1,4,2,1,1,1,3,1,1,1,1,1,1,1,2,1,1,1,4,1,1,1,1,1,1,1,1,1,1,1,4,4,4,4,1,1,1,1,1,1,1,1,1,3,3,3,4,4,4,4,4,4,4,4,1,1,1,1,1,1,1,1,3,3,3,3,1,1,1,1,4,4,4,4,1,1,1,1,1,1,1,1,1,1,1,1,1,1,1,1,1,1,1,1,4,1,2,2,1,1,1,1
9,Gampaha,1,2,1,2,4,1,3,10,2,1,1,1,4,3,3,3,2,1,1,1,2,1,1,1,1,2,2,2,2,2,2,1,2,1,1,1,1,1,1,1,2,3,3,3,2,1,1,1,2,1,1,1,1,1,1,1,1,1,1,1,2,1,1,1,2,2,2,2,1,1,1,1,2,1,1,1,2,1,1,1,2,1,1,1,2,1,1,1,1,1,1,1,1,1,1,1,1,1,1,1,1,1,1,1,4,2,2,2,1,1,1,1,1,1,1,1,4,4,4,4,1,1,1,1,1,1,1,1,1,1,1,1,1,1,1,1,1,1,1,1,4,4,4,4,1,1,1,1,1,1,1,1,1,1,1,1,3,2,1,2,2,1,1,2,2,1,1,1,2,1,1,1
11,Kandy,1,2,4,2,5,1,3,10,3,3,3,3,2,2,3,3,1,1,1,1,1,1,1,1,2,3,3,3,1,1,1,1,3,3,3,3,1,1,1,1,1,1,1,1,1,1,1,1,1,1,1,1,1,1,1,1,1,1,1,1,3,3,3,3,3,3,3,3,1,1,1,1,1,1,1,1,1,1,1,1,1,1,1,1,1,1,1,1,2,1,1,1,1,1,1,1,1,1,1,1,1,1,1,1,3,3,3,3,1,1,1,1,1,1,1,1,1,1,1,1,4,4,4,4,1,1,1,1,1,1,1,1,1,1,1,1,1,1,1,1,3,3,3,3,1,1,1,1,1,1,1,1,3,3,3,3,3,3,3,3,1,1,1,1,1,1,1,1,1,1,1,1
13,Gampaha,1,2,2,2,4,1,10,10,3,1,1,1,3,3,3,3,1,1,1,1,1,1,1,1,1,3,2,2,1,1,1,1,1,1,1,1,1,1,1,1,1,1,1,1,1,1,1,1,2,1,1,1,2,1,1,1,1,1,1,1,3,3,4,4,2,3,3,4,1,1,1,1,1,1,1,1,2,1,1,1,2,1,1,1,1,1,1,1,2,1,1,1,1,1,1,1,1,1,1,1,3,3,3,3,1,1,1,1,1,1,1,1,4,4,4,4,1,1,1,1,1,1,1,1,1,1,1,1,1,1,1,1,1,1,1,1,1,1,1,1,1,1,1,1,1,1,1,1,1,1,1,1,4,4,4,4,2,1,1,1,1,1,1,1,1,1,1,1,1,1,1,1
16,Gampaha,1,2,4,2,4,1,4,4,2,2,2,2,2,3,3,3,1,1,1,1,1,1,1,1,1,1,1,1,1,1,1,1,1,1,1,1,1,1,1,1,2,2,2,2,1,1,1,1,1,1,1,1,1,2,2,2,3,3,3,3,1,1,1,1,1,1,1,1,1,1,1,1,2,2,2,2,1,1,1,1,1,1,1,1,1,1,1,1,3,1,1,1,1,1,1,1,1,2,2,2,1,1,1,1,1,1,1,1,2,2,2,2,1,1,1,1,1,1,1,1,1,1,1,1,1,1,1,1,1,1,1,1,1,1,1,1,1,1,1,1,1,1,1,1,1,1,1,1,1,1,1,1,1,1,1,1,1,1,1,1,1,1,1,1,1,1,1,1,1,1,1,1
17,Gampaha,1,2,6,2,5,1,1,5,1,5,5,5,2,4,4,4,2,1,1,1,1,1,1,1,1,2,2,2,3,3,3,3,1,1,1,1,1,1,1,1,1,1,1,1,1,1,1,1,2,1,1,1,2,1,1,1,1,1,1,1,3,2,2,2,3,2,2,2,3,4,4,4,1,1,1,1,1,1,1,1,1,1,1,1,1,1,1,1,1,1,1,1,1,1,1,1,1,1,1,1,4,4,4,4,1,1,1,1,1,1,1,1,1,1,1,1,1,1,1,1,1,1,1,1,1,1,1,1,1,1,1,1,1,1,1,1,1,1,1,1,3,3,3,3,1,1,1,1,1,1,1,1,1,1,1,1,1,1,1,1,3,3,3,3,1,1,1,1,1,1,1,1
18,Gampaha,1,2,4,2,5,1,5,10,3,2,2,2,2,2,2,2,3,1,1,1,2,2,1,1,1,4,4,4,2,2,2,2,2,2,2,2,1,2,2,1,1,1,1,1,3,1,1,1,2,1,1,1,1,1,1,1,1,1,1,1,3,2,2,2,1,1,1,1,1,1,1,1,1,1,1,1,2,1,1,1,2,1,1,1,2,1,1,1,1,1,1,1,1,2,3,3,2,1,1,1,1,1,1,1,3,2,2,2,3,2,2,2,2,3,3,3,1,1,1,1,1,1,1,1,1,1,1,1,1,1,1,1,1,1,1,1,1,1,1,1,1,1,1,1,1,1,1,1,1,1,1,1,1,1,1,1,1,1,1,1,1,1,1,1,1,1,1,1,1,1,1,1
19,Matale,2,1,5,3,7,3,10,10,3,3,3,3,4,1,2,2,4,1,2,3,1,2,2,2,2,4,4,3,3,1,2,2,1,1,1,1,2,3,3,3,1,1,1,1,3,1,1,2,3,1,1,2,3,1,2,2,1,1,1,1,4,1,3,2,2,2,2,2,3,3,4,4,2,1,2,2,4,1,2,2,4,1,2,2,3,1,2,2,1,1,1,1,1,1,1,1,1,1,1,1,4,4,3,4,1,1,1,1,1,1,1,1,1,1,1,1,3,4,4,4,1,1,1,1,1,1,1,1,1,1,1,1,1,1,1,1,1,1,1,1,1,1,1,1,1,1,1,1,1,1,1,1,1,1,1,1,1,1,1,1,1,1,1,1,1,1,1,1,1,1,1,1
21,Gampaha,1,2,3,2,4,5,1,9,2,1,1,1,3,3,3,3,2,1,1,1,2,1,1,1,1,2,2,2,1,1,1,1,1,1,1,1,1,1,1,1,1,2,2,2,3,1,1,1,2,1,1,1,2,1,1,1,1,1,1,1,2,1,1,1,2,1,1,1,1,1,1,1,2,1,1,1,2,1,1,1,2,1,1,1,4,1,1,1,3,1,1,1,1,1,1,1,1,1,1,1,4,3,3,3,1,1,1,1,1,1,1,1,1,1,1,1,4,3,3,3,1,1,1,1,1,1,1,1,2,1,1,1,1,1,1,1,2,1,1,2,3,3,3,3,1,1,1,1,1,1,1,1,1,1,1,1,3,3,3,3,2,1,1,1,1,1,1,1,1,1,1,1
23,Gampaha,2,1,2,2,6,1,10,8,3,3,3,3,1,1,1,1,1,1,1,1,1,1,1,1,1,3,3,3,1,1,1,1,4,4,4,4,1,1,1,1,1,1,1,1,2,1,1,1,4,2,2,2,1,1,1,1,1,1,1,1,2,3,3,3,1,1,1,1,1,1,1,1,1,1,1,1,2,1,1,1,2,1,1,1,1,1,1,1,2,1,1,1,1,1,1,1,1,1,1,1,4,4,4,4,1,1,1,1,1,1,1,1,1,1,1,1,4,4,4,4,1,1,1,1,1,1,1,1,1,1,1,1,1,1,1,1,1,1,1,1,4,4,4,4,1,1,1,1,1,1,1,1,1,1,1,1,1,1,1,1,4,4,4,4,1,1,1,1,1,1,1,1
24,Kandy,1,2,4,2,5,1,10,10,1,1,1,1,4,1,1,1,1,1,1,1,1,1,1,1,1,2,2,2,1,1,2,1,1,1,1,1,1,2,2,2,1,1,1,1,1,1,1,1,4,1,1,1,1,1,1,1,1,1,1,1,3,1,1,1,2,1,1,1,1,1,1,1,1,1,1,1,3,1,1,1,3,1,1,1,3,1,1,1,3,2,2,2,1,1,1,1,3,1,1,1,3,1,1,1,1,1,1,1,2,2,2,2,4,1,1,1,1,1,1,1,1,1,1,1,1,1,1,1,1,1,1,1,1,1,1,1,1,1,1,1,1,1,1,1,1,1,1,1,1,1,1,1,4,1,1,1,1,1,1,1,1,1,1,1,1,1,1,1,1,1,1,1
25,Gampaha,1,2,2,2,4,1,3,10,3,3,3,3,2,1,1,1,2,1,1,1,4,4,4,4,1,1,1,1,2,3,3,3,1,1,1,1,1,1,1,1,3,3,3,3,1,1,1,1,4,1,1,1,1,1,1,1,1,1,1,1,4,4,4,4,4,4,4,4,1,1,1,1,1,1,1,1,1,1,1,1,1,1,1,1,3,1,1,1,1,1,1,1,1,1,1,1,1,3,3,3,3,3,3,3,1,1,1,1,1,1,1,1,1,1,1,1,4,3,3,3,1,1,1,1,1,1,1,1,1,1,1,1,1,1,1,1,1,3,3,3,3,3,3,3,1,1,1,1,1,1,1,1,1,1,1,1,4,3,3,3,1,1,1,1,1,1,1,1,1,1,1,1
27,Gampaha,1,2,3,2,4,5,1,7,2,2,2,2,4,3,3,3,2,1,1,1,2,1,1,1,1,3,3,3,1,1,1,1,1,2,2,2,1,1,1,1,2,2,2,2,3,1,1,1,2,1,1,1,1,1,1,1,1,1,1,1,1,1,1,1,1,1,1,1,1,1,1,1,2,1,1,1,2,1,1,1,2,1,1,1,2,1,1,1,1,1,1,1,1,1,1,1,2,2,2,2,1,1,1,1,4,3,3,3,3,3,3,3,1,1,1,1,4,4,4,4,1,1,1,1,1,1,1,1,1,1,1,1,1,1,1,1,1,1,1,1,1,1,1,1,1,1,1,1,1,1,1,1,1,1,1,1,3,3,3,3,2,2,2,2,1,1,1,1,1,1,1,1
33,Gampaha,1,1,6,1,7,1,8,2,5,5,5,5,3,2,2,2,3,1,1,1,2,1,1,1,2,3,3,3,1,2,2,2,1,1,1,1,1,1,1,1,2,2,2,2,1,1,1,1,1,1,1,1,1,1,1,1,1,1,1,1,4,4,4,4,1,1,1,1,4,4,4,4,1,1,1,1,3,1,2,2,3,1,2,2,2,1,1,1,2,1,1,1,4,1,3,3,2,1,2,2,3,4,4,4,1,1,1,1,1,1,1,1,1,4,3,3,4,1,3,3,1,1,1,1,1,1,1,1,2,1,1,1,4,1,3,3,2,1,2,2,2,4,4,4,1,1,1,1,1,1,1,1,1,4,4,4,3,3,3,3,3,1,1,1,2,1,1,1,1,1,1,1
34,Kandy,1,2,2,2,4,1,3,10,2,1,1,1,4,2,4,4,1,1,1,1,1,1,1,1,1,4,1,1,2,3,3,3,3,2,2,2,1,1,1,1,1,1,1,1,1,1,1,1,4,2,2,2,1,1,1,1,1,1,1,1,4,1,1,1,1,1,1,1,1,1,1,1,1,1,1,1,2,1,1,1,1,1,1,1,1,1,1,1,4,1,1,1,1,1,1,1,2,2,2,2,1,1,1,1,1,1,1,1,1,1,1,1,1,1,1,1,1,1,1,1,1,1,1,1,1,1,1,1,1,1,1,1,1,1,1,1,1,1,1,1,1,1,1,1,1,1,1,1,1,1,1,1,1,1,1,1,1,1,1,1,1,1,1,1,4,1,1,1,1,1,1,1
35,Puttalam,2,1,2,2,4,1,3,8,2,1,1,2,1,4,4,4,4,1,1,1,1,1,1,1,1,3,3,3,1,1,1,1,1,1,1,1,1,1,1,1,1,1,1,1,1,1,1,1,1,1,1,1,1,1,1,1,4,4,4,4,1,1,1,1,1,1,1,1,1,1,1,1,1,1,1,1,3,1,1,1,3,1,1,1,2,1,1,1,1,1,1,1,1,1,1,1,1,1,1,1,1,1,1,2,1,1,1,1,1,1,1,1,1,1,1,1,1,1,1,4,1,1,1,2,1,1,1,1,1,1,1,1,1,1,1,1,1,1,1,1,1,1,1,4,1,1,1,1,1,1,1,1,1,1,1,1,1,1,1,1,1,1,1,1,1,1,1,1,1,1,1,1
36,Kandy,1,2,6,2,4,3,3,1,2,2,2,2,1,1,1,1,1,1,1,1,3,3,3,3,2,2,2,2,1,1,1,1,1,1,1,1,2,2,1,1,1,1,1,1,1,1,1,1,2,1,1,1,1,1,1,1,1,1,1,1,3,3,3,3,3,3,3,3,1,1,1,1,1,1,1,1,1,1,1,1,1,1,1,1,1,1,1,1,3,3,3,3,1,1,1,1,2,2,2,2,1,1,1,1,1,1,1,1,1,1,1,1,1,1,1,1,1,1,1,1,1,1,1,1,1,1,1,1,1,1,1,1,1,1,1,1,1,1,1,1,1,1,1,1,1,1,1,1,1,1,1,1,1,1,1,1,1,1,1,1,1,1,1,1,1,1,1,1,1,1,1,1
37,Gampaha,1,2,3,2,4,1,10,10,2,1,1,1,3,2,2,2,1,1,1,1,1,1,1,1,3,3,3,3,2,1,2,1,1,1,1,1,1,1,1,1,2,1,1,1,3,1,2,2,1,1,1,1,2,1,1,1,1,1,1,1,2,2,2,2,1,1,1,1,1,1,1,1,1,1,1,1,2,1,1,1,2,1,1,1,1,1,1,1,2,1,1,1,1,1,1,1,2,1,1,1,1,1,1,1,2,2,2,2,3,2,2,2,1,1,1,1,1,1,1,1,1,1,1,1,1,1,1,1,1,1,1,1,1,1,1,1,1,1,1,1,1,1,1,1,1,1,1,1,1,1,1,1,1,1,1,1,1,1,1,1,1,1,1,1,1,1,1,1,1,1,1,1
39,Matale,1,2,2,2,4,2,10,10,2,1,1,2,3,1,2,3,3,1,1,2,2,1,2,2,1,1,1,1,1,1,1,1,2,1,1,1,1,1,1,1,2,1,2,2,3,1,2,2,1,1,1,1,1,1,1,1,1,1,1,1,1,2,1,1,1,1,1,1,1,1,1,1,1,1,1,1,1,1,1,1,2,1,1,1,2,1,1,1,1,1,1,1,1,1,1,1,1,1,1,1,4,1,3,4,1,1,1,1,2,1,1,2,4,1,1,1,4,1,2,3,1,1,1,1,1,1,1,1,1,1,1,1,1,1,1,1,1,1,1,1,1,1,1,1,1,1,1,1,1,1,1,1,1,1,1,1,1,1,1,1,1,1,1,1,1,1,1,1,1,1,1,1
40,Kandy,1,2,5,2,5,1,10,10,3,2,2,2,2,4,2,3,1,1,1,1,1,1,1,1,1,3,2,1,1,1,1,1,2,2,2,2,1,1,1,1,1,1,1,1,1,1,1,1,2,1,1,1,1,1,1,1,1,1,1,1,3,2,2,3,1,1,1,1,1,4,4,3,4,4,4,4,3,1,1,1,1,1,1,1,3,1,1,1,4,1,1,1,1,1,1,1,1,1,1,1,1,1,1,1,1,1,1,1,3,2,2,2,1,1,1,1,4,1,1,1,1,1,1,1,1,1,1,1,1,1,1,1,1,1,1,1,1,1,1,1,4,4,4,4,1,1,1,1,1,1,1,1,1,1,1,1,3,1,2,2,1,1,1,1,1,1,1,1,4,1,1,1
41,Kandy,1,2,4,2,3,1,10,3,2,3,3,2,3,3,3,3,1,1,1,1,1,1,1,1,1,3,2,2,1,1,1,1,1,1,1,1,1,1,1,1,2,2,2,2,3,1,1,2,3,2,2,2,1,1,1,1,1,1,1,1,3,3,3,3,3,3,3,3,1,1,1,1,1,1,1,1,3,1,1,1,2,1,1,1,3,1,1,2,1,1,1,1,1,1,1,1,1,1,1,1,4,4,4,4,1,1,1,1,1,2,2,1,1,1,1,1,4,4,4,4,1,1,1,1,1,1,1,1,1,1,1,1,1,1,1,1,1,1,1,1,4,4,4,4,1,1,1,1,1,1,1,1,1,1,1,1,1,1,1,1,1,1,1,1,1,1,1,1,3,3,3,3
42,Gampaha,1,2,3,2,4,1,10,10,3,1,1,1,4,4,4,4,1,1,1,1,1,1,1,1,1,1,1,1,1,1,1,1,1,1,1,1,1,1,1,1,1,1,1,1,1,1,1,1,4,2,4,4,1,1,1,1,1,1,1,1,4,2,2,2,4,2,2,2,2,1,1,1,1,1,1,1,1,1,1,1,1,1,1,1,1,1,1,1,4,2,4,4,1,1,1,1,2,1,1,1,1,1,1,1,1,1,1,1,1,1,2,1,4,2,2,2,1,1,1,1,1,1,1,1,1,1,1,1,1,1,1,1,1,1,1,1,1,1,1,1,1,1,1,1,1,1,1,1,1,1,1,1,4,2,2,2,2,1,1,1,4,2,4,4,4,1,3,4,2,2,3,3
43,Gampaha,1,2,3,2,5,1,1,7,5,5,5,5,3,3,3,3,4,1,1,1,2,1,1,1,1,3,3,3,1,1,1,1,1,1,1,1,1,1,1,1,1,1,1,1,1,1,1,1,1,1,1,1,1,1,1,1,1,1,1,1,4,4,4,4,1,1,1,1,1,1,1,1,1,1,1,1,3,1,1,1,3,1,1,1,3,1,1,1,1,1,1,1,1,1,1,1,1,1,1,1,4,4,4,4,1,1,1,1,1,1,1,1,1,3,3,3,4,1,1,1,1,1,1,1,1,1,1,1,1,1,1,1,1,1,1,1,1,1,1,1,4,4,4,4,1,1,1,1,1,1,1,1,1,1,1,1,1,1,1,1,1,1,1,1,1,1,1,1,1,1,1,1
45,Gampaha,1,2,4,2,5,1,7,10,3,2,2,1,3,3,3,3,2,1,1,1,1,1,1,1,1,2,2,2,1,1,1,1,1,2,2,2,1,1,1,1,2,2,2,2,3,1,1,1,2,2,2,2,1,1,1,1,1,1,1,1,2,1,1,1,2,1,1,1,1,1,1,1,2,1,1,1,2,1,1,1,2,1,1,1,2,1,1,1,3,1,1,2,1,1,1,1,2,2,2,2,1,1,1,1,2,2,2,2,1,1,1,1,4,3,2,2,1,1,3,3,1,1,1,1,1,1,1,1,1,1,1,1,1,1,1,1,1,2,2,2,1,1,1,1,1,2,2,2,1,2,2,2,4,2,2,2,1,2,2,2,1,2,2,2,1,2,2,2,1,1,1,1
46,Gampaha,1,2,3,2,5,1,3,3,3,1,1,1,4,4,4,4,2,1,1,1,1,1,1,1,1,1,1,1,1,1,1,1,1,1,1,1,1,1,1,1,1,1,1,1,1,1,1,1,2,2,2,2,1,1,1,1,1,1,1,1,4,4,4,4,3,3,3,3,1,1,1,1,1,1,1,1,1,1,1,1,1,1,1,1,1,1,1,1,1,1,1,1,1,1,1,1,1,1,1,1,4,4,4,4,1,1,1,1,1,1,1,1,1,1,1,1,4,1,1,1,1,1,1,1,1,1,1,1,1,1,1,1,1,1,1,1,1,1,1,1,4,1,1,1,1,1,1,1,1,1,1,1,1,1,1,1,3,1,1,1,2,1,1,1,2,1,1,1,1,1,1,1
47,Gampaha,1,2,3,2,4,1,1,10,3,2,2,2,4,4,4,4,2,1,1,1,3,2,2,2,1,3,3,3,1,3,1,1,1,2,1,1,1,1,1,1,3,3,3,3,1,1,1,1,3,3,3,3,1,1,1,1,3,3,3,3,4,4,4,4,4,4,4,4,1,1,1,1,2,2,2,2,1,1,1,1,1,1,1,1,3,1,1,1,3,2,2,2,1,1,1,1,3,3,3,3,1,1,1,1,1,1,1,1,2,2,2,2,1,1,1,1,1,1,1,1,1,1,1,1,1,1,1,1,1,1,1,1,1,1,1,1,1,1,1,1,1,1,1,1,1,1,1,1,1,1,1,1,1,1,1,1,1,1,1,1,1,1,1,1,1,1,1,1,1,1,1,1
49,Gampaha,1,2,2,2,4,1,10,3,3,1,3,3,4,4,4,4,1,1,1,1,1,1,1,1,1,1,1,1,1,1,1,1,1,1,1,1,1,1,1,1,1,1,1,1,1,1,1,1,3,3,4,3,1,1,1,1,1,1,1,1,4,4,4,4,4,4,4,4,1,1,1,1,1,1,1,1,1,1,1,1,1,1,1,1,1,1,1,1,1,1,1,1,1,1,1,1,1,2,2,2,4,4,4,4,1,1,1,1,1,1,1,1,1,1,1,1,4,4,4,4,1,1,1,1,1,1,1,1,1,1,1,1,1,1,1,1,1,1,1,1,4,4,4,4,1,1,1,1,1,1,1,1,1,1,1,1,4,4,4,4,1,1,1,1,1,1,1,1,1,1,1,1
51,Gampaha,1,2,3,2,3,1,9,10,2,1,1,1,4,4,4,4,2,1,1,1,1,1,1,1,1,3,3,1,3,4,4,4,1,1,1,1,1,1,1,1,3,3,3,3,1,1,1,1,2,1,1,1,1,1,1,1,1,1,1,1,1,1,1,1,1,1,1,1,1,1,1,1,4,4,4,4,4,1,1,1,4,1,1,1,3,1,1,1,4,1,1,2,1,1,1,1,3,3,3,3,3,2,2,2,1,1,1,1,3,3,3,3,1,1,1,1,4,1,1,1,1,1,1,1,1,1,1,1,4,1,1,1,1,1,1,1,1,1,1,1,1,1,1,1,1,1,1,1,3,1,1,1,1,1,1,1,4,1,1,1,3,1,1,1,3,1,1,1,1,1,1,1
52,Gampaha,1,1,4,3,3,1,3,4,3,1,1,3,4,4,4,4,1,1,1,1,1,1,1,1,1,1,1,1,1,1,1,1,1,1,1,1,1,1,1,1,1,1,1,1,1,1,1,1,4,4,4,4,1,1,1,1,1,1,1,1,1,1,1,1,1,1,1,1,1,1,1,1,1,1,1,1,3,1,1,1,1,1,1,1,1,1,1,1,4,1,1,1,1,1,1,1,1,1,1,1,1,1,1,1,1,1,1,1,4,4,4,4,4,4,4,1,4,4,4,4,1,4,4,4,1,1,1,1,1,1,1,1,1,1,1,1,1,1,1,1,1,1,1,1,1,1,1,1,1,1,1,1,1,1,1,1,2,2,2,2,4,4,4,4,1,1,1,1,1,1,1,1
53,Kandy,1,2,4,2,4,1,10,10,2,1,1,1,1,4,4,4,1,4,4,1,1,1,1,1,1,1,1,1,1,1,1,1,1,1,1,1,1,1,1,1,1,1,1,1,3,1,1,3,4,4,4,4,1,1,1,1,1,1,1,1,2,2,2,2,2,2,2,2,1,1,1,1,1,1,1,1,2,1,1,1,2,1,1,1,2,1,1,1,4,1,1,2,1,1,1,1,2,4,4,2,1,1,1,1,1,1,1,1,1,1,1,1,4,4,4,4,1,1,1,1,1,1,1,1,1,1,1,1,1,1,1,1,1,1,1,1,1,1,1,1,1,1,1,1,1,1,1,1,1,1,1,1,1,1,1,1,1,1,1,1,1,1,1,1,4,1,1,2,1,1,1,1
54,Gampaha,1,2,3,2,4,1,1,10,3,3,3,3,2,2,2,2,1,1,1,1,4,4,4,4,1,1,1,1,1,1,1,1,1,1,1,1,1,1,1,1,1,1,1,1,1,1,1,1,2,2,2,2,4,4,4,4,1,2,1,1,4,4,4,4,4,4,4,4,1,1,1,1,1,1,1,1,2,1,1,1,1,1,1,1,1,1,1,1,2,1,2,2,1,1,1,1,1,1,1,1,1,1,1,1,4,4,4,4,2,2,2,2,1,1,1,1,4,2,4,4,1,1,1,1,1,1,1,1,1,1,1,1,1,1,1,1,1,1,1,1,1,1,1,1,1,1,1,1,1,1,1,1,1,1,1,1,4,2,4,4,1,1,1,1,1,1,1,1,1,1,1,1
56,Kandy,1,2,3,2,4,3,10,10,2,2,2,2,3,1,2,2,2,1,1,2,2,1,2,2,2,1,1,2,2,2,2,2,1,2,2,2,1,1,1,1,1,2,2,3,3,2,2,2,2,1,1,2,2,1,2,2,1,1,1,2,2,1,2,2,1,1,1,1,1,1,1,1,1,1,1,1,2,1,1,1,1,1,1,2,3,1,1,1,1,1,1,1,1,1,1,1,2,2,2,1,1,1,1,1,1,1,1,1,4,2,3,4,1,1,1,1,1,1,1,1,1,1,1,1,1,1,1,1,1,1,1,1,1,1,1,1,1,1,1,1,1,1,1,1,1,1,1,1,4,2,3,4,1,1,1,1,1,1,1,1,1,1,1,1,1,1,1,1,1,1,1,1
57,Kandy,1,2,2,2,4,2,9,3,2,1,1,2,3,1,1,2,3,1,1,1,3,1,1,1,2,3,3,2,1,1,1,1,2,1,1,1,1,1,1,1,1,1,1,1,3,1,1,2,2,1,1,1,2,1,1,1,2,1,1,1,3,1,1,1,2,1,1,1,1,1,1,1,2,1,1,1,3,1,1,1,3,1,1,1,2,1,1,1,3,1,1,1,1,1,1,1,1,1,1,1,1,1,1,1,1,1,1,1,1,1,1,1,1,1,1,1,1,1,1,1,1,1,1,1,1,1,1,1,1,1,1,1,1,1,1,1,1,1,1,1,1,1,1,1,1,1,1,1,1,1,1,1,1,1,1,1,1,1,1,1,1,1,1,1,1,1,1,1,1,1,1,1
58,Gampaha,1,2,3,2,4,1,3,10,3,1,1,2,2,2,2,2,1,1,1,1,4,4,4,4,1,1,1,1,1,1,1,1,1,1,1,1,1,1,1,1,1,1,1,1,1,1,1,1,2,1,2,2,4,2,4,4,1,1,1,1,2,2,2,2,4,4,4,4,1,1,1,1,1,1,1,1,2,1,1,1,1,1,1,1,1,1,1,1,1,1,1,1,1,1,1,1,1,1,1,1,1,1,1,1,4,2,4,4,1,1,1,1,1,1,1,1,4,2,4,4,1,1,1,1,1,1,1,1,2,1,1,1,1,1,1,1,1,1,1,1,1,1,1,1,4,2,4,4,1,1,1,1,1,1,1,1,1,1,1,1,2,1,2,2,3,2,3,3,4,1,3,3
60,Kandy,2,1,5,2,4,3,3,10,2,1,1,1,3,1,2,2,2,1,1,1,1,1,1,1,1,1,1,1,1,1,1,1,2,1,1,2,1,1,1,1,2,2,2,2,2,1,1,1,2,1,1,1,2,1,1,2,1,1,1,1,1,1,1,1,1,1,1,1,1,1,1,1,2,1,1,1,2,1,1,1,2,1,1,1,1,1,1,1,2,1,1,1,1,1,1,1,1,1,1,1,1,1,1,1,1,1,1,1,2,1,3,3,1,1,1,1,1,1,1,1,1,1,1,1,1,1,1,1,1,1,1,1,1,1,1,1,1,1,1,1,1,1,1,1,1,1,1,1,1,1,1,1,1,1,1,1,1,1,1,1,1,1,1,1,1,1,1,1,1,1,1,1
61,Kandy,1,2,5,2,1,2,9,9,3,1,1,2,2,1,1,2,2,1,1,2,2,1,1,2,2,3,3,3,1,1,1,1,2,1,1,1,1,1,1,1,1,1,1,1,2,1,1,2,2,1,1,2,2,1,1,1,2,1,1,1,2,1,1,1,2,1,1,1,1,1,1,1,2,1,1,1,3,1,1,1,2,1,1,1,3,1,1,1,3,2,2,2,1,1,1,1,1,1,1,1,1,1,1,1,1,1,1,1,1,1,1,1,1,1,1,1,1,1,1,1,1,1,1,1,1,1,1,1,1,1,1,1,1,1,1,1,1,1,1,1,1,1,1,1,1,1,1,1,1,1,1,1,1,1,1,1,1,1,1,1,1,1,1,1,1,1,1,1,1,1,1,1
62,Kandy,1,2,4,2,7,1,1,1,5,5,5,5,2,1,1,1,4,2,3,4,4,1,2,3,1,1,1,1,1,1,1,1,1,1,1,1,4,4,4,4,1,1,1,1,1,1,1,1,1,1,1,1,1,1,1,1,1,1,1,1,2,1,1,1,1,1,1,1,4,3,4,4,1,1,1,1,4,1,2,2,1,1,1,1,2,1,1,1,1,1,1,1,1,1,1,1,1,1,1,1,4,4,4,4,1,1,1,1,1,1,1,1,1,1,3,3,4,4,3,3,1,1,1,1,1,1,1,1,1,1,1,1,1,1,1,1,1,1,1,1,4,4,4,4,1,1,1,1,1,1,1,1,1,1,1,1,1,1,1,1,4,2,3,3,4,2,3,3,1,1,1,1
63,Gampaha,1,2,3,2,5,2,3,3,3,1,2,3,4,1,2,4,4,1,2,2,4,1,2,3,1,2,2,1,3,1,1,4,2,1,1,2,1,1,1,1,1,1,2,1,3,2,2,3,2,1,1,2,3,1,2,2,1,1,1,1,4,2,3,4,4,1,2,2,1,1,1,1,2,1,2,2,4,1,1,2,3,1,2,2,2,1,1,2,1,1,1,1,1,1,1,1,1,1,1,1,4,1,2,4,1,1,1,1,2,3,3,2,1,1,1,1,4,1,2,4,1,1,1,1,1,1,1,1,1,1,1,1,1,1,1,1,1,1,1,1,1,1,1,1,1,1,1,1,1,1,1,1,1,1,1,1,4,1,2,4,1,1,1,1,1,1,1,1,1,1,1,1
64,Kandy,1,1,5,1,8,1,8,2,3,3,3,3,1,1,1,1,4,2,3,3,1,1,1,1,1,1,1,1,1,1,1,1,1,1,1,1,4,4,4,4,1,1,1,1,1,1,1,1,2,1,1,1,1,1,1,1,1,1,1,1,2,2,2,2,1,1,1,1,4,4,4,4,1,1,1,1,1,1,1,1,1,1,1,1,1,1,1,1,1,1,1,1,1,1,1,1,4,1,3,3,1,1,1,1,1,1,1,1,1,1,1,1,1,1,1,1,1,1,1,1,1,1,1,1,1,1,1,1,1,1,1,1,1,1,1,1,1,1,1,1,1,1,1,1,1,1,1,1,1,1,1,1,1,1,1,1,1,1,1,1,1,1,1,1,1,1,1,1,1,1,1,1
65,Kandy,1,2,4,2,4,1,7,3,2,1,1,2,2,2,2,2,1,1,1,1,1,1,1,1,1,4,4,1,1,1,1,1,3,3,3,3,1,1,1,1,1,1,1,1,1,1,1,1,3,1,1,2,1,1,1,1,1,1,1,1,2,2,2,2,1,1,1,1,1,1,1,1,1,1,1,1,2,1,1,1,1,1,1,1,2,1,1,1,1,1,1,1,1,1,1,1,2,1,2,2,3,3,3,3,1,1,1,1,1,1,1,1,4,4,4,4,4,1,4,4,1,1,1,1,1,1,1,1,1,1,1,1,1,1,1,1,1,1,1,1,1,1,1,1,1,1,1,1,1,1,1,1,1,1,1,1,1,1,1,1,4,1,3,3,1,1,1,1,1,1,1,1
66,Kandy,1,2,4,2,7,1,1,2,5,5,5,5,4,3,2,2,2,1,2,2,1,1,1,1,1,3,1,1,2,3,3,3,1,1,1,1,2,3,3,3,1,1,1,1,1,1,1,1,3,2,2,2,1,1,1,1,2,1,1,1,3,4,4,4,1,1,1,1,1,2,2,3,1,1,1,1,3,1,1,1,1,1,1,1,2,1,1,1,4,1,1,1,1,1,1,1,1,1,1,1,2,2,3,4,1,1,1,1,1,1,1,1,1,3,3,1,4,1,1,3,1,1,1,1,1,1,1,1,3,1,1,3,1,1,1,1,1,1,1,1,3,1,1,1,1,1,1,1,1,1,1,1,1,3,3,3,1,1,1,1,1,1,1,1,1,1,1,1,1,1,1,1
68,Gampaha,1,2,5,2,4,2,9,10,2,2,2,2,4,4,4,4,1,1,1,1,1,1,1,1,1,2,2,2,1,1,1,1,1,1,1,1,1,1,1,1,1,1,1,1,1,1,1,1,2,2,2,2,2,2,2,2,1,1,1,1,3,3,3,3,3,3,3,3,1,1,1,1,1,1,1,1,1,1,1,1,1,1,1,1,1,1,1,1,1,1,1,1,1,1,1,1,1,1,1,1,3,3,3,3,1,1,1,1,2,2,2,2,1,1,1,1,4,4,4,4,1,1,1,1,1,1,1,1,1,1,1,1,1,1,1,1,1,1,1,1,1,1,1,1,1,1,1,1,1,1,1,1,1,1,1,1,3,3,3,3,2,2,2,2,1,1,1,1,1,1,1,1
69,Gampaha,1,2,4,2,4,1,1,10,3,3,3,3,3,3,3,3,4,1,1,2,2,1,1,1,1,1,1,1,1,1,2,1,1,1,1,1,1,1,1,1,4,3,3,3,1,1,1,1,1,1,1,1,1,1,1,1,1,1,1,1,4,4,4,4,4,4,4,4,2,1,1,1,3,3,3,3,3,1,1,1,3,1,1,1,1,1,1,1,1,1,1,1,3,2,2,2,1,1,1,1,4,4,4,4,1,1,1,1,1,1,1,1,1,1,1,1,4,4,4,4,1,1,1,1,1,1,1,1,1,1,1,1,3,2,2,2,1,1,1,1,4,4,4,4,1,1,1,1,1,1,1,1,4,4,4,4,3,3,3,3,1,1,1,1,1,1,1,1,1,1,1,1
70,Colombo,1,2,4,2,4,3,10,8,2,1,1,1,3,1,2,1,1,1,1,1,1,1,1,1,1,1,1,1,1,1,1,1,1,1,1,1,1,1,1,1,2,1,1,3,2,1,1,2,1,1,1,1,2,1,1,2,1,1,1,1,1,1,1,1,1,1,1,1,1,1,1,1,1,1,1,1,1,1,1,1,1,1,1,1,1,1,1,1,2,1,1,1,1,1,1,1,1,1,1,1,1,1,1,1,1,1,1,1,1,1,1,1,1,1,1,1,4,1,2,2,1,1,1,1,1,1,1,1,1,1,1,1,1,1,1,1,1,1,1,1,1,1,1,1,1,1,1,1,4,1,2,3,1,1,1,1,1,1,1,1,1,1,1,1,1,1,1,1,1,1,1,1
71,Gampaha,1,2,2,2,5,1,3,10,3,3,3,3,3,3,3,3,4,4,4,4,1,1,1,1,1,3,3,2,1,1,1,1,1,1,1,1,1,3,1,1,3,2,2,2,1,1,1,1,1,1,1,1,1,1,1,1,1,1,1,1,3,3,3,3,4,4,4,4,4,4,4,4,1,1,1,1,3,1,1,1,3,1,1,1,1,1,1,1,1,1,1,1,1,1,1,1,2,1,1,1,4,4,4,4,1,1,1,1,1,1,1,1,1,3,3,3,4,3,3,3,1,1,1,1,1,1,1,1,1,1,1,1,1,1,1,1,1,1,1,1,4,4,4,4,1,1,1,1,1,1,1,1,1,3,3,3,4,3,3,3,3,3,3,3,3,2,2,3,1,1,1,1
73,Gampaha,1,2,3,2,4,1,3,10,1,1,1,1,4,4,4,4,1,1,1,1,1,1,1,1,1,2,2,2,1,1,1,1,1,1,1,1,1,1,1,1,1,1,1,1,1,1,1,1,1,1,1,1,1,1,1,1,1,1,1,1,1,1,1,1,4,4,4,4,1,1,1,1,1,1,1,1,3,1,1,1,3,1,1,1,3,1,1,1,2,1,1,1,1,1,1,1,1,1,1,1,4,4,4,4,1,1,1,1,1,1,1,1,1,1,1,1,4,4,4,4,1,1,1,1,1,1,1,1,1,1,1,1,1,1,1,1,1,1,1,1,4,4,4,4,1,1,1,1,1,1,1,1,1,1,1,1,4,4,4,4,1,1,1,1,1,1,1,1,1,1,1,1
74,Gampaha,1,2,2,2,4,2,3,10,2,1,2,2,4,4,4,4,1,1,1,1,1,1,1,1,1,2,2,2,1,1,1,1,1,1,1,1,1,1,1,1,1,1,1,1,1,1,1,1,1,1,1,1,1,1,1,1,1,1,1,1,3,3,3,3,3,3,3,3,1,1,1,1,1,1,1,1,1,1,1,1,1,1,1,1,2,1,1,1,1,1,1,1,1,1,1,1,1,1,1,1,1,1,1,1,3,3,3,3,1,1,1,1,1,1,1,1,4,4,4,4,1,1,1,1,1,1,1,1,1,1,1,1,1,1,1,1,1,1,1,1,1,1,1,1,3,3,3,3,2,2,2,2,1,1,1,1,1,1,1,1,4,4,4,4,1,1,1,1,1,1,1,1
77,Gampaha,1,2,4,2,4,1,8,10,3,3,3,3,4,3,3,3,2,1,1,1,1,1,1,1,2,3,3,3,1,1,1,1,1,1,1,1,3,3,3,3,2,3,3,3,1,1,1,1,3,3,4,3,1,1,1,1,1,1,1,1,3,3,3,3,3,3,3,3,1,1,1,1,1,1,1,1,2,1,1,1,2,1,1,1,1,1,1,1,1,1,1,1,1,1,1,1,3,3,1,3,1,1,1,1,1,1,1,1,1,1,1,1,1,1,1,1,4,1,1,3,1,1,1,1,1,1,1,1,1,1,1,1,3,1,1,3,3,1,1,3,1,1,1,1,1,1,1,1,1,1,1,2,1,1,1,1,4,1,1,3,3,1,1,3,3,1,1,3,2,1,1,1
78,Kandy,1,2,5,2,4,1,3,4,2,2,1,1,1,1,1,1,1,1,1,1,3,3,3,3,1,2,3,2,1,1,1,1,1,1,1,1,2,2,2,2,2,2,3,3,1,1,1,1,2,2,2,2,1,1,1,1,1,1,1,1,1,1,1,1,1,1,1,1,1,1,1,1,1,1,1,1,1,1,1,1,1,1,1,1,1,1,1,1,2,1,3,2,1,1,1,1,3,3,3,3,1,1,1,1,1,1,1,1,1,1,1,1,3,3,3,3,3,1,1,1,1,1,1,1,1,1,1,1,1,1,1,1,1,1,1,1,1,1,1,1,1,1,1,1,1,1,1,1,1,1,1,1,1,1,1,1,1,1,1,1,1,1,1,1,1,1,1,1,1,1,1,1
80,Gampaha,1,2,4,2,4,2,2,10,3,2,2,2,4,4,4,4,1,1,1,1,1,1,1,1,1,2,2,2,1,1,1,1,2,1,1,1,1,1,1,1,2,3,3,3,1,1,1,1,2,1,1,1,1,1,1,1,1,1,1,1,2,2,2,2,2,2,2,2,1,1,1,1,1,1,1,1,1,1,1,1,1,1,1,1,1,1,1,1,1,1,1,1,1,1,1,1,2,2,2,2,3,3,3,3,1,1,1,1,3,3,3,3,1,1,1,1,4,4,4,4,1,1,1,1,1,1,1,1,3,1,1,1,1,1,1,1,1,1,1,1,1,2,2,2,1,1,1,1,1,1,1,1,2,2,2,2,3,3,3,3,2,1,1,1,1,1,1,1,1,1,1,1
82,Gampaha,3,2,1,2,4,2,1,10,3,3,3,3,4,4,4,4,1,1,1,1,1,1,1,1,1,1,1,1,1,1,1,1,1,1,1,1,1,1,1,1,1,2,1,1,1,1,1,1,2,1,1,1,1,1,1,1,1,1,1,1,4,4,4,4,1,1,1,1,1,1,1,1,1,1,1,1,1,1,1,1,1,1,1,1,3,1,1,1,4,4,4,4,1,1,1,1,1,2,2,2,1,1,1,1,1,1,1,1,1,1,1,1,1,1,1,1,4,4,4,4,1,1,1,1,1,1,1,1,4,4,4,4,1,1,1,1,1,4,4,4,1,1,1,1,1,1,1,1,2,1,2,2,1,1,1,1,4,4,4,4,1,1,1,1,2,2,1,1,1,1,1,1
83,Kandy,1,2,3,2,4,1,3,3,2,2,1,1,4,4,4,4,1,1,1,1,1,1,1,1,1,3,2,1,1,1,1,1,1,1,1,1,1,1,1,1,1,1,1,1,1,1,1,1,2,2,2,2,1,1,1,1,1,1,1,1,2,3,3,3,1,1,1,1,1,1,1,1,3,3,3,3,1,1,1,1,1,1,1,1,1,1,1,1,1,1,1,1,1,1,1,1,1,1,1,1,1,2,4,4,1,1,1,1,1,1,1,1,1,1,1,1,1,1,1,1,1,1,1,1,1,1,1,1,1,1,1,1,1,1,1,1,1,1,1,1,1,1,1,1,1,1,1,1,1,1,1,1,1,1,1,1,1,1,1,1,1,1,1,1,1,1,1,1,1,1,1,1
85,Gampaha,1,2,2,2,4,1,9,10,2,1,1,2,4,4,4,4,1,1,1,1,1,1,1,1,1,1,1,1,1,1,1,1,1,1,1,1,1,1,1,1,1,1,1,1,1,1,1,1,1,1,1,1,4,2,4,4,2,1,2,2,1,1,1,1,2,2,2,2,1,1,1,1,1,1,1,1,1,1,1,1,1,1,1,1,1,1,1,1,4,2,4,4,1,1,1,1,2,1,1,1,1,1,1,1,1,1,1,1,1,1,1,1,1,1,1,1,4,2,2,4,1,1,1,1,1,1,1,1,4,2,4,4,1,1,1,1,1,1,1,1,1,1,1,1,1,1,1,1,1,1,1,1,1,1,1,1,4,2,4,4,1,2,3,3,1,1,1,1,1,1,1,1
86,Kandy,1,2,5,2,5,3,8,10,3,2,2,2,4,4,4,4,2,2,2,2,1,1,1,1,1,1,1,1,1,1,1,1,1,1,1,1,1,1,1,1,1,1,1,1,1,1,1,1,2,1,1,1,1,1,1,1,1,1,1,1,1,1,1,1,1,1,1,1,1,1,1,2,1,1,1,1,2,1,1,1,2,1,1,1,2,1,1,1,2,1,1,1,1,1,2,1,2,1,1,1,1,1,1,1,1,1,1,1,1,1,1,1,1,1,1,1,1,1,1,1,1,1,1,1,1,1,1,1,1,1,1,1,1,1,1,1,1,1,1,1,1,1,1,1,1,1,1,1,1,1,1,1,1,1,1,1,1,1,1,1,1,1,1,1,1,1,1,1,1,1,1,1
87,Matale,3,2,1,2,4,3,9,10,2,2,1,1,3,1,1,1,2,1,1,1,2,1,1,1,1,2,2,2,1,1,1,1,1,1,1,1,2,2,2,2,1,1,1,1,2,1,1,1,2,1,1,1,2,1,1,1,2,1,1,1,1,1,1,1,1,1,1,1,1,1,1,1,1,1,1,1,1,1,1,1,2,1,1,1,2,1,1,1,2,1,1,1,1,1,1,1,1,1,1,1,1,1,1,1,1,1,1,1,1,1,1,1,1,1,1,1,1,1,1,1,1,1,1,1,1,1,1,1,1,1,1,1,1,1,1,1,1,1,1,1,1,1,1,1,1,1,1,1,1,1,1,1,1,1,1,1,1,1,1,1,1,1,1,1,1,1,1,1,1,1,1,1
88,Kandy,1,1,4,2,3,2,8,8,3,2,2,2,2,2,2,2,1,1,1,1,1,1,1,1,1,1,1,1,1,1,1,1,1,1,1,1,1,2,2,2,2,1,2,2,1,1,1,1,1,1,1,1,2,1,1,1,1,1,1,1,1,1,1,1,1,1,1,1,1,1,1,1,1,1,1,1,2,1,1,1,2,1,1,1,2,2,2,2,1,1,1,1,1,1,1,1,2,2,2,3,1,1,1,1,1,1,1,1,1,1,1,1,1,1,1,1,1,2,2,2,1,1,1,1,1,1,1,1,2,1,1,2,1,1,1,1,2,2,2,2,1,1,1,1,1,1,1,1,1,1,1,1,1,1,1,1,1,1,1,1,1,1,1,1,1,1,1,1,1,1,1,1
89,Gampaha,1,2,4,2,4,1,3,10,2,2,2,2,1,1,1,1,4,2,4,4,2,2,2,2,1,1,1,1,3,3,3,3,1,1,1,1,1,1,1,1,2,2,2,2,1,1,1,1,4,4,4,4,2,1,1,1,1,1,1,1,2,2,2,2,2,2,2,2,1,1,1,1,1,1,1,1,1,1,1,1,1,1,1,1,1,1,1,1,1,1,1,1,1,1,1,1,1,1,1,1,4,4,4,4,1,1,1,1,2,1,1,1,1,1,1,1,4,1,2,2,1,1,1,1,1,1,1,1,1,1,1,1,1,1,1,1,2,1,1,1,4,2,4,4,1,1,1,1,1,1,1,1,1,1,1,1,1,1,1,1,1,1,1,1,1,1,1,1,1,1,1,1
91,Kandy,1,2,2,2,4,1,10,3,3,1,1,1,4,3,3,4,1,1,1,1,1,1,1,1,1,3,3,1,1,3,3,1,1,1,1,1,1,1,1,1,1,1,1,1,1,1,1,1,2,1,1,1,1,1,1,1,1,1,1,1,2,3,3,3,1,1,1,1,1,1,1,1,3,2,2,2,2,1,1,1,1,1,1,1,3,1,1,1,2,1,1,1,1,1,1,1,2,1,3,3,1,1,1,1,1,1,1,1,2,1,2,2,1,1,1,1,4,1,2,4,1,1,1,1,1,1,1,1,1,1,1,1,4,2,3,4,1,1,1,1,1,1,1,1,1,1,1,1,1,1,1,1,1,1,1,1,4,1,1,3,1,1,1,1,1,1,1,1,1,1,1,1
92,Gampaha,1,2,2,2,4,1,3,10,3,3,3,3,2,2,2,2,4,3,3,3,2,1,1,1,1,3,3,1,1,1,1,1,1,1,1,1,2,1,2,2,3,3,3,3,1,1,1,1,1,1,1,1,1,1,1,1,1,1,1,1,4,4,4,4,1,1,1,1,1,1,1,1,2,2,2,2,3,1,2,1,3,1,1,1,1,1,1,1,1,1,1,1,1,1,1,1,3,3,3,3,4,4,4,4,1,1,1,1,1,1,1,1,1,1,4,4,4,1,2,2,1,1,1,1,1,1,1,1,1,1,1,1,1,1,1,1,1,1,1,1,4,4,4,4,1,1,1,1,1,1,1,1,1,1,4,4,4,1,4,4,3,1,2,2,1,1,1,1,1,1,1,1
94,Gampaha,1,2,2,2,4,1,1,6,1,1,1,1,3,3,3,3,1,1,1,1,4,4,4,4,2,2,2,2,1,4,3,3,1,1,1,1,1,1,1,1,3,3,3,3,1,1,1,1,1,1,1,1,1,1,1,1,3,3,3,3,4,4,4,4,1,1,1,1,1,1,1,1,3,3,3,3,3,1,1,1,3,1,1,1,1,1,1,1,1,1,1,1,1,1,1,1,3,1,2,2,4,4,4,4,1,1,1,1,2,1,2,2,1,1,1,1,2,1,1,1,1,1,1,1,4,4,4,4,1,1,1,1,1,1,1,1,1,1,1,1,4,4,4,4,1,1,1,1,1,1,1,1,1,1,1,1,4,4,4,4,4,4,4,4,4,4,4,4,4,4,4,4
95,Gampaha,1,2,3,2,4,1,10,10,3,2,2,2,4,4,4,4,1,1,1,1,1,1,1,1,1,3,2,1,1,1,1,1,1,1,1,1,1,1,1,1,3,3,3,3,2,2,2,2,1,1,1,1,1,1,1,1,4,4,4,4,1,1,1,1,1,1,1,1,1,1,1,1,2,2,2,2,3,1,1,1,3,1,1,1,3,1,1,2,1,1,1,1,1,1,1,1,2,2,2,2,4,4,4,4,1,1,1,1,2,2,2,2,1,2,2,2,4,2,2,2,1,1,1,1,1,1,1,1,1,1,1,1,1,1,1,1,2,2,2,2,4,4,4,4,1,1,1,1,1,1,1,1,1,4,4,4,3,3,3,3,3,1,1,1,2,1,1,1,1,1,1,1
96,Gampaha,1,2,3,2,4,1,10,10,3,1,1,3,4,4,4,4,1,1,1,1,1,1,1,1,1,2,2,2,1,1,1,1,1,1,1,1,1,1,1,1,1,1,1,1,1,1,1,1,4,4,4,4,1,1,1,1,1,1,1,1,1,1,1,1,1,1,1,1,1,1,1,1,1,1,1,1,2,1,1,1,2,1,1,1,2,1,1,1,1,1,1,1,1,1,1,1,1,1,1,1,4,4,4,4,1,1,1,1,1,1,1,1,1,1,1,1,4,4,4,4,1,1,1,1,1,1,1,1,1,1,1,1,1,1,1,1,1,1,1,1,4,4,4,4,1,1,1,1,1,1,1,1,1,1,1,1,1,1,1,1,4,4,4,4,1,1,1,1,1,1,1,1
97,Gampaha,1,2,5,2,5,1,8,4,3,2,1,2,2,2,2,2,4,4,4,4,2,2,2,2,1,1,1,1,1,1,1,1,1,1,1,1,1,1,1,1,2,2,2,2,1,1,1,1,4,4,4,4,1,1,1,1,1,1,1,1,4,4,4,4,4,4,4,4,1,1,1,1,1,1,1,1,1,1,1,1,1,1,1,1,1,1,1,1,3,1,1,1,1,1,1,1,4,4,4,4,1,1,1,1,1,1,1,1,1,1,1,1,1,1,1,1,1,1,1,1,1,1,1,1,1,1,1,1,1,1,1,1,1,1,1,1,1,1,1,1,1,1,1,1,1,1,1,1,1,1,1,1,1,1,1,1,1,1,1,1,1,1,1,1,1,1,1,1,1,1,1,1
98,Matale,1,2,3,2,1,2,9,10,2,1,1,2,3,1,2,3,1,1,1,1,1,1,1,2,1,1,1,1,1,1,1,1,1,1,1,2,1,1,1,1,2,1,1,2,3,1,1,2,2,1,1,2,2,1,1,2,3,1,2,2,1,1,1,1,1,1,1,1,2,1,2,2,2,1,1,2,1,1,1,1,1,1,1,1,2,1,1,1,1,1,1,1,1,1,1,1,1,1,1,1,1,1,1,1,1,1,1,1,4,2,2,3,1,1,1,1,4,1,2,3,1,1,1,1,1,1,1,1,2,1,1,1,1,1,1,1,1,1,1,1,1,1,1,1,1,1,1,1,4,2,1,3,1,1,1,1,4,1,2,3,1,1,1,1,1,1,1,1,1,1,1,1
99,Gampaha,1,2,2,2,4,2,3,9,2,1,2,1,4,4,4,4,1,1,1,1,1,1,1,1,1,1,1,1,1,1,1,1,1,1,1,1,1,1,1,1,1,1,1,1,1,1,1,1,2,2,2,2,1,1,1,1,1,1,1,1,4,4,4,4,3,3,3,3,1,1,1,1,1,1,1,1,1,1,1,1,1,1,1,1,2,1,1,1,2,1,2,1,1,1,1,1,1,1,1,1,1,1,1,1,1,1,1,1,3,3,3,3,1,1,1,1,4,4,4,4,1,1,1,1,1,1,1,1,4,3,4,4,1,1,1,1,1,1,1,1,1,1,1,1,1,1,1,1,1,1,1,1,1,1,1,1,1,1,1,1,1,1,1,1,3,3,3,3,2,2,2,2
100,Kandy,1,2,4,2,5,1,1,2,3,3,3,3,3,4,3,3,2,2,2,2,1,1,1,1,1,3,2,2,1,1,1,1,1,1,1,1,2,2,2,2,1,1,1,1,3,1,1,1,3,2,2,2,1,1,1,1,1,1,1,1,4,3,3,3,4,2,2,2,2,3,3,3,1,1,1,1,3,1,1,1,2,1,1,1,3,1,1,1,1,1,1,1,1,1,1,1,2,1,2,2,4,2,2,3,1,1,1,1,1,1,1,1,1,3,3,2,4,1,1,1,1,1,1,1,1,1,1,1,2,1,1,1,1,1,1,1,2,1,1,1,4,4,4,4,1,1,1,1,1,1,1,1,2,4,4,2,4,1,1,2,3,1,1,1,3,1,1,2,3,1,1,1
101,Gampaha,1,2,4,2,4,3,10,10,5,2,2,2,4,4,4,4,1,1,1,1,1,1,1,1,1,3,3,3,1,1,1,1,1,1,1,1,4,4,4,4,3,3,3,3,1,1,1,1,1,1,1,1,1,1,1,1,1,1,1,1,4,4,4,4,1,1,1,1,4,4,4,4,4,3,3,3,3,1,1,1,3,1,1,1,3,2,2,2,3,1,1,1,1,1,1,1,1,1,1,1,4,4,4,4,1,1,1,1,1,1,1,1,1,1,1,1,1,1,1,1,1,1,1,1,1,1,1,1,3,1,1,1,1,1,1,1,1,1,1,1,4,4,4,4,4,4,4,4,1,1,1,1,4,4,4,4,1,1,1,1,1,1,1,1,1,1,1,1,1,1,1,1
102,Gampaha,1,2,3,2,4,2,1,10,3,2,2,3,4,4,4,4,1,1,1,1,1,1,1,1,1,1,1,1,1,1,1,1,1,1,1,1,1,1,1,1,1,1,1,1,1,1,1,1,1,2,2,2,1,1,1,1,1,1,1,1,3,3,3,3,1,1,1,1,1,1,1,1,1,1,1,1,1,1,1,1,1,1,1,1,1,1,1,1,3,1,2,2,1,1,1,1,1,1,1,1,3,4,4,4,1,1,1,1,1,1,1,1,1,1,1,1,4,4,4,4,1,1,1,1,1,1,1,1,1,1,3,3,1,1,1,1,1,1,1,1,1,1,1,1,1,1,1,1,1,1,1,1,1,1,1,1,4,4,4,4,1,1,1,1,1,1,1,1,1,1,1,1
105,Colombo,1,2,2,2,4,3,1,2,4,4,4,4,2,1,1,1,2,1,1,1,2,1,1,1,2,2,2,2,1,1,2,1,3,2,2,3,2,2,2,2,1,1,1,1,1,1,1,1,2,2,2,2,3,2,2,2,1,2,1,1,2,2,2,2,2,2,2,2,2,2,2,2,2,1,1,1,3,1,1,1,2,1,1,1,2,1,1,1,1,1,1,1,1,1,1,1,1,1,1,1,1,1,1,1,1,1,1,1,1,1,1,1,1,1,1,1,1,1,1,1,1,1,1,1,1,1,1,1,1,1,1,1,1,1,1,1,1,1,1,1,1,1,1,1,1,1,1,1,1,1,1,1,1,1,1,1,1,1,1,1,1,1,1,1,1,1,1,1,1,1,1,1
109,Matale,2,1,2,4,4,2,10,3,1,1,1,1,2,1,2,3,2,1,1,2,1,1,2,2,1,1,1,1,1,1,1,1,1,1,2,2,1,1,1,1,1,1,1,1,1,1,1,2,1,1,1,1,1,1,1,1,2,1,1,1,1,1,1,1,1,1,1,1,1,1,1,1,1,1,1,1,1,1,1,1,1,1,1,1,1,1,1,2,1,1,1,1,1,1,1,1,1,1,1,1,1,1,1,1,1,1,1,1,4,3,3,3,1,1,1,1,4,4,3,3,1,1,1,1,1,1,1,1,1,1,1,1,1,1,1,1,1,1,1,1,1,1,1,1,1,1,1,1,4,4,3,4,1,1,1,1,1,1,1,1,1,1,1,1,1,1,1,1,1,1,1,1
110,Kandy,1,2,3,2,7,1,1,1,5,5,5,5,2,1,2,1,3,4,4,4,2,1,1,1,1,2,1,1,2,1,1,1,1,1,1,1,3,3,2,2,1,1,1,1,1,1,1,1,2,1,1,2,1,1,1,1,1,1,1,1,3,2,2,3,1,2,1,1,3,4,4,4,1,1,1,1,2,1,1,1,2,1,1,1,3,1,1,1,1,1,1,1,1,1,1,1,1,1,1,1,4,4,4,4,1,1,1,1,1,1,1,1,1,1,1,1,4,4,4,4,1,1,1,1,1,1,1,1,1,1,1,1,1,1,1,1,1,1,1,1,4,4,4,4,1,1,1,1,1,1,1,1,1,1,1,1,1,1,1,1,3,3,3,3,4,3,3,3,2,2,2,2
111,Kandy,1,2,5,2,4,1,10,10,2,1,1,1,4,4,4,4,1,1,1,1,1,1,1,1,1,1,1,1,1,1,1,1,4,4,4,4,1,1,1,1,1,1,1,1,1,1,1,1,3,1,1,3,1,1,1,1,1,1,1,1,1,1,1,1,1,1,1,1,1,1,1,1,1,1,1,1,1,1,1,1,1,1,1,1,1,1,1,1,1,1,1,1,1,1,1,1,1,1,1,1,1,1,1,1,1,1,1,1,1,1,1,1,1,1,1,1,4,4,4,4,1,1,1,1,1,1,1,1,1,1,1,1,1,1,1,1,1,1,1,1,1,1,1,1,1,1,1,1,1,1,1,1,1,1,1,1,1,1,1,1,3,3,3,3,1,1,1,1,1,1,1,1
112,Gampaha,3,2,2,2,4,2,3,10,3,2,2,1,4,4,4,4,1,1,1,1,1,1,1,1,1,1,1,1,1,1,1,1,1,1,1,1,1,1,1,1,1,1,1,1,3,1,1,1,2,1,1,1,1,1,1,1,1,1,1,1,4,4,4,4,1,1,1,1,1,1,1,1,1,1,1,1,2,1,1,1,2,1,1,1,2,1,1,1,4,1,2,3,1,1,1,1,1,2,3,2,1,1,1,1,1,1,1,1,1,1,1,1,1,1,1,1,4,4,4,4,1,1,1,1,1,1,1,1,4,4,4,4,1,1,1,1,1,1,1,1,1,1,1,1,1,1,1,1,1,1,1,1,1,1,1,1,4,4,4,4,1,1,1,1,1,1,2,1,1,1,1,1
113,Kandy,1,1,4,2,7,1,8,10,3,3,3,3,2,1,1,1,2,1,1,1,2,1,2,1,1,2,2,2,1,1,1,1,1,1,1,1,2,4,4,4,1,1,1,1,1,1,1,1,3,2,2,3,1,1,1,1,1,1,1,1,4,3,3,3,4,3,3,3,4,4,4,4,1,1,1,1,3,1,1,1,3,1,1,1,3,1,1,1,1,1,1,1,1,1,1,1,1,1,1,1,4,2,3,3,1,1,1,1,1,1,1,1,1,1,1,1,1,1,1,1,1,1,1,1,1,1,1,1,1,1,1,1,1,1,1,1,1,1,1,1,1,1,1,1,1,1,1,1,1,1,1,1,1,1,1,1,1,1,1,1,1,1,1,1,1,1,1,1,1,1,1,1
115,Kandy,1,2,2,2,4,1,7,10,3,1,1,1,4,3,3,3,1,1,1,1,1,1,1,1,1,3,2,1,1,1,1,1,1,1,1,1,1,1,1,1,1,1,1,1,1,1,1,1,2,1,1,1,1,1,1,1,1,1,1,1,2,2,2,2,1,1,1,1,1,1,1,1,4,3,3,3,1,1,1,1,1,1,1,1,3,1,1,1,4,1,1,3,1,1,1,1,1,1,1,1,1,1,1,1,1,1,1,1,4,3,3,4,1,3,3,4,4,1,1,1,1,1,1,1,1,1,1,1,1,1,1,1,1,1,1,1,3,1,1,1,1,1,1,1,1,1,1,1,1,1,1,1,1,1,1,1,4,1,1,1,1,1,1,1,1,1,1,1,1,1,1,1
116,Kandy,1,1,3,2,4,1,7,3,3,2,2,2,2,2,2,2,1,1,1,1,3,3,3,3,1,3,3,3,1,1,1,1,1,1,1,1,1,1,1,1,1,1,1,1,1,1,1,1,3,3,4,3,1,1,1,1,1,1,1,1,3,3,3,3,1,1,1,1,1,1,1,1,2,2,2,2,3,1,1,1,1,1,1,1,3,1,1,1,3,1,1,2,1,1,1,1,4,4,4,4,1,1,1,1,1,1,1,1,2,2,2,2,1,1,1,1,4,4,4,4,1,1,1,1,1,1,1,1,1,1,1,1,1,1,1,1,1,1,1,1,1,1,1,1,1,1,1,1,4,4,4,4,1,1,1,1,3,3,3,3,1,1,1,1,1,1,1,1,1,1,1,1
118,Gampaha,1,2,3,2,3,1,9,10,2,1,1,1,4,4,4,4,1,1,1,1,1,1,1,1,1,2,2,2,1,1,1,1,1,1,1,1,1,1,1,1,1,1,1,1,2,1,1,1,2,1,1,1,1,1,1,1,1,1,1,1,2,2,2,2,2,2,2,2,1,1,1,1,2,1,1,1,1,1,1,1,1,1,1,1,1,1,1,1,3,1,1,1,1,1,1,1,2,1,1,1,1,1,1,1,4,4,4,4,2,2,2,2,1,1,1,1,4,4,4,4,1,1,1,1,1,1,1,1,3,1,1,1,1,1,1,1,2,2,2,2,1,1,1,1,2,2,2,2,2,2,2,2,2,2,2,2,4,4,4,4,2,2,2,2,2,1,1,1,2,1,1,1
119,Kandy,1,2,4,2,7,1,3,4,1,1,1,1,2,1,1,1,3,1,1,1,1,1,1,1,1,1,1,1,1,1,1,1,1,1,1,1,2,4,4,4,2,1,2,2,1,1,1,1,2,1,1,1,1,1,1,1,1,1,1,1,3,2,2,2,2,2,2,2,2,4,4,4,1,1,1,1,2,1,1,1,2,1,1,1,3,1,1,1,2,1,1,1,1,1,1,1,1,1,1,1,4,4,4,4,1,1,1,1,1,1,1,1,2,4,4,4,3,1,1,1,1,1,1,1,1,1,1,1,1,1,1,1,2,1,1,1,1,1,1,1,4,4,4,4,1,1,1,1,1,1,1,1,2,4,4,4,3,1,1,1,1,1,1,1,1,1,1,1,1,1,1,1
120,Colombo,2,1,3,2,4,1,8,10,4,1,1,1,3,1,1,2,2,1,1,2,2,1,1,2,1,1,1,1,1,1,1,1,1,1,1,1,1,1,1,1,1,1,1,1,1,1,1,1,2,1,2,2,2,2,2,2,1,1,1,1,2,2,2,2,2,2,2,2,1,1,1,1,1,1,1,1,2,1,1,1,1,1,1,1,2,1,1,1,4,1,1,2,1,1,1,1,1,1,1,1,1,1,1,1,1,1,1,1,4,2,2,2,1,1,1,1,1,1,1,1,1,1,1,1,1,1,1,1,1,1,1,1,1,1,1,1,1,1,1,1,1,1,1,1,1,1,1,1,1,1,1,1,1,1,1,1,1,1,1,1,1,1,1,1,1,1,1,1,1,1,1,1
121,Gampaha,1,2,3,2,4,1,3,10,2,1,1,2,4,4,4,4,1,1,1,1,1,1,1,1,1,2,2,2,1,3,3,2,1,1,2,1,1,1,1,1,2,2,2,2,3,1,1,2,1,1,1,1,1,1,1,1,3,2,2,2,1,1,1,1,1,1,1,1,1,1,1,1,3,3,3,3,1,1,1,1,1,1,1,1,2,1,1,1,4,4,4,4,1,1,1,1,2,1,1,2,1,1,1,1,1,1,1,1,3,1,1,2,1,1,1,1,4,1,1,4,1,1,1,1,1,1,1,1,4,4,4,4,1,1,1,1,1,1,1,1,1,1,1,1,1,1,1,1,1,1,1,1,1,1,1,1,4,1,1,4,3,1,1,3,1,1,1,1,1,1,1,1
122,Kandy,1,2,4,2,4,2,10,6,3,1,1,1,1,1,1,1,1,1,1,1,2,2,2,2,3,2,2,2,1,1,1,1,1,1,1,1,1,1,1,1,1,1,1,1,2,1,1,1,1,1,1,1,2,2,2,2,1,1,1,1,2,2,2,2,1,1,1,1,1,1,1,1,1,1,1,1,1,1,1,1,1,1,1,1,1,1,1,1,1,1,1,1,1,1,1,1,2,1,2,2,1,1,1,1,1,1,1,1,2,1,2,2,1,1,1,1,1,1,1,1,1,1,1,1,1,1,1,1,1,1,1,1,1,1,1,1,1,1,1,1,1,1,1,1,1,1,1,1,1,1,1,1,1,1,1,1,3,1,1,1,1,1,1,1,1,1,1,1,1,1,1,1
124,Kandy,1,2,4,2,4,1,3,1,3,1,1,3,4,3,4,4,1,1,1,1,1,1,1,1,1,4,4,1,1,1,1,1,1,1,1,1,1,1,1,1,1,1,1,1,1,1,1,1,1,1,1,1,3,1,2,2,4,2,2,2,3,4,3,3,1,1,1,1,1,2,2,2,1,1,1,1,1,1,1,1,1,1,1,1,1,1,1,1,1,1,1,1,4,4,4,4,1,1,1,1,1,1,1,1,1,1,1,1,1,1,1,1,1,1,1,1,4,4,4,4,1,1,1,1,1,1,1,1,1,1,1,1,4,4,4,4,1,1,1,1,1,1,1,1,1,1,1,1,1,1,1,1,1,1,1,1,1,1,1,1,4,4,4,4,1,1,1,1,1,1,1,1
126,Kandy,1,2,4,2,4,2,7,10,4,1,1,4,3,1,1,2,2,1,1,2,1,1,1,2,1,3,3,3,1,1,1,1,1,1,1,1,1,1,1,1,1,1,1,1,1,1,1,1,3,1,1,2,3,1,1,2,1,1,1,1,3,2,2,2,3,2,2,2,1,1,1,1,2,1,1,1,2,1,1,1,2,1,1,1,3,1,1,3,2,1,1,1,1,1,1,1,1,1,1,1,3,1,2,2,1,1,1,1,3,2,2,2,1,3,3,3,3,1,1,1,1,1,1,1,1,1,1,1,1,1,1,1,1,1,1,1,1,1,1,1,3,1,2,3,1,1,1,1,1,1,1,1,1,3,3,3,3,1,1,1,1,1,1,1,1,1,1,1,1,1,1,1
127,Kandy,1,2,3,2,4,1,1,7,3,3,3,3,4,2,2,2,1,2,2,2,1,1,1,1,1,4,2,1,1,1,1,1,1,1,1,1,1,1,1,1,1,1,1,1,1,1,1,1,3,2,2,2,1,1,1,1,1,1,1,1,3,3,3,3,1,1,1,1,1,1,1,1,3,3,3,3,1,1,1,1,1,1,1,1,2,1,1,1,4,1,1,3,1,1,1,1,2,2,2,2,1,1,1,1,1,1,1,1,1,1,1,1,1,1,1,1,4,3,3,3,1,1,1,1,1,1,1,1,4,1,1,1,1,3,3,1,1,1,1,1,1,1,1,1,1,1,1,1,1,1,1,1,1,1,1,1,4,3,2,3,1,1,1,1,1,1,1,1,1,1,1,1
130,Kandy,1,2,3,2,5,1,3,4,2,1,1,1,3,3,3,3,1,1,1,1,1,1,1,1,1,3,3,2,1,2,2,2,1,1,1,1,1,1,1,1,2,2,2,2,2,2,2,2,3,2,2,3,1,1,1,1,3,3,3,3,3,3,3,3,1,1,1,1,1,1,1,1,1,1,1,1,3,1,1,1,3,1,1,1,3,1,1,1,3,1,1,3,1,1,1,1,2,2,2,2,1,1,1,1,2,2,2,2,3,3,3,3,1,1,1,1,4,1,3,4,1,1,1,1,1,1,1,1,1,1,1,1,4,1,3,4,1,1,1,1,1,1,1,1,1,1,1,1,1,1,1,1,1,1,1,1,1,1,1,1,4,4,4,4,1,1,1,1,1,1,1,1
131,Gampaha,1,2,3,2,4,1,9,10,2,1,1,2,4,4,4,4,1,1,1,1,1,1,1,1,1,1,1,1,1,1,1,1,1,1,1,1,1,1,1,1,1,1,1,1,1,1,1,1,1,1,1,1,3,3,3,3,1,1,1,1,1,1,1,1,1,1,1,1,1,1,1,1,1,1,1,1,1,1,1,1,1,1,1,1,1,1,1,1,2,1,1,1,1,1,1,1,1,1,1,1,3,3,3,3,1,1,1,1,2,1,1,1,1,1,1,1,4,4,4,4,1,1,1,1,1,1,1,1,1,1,1,1,1,1,1,1,1,1,1,1,1,1,1,1,1,1,1,1,1,1,1,1,1,1,1,1,1,1,1,1,1,1,1,1,3,1,3,2,2,1,1,1
134,Gampaha,1,2,5,2,5,1,8,4,3,1,1,1,4,4,4,4,1,1,1,1,1,1,1,1,1,2,2,2,1,1,1,1,2,2,2,2,1,1,1,1,2,3,3,3,2,1,1,1,2,1,1,1,1,1,1,1,1,1,1,1,2,2,2,2,3,3,3,3,1,1,1,1,2,1,1,1,2,1,1,1,2,1,1,1,2,1,1,1,1,1,1,1,1,1,1,1,2,1,1,1,3,3,3,3,1,1,1,1,2,2,2,2,2,2,2,2,4,4,4,4,1,1,1,1,1,1,1,2,1,1,1,1,1,1,1,1,2,1,1,1,3,3,3,3,1,1,1,1,1,1,1,1,2,2,2,2,2,2,2,2,2,2,2,2,1,1,1,1,1,1,1,1
135,Gampaha,1,2,3,2,4,1,3,4,3,2,2,2,4,4,4,4,1,1,1,1,1,1,1,1,1,2,2,2,1,1,1,1,1,1,1,1,1,1,1,1,1,1,1,1,1,1,1,1,1,1,1,1,1,1,1,1,1,1,1,1,4,4,4,4,1,1,1,1,1,1,1,1,1,1,1,1,2,1,1,1,1,1,1,1,2,1,1,1,3,1,1,1,1,1,1,1,3,4,4,4,1,1,1,1,1,1,1,1,1,1,1,1,1,1,1,1,4,4,4,4,1,1,1,1,1,1,1,1,4,1,1,1,1,1,1,1,1,1,1,1,1,4,4,4,1,1,1,1,1,1,1,1,1,1,1,1,4,4,4,4,1,1,1,1,1,1,1,1,1,1,1,1
136,Kandy,2,1,4,2,4,2,3,1,3,1,1,1,3,1,1,1,1,1,1,1,1,1,1,1,1,2,2,2,1,2,2,2,1,1,1,1,1,1,1,2,1,1,1,1,3,1,1,2,2,1,1,2,2,1,1,2,1,1,1,1,2,1,1,1,2,1,1,2,1,1,1,1,1,1,1,1,2,1,1,1,2,1,1,1,2,1,1,2,1,1,1,1,1,1,1,1,1,1,1,1,1,1,1,1,1,1,1,1,4,1,2,2,1,1,1,1,4,1,2,2,1,1,1,1,1,1,1,1,1,1,1,1,1,1,1,1,1,1,1,1,1,1,1,1,1,1,1,1,1,1,1,1,1,1,1,1,4,1,2,2,1,1,1,1,1,1,1,1,1,1,1,1
137,Puttalam,1,2,2,2,4,2,10,8,1,3,3,3,2,2,2,2,3,3,3,3,1,1,1,1,1,1,1,1,1,1,1,1,1,1,1,1,1,1,1,1,1,1,1,1,1,1,1,1,2,2,2,2,3,3,4,4,1,1,1,1,2,2,2,2,3,3,3,3,1,1,1,1,1,1,1,1,1,1,1,1,1,1,1,1,1,1,1,1,1,1,1,1,1,1,1,1,4,4,4,4,1,1,1,1,3,3,3,3,2,2,2,2,1,1,1,1,1,1,1,1,3,1,2,4,1,1,1,1,1,1,1,1,1,1,1,1,1,1,1,1,1,1,1,1,4,1,4,4,2,1,2,2,1,1,1,1,4,1,4,4,1,1,1,1,1,1,1,1,1,1,1,1
138,Gampaha,1,2,2,2,5,1,10,10,3,2,2,2,4,4,4,4,2,2,2,2,2,2,2,2,1,2,2,2,1,1,1,1,2,2,2,2,1,1,1,1,2,2,2,2,2,2,2,2,4,2,2,2,1,1,1,1,1,1,1,1,4,4,4,4,4,4,4,4,2,2,2,2,2,1,1,1,4,1,1,1,4,1,1,1,2,1,1,1,2,1,1,1,1,1,1,1,2,1,1,1,4,4,4,4,1,1,1,1,1,1,1,1,1,1,1,1,2,2,2,2,4,4,4,4,1,1,1,1,1,1,1,1,1,1,1,1,1,1,1,1,4,4,4,4,1,1,1,1,1,1,1,1,1,1,1,1,4,4,4,4,2,2,2,2,2,2,2,2,2,2,2,2
139,Kandy,1,2,5,2,4,1,8,10,5,5,5,5,1,1,1,1,4,3,3,4,1,1,1,1,1,1,1,1,1,1,1,1,1,1,1,1,1,1,1,1,1,1,1,1,1,1,1,1,4,3,4,3,1,1,1,1,1,1,1,1,3,3,3,3,1,1,1,1,1,1,1,1,1,1,1,1,4,1,1,1,1,1,1,1,1,1,1,1,3,1,1,2,1,1,1,1,3,1,2,2,4,4,4,4,1,1,1,1,1,1,1,1,1,3,3,1,4,1,1,4,1,1,1,1,1,1,1,1,1,1,1,1,4,1,1,4,1,1,1,1,1,1,1,1,1,1,1,1,4,1,1,4,1,4,4,1,1,1,1,1,4,1,1,4,1,1,1,1,1,1,1,1
142,Puttalam,1,2,4,2,5,1,1,3,3,3,3,3,4,3,3,3,2,2,2,2,1,1,1,1,2,3,3,3,1,1,1,1,1,1,1,1,1,1,1,1,1,2,2,2,2,1,1,1,3,2,2,2,2,2,2,2,1,1,1,1,3,2,2,2,2,2,2,2,1,1,1,1,4,3,3,3,2,1,1,1,2,1,1,1,2,1,1,1,1,1,1,1,1,1,1,1,1,1,1,1,4,3,3,3,2,2,2,2,2,2,2,2,2,2,2,2,4,4,4,4,1,1,1,1,1,1,1,1,1,1,1,1,1,1,1,1,1,1,1,1,4,4,4,4,2,2,2,2,1,1,1,1,2,2,2,2,3,3,3,3,2,2,2,2,2,1,1,1,1,1,1,1
144,Puttalam,1,2,3,2,5,1,3,10,1,1,1,2,2,4,4,4,2,1,1,1,4,1,1,2,1,3,3,2,1,1,1,1,1,1,2,2,1,1,1,1,3,3,3,3,3,1,1,1,1,1,1,1,1,1,1,1,1,1,1,1,4,4,4,4,1,1,1,1,4,4,4,4,3,1,1,1,1,1,1,1,1,1,1,1,1,1,1,1,1,1,1,1,1,1,1,1,1,1,1,1,4,3,3,4,1,1,1,1,1,1,1,1,1,1,1,1,1,1,1,4,1,1,1,1,1,1,1,1,1,1,1,1,1,1,1,1,1,1,1,1,1,1,1,4,1,1,1,1,1,1,1,1,1,1,1,1,1,1,1,1,1,1,1,3,1,1,1,4,1,1,1,1
145,Kandy,1,2,3,2,5,1,10,10,3,1,1,3,4,4,4,4,1,1,1,1,1,1,1,1,1,3,3,3,1,1,1,1,1,1,1,1,1,1,1,1,1,1,1,1,2,1,1,1,1,1,1,1,1,1,1,1,3,3,3,3,1,1,1,1,1,1,1,1,1,1,1,1,1,1,1,1,3,1,1,1,2,1,1,2,1,1,1,1,4,1,1,3,1,1,1,1,2,3,3,2,1,1,1,1,1,1,1,1,2,2,2,2,1,1,1,1,4,1,1,4,1,1,1,1,1,1,1,1,3,1,3,4,1,1,1,1,1,1,1,1,1,1,1,1,1,1,1,1,2,2,2,2,1,1,1,1,3,1,3,3,3,1,3,3,1,1,1,1,1,1,1,1
147,Matale,2,1,2,2,4,3,10,10,2,1,1,1,3,2,1,2,3,1,1,1,2,1,1,1,2,4,2,3,1,1,1,1,2,1,1,1,1,1,1,1,1,1,1,1,2,1,1,1,2,2,2,2,2,1,1,1,1,1,1,1,2,2,2,2,2,1,1,1,1,1,1,1,2,1,1,1,2,1,1,1,2,1,1,1,2,1,1,1,2,1,1,1,1,1,1,1,3,3,3,3,1,1,1,1,1,1,1,1,2,2,2,2,1,1,1,1,1,1,1,1,1,1,1,1,1,1,1,1,1,1,1,1,1,1,1,1,1,1,1,1,1,1,1,1,1,1,1,1,1,1,1,1,1,1,1,1,1,1,1,1,1,1,1,1,1,1,1,1,1,1,1,1
148,Colombo,1,2,6,2,3,3,10,10,2,2,2,2,4,2,4,4,2,2,3,2,3,3,3,3,1,1,1,1,1,1,1,1,2,1,2,2,1,1,1,1,2,1,2,2,2,2,2,4,3,2,4,4,4,2,2,4,1,1,1,1,2,2,4,4,1,2,1,2,2,1,2,3,1,1,1,2,2,1,1,1,2,1,1,2,2,2,2,2,1,1,1,1,1,1,1,1,1,1,1,1,4,3,3,4,1,1,1,1,1,1,1,1,4,3,3,3,2,3,3,3,1,1,1,1,1,1,1,1,1,1,1,1,1,1,1,1,1,1,1,1,4,4,1,4,1,1,1,1,1,1,1,1,1,1,1,1,1,1,1,1,1,1,1,1,1,1,1,1,1,1,1,1
150,Puttalam,1,2,3,2,4,1,3,3,2,1,1,2,4,3,3,3,1,1,1,1,1,1,1,1,1,1,1,1,1,2,2,1,1,1,1,1,1,1,1,1,1,1,1,1,2,1,1,1,3,1,1,1,1,1,1,1,1,1,1,1,4,3,3,3,4,2,2,2,1,1,1,1,1,1,1,1,1,1,1,1,1,1,1,1,2,1,1,1,1,1,1,1,1,1,1,1,2,2,2,2,3,3,3,3,2,2,2,2,2,2,2,2,2,2,2,2,4,4,4,4,1,1,1,1,1,1,1,1,1,1,1,1,1,1,1,1,1,1,1,1,4,4,4,4,1,2,2,2,1,1,1,1,2,2,2,2,3,3,3,3,2,2,1,1,1,1,1,1,1,1,1,1
152,Puttalam,1,1,5,3,4,1,8,1,3,1,1,1,2,1,1,1,2,1,1,1,4,4,4,4,1,4,2,1,1,3,1,1,1,1,1,2,1,1,1,1,3,3,3,3,3,1,1,1,4,2,4,3,2,2,2,2,1,1,1,1,2,2,2,2,1,1,1,1,1,1,1,1,1,1,1,1,2,1,1,1,1,1,1,1,2,1,1,1,1,1,1,1,1,1,1,1,3,2,2,3,4,4,4,4,1,1,1,1,3,2,2,2,1,1,1,1,4,1,1,3,1,1,1,1,1,1,1,1,1,1,1,1,1,1,1,1,2,1,1,1,4,4,4,4,1,1,1,1,1,1,1,1,1,1,1,1,3,1,1,3,3,1,1,3,3,1,1,1,1,1,1,1
153,Colombo,1,1,3,2,1,2,10,10,3,1,1,1,3,2,2,2,2,1,1,2,2,1,1,1,1,2,2,2,1,1,1,1,1,1,1,1,1,1,1,1,1,1,1,1,1,1,1,1,2,1,1,1,1,1,1,1,1,1,1,1,2,1,2,2,2,1,1,2,1,1,1,1,2,1,1,1,2,1,1,1,1,1,1,1,1,1,1,1,1,1,1,1,1,1,1,1,3,1,1,1,1,1,1,1,1,1,1,1,1,1,1,1,1,1,1,1,4,1,1,2,1,1,1,1,1,1,1,1,1,1,1,1,1,1,1,1,1,1,1,1,1,1,1,1,1,1,1,1,4,1,1,3,1,1,1,1,4,1,2,2,1,1,1,1,1,1,1,1,1,1,1,1
154,Gampaha,1,2,3,2,4,1,1,10,3,3,3,3,1,1,1,1,1,1,1,1,4,4,4,4,1,3,3,3,2,4,3,2,1,1,1,1,1,1,1,1,3,3,3,3,1,1,1,1,1,1,1,1,1,1,1,1,3,3,3,3,2,2,2,2,4,4,4,4,1,1,1,1,2,1,1,1,3,1,1,1,3,1,1,1,2,1,1,1,2,1,1,1,1,1,1,1,2,2,2,2,4,4,4,4,1,1,1,1,2,2,2,2,1,1,1,1,4,4,4,4,1,1,1,1,1,1,1,1,1,1,1,1,1,1,1,1,1,1,1,1,4,4,4,4,1,1,1,1,1,1,1,1,1,1,1,1,3,3,3,3,3,3,3,3,2,2,2,2,3,3,3,3
158,Gampaha,1,2,4,2,4,1,10,10,3,1,2,3,4,4,4,4,1,1,1,1,1,1,1,1,2,2,2,2,1,1,1,1,2,1,1,1,1,1,1,1,2,3,3,3,2,1,1,1,2,1,1,1,1,1,1,1,1,1,1,1,2,2,2,2,2,2,2,2,1,1,1,1,2,1,1,1,1,1,1,1,1,1,1,1,1,1,1,1,2,1,1,1,1,1,1,1,2,1,1,1,1,1,1,1,3,3,3,3,2,2,2,2,2,2,2,2,4,4,4,4,1,1,1,1,1,1,1,1,2,1,1,1,1,1,1,1,2,2,2,2,1,1,1,1,3,3,3,3,2,2,2,2,2,2,2,2,2,2,2,2,2,2,2,2,2,1,1,1,1,1,1,1
159,Puttalam,1,1,4,3,5,1,3,10,5,2,2,2,1,1,1,1,4,2,2,3,1,1,1,1,1,3,3,3,4,4,4,4,1,2,2,2,1,2,2,2,3,2,2,2,3,1,1,1,3,3,3,3,2,1,1,1,1,1,1,1,4,4,4,4,2,2,2,2,3,3,3,3,1,1,1,1,4,1,1,1,4,1,1,1,2,1,1,1,3,1,1,2,3,2,2,2,3,3,3,3,3,3,3,3,1,1,1,1,3,3,3,3,1,1,1,1,4,4,4,4,3,1,1,1,1,1,1,1,3,2,2,3,3,2,2,3,2,2,2,2,3,3,3,3,1,1,1,1,1,1,1,1,1,1,1,1,4,4,4,4,3,3,3,3,1,1,1,1,1,1,1,1
160,Matale,1,2,5,2,4,3,10,10,2,1,1,1,2,2,2,2,2,2,2,2,2,1,1,1,1,1,1,1,1,1,1,1,1,1,1,1,1,1,1,1,1,1,1,1,2,1,1,1,2,1,1,1,2,1,1,1,1,1,1,1,2,1,1,1,2,1,1,1,1,1,1,1,2,2,2,2,2,1,1,1,2,1,1,1,2,1,1,1,1,1,1,1,1,1,1,1,1,1,1,1,3,3,3,3,1,1,1,1,2,2,2,2,1,1,1,1,1,1,1,1,1,1,1,1,1,1,1,1,1,1,1,1,1,1,1,1,1,1,1,1,1,1,1,1,1,1,1,1,1,1,1,1,1,1,1,1,1,1,1,1,1,1,1,1,1,1,1,1,1,1,1,1
161,Kandy,1,2,5,2,4,2,10,3,3,2,2,2,2,1,1,2,1,1,1,1,1,1,1,1,1,1,1,1,1,1,1,1,1,1,1,1,1,1,1,1,1,1,1,1,1,1,1,1,1,1,1,1,2,1,2,2,1,1,1,1,1,1,1,1,1,1,1,1,1,1,1,1,2,1,1,2,2,1,1,1,3,1,1,1,1,1,1,1,1,1,1,1,1,1,1,1,1,1,1,1,1,1,1,1,1,1,1,1,4,1,2,3,1,1,1,1,1,1,1,1,1,1,1,1,1,1,1,1,1,1,1,1,1,1,1,1,1,1,1,1,1,1,1,1,1,1,1,1,1,1,1,1,1,1,1,1,1,1,1,1,1,1,1,1,1,1,1,1,1,1,1,1
162,Kandy,1,2,1,2,4,2,3,10,3,1,1,2,3,1,1,2,1,1,1,1,1,1,1,1,1,2,2,2,1,1,1,1,1,1,1,1,1,1,1,1,1,1,1,1,2,1,1,2,1,1,1,1,2,1,1,1,1,1,1,1,1,1,1,1,1,1,1,1,1,1,1,1,2,1,1,1,1,1,1,1,1,1,1,1,2,1,1,1,1,1,1,1,1,1,1,1,1,1,1,1,3,1,1,2,1,1,1,1,1,1,1,1,1,1,1,1,4,1,2,2,1,1,1,1,1,1,1,1,1,1,1,1,1,1,1,1,1,1,1,1,1,1,1,1,1,1,1,1,1,1,1,1,1,1,1,1,4,1,1,2,1,1,1,1,1,1,1,1,1,1,1,1
164,Matale,2,1,4,2,4,3,7,3,1,1,1,1,2,1,1,1,2,1,1,1,2,1,1,1,2,3,3,3,1,1,1,1,1,1,1,1,1,1,1,1,2,2,2,2,2,2,2,2,2,1,1,1,2,1,1,1,1,1,1,1,2,1,1,1,2,1,1,1,1,1,1,1,2,1,1,1,3,1,1,1,2,1,1,1,2,1,1,1,2,1,1,1,1,1,1,1,2,1,1,1,3,3,3,3,1,1,1,1,2,2,2,2,1,1,1,1,1,1,1,1,1,1,1,1,1,1,1,1,1,1,1,1,1,1,1,1,1,1,1,1,1,1,1,1,1,1,1,1,1,1,1,1,1,1,1,1,1,1,1,1,1,1,1,1,1,1,1,1,1,1,1,1
166,Kandy,1,2,4,2,3,2,3,10,3,1,1,2,3,1,1,2,1,1,1,1,1,1,1,1,1,2,2,2,1,1,1,1,1,1,1,1,1,1,1,1,1,1,1,1,3,1,1,2,1,1,1,1,1,1,1,1,1,1,1,1,1,1,1,1,1,1,1,2,1,1,1,1,2,1,1,1,1,1,1,1,1,1,1,1,2,1,1,2,1,1,1,1,1,1,1,1,3,1,1,1,1,1,1,1,1,1,1,1,3,2,2,2,1,1,1,1,4,1,1,2,1,1,1,1,1,1,1,1,1,1,1,1,1,1,1,1,1,1,1,1,1,1,1,1,1,1,1,1,1,1,1,1,1,1,1,1,3,1,1,2,1,1,1,1,1,1,1,1,1,1,1,1
169,Kandy,1,2,6,2,4,1,8,2,5,5,5,5,1,1,1,1,4,1,1,1,1,1,1,1,1,4,3,1,4,4,4,4,1,1,1,1,1,1,1,1,1,1,1,1,1,1,1,1,3,2,2,2,1,1,1,1,1,1,1,1,1,1,1,1,1,1,1,1,1,1,1,1,4,2,2,2,3,1,1,1,1,1,1,1,1,1,1,1,1,1,1,1,1,1,1,1,1,1,1,1,4,1,1,1,1,1,1,1,1,1,1,1,1,1,1,1,1,1,1,1,1,1,1,1,1,1,1,1,1,1,1,1,1,1,1,1,1,1,1,1,1,1,1,1,1,1,1,1,1,1,1,1,1,1,1,1,1,1,1,1,1,1,1,1,1,1,1,1,1,1,1,1
171,Kandy,1,2,3,2,5,1,5,10,2,2,2,2,1,1,1,1,3,3,3,3,1,1,1,1,1,1,1,1,1,1,1,1,1,1,1,1,1,1,1,1,1,1,1,1,1,1,1,1,1,1,1,1,1,1,1,1,1,1,1,1,3,3,3,3,1,1,1,1,1,1,1,1,1,1,1,1,3,1,1,1,2,1,1,1,1,1,1,1,3,1,1,1,1,1,1,1,2,2,3,3,1,1,1,1,1,1,1,1,1,1,1,1,1,1,1,1,1,1,1,1,1,1,1,1,1,1,1,1,1,1,1,1,1,1,1,1,1,1,1,1,1,1,1,1,1,1,1,1,1,1,1,1,1,1,1,1,1,1,1,1,1,1,1,1,1,1,1,1,1,1,1,1
173,Kandy,1,2,3,2,5,3,10,3,3,2,3,3,2,2,2,3,4,2,3,4,3,2,2,4,1,1,1,1,2,1,1,1,1,1,1,2,1,1,1,1,2,2,2,2,2,1,3,2,2,1,2,1,2,2,2,2,1,1,1,1,3,2,2,3,2,2,2,2,1,1,1,1,1,1,1,1,1,1,1,1,1,1,1,1,1,1,1,1,1,1,1,1,1,1,1,1,1,1,1,1,4,2,4,4,1,1,1,1,1,1,1,1,1,1,1,1,4,2,3,4,1,1,1,1,1,1,1,1,1,1,1,1,1,1,1,1,1,1,1,1,4,2,4,4,1,1,1,1,1,1,1,1,1,1,1,1,1,1,1,1,1,1,1,1,1,1,1,1,1,1,1,1
174,Gampaha,1,2,2,2,4,1,3,10,3,3,3,3,4,4,4,4,1,1,1,1,1,1,1,1,1,1,1,1,1,1,1,1,1,1,1,1,1,1,1,1,1,1,1,1,1,1,1,1,4,4,4,4,2,2,2,2,1,1,1,1,1,1,1,1,1,1,1,1,1,1,1,1,1,1,1,1,1,1,1,1,1,1,1,1,1,1,1,1,1,1,1,1,1,1,1,1,1,1,1,1,4,4,4,4,1,1,1,1,2,1,1,1,1,1,1,1,4,4,4,4,1,1,1,1,1,1,1,1,1,1,1,1,1,1,1,1,1,1,1,1,1,1,1,1,1,1,1,1,1,1,1,1,1,1,1,1,3,3,3,3,2,2,2,2,1,1,1,1,1,1,1,1
175,Gampaha,1,2,3,2,5,1,3,3,3,2,2,2,3,3,3,3,2,2,2,2,1,1,1,1,2,2,2,1,1,1,1,1,2,2,2,2,1,1,1,1,2,2,2,2,2,1,1,1,3,2,2,2,1,1,1,1,1,1,1,1,3,3,3,3,3,3,3,3,1,1,1,1,2,1,1,1,2,1,1,1,2,1,1,1,2,1,1,1,3,1,1,1,1,1,1,1,2,2,2,2,3,3,3,3,1,1,1,1,2,2,2,2,1,1,1,1,4,4,4,4,1,1,1,1,1,1,1,1,1,1,1,1,1,1,1,1,2,1,1,1,3,3,3,3,1,1,1,1,1,1,1,1,1,1,1,1,3,3,3,3,3,3,3,3,3,3,3,3,2,2,2,2
176,Gampaha,1,2,2,2,7,1,1,6,3,3,3,3,1,1,1,1,1,1,1,1,2,2,2,2,1,3,3,2,1,1,1,1,3,3,3,3,2,3,3,3,3,3,3,3,1,1,1,1,1,1,1,1,1,1,1,1,1,1,1,1,2,2,2,2,4,4,4,4,1,1,1,1,1,1,1,1,2,1,1,1,3,1,1,1,3,1,1,1,3,1,1,1,1,1,1,1,1,1,1,1,4,4,4,4,1,1,1,1,1,1,1,1,1,1,1,1,2,2,2,2,1,1,1,1,4,4,4,4,1,1,1,1,2,3,3,3,1,1,1,1,4,4,4,4,1,1,1,1,1,1,1,1,1,1,1,1,4,4,4,4,1,1,1,1,1,1,1,1,1,1,1,1
177,Gampaha,2,1,1,2,5,1,10,3,1,1,1,1,1,1,1,4,1,1,1,1,1,1,1,1,1,2,2,2,1,1,1,1,4,4,4,4,1,1,1,1,1,1,1,1,1,1,1,1,1,1,1,1,1,1,1,1,1,1,1,1,4,4,4,4,1,1,1,1,1,1,1,1,1,1,1,1,1,1,1,1,2,1,1,1,3,1,1,1,1,1,1,1,1,1,1,1,1,1,1,1,4,4,4,4,1,1,1,1,1,1,1,1,1,1,1,4,4,4,4,4,1,1,1,1,1,1,1,1,1,1,1,1,1,1,1,1,1,1,1,1,4,4,4,4,1,1,1,1,1,1,1,1,1,1,1,1,1,1,1,1,1,1,1,1,4,4,4,4,1,1,1,1
178,Gampaha,1,2,1,2,4,3,10,10,2,1,1,2,4,4,4,4,1,1,1,1,1,1,1,1,1,1,1,1,1,1,1,1,1,1,1,1,1,1,1,1,1,1,1,1,1,1,1,1,4,4,4,4,1,1,1,1,2,1,1,1,1,1,1,1,1,1,1,1,1,1,1,1,1,1,1,1,1,1,1,1,1,1,1,1,1,1,1,1,4,2,4,4,1,1,1,1,1,1,1,1,1,1,1,1,1,1,1,1,1,1,1,1,1,1,1,1,4,2,3,3,1,1,1,1,1,1,1,1,4,2,4,4,1,1,1,1,1,1,1,1,1,1,1,1,1,2,2,2,1,1,1,1,1,1,1,1,1,1,1,1,3,2,3,3,1,1,1,1,1,1,1,1
179,Colombo,2,1,3,2,4,2,3,10,2,1,1,1,3,1,1,2,2,1,1,2,2,1,1,2,2,1,1,2,1,1,1,1,1,1,1,1,1,1,1,1,1,2,2,2,3,1,1,1,2,1,1,1,2,1,1,1,1,1,1,1,2,1,1,1,2,1,1,1,1,1,1,1,2,1,1,2,2,1,1,1,2,1,1,1,2,1,1,1,2,1,1,1,1,1,1,1,2,1,1,1,3,1,2,2,1,1,1,1,3,1,1,2,1,1,1,1,4,1,1,2,1,1,1,1,1,1,1,1,1,1,1,1,1,1,1,1,1,1,1,1,4,1,1,2,1,1,1,1,2,1,1,2,1,1,1,1,3,1,1,2,1,1,1,1,1,1,1,1,1,1,1,1
180,Gampaha,1,2,3,2,4,1,3,10,3,1,2,2,1,1,1,1,4,4,4,4,1,1,1,1,1,3,2,2,1,1,1,1,1,1,1,1,1,1,1,1,2,2,2,2,1,1,1,1,2,3,2,2,1,1,1,1,1,1,1,1,3,3,3,3,2,2,2,2,1,1,1,1,1,1,1,1,1,1,1,1,1,1,1,1,2,1,1,1,1,1,1,1,1,1,1,1,1,1,1,1,4,4,4,4,1,1,1,1,2,1,1,1,1,1,1,1,4,1,4,4,1,1,1,1,1,1,1,1,1,1,1,1,1,1,1,1,1,1,1,1,4,4,4,4,1,1,1,1,1,1,1,1,1,1,1,1,4,1,4,4,1,1,1,1,1,1,1,1,1,1,1,1
182,Kandy,1,1,6,3,4,1,8,10,1,1,1,1,4,3,1,1,1,1,1,1,1,1,1,1,1,1,1,1,1,1,1,1,1,1,1,1,1,1,1,1,3,4,4,4,1,1,1,1,2,2,2,2,1,1,1,1,1,1,1,1,1,1,1,1,1,1,1,1,1,1,1,1,1,1,1,1,3,1,1,1,1,1,1,1,2,1,1,1,4,1,1,1,1,1,1,1,2,4,4,4,1,1,1,1,1,1,1,1,1,1,1,1,1,1,1,1,1,1,1,1,1,1,1,1,1,1,1,1,1,1,1,1,1,1,1,1,1,1,1,1,1,1,1,1,1,1,1,1,1,1,1,1,1,1,1,1,1,1,1,1,1,1,1,1,1,1,1,1,1,1,1,1
183,Kandy,1,2,5,2,8,1,8,10,3,3,3,3,2,2,2,2,1,1,1,1,1,1,1,1,1,1,1,1,1,1,1,1,1,1,1,1,2,2,2,2,1,1,1,1,1,1,1,1,1,1,1,1,3,3,3,3,1,1,1,1,2,3,3,3,1,1,1,1,1,1,1,1,1,1,1,1,3,1,1,1,3,1,1,1,1,1,1,1,1,1,1,1,1,1,1,1,1,1,1,1,3,4,4,4,1,1,1,1,1,1,1,1,1,1,1,1,1,1,1,1,1,1,1,1,1,1,1,1,1,1,1,1,1,1,1,1,1,1,1,1,1,1,1,1,1,1,1,1,1,1,1,1,1,1,1,1,1,1,1,1,1,1,1,1,1,1,1,1,1,1,1,1
184,Colombo,1,2,4,2,4,3,2,3,3,3,3,3,1,2,3,3,3,2,3,4,2,1,2,2,2,2,2,2,1,1,1,1,1,1,1,1,1,1,1,1,2,1,2,2,4,2,3,3,3,2,2,4,3,2,4,4,1,1,1,1,4,3,3,4,4,3,3,3,1,1,1,1,2,1,1,2,3,1,1,1,2,1,1,2,2,1,2,2,4,1,2,2,1,1,1,1,2,1,2,2,2,2,2,2,1,1,1,1,1,1,1,2,1,1,1,1,4,1,3,4,1,1,1,1,1,1,1,1,3,1,2,3,1,1,1,1,2,2,2,2,2,2,2,2,1,1,1,1,1,1,1,1,1,1,1,1,1,1,1,1,1,1,1,1,1,1,1,1,1,1,1,1
185,Kandy,1,2,3,2,4,1,10,10,2,1,1,1,3,2,3,3,1,1,1,1,1,1,1,1,2,2,2,2,3,3,3,3,1,1,1,1,1,1,1,1,1,1,1,1,1,1,1,1,2,1,1,1,1,1,1,1,1,1,1,1,1,1,1,1,1,1,1,1,1,1,1,1,3,1,2,2,2,1,1,1,2,1,1,1,3,1,1,1,3,1,1,1,1,1,1,1,1,1,1,1,3,2,3,3,1,1,1,1,1,1,1,1,1,1,1,1,4,1,1,1,1,1,1,1,1,1,1,1,1,1,1,1,1,1,1,1,1,1,1,1,1,1,1,1,1,1,1,1,1,1,1,1,1,1,1,1,3,1,1,1,3,1,1,1,3,1,1,1,1,1,1,1
187,Colombo,1,2,2,2,4,2,3,3,3,2,2,3,2,2,2,2,4,2,4,4,4,2,2,3,2,1,1,2,1,1,1,1,2,1,1,1,1,1,1,1,2,2,2,2,4,2,2,2,4,2,2,3,4,2,3,3,1,1,1,1,4,3,3,3,1,1,1,1,1,1,1,1,1,1,1,1,1,1,1,1,1,1,1,1,1,1,1,1,1,1,1,1,1,1,1,1,1,1,1,1,1,1,1,1,1,1,1,1,4,3,3,4,1,1,1,1,4,3,4,4,1,1,1,1,1,1,1,1,1,1,1,1,1,1,1,1,1,1,1,1,1,1,1,1,1,1,1,1,4,3,4,4,1,1,1,1,1,1,1,1,1,1,1,1,1,1,1,1,1,1,1,1
191,Gampaha,1,2,4,2,4,3,5,10,1,1,1,1,2,1,1,1,2,1,1,1,2,1,1,1,1,2,2,2,2,1,1,1,2,2,2,2,1,1,1,1,1,1,1,1,2,1,1,2,2,1,1,2,2,1,1,1,1,1,1,1,2,2,2,2,1,1,1,1,2,2,2,2,2,1,1,1,2,1,1,1,2,1,1,1,2,1,1,1,2,1,1,1,1,1,1,1,2,1,1,1,1,1,1,1,1,1,1,1,2,2,2,2,2,3,3,3,3,1,1,2,1,1,1,1,1,1,1,1,1,1,1,1,1,1,1,1,1,1,1,1,1,1,1,1,1,1,1,1,1,1,1,1,1,1,1,1,1,1,1,1,1,1,1,1,1,1,1,1,1,1,1,1
192,Colombo,1,2,3,2,5,2,3,10,3,2,2,3,4,2,3,3,4,2,3,3,3,2,2,3,2,3,2,2,1,1,2,1,1,1,1,1,1,1,1,1,2,2,2,2,3,2,2,3,4,2,2,3,3,2,3,3,1,1,1,1,4,3,3,3,2,2,2,2,1,1,1,1,1,1,1,1,4,1,1,1,2,1,2,2,2,1,2,1,1,1,1,1,1,1,1,1,1,1,1,1,4,2,4,4,1,1,1,1,1,1,1,1,1,1,1,1,4,2,2,2,1,1,1,1,1,1,1,1,1,1,1,1,1,1,1,1,1,1,1,1,4,2,4,4,1,1,1,1,1,1,1,1,1,1,1,1,1,1,1,1,1,1,1,1,1,1,1,1,1,1,1,1
193,Gampaha,1,2,4,2,5,1,10,10,5,2,2,2,1,1,1,1,4,2,4,4,2,2,2,2,1,1,1,1,1,1,1,1,1,1,1,1,1,1,1,1,1,1,1,1,1,1,1,1,4,4,4,4,1,1,1,1,1,1,1,1,4,4,4,4,1,1,1,1,1,1,1,1,1,1,1,1,2,1,1,1,1,1,1,1,1,1,1,1,1,1,1,1,1,1,1,1,4,4,4,4,1,1,1,1,1,1,1,1,3,3,3,3,1,1,1,1,1,1,1,1,1,1,1,1,1,1,1,1,1,1,1,1,1,1,1,1,1,1,1,1,1,1,1,1,1,1,1,1,1,1,1,1,1,1,1,1,1,1,1,1,1,1,1,1,1,1,1,1,1,1,1,1
194,Kandy,1,2,3,2,4,1,10,10,2,1,1,1,2,2,2,2,1,1,1,1,2,2,2,2,1,2,3,2,1,1,1,1,1,1,1,1,1,1,1,1,1,1,1,1,1,1,1,1,1,1,1,1,1,1,1,1,4,4,4,4,1,1,1,1,1,1,1,1,1,1,1,1,2,1,1,1,3,1,1,1,1,1,1,1,1,1,1,1,1,1,1,1,1,1,1,1,4,4,4,4,2,1,1,1,1,1,1,1,3,3,3,3,1,1,1,1,4,2,2,4,1,1,1,1,1,1,1,1,4,1,2,4,1,1,1,1,1,1,1,1,1,1,1,1,1,1,1,1,1,1,1,1,1,1,1,1,1,1,1,1,4,3,3,4,1,1,1,1,1,1,1,1
195,Gampaha,1,2,5,2,4,1,3,10,3,2,2,2,4,4,4,4,1,1,1,1,2,1,2,2,1,1,1,1,1,1,1,1,1,1,1,1,1,1,1,1,1,1,1,1,1,1,1,1,4,4,4,4,1,1,1,1,1,1,1,1,1,1,1,1,1,1,1,1,1,1,1,1,1,1,1,1,1,1,1,1,1,1,1,1,1,1,1,1,4,4,4,4,1,1,1,1,1,1,1,1,1,1,1,1,3,3,3,3,2,1,2,2,1,1,1,1,4,4,4,4,1,1,1,1,1,1,1,1,2,2,2,2,1,1,1,1,1,1,1,1,1,1,1,1,3,3,3,3,1,1,1,1,1,1,1,1,2,2,2,2,4,4,4,4,1,1,1,1,1,1,1,1
198,Colombo,1,2,3,2,4,3,10,3,3,2,2,2,4,2,3,3,4,2,3,4,2,2,2,2,1,1,1,2,1,1,1,1,1,1,1,2,1,1,1,1,2,2,2,2,2,2,2,2,2,2,2,2,2,2,2,2,1,1,1,1,2,3,2,2,2,2,2,2,1,2,1,2,1,1,1,1,1,1,1,2,1,1,1,2,1,1,1,2,1,1,1,1,1,1,1,1,1,1,1,1,1,1,1,1,1,1,1,1,4,2,3,4,1,1,1,1,4,2,3,4,1,1,1,1,1,1,1,1,1,1,1,1,1,1,1,1,1,1,1,1,1,1,1,1,1,1,1,1,4,2,3,4,1,1,1,1,1,1,1,1,1,1,1,1,1,1,1,1,1,1,1,1
199,Kandy,1,2,6,2,4,1,8,10,3,3,3,3,4,4,4,4,1,1,1,1,1,1,1,1,1,2,2,2,1,1,1,1,1,1,1,1,1,1,1,1,1,1,1,1,1,1,1,1,2,1,1,2,3,3,3,3,1,1,1,1,3,3,3,3,3,3,3,3,1,1,1,1,2,2,2,2,3,1,1,1,2,1,1,1,2,1,1,1,1,1,1,1,1,1,1,1,1,1,1,1,1,1,1,1,4,4,4,4,1,1,1,1,1,1,1,1,3,3,3,3,1,1,1,1,1,1,1,1,1,1,1,1,1,1,1,1,1,1,1,1,1,1,1,1,1,1,1,1,1,1,1,1,1,1,1,1,1,1,1,1,1,1,1,1,1,1,1,1,1,1,1,1
200,Kandy,2,1,3,2,7,1,8,10,2,2,2,2,4,3,3,3,4,1,1,1,3,1,1,1,1,3,3,3,2,2,2,2,1,1,1,1,2,3,3,3,1,1,1,1,1,1,1,1,3,1,1,2,1,1,1,1,1,1,1,1,4,1,2,2,4,1,2,2,3,3,3,3,1,1,1,1,1,1,1,1,1,1,1,1,3,1,1,2,1,1,1,1,1,1,1,1,4,1,1,2,4,2,3,3,1,1,1,1,1,1,1,1,1,1,1,1,1,1,1,1,1,1,1,1,1,1,1,1,1,1,1,1,1,1,1,1,1,1,1,1,1,1,1,1,1,1,1,1,1,1,1,1,1,1,1,1,1,1,1,1,1,1,1,1,1,1,1,1,1,1,1,1
201,Kandy,1,2,3,2,4,2,3,10,3,1,1,2,4,2,3,3,1,1,1,1,1,1,1,1,1,1,1,1,1,1,1,1,1,1,1,1,1,1,1,1,1,1,1,1,1,1,1,1,1,1,1,1,1,1,1,1,1,1,1,1,2,2,2,2,1,1,1,1,1,1,1,1,4,4,4,4,1,1,1,1,1,1,1,1,3,1,1,1,4,1,1,2,1,1,1,1,1,1,1,1,1,1,1,1,1,1,1,1,1,1,1,1,1,1,1,1,4,1,1,4,1,1,1,1,1,1,1,1,3,1,1,2,1,1,1,1,1,1,1,1,1,1,1,1,1,1,1,1,3,1,2,3,1,1,1,1,4,1,2,3,1,1,1,1,1,1,1,1,1,1,1,1
203,Kandy,1,2,4,2,5,1,10,3,2,3,3,2,4,4,4,4,1,1,1,1,1,1,1,1,1,2,2,2,1,1,1,1,1,1,1,1,1,1,1,1,2,2,2,2,3,1,1,1,4,3,4,3,1,1,1,1,1,1,1,1,1,1,1,1,3,3,3,3,1,1,1,1,1,1,1,1,2,1,1,1,2,1,1,1,2,1,1,1,2,1,1,1,1,1,1,1,2,2,2,2,3,3,3,3,3,3,3,3,1,1,2,1,1,1,1,1,4,4,4,4,1,1,1,1,1,1,1,1,1,1,1,1,1,1,1,1,1,1,1,1,1,1,1,1,1,1,1,1,4,4,4,4,1,1,1,1,1,1,1,1,3,3,3,3,3,2,2,2,1,1,1,1
204,Gampaha,1,2,1,2,5,3,7,10,3,1,1,1,4,1,1,2,3,2,2,2,4,2,2,2,2,1,1,1,1,1,1,1,1,1,1,1,3,2,2,2,1,1,1,1,3,1,1,2,3,1,1,2,2,2,2,2,1,1,1,1,3,2,2,2,3,2,2,2,3,2,2,2,2,1,1,1,3,1,1,1,4,1,1,1,3,2,2,2,1,1,1,1,1,1,1,1,1,1,1,1,3,1,2,2,1,1,1,1,1,1,1,1,1,1,1,1,3,1,1,3,1,1,1,1,1,1,1,1,1,1,1,1,1,1,1,1,1,1,1,1,4,2,2,2,1,1,1,1,1,1,1,1,1,1,1,1,1,1,1,1,1,1,1,1,1,1,1,1,1,1,1,1
205,Gampaha,2,1,3,2,4,2,3,5,4,4,4,4,1,1,1,1,3,1,1,1,2,1,1,1,2,3,3,3,1,1,1,1,2,1,1,1,3,3,3,3,1,1,1,1,2,1,2,1,2,1,1,1,2,1,1,1,1,1,1,1,3,3,3,3,3,3,3,3,3,3,3,3,2,1,1,1,3,1,1,1,3,1,1,1,3,1,1,1,2,1,1,1,1,1,1,1,2,1,1,1,1,1,1,1,1,1,1,1,2,2,2,2,2,2,2,2,3,2,2,2,3,3,3,3,1,1,1,1,1,1,1,1,1,1,1,1,1,1,1,1,1,1,1,1,1,1,1,1,1,1,1,1,2,2,2,2,2,2,2,2,1,1,1,1,1,1,1,1,1,1,1,1
207,Gampaha,1,1,3,2,4,3,7,4,4,2,3,2,4,1,1,2,3,2,2,2,2,2,2,2,1,1,1,1,1,1,1,1,1,1,1,1,1,1,1,1,1,1,1,1,1,1,1,1,3,1,2,2,3,1,2,2,1,1,1,1,3,1,2,2,3,1,2,2,3,1,2,2,3,2,2,2,2,1,1,3,3,2,2,2,3,1,2,2,1,1,1,1,1,1,1,1,1,1,1,1,4,1,2,3,1,1,1,1,1,1,1,1,1,1,1,1,4,1,2,2,1,1,1,1,1,1,1,1,1,1,1,1,1,1,1,1,1,1,1,1,4,2,2,3,1,1,1,1,1,1,1,1,1,1,1,1,4,2,2,3,1,1,1,1,1,1,1,1,1,1,1,1
208,Colombo,1,2,4,2,3,3,10,3,2,1,2,2,4,2,3,4,3,2,3,3,3,1,2,3,1,2,2,1,1,1,1,1,1,1,1,1,1,1,1,1,2,2,2,2,2,2,2,2,1,1,1,1,1,1,1,1,1,1,1,1,2,2,1,1,1,1,1,1,1,1,1,1,1,1,1,1,1,1,1,1,2,1,1,1,1,1,1,2,4,1,2,4,1,1,1,1,2,2,2,2,1,1,1,1,1,1,1,1,1,1,2,1,4,3,4,4,1,1,1,1,1,1,1,1,1,1,1,1,1,1,1,1,1,1,1,1,1,1,1,1,1,1,1,1,1,1,1,1,1,1,1,1,1,1,1,1,1,1,1,1,1,1,1,1,1,1,1,1,1,1,1,1
213,Gampaha,1,2,3,2,5,3,10,10,2,1,1,1,2,4,4,4,4,1,1,1,1,1,1,1,1,2,2,2,2,2,2,2,1,2,1,2,1,1,1,1,3,3,3,3,1,1,1,1,2,2,2,2,1,1,1,1,2,2,2,2,4,4,4,4,1,1,1,1,1,1,1,1,2,2,2,2,3,1,1,1,3,1,1,1,1,2,2,2,2,2,2,2,1,1,1,1,2,2,2,2,4,4,4,4,1,1,1,1,2,2,2,2,1,2,2,2,4,4,4,4,1,1,1,1,1,1,1,1,1,1,1,1,1,1,1,1,1,1,1,1,1,1,1,1,1,1,1,1,1,1,1,1,1,1,1,1,1,1,1,1,1,1,1,1,1,1,1,1,1,1,1,1
217,Gampaha,1,2,1,2,5,1,3,10,3,1,1,2,2,3,1,2,2,1,1,1,4,3,3,4,1,3,3,3,1,1,1,1,1,1,1,1,1,1,1,1,3,3,3,3,1,1,1,1,3,2,4,3,1,1,1,1,1,1,1,1,3,3,3,3,4,4,4,4,1,1,1,1,1,1,1,1,4,1,1,1,4,1,1,1,1,1,1,1,3,1,1,2,1,1,1,1,3,3,3,3,4,4,4,4,1,1,1,1,1,1,1,1,1,1,1,1,4,1,2,4,1,1,1,1,1,1,1,1,3,1,1,1,1,1,1,1,2,1,1,1,4,4,4,4,1,1,1,1,1,1,1,1,1,1,1,1,4,1,4,4,3,1,1,1,1,1,1,1,1,1,1,1
219,Gampaha,1,1,3,3,1,3,10,10,2,1,1,2,4,4,4,4,1,1,1,1,1,1,1,1,1,1,1,1,1,1,1,1,1,1,1,1,1,1,1,1,2,3,3,3,1,1,1,1,2,1,1,1,1,1,1,1,2,2,2,2,1,1,1,1,1,1,1,1,1,1,1,1,2,1,1,1,1,1,1,1,1,1,1,1,2,1,1,1,2,1,1,1,1,1,1,1,2,2,2,2,1,1,1,1,1,1,1,1,3,3,3,3,1,1,1,1,4,4,4,4,1,1,1,1,1,1,1,1,1,1,1,1,1,1,1,1,2,2,2,2,1,1,1,1,1,1,1,1,3,3,3,3,2,1,1,1,2,1,1,2,3,1,1,3,2,1,1,2,1,1,1,1
220,Kandy,1,2,2,2,4,3,3,4,3,2,2,2,4,4,4,4,1,1,1,1,1,1,1,1,1,3,3,2,1,1,1,1,1,1,1,1,1,1,1,1,1,1,1,1,1,1,1,1,2,2,2,2,3,3,3,3,1,1,1,1,3,3,3,3,2,3,3,3,1,1,1,1,2,2,2,2,1,1,1,1,1,1,1,1,1,1,1,1,4,1,1,1,1,1,1,1,2,3,3,3,1,1,1,1,1,1,1,1,2,2,2,2,1,1,1,1,1,1,1,1,1,1,1,1,1,1,1,1,1,1,1,1,1,1,1,1,1,1,1,1,1,1,1,1,1,1,1,1,1,1,1,1,1,1,1,1,4,4,4,4,1,1,1,1,1,1,1,1,1,1,1,1
221,Gampaha,1,2,2,2,4,3,10,10,3,1,1,2,4,4,4,4,1,1,1,1,1,1,1,1,1,1,1,1,1,1,1,1,1,1,1,1,1,1,1,1,1,1,1,1,1,1,1,1,4,4,4,4,1,1,1,1,1,1,1,1,4,4,4,4,1,1,1,1,1,1,1,1,1,1,1,1,1,1,1,1,1,1,1,1,1,1,1,1,1,1,1,1,1,1,1,1,4,4,4,4,1,1,1,1,1,1,1,1,1,1,1,1,1,1,1,1,4,4,4,4,1,1,1,1,1,1,1,1,1,1,1,1,1,1,1,1,4,4,4,4,1,1,1,1,1,1,1,1,1,1,1,1,1,1,1,1,1,1,1,1,4,4,4,4,3,2,2,2,1,1,1,1
223,Colombo,1,2,2,2,4,2,1,3,2,2,2,2,4,2,2,3,4,2,2,3,4,2,3,4,4,4,4,4,3,2,2,2,1,1,2,1,1,1,1,1,1,2,1,1,2,2,2,2,4,2,2,4,4,2,2,2,1,1,1,1,4,4,4,4,4,3,3,4,1,1,2,1,1,1,1,1,4,1,1,1,4,2,2,2,1,1,1,1,4,2,2,4,1,1,1,1,1,1,1,1,1,1,1,1,1,1,1,1,1,1,1,1,1,1,1,1,4,2,4,4,1,1,1,1,1,1,1,1,4,2,2,4,1,1,1,1,1,1,1,1,1,1,1,1,1,1,1,1,1,1,1,1,1,1,1,1,1,1,1,1,1,1,1,1,1,1,1,1,1,1,1,1
224,Gampaha,1,2,2,2,4,1,10,10,3,1,1,1,2,2,2,2,1,1,1,1,1,1,1,1,1,2,2,2,1,1,1,1,1,1,1,1,1,1,1,1,1,2,2,2,2,1,1,1,2,1,1,1,1,1,1,1,2,2,2,2,3,3,3,3,3,3,3,3,1,1,1,1,1,1,1,1,1,1,1,1,1,1,1,1,1,1,1,1,2,1,1,1,1,1,1,1,2,2,2,2,4,4,4,4,1,1,1,1,4,4,4,4,4,4,4,4,4,4,4,4,1,1,1,1,1,1,1,1,1,1,1,1,1,1,1,1,1,1,1,1,1,1,1,1,1,1,1,1,1,1,1,1,3,3,3,3,1,1,1,1,1,1,1,1,1,1,1,1,1,1,1,1
225,Gampaha,1,2,6,2,3,1,8,10,3,2,2,2,3,3,3,3,2,2,2,2,1,1,1,1,1,3,3,3,1,1,1,1,2,1,1,1,1,1,1,1,3,3,3,3,2,1,1,1,3,2,2,2,1,1,1,1,2,1,1,1,3,3,3,3,3,3,3,3,1,1,1,1,2,1,1,1,1,1,1,1,1,1,1,1,2,2,2,2,3,1,1,1,1,1,1,1,3,3,3,3,1,1,1,1,3,2,2,2,1,1,1,1,4,4,4,4,4,4,4,4,1,1,1,1,1,1,1,1,1,1,1,1,1,1,1,1,1,1,1,1,1,1,1,1,1,1,1,1,4,4,4,4,4,4,4,4,4,4,4,4,4,4,4,4,1,1,1,1,1,1,1,1
226,Gampaha,1,2,4,2,5,1,1,6,3,3,3,3,2,3,1,1,2,1,1,1,4,2,2,2,1,3,3,3,1,1,1,1,2,1,1,1,1,1,1,1,3,3,3,3,1,1,1,1,4,1,1,1,1,1,1,1,1,1,1,1,1,1,1,1,3,1,1,1,1,1,1,1,3,1,1,1,4,1,1,1,4,1,1,1,4,1,1,1,1,1,1,1,1,1,1,1,1,1,1,1,4,4,4,4,1,1,1,1,1,1,1,1,1,1,1,1,4,4,4,4,1,1,1,1,1,1,1,1,1,1,1,1,1,1,3,3,1,1,1,1,1,1,1,1,1,1,1,1,1,1,1,1,1,4,4,1,4,2,2,4,3,1,1,3,2,1,1,1,2,1,1,1
227,Kandy,1,2,5,2,4,1,10,9,3,3,3,3,4,4,4,4,1,1,1,1,1,1,1,1,1,3,3,1,1,1,1,1,3,3,3,3,1,1,1,1,1,1,1,1,1,1,1,1,1,1,1,1,1,1,1,1,1,1,1,1,4,4,4,4,1,1,1,1,1,1,1,1,1,1,1,1,2,2,2,2,1,1,1,1,1,1,1,1,4,1,1,1,1,1,1,1,1,1,1,1,3,3,3,3,1,1,1,1,1,1,1,1,4,4,4,4,1,1,1,1,1,1,1,1,3,3,3,3,1,1,1,1,4,4,4,4,1,1,1,1,1,1,1,1,1,1,1,1,1,1,1,1,1,1,1,1,3,4,3,3,1,1,1,1,2,2,2,2,3,3,3,3
233,Kandy,1,2,2,1,6,1,3,1,2,2,2,2,1,2,2,2,4,1,1,1,1,1,1,1,1,1,1,1,1,1,1,1,1,1,1,1,1,1,1,1,1,1,1,1,1,1,1,1,4,4,4,4,1,1,1,1,1,1,1,1,4,3,3,3,2,2,2,2,3,3,3,3,2,2,2,2,3,1,2,2,1,1,1,1,2,2,2,2,2,4,4,4,1,1,1,1,1,1,1,1,3,3,2,2,1,1,1,1,1,1,1,1,1,3,3,2,1,1,1,1,3,1,1,1,1,1,1,1,2,3,3,3,1,1,1,1,2,1,1,1,3,2,2,2,1,1,1,1,1,1,1,1,1,3,3,3,3,1,1,1,1,1,1,1,1,1,1,1,1,1,1,1
234,Gampaha,1,2,3,2,5,3,10,10,3,2,2,3,4,4,4,4,2,1,1,1,1,1,1,1,1,2,2,2,1,1,1,1,2,1,1,1,1,1,1,1,2,2,2,2,1,1,1,1,2,1,1,1,1,1,1,1,1,1,1,1,3,3,3,3,2,2,2,2,1,1,1,1,2,1,1,1,1,1,1,1,1,1,1,1,1,1,1,1,3,1,1,1,1,1,1,1,2,2,2,2,1,1,1,1,1,1,1,1,2,2,2,2,1,1,1,1,4,4,4,4,1,1,1,1,1,1,1,1,4,1,1,1,1,1,1,1,2,1,1,3,1,1,1,1,1,1,1,1,1,1,1,1,1,1,1,1,4,4,4,4,2,2,2,2,1,1,1,1,1,1,1,1
235,Gampaha,1,2,2,2,6,3,10,3,3,1,1,1,2,2,2,2,2,2,2,2,3,3,3,3,1,3,1,1,1,1,1,1,1,2,1,1,1,1,1,1,1,1,1,1,1,1,1,1,1,1,1,1,1,1,1,1,1,1,1,1,4,4,4,4,4,4,4,4,4,4,4,4,2,2,2,2,3,1,1,1,3,1,1,1,2,1,1,1,1,1,1,1,1,1,1,1,2,2,3,3,4,4,1,1,1,1,1,1,1,1,1,1,1,4,4,4,4,1,1,2,1,1,1,1,1,1,1,1,1,1,1,1,1,1,1,1,1,1,4,4,4,4,1,1,1,1,1,1,1,1,1,1,1,4,4,4,1,1,1,1,1,1,1,1,1,1,1,1,1,1,1,1
237,Gampaha,1,2,3,2,4,3,10,10,2,1,1,1,4,1,1,1,1,1,1,1,1,1,1,1,1,1,1,1,1,1,1,1,1,1,1,1,1,1,1,1,1,1,1,1,1,1,1,1,1,1,1,1,2,1,1,1,1,1,1,1,2,1,2,2,2,1,2,2,1,1,1,1,1,1,1,1,2,1,1,1,2,1,1,1,1,1,1,1,1,1,1,1,1,1,1,1,1,1,1,1,4,1,2,2,1,1,1,1,1,1,1,1,1,1,1,1,1,1,1,1,1,1,1,1,1,1,1,1,1,1,1,1,1,1,1,1,1,1,1,1,1,1,1,1,1,1,1,1,1,1,1,1,1,1,1,1,1,1,1,1,1,1,1,1,1,1,1,1,1,1,1,1
240,Kandy,1,2,3,2,5,1,1,10,3,3,3,3,3,3,3,3,1,1,1,1,3,3,3,3,1,1,1,1,2,2,2,2,3,3,3,3,1,1,1,1,1,1,1,1,1,1,1,1,2,2,2,2,1,1,1,1,1,1,1,1,3,3,3,3,1,1,1,1,1,1,1,1,1,1,1,1,1,1,1,1,1,1,1,1,1,1,1,1,3,3,3,3,1,1,1,1,1,1,1,1,1,1,1,1,1,1,1,1,1,1,1,1,3,3,3,3,1,1,1,1,1,1,1,1,1,1,1,1,1,1,1,1,1,1,1,1,1,1,1,1,1,1,1,1,1,1,1,1,1,1,1,1,1,1,1,1,1,1,1,1,1,1,1,1,1,1,1,1,1,1,1,1
241,Gampaha,1,2,2,2,4,3,3,3,4,4,4,4,3,2,2,3,3,2,1,4,4,2,2,3,2,1,2,2,4,2,2,3,1,1,1,1,1,1,1,1,2,1,1,1,1,1,1,1,3,2,2,3,2,1,2,3,1,1,1,1,2,1,1,1,3,2,3,4,4,4,4,4,2,2,1,2,1,1,1,1,2,1,1,1,1,1,1,1,1,1,1,1,4,4,4,4,1,1,1,1,1,1,1,3,1,1,1,1,2,1,1,2,1,1,1,1,1,1,1,1,4,4,4,4,1,1,1,1,1,1,1,1,4,4,4,4,1,1,1,1,2,1,1,2,1,1,1,1,1,1,1,2,1,1,1,1,1,1,1,1,1,1,1,1,1,1,1,1,1,1,1,1
243,Gampaha,1,2,3,2,3,3,10,10,3,1,1,2,1,1,1,1,1,1,1,1,4,4,4,4,1,1,1,1,1,1,1,1,1,1,1,1,1,1,1,1,1,1,1,1,1,1,1,1,4,4,4,4,1,1,1,1,1,1,1,1,1,1,1,1,2,2,2,2,1,1,1,1,1,1,1,1,1,1,1,1,1,1,1,1,1,1,1,1,1,1,1,1,1,1,1,1,4,4,4,4,1,1,1,1,1,1,1,1,1,1,1,1,1,1,1,1,4,4,4,4,1,1,1,1,1,1,1,1,1,1,1,1,1,1,1,1,4,4,4,4,1,1,1,1,1,1,1,1,1,1,1,1,1,1,1,1,1,1,1,1,1,1,1,1,4,4,4,4,1,1,1,2
246,Gampaha,1,2,3,2,7,3,1,7,3,2,1,2,2,2,2,2,1,1,1,1,1,1,1,1,2,3,3,3,1,1,1,1,1,1,1,1,2,2,2,2,2,2,2,2,1,1,1,1,3,1,1,1,1,1,1,1,1,1,1,1,3,3,3,3,2,2,2,2,1,1,1,1,2,1,1,1,1,1,1,1,1,2,1,1,1,1,1,1,1,1,1,1,1,1,1,1,3,3,3,3,4,4,4,4,1,1,1,1,2,2,2,2,2,3,3,3,4,4,4,4,1,1,1,1,1,1,1,1,1,1,1,1,1,1,1,1,2,2,2,2,4,4,4,4,1,1,1,1,1,1,1,1,2,3,3,3,3,3,3,3,3,3,3,3,2,2,2,2,2,1,1,1
248,Gampaha,2,1,2,5,4,3,7,3,2,1,1,1,2,1,1,1,2,1,1,1,2,1,1,1,2,1,1,1,1,1,1,1,1,1,1,1,1,1,2,1,1,1,1,1,3,1,1,1,2,1,1,1,2,1,1,1,2,1,1,1,2,1,1,1,2,1,1,1,1,2,1,1,2,1,1,1,2,1,1,1,2,1,1,1,2,1,1,1,2,1,1,1,1,1,1,1,3,2,2,2,1,2,1,1,1,1,1,1,1,1,1,1,1,1,1,1,1,1,1,1,1,1,1,1,1,1,1,1,1,1,1,1,1,1,1,1,1,1,1,1,1,1,1,1,1,1,1,1,1,1,1,1,1,1,1,1,1,1,1,1,1,1,1,1,1,1,1,1,1,1,1,1
250,Kandy,1,2,3,2,4,1,10,10,2,1,1,1,4,2,3,3,1,1,1,1,1,1,1,1,1,3,4,4,1,1,1,1,1,1,1,1,1,1,1,1,1,1,1,1,1,1,1,1,4,1,1,1,1,1,1,1,1,1,1,1,4,2,3,4,4,2,3,4,1,1,1,1,2,1,1,1,1,1,1,1,1,1,1,1,4,1,1,1,4,1,1,1,1,1,1,1,3,1,1,1,1,1,1,1,1,1,1,1,1,1,1,1,1,1,1,1,1,1,1,1,1,1,1,1,1,1,1,1,1,1,1,1,1,1,1,1,1,1,1,1,1,1,1,1,1,1,1,1,1,1,1,1,1,1,1,1,1,1,1,1,1,1,1,1,1,1,1,1,1,1,1,1
251,Gampaha,1,2,5,2,4,1,3,4,3,3,3,3,1,1,1,1,1,1,2,2,1,1,1,1,1,2,2,2,1,1,1,1,4,4,3,3,1,1,1,1,1,1,1,1,1,1,1,1,1,1,1,1,1,1,1,1,1,1,1,1,4,4,4,4,1,1,1,1,1,1,1,2,1,1,1,1,1,1,1,1,1,1,1,1,1,1,1,1,1,1,1,1,1,1,1,1,3,3,3,3,1,1,1,1,1,1,1,1,2,2,2,2,1,1,1,1,1,1,1,1,1,1,1,1,1,1,1,1,1,1,1,1,1,1,1,1,1,1,1,1,1,1,1,1,1,1,1,1,1,1,1,1,1,1,1,1,1,1,1,1,1,1,1,1,1,1,1,1,1,1,1,1
253,Kandy,1,2,3,2,4,2,3,6,3,3,3,3,1,3,3,2,1,1,1,1,1,1,1,1,1,4,4,4,1,1,1,1,3,1,1,3,1,1,1,1,1,1,1,1,1,1,1,1,4,2,4,4,1,1,1,1,1,1,1,1,3,4,4,4,1,1,1,1,2,3,3,3,2,3,3,3,2,1,1,1,1,1,1,1,1,1,1,1,2,1,1,2,1,1,1,1,3,2,3,4,1,1,1,1,1,1,1,1,1,1,1,1,1,1,1,1,1,1,1,1,1,1,1,1,4,4,4,4,1,1,1,1,1,1,1,1,1,1,1,1,1,1,1,1,1,1,1,1,4,4,4,4,1,1,1,1,1,1,1,1,4,1,2,3,1,1,1,1,1,1,1,1
255,Gampaha,1,2,5,2,4,1,8,1,1,5,5,5,3,3,3,3,3,2,2,2,2,2,2,2,1,3,1,1,3,3,3,3,1,1,1,1,1,1,1,1,1,1,1,1,1,1,1,1,1,1,1,1,1,1,1,1,1,1,1,1,4,4,4,4,4,4,4,4,1,1,1,1,1,1,1,1,1,1,1,1,1,1,1,1,4,1,1,1,4,1,2,2,1,1,1,1,3,1,1,2,4,4,4,4,1,1,1,1,1,1,1,1,1,1,1,1,4,1,1,1,1,1,1,1,1,1,1,1,1,1,1,1,1,1,1,1,1,1,1,1,1,1,1,1,1,1,1,1,1,1,1,1,3,3,3,3,1,1,1,1,1,1,1,1,1,1,1,1,1,1,1,1
256,Kandy,1,2,2,2,5,1,8,6,3,3,3,3,2,2,2,2,3,3,3,3,1,1,1,1,1,1,1,1,1,1,1,1,1,1,1,1,1,1,1,1,1,1,1,1,1,2,1,1,4,4,4,4,1,1,1,1,1,1,1,1,1,1,1,1,1,1,1,1,1,1,1,1,2,2,2,2,1,1,1,1,1,1,1,1,1,1,1,1,3,1,1,3,1,1,1,1,2,2,2,2,1,1,1,1,1,1,1,1,2,2,2,2,1,1,1,1,1,1,1,1,1,1,1,1,1,1,1,1,1,1,1,1,1,1,1,1,1,1,1,1,1,1,1,1,1,1,1,1,1,1,1,1,1,1,1,1,1,1,1,1,1,1,1,1,1,1,1,1,1,1,1,1
257,Gampaha,2,1,5,3,1,3,7,3,2,1,1,1,2,1,1,1,2,1,1,1,2,1,1,1,2,3,2,3,1,1,1,1,1,1,1,1,1,1,1,1,1,1,1,1,2,1,1,1,2,1,1,1,2,1,1,1,1,1,1,1,1,1,1,1,2,1,1,1,1,1,1,1,3,1,1,1,2,1,1,1,2,1,1,1,2,1,1,1,1,1,1,1,1,1,1,1,2,1,1,1,1,1,1,1,1,1,1,1,1,1,1,1,1,1,1,1,1,1,1,1,1,1,1,1,1,1,1,1,1,1,1,1,1,1,1,1,1,1,1,1,1,1,1,1,1,1,1,1,1,1,1,1,1,1,1,1,1,1,1,1,1,1,1,1,1,1,1,1,1,1,1,1
258,Colombo,1,2,4,2,4,3,3,3,3,2,2,3,4,2,3,3,3,2,3,3,3,1,3,3,3,3,2,4,3,1,2,2,2,2,2,2,1,1,1,1,2,2,2,2,3,2,2,1,3,2,2,3,3,2,3,3,1,1,1,1,4,3,3,3,3,2,3,3,1,1,1,1,1,1,1,1,1,1,1,1,1,1,1,2,2,1,1,2,1,1,1,1,1,1,1,1,1,1,1,1,1,1,1,1,1,1,1,1,4,3,4,4,1,1,1,1,4,2,3,4,1,1,1,1,1,1,1,1,1,1,1,1,1,1,1,1,1,1,1,1,1,1,1,1,1,1,1,1,4,2,3,4,1,1,1,1,1,1,1,1,1,1,1,1,1,1,1,1,1,1,1,1
259,Gampaha,1,2,6,2,5,2,8,10,2,2,2,2,4,4,4,4,1,1,1,1,1,1,1,1,1,1,1,1,1,1,1,1,2,2,2,2,1,1,1,1,1,1,1,1,1,1,1,1,4,2,4,4,2,1,1,1,1,1,1,1,2,2,2,2,2,2,2,2,1,1,1,1,1,1,1,1,1,1,1,1,1,1,1,1,1,1,1,1,1,1,1,1,1,1,1,1,1,1,1,1,1,1,1,1,1,1,1,1,4,4,4,4,1,1,1,1,1,1,1,1,1,1,1,1,1,1,1,1,1,1,1,1,1,1,1,1,1,1,1,1,1,1,1,1,1,1,1,1,1,1,1,1,1,1,1,1,1,1,1,1,1,1,1,1,1,1,1,1,1,1,1,1
261,Gampaha,1,2,4,2,3,1,1,7,3,3,3,3,4,4,4,4,1,1,1,1,1,1,1,1,1,1,1,1,1,1,1,1,1,1,1,1,1,1,1,1,1,1,1,1,1,1,1,1,4,4,4,4,1,1,1,1,1,1,1,1,1,1,1,1,1,1,1,1,1,1,1,1,2,2,2,2,2,1,1,1,2,1,1,1,2,1,1,1,2,2,2,2,1,1,1,1,1,1,1,1,1,1,1,1,3,3,3,3,4,4,4,4,1,1,1,1,4,4,4,4,1,1,1,1,1,1,1,1,1,1,1,1,1,1,1,1,1,1,1,1,1,1,1,1,4,4,4,4,1,1,1,1,1,1,1,1,3,3,3,3,3,3,3,3,3,3,3,3,2,1,1,1
265,Gampaha,1,2,3,2,4,1,3,4,3,3,3,3,1,1,1,1,1,1,1,1,4,4,4,4,1,1,1,1,1,1,1,1,1,1,1,1,1,1,1,1,3,2,2,2,3,1,1,1,4,4,4,4,1,1,1,1,1,1,1,1,1,1,1,1,1,1,1,1,1,1,1,1,1,1,1,1,1,1,1,1,1,1,1,1,1,1,1,1,1,1,1,1,1,1,1,1,1,1,1,1,1,1,1,1,1,1,1,1,1,1,1,1,1,1,1,1,1,1,1,1,1,1,1,1,1,1,1,1,1,1,1,1,1,1,1,1,1,1,1,1,1,1,1,1,1,1,1,1,1,1,1,1,1,1,1,1,1,1,1,1,1,1,1,1,1,1,1,1,1,1,1,1
267,Gampaha,2,1,4,2,4,2,10,10,2,1,1,1,2,1,2,2,1,1,1,1,1,1,1,1,1,1,1,1,1,1,1,1,1,1,1,1,1,1,1,1,1,1,1,1,1,1,1,1,1,1,1,1,2,1,2,2,1,1,1,1,1,1,1,1,2,1,1,2,1,1,1,1,1,1,1,1,2,1,1,1,2,1,1,1,1,1,1,1,1,1,1,1,1,1,1,1,1,1,1,1,4,1,2,2,1,1,1,1,1,1,1,1,1,1,1,1,4,1,1,2,1,1,1,1,1,1,1,1,1,1,1,1,1,1,1,1,1,1,1,1,4,1,1,2,1,1,1,1,1,1,1,1,1,1,1,1,1,1,1,1,1,1,1,1,1,1,1,1,1,1,1,1
269,Gampaha,1,2,6,2,5,1,1,7,3,3,3,3,4,4,4,4,1,1,1,1,1,1,1,1,1,1,1,1,1,1,1,1,1,1,1,1,1,1,1,1,1,1,1,1,1,1,1,1,4,4,4,4,1,1,1,1,1,1,1,1,4,4,4,4,1,1,1,2,1,1,1,1,1,1,1,1,3,1,1,1,1,1,1,1,1,1,1,1,4,1,1,1,1,1,1,1,2,4,4,4,1,1,1,1,1,1,1,1,1,1,1,1,1,1,1,1,1,1,1,1,1,1,1,1,1,1,1,1,1,1,1,1,1,1,1,1,1,1,1,1,1,1,1,1,1,1,1,1,1,1,1,1,1,1,1,1,1,1,1,1,1,1,1,1,1,1,1,1,1,1,1,1
271,Gampaha,1,1,1,2,4,3,10,10,2,1,1,2,3,2,2,2,2,1,1,2,2,1,2,2,1,1,1,1,1,1,2,1,1,1,1,1,1,1,1,1,2,1,2,2,2,1,1,2,3,1,2,3,3,2,2,3,2,1,2,2,1,1,1,1,2,2,1,2,1,1,2,2,2,1,2,2,1,1,1,1,2,1,2,2,2,1,1,2,1,1,1,2,1,1,1,1,1,1,1,1,4,2,3,4,1,1,1,1,1,1,2,2,1,1,1,1,4,2,3,4,1,1,1,1,1,1,1,1,1,1,1,1,1,1,1,1,1,1,1,1,1,1,1,1,1,1,1,1,1,1,1,1,1,1,1,1,1,1,1,1,1,1,1,1,1,1,1,1,1,1,1,1
273,Gampaha,1,2,2,2,5,1,3,10,5,5,5,5,1,1,1,1,1,1,1,1,3,3,3,3,1,1,1,1,1,1,1,1,1,1,1,1,1,1,1,1,1,1,1,1,4,4,4,4,4,4,4,4,1,1,1,1,1,1,1,1,4,3,4,4,1,1,1,1,1,1,1,1,1,1,1,1,3,1,1,1,1,1,1,1,1,1,1,1,1,1,1,1,1,1,1,1,1,1,1,1,4,4,4,4,1,1,1,1,1,1,1,1,1,1,1,1,4,4,4,4,1,1,1,1,1,1,1,1,1,1,1,1,1,1,1,1,1,1,1,1,4,4,4,4,1,1,1,1,1,1,1,1,1,1,1,1,4,4,4,4,3,4,3,3,1,1,1,1,1,1,1,1
274,Colombo,1,2,3,2,4,3,3,3,3,2,2,3,4,2,3,4,4,2,2,3,2,2,1,2,4,3,3,2,3,1,2,2,2,2,2,2,1,1,1,1,2,2,3,2,3,2,2,3,1,1,1,1,1,1,1,1,3,2,3,3,1,1,1,1,1,1,1,1,1,1,1,1,2,2,2,2,2,1,1,1,2,1,2,2,1,1,1,1,1,1,1,1,1,1,1,1,1,1,1,1,1,1,1,1,1,1,1,1,4,3,4,4,1,1,1,1,4,2,3,4,1,1,1,1,1,1,1,1,1,1,1,1,1,1,1,1,1,1,1,1,1,1,1,1,1,1,1,1,4,3,4,4,1,1,1,1,1,1,1,1,1,1,1,1,1,1,1,1,1,1,1,1
277,Colombo,1,2,4,2,7,3,1,7,4,4,4,4,1,1,1,1,3,1,1,1,3,1,1,1,1,2,2,2,1,1,1,1,3,3,3,3,3,3,3,3,1,1,1,1,2,1,1,1,3,2,2,2,2,2,2,2,1,1,1,1,3,3,3,3,2,2,2,2,3,3,3,3,1,1,1,1,3,1,1,1,2,1,1,1,3,2,1,1,1,1,1,1,1,1,1,1,1,1,1,1,1,1,1,1,1,1,1,1,1,1,1,1,1,1,1,1,1,1,1,1,1,1,1,1,1,1,1,1,1,1,1,1,1,1,1,1,1,1,1,1,1,1,1,1,1,1,1,1,1,1,1,1,1,1,1,1,1,1,1,1,1,1,1,1,1,1,1,1,1,1,1,1
278,Gampaha,1,2,5,2,4,1,10,10,3,1,1,2,4,4,4,4,1,1,1,1,1,1,1,1,1,1,1,1,1,1,1,1,1,1,1,1,1,1,1,1,1,1,1,1,1,1,1,1,4,2,4,4,1,1,1,1,1,1,1,1,4,2,4,4,1,1,1,1,1,1,1,1,1,1,1,1,1,1,1,1,1,1,1,1,1,1,1,1,4,4,4,4,1,1,1,1,2,1,2,2,1,1,1,1,1,1,1,1,1,1,1,1,4,1,1,1,4,1,1,4,1,1,1,1,1,1,1,1,1,1,1,1,1,1,1,1,1,1,1,1,1,1,1,1,1,1,1,1,4,1,3,4,1,1,1,1,1,1,1,1,3,1,3,3,4,1,2,2,1,1,1,1
287,Kandy,1,2,3,2,4,2,9,10,1,1,1,1,3,3,3,3,1,1,1,1,1,1,1,1,1,1,1,1,1,1,1,1,1,1,1,1,1,1,1,1,1,1,1,1,1,1,1,1,1,1,1,1,1,1,1,1,3,2,2,2,1,1,1,1,1,1,1,1,1,1,1,1,1,1,1,1,1,1,1,1,1,1,1,1,3,1,1,1,1,1,1,1,1,1,1,1,1,1,1,1,1,1,1,1,1,1,1,1,4,3,3,2,1,1,1,1,4,1,2,3,1,1,1,1,1,1,1,1,1,1,1,1,1,1,1,1,1,1,1,1,1,1,1,1,1,1,1,1,1,1,1,1,1,1,1,1,4,1,2,2,1,1,1,1,1,1,1,1,1,1,1,1
288,Colombo,3,2,1,1,4,3,10,3,3,2,2,2,2,1,1,1,2,1,1,1,1,1,1,1,2,1,1,2,1,1,1,1,2,1,1,1,1,1,1,1,1,1,1,1,1,1,1,1,2,1,1,1,2,1,1,1,1,1,1,2,2,1,3,2,1,1,1,1,1,1,1,1,1,1,1,1,3,2,1,1,3,2,1,1,3,3,1,2,1,1,1,1,1,1,1,1,1,1,1,1,1,1,1,1,1,1,1,1,1,1,1,1,1,1,1,1,1,1,1,1,1,1,1,1,1,1,1,1,1,1,1,1,1,1,1,1,1,1,1,1,1,1,1,1,1,1,1,1,1,1,1,1,1,1,1,1,1,1,1,1,1,1,1,1,1,1,1,1,1,1,1,1
289,Gampaha,1,1,3,2,4,1,3,10,3,1,2,3,3,4,4,4,3,1,1,1,1,1,1,1,1,2,2,2,1,1,1,1,1,1,1,1,1,1,1,1,1,1,1,1,1,1,1,1,2,1,1,1,1,1,1,1,1,1,1,1,2,1,1,2,3,4,4,3,1,1,1,1,1,1,1,1,2,1,1,1,3,1,1,1,3,1,1,1,2,1,1,1,1,1,1,1,2,1,1,2,3,4,4,3,1,1,1,1,1,1,1,1,1,1,1,1,4,4,4,4,1,1,1,1,1,1,1,1,1,1,1,1,1,1,1,1,1,1,1,1,4,4,4,4,1,1,1,1,1,1,1,1,1,1,1,1,4,4,4,4,1,1,1,1,1,1,1,1,1,1,1,1
290,Colombo,1,2,6,2,5,2,10,7,3,1,1,1,3,1,1,3,2,1,3,2,1,1,1,1,1,1,1,1,1,1,1,1,1,1,1,1,1,1,1,1,1,1,1,1,1,1,1,1,1,1,1,1,2,1,1,2,1,1,1,1,1,1,1,1,1,1,1,1,1,1,1,1,1,1,1,1,1,1,1,1,1,1,1,1,1,1,1,1,1,1,1,1,1,1,1,1,4,1,2,2,1,1,1,1,1,1,1,1,1,1,1,1,1,1,1,1,1,1,1,1,1,1,1,1,1,1,1,1,1,1,1,1,1,1,1,1,4,1,1,3,1,1,1,1,1,1,1,1,1,1,1,1,1,1,1,1,1,1,1,1,1,1,1,1,1,1,1,1,1,1,1,1
291,Gampaha,1,2,4,2,4,1,3,10,2,1,1,1,3,2,2,2,1,1,1,1,1,1,1,1,1,2,2,2,1,1,1,1,1,1,1,1,1,1,1,1,1,1,1,1,3,1,1,1,1,1,1,1,2,2,2,2,1,1,1,1,1,1,1,1,1,1,1,1,1,1,1,1,1,1,1,1,2,1,1,1,2,1,1,1,2,1,1,1,3,1,1,1,1,1,1,1,2,1,1,1,3,1,1,1,1,1,1,1,3,2,2,2,1,1,1,1,1,1,1,1,1,1,1,1,1,1,1,1,1,1,1,1,1,1,1,1,1,1,1,1,1,1,1,1,1,1,1,1,1,1,1,1,1,1,1,1,1,1,1,1,1,1,1,1,1,1,1,1,1,1,1,1
292,Gampaha,1,2,3,2,5,1,3,8,5,5,5,5,2,2,2,2,1,1,1,1,4,4,4,4,1,1,1,1,1,1,1,1,1,1,1,1,1,1,1,1,1,1,1,1,1,1,1,1,4,4,4,4,1,1,1,1,1,1,1,1,4,4,4,4,1,1,1,1,2,2,2,2,1,1,1,1,3,1,1,1,2,1,1,1,2,1,1,1,1,1,1,1,1,1,1,1,1,1,1,1,4,4,4,4,1,1,1,1,1,1,1,1,1,1,1,1,4,4,4,4,1,1,1,1,1,1,1,1,1,1,1,1,4,4,4,4,1,1,1,1,2,2,2,2,1,1,1,1,1,1,1,1,1,1,1,1,4,4,4,4,1,1,1,1,1,1,1,1,1,1,1,1
294,Gampaha,1,2,5,2,4,1,3,4,3,1,1,1,4,4,4,4,1,1,1,1,1,1,1,1,1,2,2,2,1,1,1,1,1,1,1,1,1,1,1,1,1,1,1,1,1,1,1,1,3,3,4,3,1,1,1,1,1,1,1,1,3,3,3,3,3,3,3,3,1,1,1,1,1,1,1,1,2,1,1,1,2,1,1,1,1,1,1,1,4,1,1,1,1,1,1,1,1,1,1,1,1,1,1,1,1,1,1,1,1,1,1,1,1,1,1,1,4,1,1,1,1,1,1,1,1,1,1,1,4,1,1,1,1,1,1,1,2,1,1,1,1,1,1,1,1,1,1,1,1,1,1,1,1,1,1,1,1,1,1,1,4,1,1,1,2,1,1,1,1,1,1,1
296,Kandy,1,2,4,2,5,1,3,3,3,2,2,2,2,3,3,2,4,1,1,3,1,1,1,1,1,4,3,1,1,1,1,1,1,1,1,1,1,1,1,1,1,1,1,1,1,1,1,1,3,2,2,2,1,1,1,1,1,1,1,1,3,4,4,4,1,1,1,1,1,1,1,1,3,3,3,3,2,1,1,1,1,1,1,1,2,1,1,1,2,1,1,1,1,1,1,1,1,1,1,1,2,4,4,4,1,1,1,1,1,1,1,1,1,1,1,1,4,1,1,3,1,1,1,1,1,1,1,1,1,1,1,1,1,1,1,1,1,1,1,1,4,1,2,4,1,1,1,1,1,1,1,1,1,4,3,3,1,1,1,1,4,1,1,2,1,1,1,1,1,1,1,1
297,Gampaha,1,2,3,2,4,1,3,10,3,3,3,3,2,2,2,2,2,2,2,2,3,3,3,3,1,2,1,1,1,1,1,1,1,1,1,1,1,1,1,1,2,2,2,2,1,1,1,1,2,2,2,2,1,1,1,1,1,1,1,1,3,3,3,3,1,1,1,1,1,1,1,1,1,1,1,1,3,1,1,2,3,1,1,2,2,1,1,1,2,1,2,2,1,1,1,1,2,2,2,2,4,4,4,4,1,1,1,1,1,1,1,1,1,1,1,1,4,4,4,4,1,1,1,1,1,1,1,1,1,1,1,1,1,1,1,1,1,1,1,1,4,4,4,4,1,1,1,1,1,1,1,1,1,1,1,1,4,4,4,4,1,1,1,1,1,1,1,1,1,1,1,1
298,Gampaha,2,1,3,2,3,1,10,4,3,2,2,2,3,2,2,2,1,1,1,1,2,1,1,1,2,3,3,3,1,1,1,1,1,1,1,1,1,1,1,1,1,1,1,2,1,1,1,1,2,2,2,2,1,1,1,1,1,1,1,1,2,2,2,2,2,2,2,2,1,1,1,1,1,1,1,1,2,1,1,1,2,1,1,1,1,1,1,1,2,1,1,1,1,1,1,1,2,1,1,1,3,2,2,2,1,1,1,1,2,2,2,2,3,2,2,2,1,1,1,1,1,1,1,1,1,1,1,1,1,1,1,1,1,1,1,1,1,1,1,1,1,1,1,1,1,1,1,1,1,1,1,1,3,2,2,2,1,1,1,1,1,1,1,1,1,1,1,1,1,1,1,1
300,Colombo,1,2,3,2,4,2,3,3,3,2,2,3,4,2,1,3,1,1,1,3,3,1,2,2,4,3,3,3,3,3,2,2,2,1,1,2,1,1,1,1,2,2,2,2,2,1,1,2,1,1,1,1,1,1,1,1,1,1,1,1,1,1,1,2,1,1,1,1,1,1,1,1,1,1,1,1,2,1,1,2,2,1,1,2,1,1,1,1,4,2,2,4,1,1,1,1,1,1,1,1,1,1,1,1,1,2,2,3,1,1,1,1,1,1,1,1,4,2,2,4,1,2,2,2,1,1,1,1,4,2,2,4,1,1,1,1,1,1,1,1,1,1,1,1,2,2,3,3,1,1,1,1,1,1,1,1,4,4,4,4,1,1,1,1,1,1,1,1,1,1,1,1
303,Colombo,2,1,6,3,4,3,3,7,3,3,3,3,2,1,1,1,2,1,2,1,2,1,1,2,2,1,1,1,1,1,1,1,2,2,2,2,1,1,1,1,1,1,1,1,2,1,1,1,2,1,1,1,2,1,1,1,2,1,1,1,2,1,1,1,2,2,2,2,2,2,2,2,2,1,1,1,2,1,1,1,2,1,1,1,2,1,1,1,1,1,1,1,1,1,1,1,1,1,1,1,1,1,1,1,1,1,1,1,1,1,1,1,1,1,1,1,1,1,1,1,1,1,1,1,1,1,1,1,1,1,1,1,1,1,1,1,1,1,1,1,1,1,1,1,1,1,1,1,1,1,1,1,1,1,1,1,1,1,1,1,1,1,1,1,1,1,1,1,1,1,1,1
304,Kandy,1,2,2,2,4,1,9,10,2,1,1,1,4,3,2,2,1,1,1,1,1,1,1,1,1,1,1,1,1,1,1,1,2,2,2,2,1,1,1,1,1,2,2,2,2,2,2,2,2,1,1,1,1,1,1,1,1,1,1,1,4,4,4,4,1,1,1,1,1,1,1,1,3,1,1,2,1,1,1,1,1,1,1,1,2,1,1,1,3,1,1,1,1,1,1,1,2,3,3,3,1,1,1,1,1,1,1,1,1,1,1,1,1,1,1,1,4,1,1,1,1,1,1,1,1,1,1,1,4,1,1,1,1,1,1,1,1,1,1,1,1,1,1,1,1,1,1,1,1,1,1,1,1,1,1,1,4,1,1,1,1,1,1,1,1,1,1,1,1,1,1,1
307,Colombo,1,2,2,2,3,2,10,3,3,3,3,3,4,2,2,4,4,2,2,3,3,2,2,2,4,4,4,4,1,2,2,2,2,2,2,2,1,1,1,1,3,2,2,2,4,2,2,3,1,1,1,2,1,1,1,2,1,1,1,1,1,1,1,1,1,1,1,1,1,1,1,1,2,2,2,2,1,1,1,1,2,2,1,2,1,1,1,1,1,1,1,1,1,1,1,1,1,1,1,1,1,1,1,1,4,2,3,4,1,1,1,1,1,1,1,1,4,2,3,4,1,1,1,1,1,1,1,1,1,1,1,1,1,1,1,1,1,1,1,1,1,1,1,1,4,2,3,4,1,1,1,1,1,1,1,1,4,2,3,4,1,1,1,1,1,1,1,1,1,1,1,1
310,Gampaha,1,1,5,3,4,1,10,3,1,5,5,1,1,2,1,1,2,2,2,2,2,2,2,2,4,4,4,4,1,1,1,1,1,1,1,1,1,1,1,1,3,3,3,3,1,1,1,1,2,2,2,2,1,1,1,1,1,1,1,1,2,2,2,2,1,1,1,1,2,2,2,2,1,1,1,1,3,1,1,1,3,1,1,1,3,1,1,1,1,1,1,1,1,1,1,1,3,3,3,3,3,3,3,3,1,1,1,1,1,1,1,1,4,4,4,4,1,1,1,1,1,1,1,1,1,1,1,1,1,1,1,1,4,4,4,4,1,1,1,1,1,1,1,1,1,1,1,1,1,1,1,1,3,1,1,1,4,4,4,4,3,3,3,3,1,1,1,1,1,1,1,1
311,Colombo,1,1,2,5,4,2,3,10,2,1,1,1,3,1,1,2,1,1,1,1,2,1,2,2,2,1,1,2,1,1,1,1,1,1,1,1,1,1,1,1,1,1,1,1,2,1,1,2,1,1,1,1,1,1,1,1,1,1,1,1,1,1,1,1,2,1,1,2,1,1,1,1,1,1,1,1,1,1,1,1,2,1,1,2,2,1,1,1,3,1,1,2,1,1,1,1,1,1,1,1,1,1,1,1,1,1,1,1,3,1,2,2,1,1,1,1,4,1,1,3,1,1,1,1,1,1,1,1,3,1,1,2,1,1,1,1,1,1,1,1,1,1,1,1,1,1,1,1,3,1,2,2,1,1,1,1,3,1,1,2,1,1,1,1,1,1,1,1,1,1,1,1
313,Colombo,2,1,5,5,4,3,7,3,1,1,1,1,2,2,2,2,2,1,2,1,2,1,1,1,1,2,2,2,1,1,1,1,1,1,1,1,1,1,1,1,1,1,1,1,3,1,1,1,2,1,1,1,2,1,2,1,1,1,1,1,1,1,1,1,1,1,1,1,1,1,1,1,2,1,2,1,1,1,1,1,1,1,1,1,1,1,1,1,2,1,1,1,1,2,1,1,2,1,1,1,1,1,1,1,1,1,1,1,3,2,2,2,1,1,1,1,1,1,1,1,1,1,1,1,1,1,1,1,1,1,1,1,1,1,1,1,1,1,1,1,1,1,1,1,1,1,1,1,1,1,1,1,1,1,1,1,1,1,1,1,1,1,1,1,1,1,1,1,1,1,1,1
317,Gampaha,1,2,3,2,4,1,3,3,5,5,5,5,3,3,3,3,2,1,1,1,2,2,2,2,1,2,1,1,1,1,1,1,2,2,1,1,1,1,1,1,3,3,3,3,1,1,1,1,2,2,2,2,1,1,1,1,1,1,1,1,3,3,3,3,1,1,1,1,1,1,1,1,2,2,2,2,3,1,1,1,3,1,1,1,2,1,1,2,1,1,1,1,1,1,1,1,2,2,2,2,3,3,3,3,1,1,1,1,1,1,1,1,1,1,1,1,1,1,1,1,1,1,1,1,1,1,1,1,1,1,1,1,1,1,4,4,1,1,1,1,1,1,1,1,1,1,1,1,1,1,1,1,1,1,1,1,1,1,4,4,1,1,4,4,1,1,3,3,1,1,2,2
318,Gampaha,1,1,5,3,4,1,3,10,3,1,2,2,4,4,4,4,1,1,1,1,1,1,1,1,1,1,1,1,1,1,1,1,2,2,2,2,1,1,1,1,1,1,1,1,1,1,1,1,4,4,4,4,1,1,1,1,1,1,1,1,1,1,1,1,1,1,1,1,1,1,1,1,1,1,1,1,1,1,1,1,1,1,1,1,1,1,1,1,1,1,1,1,1,1,1,1,1,1,1,1,1,1,1,1,4,4,4,4,1,1,1,1,1,1,1,1,4,4,4,4,1,1,1,1,1,1,1,1,1,1,1,1,1,1,1,1,1,1,1,1,1,1,1,1,4,4,4,4,1,1,1,1,1,1,1,1,4,4,4,4,1,1,1,1,1,1,1,1,1,1,1,1
321,Gampaha,1,2,4,2,5,1,3,2,3,3,3,3,2,2,2,2,2,2,2,2,4,4,4,4,1,1,1,1,2,2,2,2,1,1,1,1,2,2,2,2,1,1,1,1,1,1,1,1,4,2,4,4,1,1,1,1,1,1,1,1,4,2,4,4,1,1,1,1,3,3,3,3,1,1,1,1,1,1,1,1,3,1,1,1,3,1,1,1,1,1,1,1,1,1,1,1,1,1,1,1,1,1,1,1,4,4,4,4,1,1,1,1,1,1,1,1,4,2,3,3,1,1,1,1,1,1,1,1,1,1,1,1,1,1,1,1,1,1,1,1,1,1,1,1,1,1,1,1,1,1,1,1,1,1,1,1,4,2,4,4,1,1,1,1,1,1,1,1,1,1,1,1
322,Colombo,1,1,4,3,4,2,7,3,2,1,1,1,2,1,1,2,1,1,1,1,1,1,1,1,1,1,1,1,1,1,1,1,1,1,1,1,1,1,1,1,1,1,1,1,2,1,1,2,1,1,1,2,2,1,1,2,1,1,1,1,2,1,1,2,2,1,2,2,1,1,1,1,1,1,1,1,1,1,1,1,1,1,1,1,1,1,1,1,1,1,1,1,1,1,1,1,2,1,1,2,1,1,1,1,1,1,1,1,1,1,1,1,4,1,2,2,1,1,1,1,1,1,1,1,1,1,1,1,1,1,1,1,1,1,1,1,2,1,2,2,1,1,1,1,1,1,1,1,1,1,1,1,1,1,1,1,4,1,2,2,1,1,1,1,1,1,1,1,1,1,1,1
324,Gampaha,1,2,4,2,4,1,3,3,3,2,2,2,4,4,4,4,1,1,1,1,2,2,2,2,2,2,2,2,1,1,1,1,2,2,2,2,1,1,1,1,3,3,3,3,1,1,1,1,3,2,2,2,2,2,2,2,1,1,1,1,4,4,4,4,3,3,3,3,1,1,1,1,2,1,1,1,2,1,1,1,2,1,1,1,2,1,1,1,2,1,1,1,1,1,1,1,2,2,2,2,3,3,3,3,1,1,1,1,2,2,2,2,1,1,1,1,4,4,4,4,1,1,1,1,1,1,1,1,2,1,1,1,1,1,1,1,1,1,1,1,4,4,4,4,1,1,1,1,1,1,1,1,1,1,1,1,4,4,4,4,2,2,2,2,2,2,2,2,1,1,1,1
325,Gampaha,1,2,5,2,4,1,10,10,3,2,2,2,4,4,4,4,1,1,1,1,2,2,2,2,1,3,1,1,3,3,3,3,2,2,2,2,1,1,1,1,3,3,3,3,3,1,1,1,1,1,1,1,1,1,1,1,3,3,3,3,1,1,1,1,1,1,1,1,1,1,1,1,3,2,2,1,3,1,1,1,2,1,1,1,2,1,1,1,1,1,1,1,1,1,1,1,1,1,1,1,4,4,4,4,1,1,1,1,1,1,1,1,1,1,1,1,4,4,4,4,1,1,1,1,1,1,1,1,1,1,1,1,4,4,4,4,1,1,1,1,1,1,1,1,1,1,1,1,1,1,1,1,1,1,1,1,4,4,4,4,4,4,4,4,1,1,1,1,1,1,1,1
326,Gampaha,1,2,4,2,4,1,10,3,3,3,3,3,4,4,4,4,1,1,1,1,1,1,1,1,1,1,1,1,1,1,1,1,1,1,1,1,1,1,1,1,1,1,1,1,2,1,1,1,4,4,4,4,1,1,1,1,1,1,1,1,4,4,4,4,1,1,1,1,1,1,1,1,1,1,1,1,2,1,1,1,2,1,1,1,1,1,1,1,1,1,1,1,1,1,1,1,1,1,1,1,1,1,1,1,4,4,4,4,1,1,1,1,1,1,1,1,4,4,4,4,1,1,1,1,1,1,1,1,1,1,1,1,1,1,1,1,1,1,1,1,1,1,1,1,1,1,1,1,1,1,1,1,1,1,1,1,1,1,1,1,1,1,1,1,4,4,4,4,1,1,1,1
327,Gampaha,1,2,2,2,4,1,10,3,3,3,3,3,1,2,2,1,4,2,2,4,1,1,1,1,1,2,2,2,1,1,1,1,1,1,1,1,1,1,1,1,1,1,1,1,1,1,1,1,2,1,1,2,1,1,1,1,1,1,1,1,4,4,4,4,2,2,2,2,1,1,1,1,2,2,2,2,1,1,1,1,2,1,1,1,2,1,1,1,1,1,1,1,1,1,1,1,2,2,2,2,3,3,3,3,1,1,1,1,1,1,1,1,4,4,4,4,4,4,4,4,1,1,1,1,1,1,1,1,1,1,1,1,1,1,1,1,1,1,1,1,1,1,1,1,1,1,1,1,1,1,1,1,1,1,1,1,3,3,3,3,3,2,2,2,1,1,1,1,1,1,1,1
329,Colombo,1,2,2,2,4,2,3,3,3,2,2,3,4,2,3,3,3,2,2,2,3,1,2,3,4,1,2,3,1,1,1,1,1,1,1,1,1,1,1,1,1,1,1,1,3,1,2,3,2,1,1,2,3,1,2,2,1,1,1,1,4,2,2,2,4,2,2,3,1,1,1,2,1,1,1,1,2,1,1,1,2,1,1,2,1,1,1,2,1,1,1,1,1,1,1,1,1,1,1,1,4,2,3,4,1,1,1,1,1,1,1,1,1,1,1,1,4,2,3,4,1,1,1,1,1,1,1,1,1,1,1,1,1,1,1,1,1,1,1,1,4,2,3,4,1,1,1,1,1,1,1,1,1,1,1,1,1,1,1,1,1,1,1,1,1,1,1,1,1,1,1,1
331,Gampaha,1,2,4,2,3,1,3,8,3,3,3,3,3,3,3,3,2,2,2,2,2,2,2,2,2,2,2,2,1,1,1,1,1,1,1,1,1,1,1,1,2,2,2,2,2,1,1,1,3,2,2,2,1,1,1,1,1,1,1,1,2,2,2,2,3,2,2,2,1,1,1,1,2,1,1,1,2,1,1,1,2,1,1,1,2,1,1,1,2,1,1,1,1,1,1,1,2,2,2,2,4,4,4,4,1,1,1,1,2,2,2,2,3,3,3,3,4,4,4,4,1,1,1,1,1,1,1,1,2,1,1,1,1,1,1,1,2,2,2,2,4,4,4,4,1,1,1,1,1,1,1,1,2,3,3,3,3,2,2,2,2,2,2,2,1,1,1,1,1,1,1,1
333,Kandy,1,2,4,2,4,1,3,10,3,2,2,2,4,3,3,2,1,1,1,1,1,1,1,1,1,3,2,1,1,1,1,1,1,1,1,1,1,1,1,1,1,1,1,1,1,1,1,1,3,2,2,3,1,1,1,1,1,1,1,1,4,4,4,4,1,1,1,1,2,3,3,3,3,2,3,3,2,1,1,1,1,1,1,1,4,1,1,1,4,1,1,2,1,1,1,1,1,1,1,1,1,1,1,1,1,1,1,1,1,1,1,1,1,1,1,1,4,3,3,4,1,1,1,1,1,1,1,1,3,1,1,1,4,3,3,4,1,1,1,1,1,1,1,1,1,1,1,1,4,1,1,1,1,1,1,1,1,1,1,1,4,3,3,3,4,1,1,1,1,1,1,1
335,Kandy,1,1,5,3,4,1,10,8,1,1,1,1,4,1,2,4,1,1,1,1,1,1,1,1,1,2,1,1,1,1,1,1,2,2,2,2,1,1,1,1,1,2,2,1,1,1,1,1,2,1,2,2,1,1,1,1,1,1,1,1,1,1,1,1,1,1,1,1,1,1,1,1,4,4,4,4,2,1,1,1,1,1,1,1,2,1,1,1,4,1,1,3,1,1,1,1,1,1,1,1,1,1,1,1,1,1,1,1,1,1,1,1,4,4,4,4,1,1,1,1,1,1,1,1,1,1,1,1,1,1,1,1,1,1,1,1,1,1,1,1,1,1,1,1,1,1,1,1,1,1,1,1,4,4,4,4,1,1,1,1,1,1,1,1,1,1,1,1,1,1,1,1
337,Kandy,1,2,2,2,5,1,1,6,5,5,5,5,2,3,3,2,4,1,3,4,1,1,1,1,1,1,1,1,1,1,1,1,1,1,1,1,1,1,1,1,1,1,1,1,1,1,1,1,4,1,1,2,1,1,1,1,1,1,1,1,4,4,4,4,1,1,1,1,3,3,3,3,1,1,1,1,1,1,1,1,1,1,1,1,1,1,1,1,3,1,1,2,1,1,1,1,3,3,3,4,1,1,1,1,1,1,1,1,1,1,1,1,1,1,1,1,4,4,4,4,1,1,1,1,1,1,1,1,1,1,1,1,1,1,1,1,1,1,1,1,4,4,4,4,1,1,1,1,1,1,1,1,1,1,1,1,1,1,1,1,4,4,4,4,1,1,1,1,1,1,1,1
339,Colombo,1,2,2,2,6,3,3,3,3,1,2,3,4,2,2,3,4,1,2,3,3,1,2,2,4,2,3,3,2,1,1,1,2,1,1,1,2,2,2,2,1,2,2,2,3,1,1,2,3,1,1,2,3,1,1,2,1,1,1,1,3,1,4,4,4,1,1,3,1,1,2,1,2,1,2,2,3,1,1,1,2,1,1,2,1,1,1,1,1,1,1,1,1,1,1,1,1,1,1,1,4,1,2,3,1,1,1,1,1,1,1,1,1,1,1,1,4,1,3,4,1,1,1,1,1,1,1,1,1,1,1,1,1,1,1,1,1,1,1,1,4,2,3,4,1,1,1,1,1,1,1,1,1,1,1,1,1,1,1,1,1,1,1,1,1,1,1,1,1,1,1,1
340,Gampaha,1,2,3,2,5,1,3,10,2,2,2,2,2,3,3,3,3,2,2,2,2,2,2,2,2,2,2,2,2,3,3,3,2,1,1,1,1,1,1,1,2,3,3,3,2,1,1,1,3,1,1,1,2,2,2,2,1,1,1,1,3,2,2,2,3,3,3,3,1,1,1,1,1,1,1,1,2,1,1,1,2,1,1,1,1,1,1,1,2,1,1,1,1,1,1,1,1,1,1,1,3,2,2,2,1,1,1,1,2,1,1,1,1,1,1,1,4,1,1,1,1,1,1,1,1,1,1,1,1,1,1,1,1,1,1,1,1,1,1,1,3,2,2,2,1,1,1,1,1,1,1,1,1,1,1,1,1,1,1,1,1,1,1,1,1,1,1,1,1,1,1,1
343,Colombo,1,2,3,2,7,3,3,5,5,5,5,5,3,2,2,2,3,2,1,2,3,2,2,2,1,1,1,1,1,1,1,1,3,3,3,3,3,2,2,2,1,1,1,1,2,2,2,2,3,2,1,2,1,1,1,1,1,1,1,1,2,2,3,2,2,2,2,2,4,1,2,2,2,1,1,1,3,1,1,1,2,1,1,1,1,1,1,1,1,1,1,1,2,2,1,1,1,1,1,1,2,2,2,2,1,1,1,1,1,1,1,1,2,2,2,2,3,3,4,4,1,1,1,1,1,1,1,1,1,1,1,1,1,1,1,1,1,1,1,1,1,1,1,1,1,1,1,1,1,1,1,1,2,2,2,2,2,2,2,2,2,2,2,2,2,2,2,2,2,2,2,2
344,Kandy,1,2,6,2,5,1,8,9,3,3,3,3,4,3,3,4,1,1,1,1,1,1,1,1,1,1,1,1,1,1,1,1,1,1,1,1,1,1,1,1,1,1,1,1,1,1,1,1,4,1,4,4,1,1,1,1,1,1,1,1,1,1,1,1,1,1,1,1,1,1,1,1,1,1,1,1,1,1,1,1,1,1,1,1,2,1,1,1,4,1,1,3,1,1,1,1,1,1,1,1,1,1,1,1,1,1,1,1,1,1,1,1,1,1,1,1,1,1,1,1,1,1,1,1,1,1,1,1,1,1,1,1,1,1,1,1,1,1,1,1,1,1,1,1,1,1,1,1,1,1,1,1,1,1,1,1,1,1,1,1,1,1,1,1,1,1,1,1,1,1,1,1
345,Colombo,5,2,5,2,4,3,3,7,1,1,1,1,3,1,1,1,3,1,1,2,2,1,1,1,2,1,2,2,1,1,1,1,1,1,1,1,1,1,1,1,1,1,1,1,2,1,1,1,1,1,1,1,1,1,1,1,1,1,1,1,3,1,1,2,3,2,2,2,1,1,1,1,1,1,1,1,2,1,1,1,2,1,1,1,3,1,1,1,1,1,1,1,1,1,1,1,1,1,1,1,4,1,2,2,1,1,1,1,1,1,1,1,2,3,3,2,4,2,2,3,1,1,1,1,1,1,1,1,1,1,1,1,1,1,1,1,1,1,1,1,4,2,2,2,1,1,1,1,1,1,1,1,1,1,1,1,3,1,1,2,1,1,1,1,1,1,1,1,1,1,1,1
346,Kandy,1,2,1,2,4,1,10,4,2,2,2,2,4,4,4,4,1,1,1,1,1,1,1,1,1,1,1,1,1,1,1,1,1,1,1,1,1,1,1,1,1,1,1,1,1,1,1,1,3,2,2,2,1,1,1,1,1,1,1,1,4,4,4,4,1,1,1,1,1,1,1,1,1,1,1,1,1,1,1,1,1,1,1,1,1,1,1,1,1,1,1,1,1,1,1,1,1,1,1,1,1,1,1,1,3,4,4,4,1,1,1,1,1,1,1,1,1,1,1,1,1,1,1,1,1,1,1,1,1,1,1,1,1,1,1,1,1,1,1,1,4,4,4,4,1,1,1,1,1,1,1,1,1,1,1,1,1,1,1,1,1,1,1,1,1,3,3,3,1,1,1,1
347,Kandy,1,2,3,2,4,1,10,10,3,2,2,2,4,3,3,4,1,1,1,1,1,1,1,1,2,3,2,2,1,1,1,1,1,1,1,1,1,1,1,1,1,1,1,1,1,1,1,1,3,2,2,3,1,1,1,1,1,1,1,1,2,3,2,2,1,1,1,1,1,1,1,1,3,4,4,4,2,1,1,1,1,1,1,1,1,1,1,1,4,1,3,4,1,1,1,1,1,1,1,1,1,1,1,1,1,1,1,1,1,1,1,1,1,1,1,1,4,1,2,3,1,1,1,1,1,1,1,1,2,1,2,3,1,1,1,1,1,1,1,1,1,1,1,1,1,1,1,1,4,1,2,3,1,1,1,1,4,1,3,3,1,1,1,1,1,1,1,1,1,1,1,1
350,Gampaha,1,2,2,2,4,1,10,10,3,2,2,3,4,4,4,4,1,1,1,1,1,1,1,1,1,2,2,2,1,1,1,1,1,1,1,1,1,1,1,1,1,1,1,1,1,1,1,1,4,4,4,4,1,1,1,1,1,1,1,1,1,1,1,1,1,1,1,1,1,1,1,1,1,1,1,1,1,1,1,1,2,1,1,1,2,1,1,1,4,4,4,4,1,1,1,1,1,1,1,1,1,1,1,1,1,1,1,1,2,2,2,2,1,1,1,1,4,4,4,4,1,1,1,1,1,1,1,1,4,4,4,4,1,1,1,1,1,1,1,1,1,1,1,1,1,1,1,1,2,2,2,2,1,1,1,1,4,4,4,4,2,1,1,1,1,1,1,1,1,1,1,1
353,Colombo,1,2,4,2,4,3,10,3,3,2,1,3,4,2,2,4,3,1,2,2,3,1,2,3,4,2,2,3,3,1,1,2,2,1,2,2,1,1,1,1,2,1,2,2,3,1,2,2,2,1,1,2,3,1,2,3,1,1,1,1,4,2,3,3,3,2,3,4,1,1,1,1,2,1,2,2,1,1,1,1,4,1,2,3,1,1,1,1,1,1,1,1,1,1,1,1,1,1,1,1,4,2,3,4,1,1,1,1,1,1,1,1,1,1,1,1,4,2,3,4,1,1,1,1,1,1,1,1,1,1,1,1,1,1,1,1,1,1,1,1,4,2,3,4,1,1,1,1,1,1,1,1,1,1,1,1,1,1,1,1,1,1,1,1,1,1,1,1,1,1,1,1
354,Colombo,2,1,3,2,1,2,3,7,3,3,3,3,2,1,1,2,3,2,1,2,2,1,1,2,2,1,1,1,1,1,1,1,2,2,1,2,1,1,1,1,1,1,1,1,2,2,2,2,2,1,1,2,1,1,1,1,1,1,1,1,2,2,2,2,2,1,1,1,1,1,1,1,2,1,1,1,2,1,1,1,2,1,1,1,2,1,1,1,1,1,1,1,1,1,1,1,1,1,1,1,1,1,1,1,1,1,1,1,1,1,1,1,1,1,1,1,1,1,1,1,1,1,1,1,1,1,1,1,1,1,1,1,1,1,1,1,1,1,1,1,1,1,1,1,1,1,1,1,1,1,1,1,1,1,1,1,1,1,1,1,1,1,1,1,1,1,1,1,1,1,1,1
355,Colombo,1,2,5,5,1,3,3,7,3,3,3,3,2,1,1,1,2,1,1,1,2,1,1,1,2,1,1,1,1,1,1,1,1,2,2,2,1,1,1,1,1,1,1,1,1,1,1,1,1,1,2,2,2,2,3,2,1,1,1,1,1,1,1,1,1,1,1,1,1,1,1,1,1,1,1,1,2,1,1,1,2,1,1,1,2,1,1,1,1,1,1,1,1,1,1,1,1,1,1,1,1,1,1,1,1,1,1,1,1,1,1,1,1,1,1,1,1,1,1,1,1,1,1,1,1,1,1,1,1,1,1,1,1,1,1,1,1,1,1,1,1,1,1,1,1,1,1,1,1,1,1,1,1,1,1,1,1,1,1,1,1,1,1,1,1,1,1,1,1,1,1,1
356,Kandy,1,2,4,2,4,1,8,10,2,2,2,2,4,3,3,3,1,1,1,1,1,1,1,1,1,3,3,3,1,1,1,1,1,1,1,1,1,1,1,1,1,1,1,1,1,1,1,1,3,2,2,2,1,1,1,1,1,1,1,1,1,1,1,1,1,1,1,1,1,1,1,1,2,1,1,1,2,1,1,1,2,1,1,1,2,1,1,1,3,1,1,1,1,1,1,1,4,2,3,3,1,1,1,1,1,1,1,1,1,1,1,1,1,1,1,1,1,1,1,1,1,1,1,1,1,1,1,1,1,1,1,1,1,1,1,1,1,1,1,1,1,1,1,1,1,1,1,1,1,1,1,1,1,1,1,1,1,1,1,1,1,1,1,1,1,1,1,1,1,1,1,1
358,Kaluthara,1,2,2,2,4,1,1,10,3,3,3,3,4,4,4,4,1,1,1,1,1,1,1,1,1,1,1,1,1,1,1,1,1,1,1,1,1,1,1,1,1,1,1,1,1,1,1,1,2,1,1,1,1,1,1,1,1,1,1,1,1,1,1,2,4,4,4,4,1,1,1,1,1,1,1,1,1,1,1,1,2,1,1,1,2,1,1,1,2,1,1,1,1,1,1,1,2,1,1,1,2,1,1,1,1,1,1,1,4,4,4,4,1,1,1,1,4,4,4,4,1,1,1,1,1,1,1,1,4,4,4,4,1,1,1,1,1,1,1,1,1,1,1,1,1,1,1,1,1,1,2,1,1,1,1,1,4,4,4,4,1,1,1,1,1,1,1,1,1,1,1,1
360,Kaluthara,1,2,2,2,4,1,10,10,2,1,1,1,4,4,4,4,1,1,1,1,1,1,1,1,1,2,2,1,1,1,1,1,1,2,2,2,1,1,1,1,3,3,3,3,1,1,1,1,2,2,2,2,1,1,1,1,1,1,1,1,1,1,1,1,1,1,1,1,1,1,1,1,1,1,1,1,1,1,1,1,1,1,1,1,2,1,1,1,4,4,4,4,1,1,1,1,1,1,1,1,1,1,1,1,1,1,1,1,2,2,2,2,1,1,1,1,4,4,4,4,1,1,1,1,1,1,1,1,1,1,1,1,1,1,1,1,1,1,1,1,4,4,4,4,1,1,1,1,1,1,1,1,1,1,1,1,4,4,4,4,1,1,1,1,1,1,1,1,1,1,1,1
361,Colombo,1,2,2,2,5,3,10,3,3,2,2,2,4,2,3,3,4,1,2,3,3,1,1,2,4,2,2,3,2,1,1,2,2,1,1,2,2,1,1,2,2,2,2,2,3,1,1,2,2,1,1,2,4,1,2,3,1,1,1,1,4,2,2,3,4,2,2,3,1,1,1,1,2,1,1,2,2,1,1,2,3,1,2,2,1,1,1,2,1,1,1,1,1,1,1,1,4,1,2,3,1,1,1,1,1,1,1,1,1,1,1,1,1,1,1,1,4,1,2,3,1,1,1,1,1,1,1,1,1,1,1,1,1,1,1,1,1,1,1,1,4,2,3,3,1,1,1,1,1,1,1,1,1,1,1,1,4,1,2,4,1,1,1,1,1,1,1,1,1,1,1,1
363,Kandy,1,1,5,3,4,1,3,3,1,1,1,1,4,3,3,4,2,1,1,2,1,1,1,1,1,3,2,1,1,1,1,1,1,1,1,1,1,1,1,1,1,1,1,1,1,1,1,1,3,2,2,3,1,1,1,1,1,1,1,1,4,4,4,4,1,1,1,1,2,3,3,3,1,1,1,1,3,1,1,1,1,1,1,1,1,1,1,1,3,1,1,2,1,1,1,1,1,1,1,1,3,4,4,4,1,1,1,1,1,1,1,1,4,1,2,3,4,4,4,4,1,1,1,1,4,4,4,4,1,1,1,1,1,1,1,1,1,1,1,1,1,1,1,1,1,1,1,1,4,3,3,4,1,1,1,1,4,1,3,3,4,4,4,4,1,1,1,1,1,1,1,1
364,Kaluthara,1,1,3,2,4,3,10,10,3,1,1,2,4,4,4,4,1,1,1,1,1,1,1,1,1,1,1,1,1,1,1,1,1,2,1,1,1,1,1,1,3,3,3,3,1,1,1,1,1,1,1,1,1,1,1,1,1,1,1,1,1,1,1,1,4,4,4,4,1,1,1,1,1,1,1,1,3,1,1,1,3,1,1,1,1,1,1,1,1,1,1,1,1,1,1,1,1,1,1,1,4,4,4,4,1,1,1,1,1,1,1,1,1,1,1,1,4,4,4,4,1,1,1,1,1,1,1,1,2,1,1,1,1,1,1,1,1,1,1,1,4,4,4,4,1,1,1,1,1,1,1,1,1,4,4,1,2,2,2,2,3,3,3,3,3,3,3,3,1,1,1,1
365,Kaluthara,1,2,3,2,4,3,10,10,2,1,1,1,4,4,4,4,1,1,1,1,3,3,3,3,1,1,1,1,1,1,1,1,1,1,1,1,1,1,1,1,1,1,1,1,1,1,1,1,4,4,4,4,1,1,1,1,1,1,1,1,4,4,4,4,1,1,1,1,1,1,1,1,1,1,1,1,1,1,1,1,2,1,1,2,1,1,1,1,1,1,1,1,1,1,1,1,1,1,1,1,1,1,1,1,4,4,4,4,4,4,4,4,4,4,4,4,1,1,1,1,1,1,1,1,1,1,1,1,1,1,1,1,1,1,1,1,1,1,1,1,1,1,1,1,1,1,1,1,1,1,1,1,1,1,1,1,1,1,1,1,4,4,4,4,1,1,1,1,1,1,1,1
366,Kaluthara,1,2,4,2,4,3,10,10,3,3,3,3,4,4,4,4,1,1,1,1,1,1,1,1,1,2,2,2,1,1,1,1,1,1,1,1,1,1,1,1,1,1,1,1,1,1,1,1,2,2,2,2,1,1,1,1,1,1,1,1,2,2,2,2,4,4,4,4,1,1,1,1,1,1,1,1,3,1,1,1,3,1,1,1,3,1,1,1,2,1,1,1,1,1,1,1,1,1,1,1,4,4,4,4,1,1,1,1,3,2,2,2,1,1,1,1,4,4,4,4,1,1,1,1,1,1,1,1,1,1,1,1,1,1,1,1,1,1,1,1,4,4,4,4,1,1,1,1,1,1,1,1,1,1,1,1,1,1,1,1,4,4,4,4,1,1,1,1,1,1,1,1
367,Kaluthara,1,2,4,2,4,1,4,10,2,2,2,2,4,4,4,4,1,1,1,1,1,1,1,1,1,3,3,1,1,1,1,1,1,2,1,1,1,1,1,1,3,3,3,3,1,1,1,1,2,2,2,2,1,1,1,1,1,1,1,1,2,2,2,2,1,1,1,1,1,1,1,1,2,1,1,1,2,1,1,1,2,1,1,1,1,1,1,1,3,3,3,3,1,1,1,1,2,2,2,2,2,2,2,2,1,1,1,1,2,2,2,2,4,4,4,4,1,1,1,1,1,1,1,1,1,1,1,1,1,1,1,1,1,1,1,1,1,1,1,1,1,1,1,1,1,1,1,1,1,1,1,1,1,1,1,1,4,4,4,4,1,1,1,1,1,1,1,1,1,1,1,1
368,Kaluthara,2,1,5,2,4,1,10,3,2,1,1,1,2,4,4,4,1,1,1,1,1,1,1,1,1,1,1,1,1,1,1,1,4,1,1,1,1,1,1,1,1,1,1,1,2,1,1,1,4,4,4,4,1,1,1,1,1,1,1,1,1,1,1,1,1,1,1,1,1,1,1,1,1,1,1,1,4,1,1,1,4,1,1,1,4,1,1,1,3,2,2,2,1,1,1,1,3,3,3,3,1,1,1,1,1,1,1,1,2,2,2,2,4,4,4,4,4,4,4,4,1,1,1,1,1,1,1,1,1,1,1,1,1,1,1,1,1,1,1,1,1,1,1,1,1,1,1,1,1,1,1,1,1,1,1,1,1,1,1,1,1,1,1,1,4,1,1,4,1,1,1,1
369,Kaluthara,1,2,5,2,4,1,10,3,3,3,3,3,1,1,1,1,1,1,1,1,4,4,4,4,1,2,1,1,1,3,2,1,1,1,1,1,2,2,2,2,1,1,1,1,1,1,1,1,1,1,1,1,1,1,1,1,1,1,1,1,4,4,4,4,1,1,1,1,1,1,1,1,2,1,1,1,3,1,1,1,3,1,1,1,1,1,1,1,1,1,1,1,1,1,1,1,3,3,3,3,3,3,3,3,1,1,1,1,1,1,1,1,1,1,1,1,1,1,1,1,1,1,1,1,1,1,1,1,4,4,4,4,1,1,1,1,1,1,1,1,1,1,1,1,1,1,1,1,1,1,1,1,1,1,1,1,1,1,1,1,1,1,1,1,1,1,1,1,1,1,1,1
370,Gampaha,1,2,1,2,4,1,3,8,3,2,2,2,4,3,3,3,1,1,1,1,1,1,1,1,1,2,2,2,1,1,1,1,2,1,1,1,1,1,1,1,2,2,2,2,2,1,1,1,3,1,1,1,1,1,1,1,1,1,1,1,3,2,2,2,3,2,2,2,1,1,1,1,2,1,1,1,4,1,1,1,4,1,1,1,1,1,1,1,2,1,1,1,1,1,1,1,2,2,2,2,4,2,2,2,1,1,1,1,1,1,1,1,1,1,1,1,4,4,4,4,1,1,1,1,1,1,1,1,2,1,1,1,2,4,4,4,2,1,1,1,2,1,1,1,1,1,1,1,1,1,1,1,2,2,2,2,2,2,2,2,1,1,1,1,1,1,1,1,1,1,1,1
371,Kaluthara,4,1,5,3,4,1,4,4,3,3,3,3,4,4,4,4,2,1,1,1,1,1,1,1,1,2,1,1,1,1,1,1,1,1,1,1,1,1,1,1,1,1,1,1,1,1,1,1,4,3,4,3,1,1,1,1,1,1,1,1,3,3,3,3,1,1,1,1,1,1,1,1,1,1,1,1,2,1,1,1,2,1,1,1,3,1,1,1,3,1,1,2,4,1,1,1,2,2,2,2,2,3,3,3,1,1,1,1,1,1,1,1,1,1,1,1,1,1,1,1,1,1,1,1,1,1,1,1,1,1,1,1,1,1,1,1,1,1,1,1,1,1,1,1,1,1,1,1,1,1,1,1,1,4,1,1,4,1,4,4,3,1,2,2,1,1,1,1,1,1,1,1
372,Colombo,2,1,2,2,4,2,3,3,3,1,1,3,4,1,2,3,3,1,2,2,4,1,2,2,4,1,2,2,1,1,1,1,2,1,2,2,1,1,1,1,2,1,2,2,4,1,2,2,2,1,1,1,3,1,2,2,1,1,1,1,4,2,2,3,3,1,1,2,1,1,1,1,1,1,1,1,1,1,1,1,3,1,1,2,1,1,1,1,4,1,2,3,1,1,1,1,1,1,1,1,1,1,1,1,1,1,1,1,1,1,1,1,1,1,1,1,4,1,2,4,1,1,1,1,1,1,1,1,4,1,2,4,1,1,1,1,1,1,1,1,1,1,1,1,1,1,1,1,1,1,1,1,1,1,1,1,4,1,2,3,1,1,1,1,1,1,1,1,1,1,1,1
373,Gampaha,1,1,4,1,4,1,1,2,3,3,3,3,4,4,4,4,1,1,1,1,1,1,1,1,1,1,1,1,1,1,1,1,1,1,1,1,1,1,1,1,1,1,1,1,1,1,1,1,4,4,4,4,1,1,1,1,1,1,1,1,1,1,1,1,1,1,1,1,1,1,1,1,1,1,1,1,1,1,1,1,1,1,1,1,1,1,1,1,4,4,4,4,1,1,1,1,1,1,1,1,1,1,1,1,1,1,1,1,1,1,1,1,1,1,1,1,4,4,1,1,1,1,1,1,1,1,1,1,1,1,1,1,1,1,1,1,1,1,1,1,1,1,1,1,1,1,1,1,1,1,1,1,3,3,3,3,4,4,4,4,1,1,1,1,1,1,1,1,1,1,1,1
375,Kaluthara,1,2,2,2,4,3,10,4,1,1,1,1,4,4,4,4,1,1,1,1,2,2,2,2,1,1,2,2,1,1,1,1,1,1,1,1,1,1,1,1,1,1,1,1,1,1,1,1,4,4,4,4,1,1,1,1,1,1,1,1,2,2,2,2,1,1,1,1,1,1,1,1,1,1,1,1,1,1,1,1,1,1,1,1,1,1,1,1,1,1,1,1,1,1,1,1,3,3,3,3,1,1,1,1,4,4,4,4,1,1,1,1,4,4,4,4,4,4,4,4,1,1,1,1,1,1,1,1,1,1,1,1,1,1,1,1,1,1,1,1,1,1,1,1,1,1,1,1,1,1,1,1,4,4,4,4,1,1,1,1,1,1,1,1,1,1,1,1,1,1,1,1
376,Kaluthara,2,1,3,2,5,3,10,10,2,1,1,1,2,1,1,1,1,1,1,1,1,1,1,1,1,1,1,1,1,1,1,1,4,4,4,4,1,1,1,1,1,1,1,1,1,1,1,1,3,3,4,3,3,3,3,3,1,1,1,1,1,1,1,1,1,1,1,1,1,1,1,1,3,3,3,3,1,1,1,1,2,1,1,1,2,1,1,1,1,1,1,1,1,1,1,1,1,1,1,1,4,4,4,4,3,1,1,1,3,3,3,3,1,1,1,1,1,1,1,1,1,1,1,1,1,1,1,1,1,1,1,1,1,1,1,1,1,1,1,1,1,1,1,1,1,1,1,1,1,1,1,1,1,1,1,1,1,1,1,1,1,1,1,1,1,1,1,1,4,4,1,4
377,Kandy,1,2,4,2,4,1,10,4,2,1,1,1,4,2,2,3,1,1,1,1,1,1,1,1,1,3,3,3,2,3,3,3,1,1,1,1,1,1,1,1,1,1,1,1,1,1,1,1,2,1,1,1,1,1,1,1,1,1,1,1,4,2,3,3,4,2,3,3,1,1,1,1,1,1,1,1,3,1,1,1,3,1,1,1,4,2,2,2,4,1,1,1,1,1,1,1,3,2,2,3,1,1,2,1,1,1,1,1,1,1,1,1,1,1,1,1,4,1,1,1,1,1,1,1,1,1,1,1,1,1,1,1,1,1,1,1,1,1,1,1,1,1,1,1,1,1,1,1,1,1,1,1,1,1,1,1,4,1,1,1,4,1,1,1,1,1,1,1,1,1,1,1
378,Colombo,2,1,2,3,4,1,10,3,4,2,3,4,4,1,2,3,3,1,3,2,3,1,3,3,4,2,2,2,1,1,1,1,3,2,1,2,1,1,1,1,1,1,1,1,2,1,1,1,4,1,1,2,4,1,1,3,1,1,1,1,4,3,2,2,4,1,2,3,1,1,1,1,1,1,1,1,2,1,1,2,2,1,2,2,1,1,1,1,1,1,1,1,1,1,1,1,1,1,1,1,4,2,2,3,1,1,1,1,1,1,1,1,1,1,1,1,4,2,2,4,1,1,1,1,1,1,1,1,1,1,1,1,1,1,1,1,1,1,1,1,4,2,2,4,1,1,1,1,1,1,1,1,1,1,1,1,1,1,1,1,1,1,1,1,1,1,1,1,1,1,1,1
379,Kaluthara,1,2,2,2,4,3,1,7,3,3,3,3,4,4,4,4,1,1,1,1,1,1,1,1,1,1,1,1,1,1,1,1,1,1,1,1,1,1,1,1,1,1,1,1,1,1,1,1,4,4,4,4,1,1,1,1,1,1,1,1,4,4,4,4,1,1,1,1,1,1,1,1,2,1,1,1,1,1,1,1,1,1,1,1,1,1,1,1,3,3,2,2,1,1,1,1,3,3,3,3,1,1,1,1,1,1,1,1,1,1,1,1,1,1,1,1,4,3,4,3,1,1,1,1,1,1,1,1,1,1,1,1,1,1,1,1,1,1,1,1,1,1,1,1,4,4,4,4,1,1,1,1,1,1,1,1,4,4,4,4,1,1,1,1,1,1,1,1,1,1,1,1
381,Kandy,1,2,4,2,5,1,10,10,3,2,2,2,1,1,1,1,1,1,1,1,1,1,1,1,1,3,3,3,1,3,3,3,1,1,1,1,1,1,1,1,1,1,1,1,1,1,1,1,3,1,1,1,1,1,1,1,1,1,1,1,1,1,1,1,1,1,1,1,1,1,1,1,3,1,1,1,2,1,1,1,2,1,1,1,3,1,1,2,1,1,1,1,1,1,1,1,1,1,1,1,4,2,3,3,1,1,1,1,1,1,1,1,1,1,1,1,4,2,3,3,1,1,1,1,1,1,1,1,1,1,1,1,1,1,1,1,1,1,1,1,1,1,1,1,1,1,1,1,1,1,1,1,1,1,1,1,4,1,1,2,4,1,2,3,1,1,1,1,1,1,1,1
382,Gampaha,1,2,3,2,4,1,3,3,3,1,1,2,2,3,3,3,1,1,1,1,3,2,2,2,1,2,1,1,1,1,1,1,1,1,1,1,1,1,1,1,1,1,1,1,1,1,1,1,4,3,4,3,2,2,2,2,1,1,1,1,1,1,1,1,2,2,2,2,1,1,1,1,1,1,1,1,2,1,1,1,2,1,1,1,2,1,1,1,2,1,1,1,1,1,1,1,1,1,1,1,3,3,3,3,1,1,1,1,2,1,1,1,1,1,1,1,3,3,3,3,1,1,1,1,1,1,1,1,2,1,2,1,1,1,1,1,1,1,1,1,3,3,3,3,1,1,1,1,1,1,1,1,1,1,1,1,4,4,4,4,2,2,2,2,1,1,1,1,1,1,1,1
383,Kaluthara,1,2,3,2,4,3,3,8,3,2,2,2,4,4,4,4,1,1,1,1,1,1,1,1,1,2,2,1,1,1,1,1,1,1,1,1,1,1,1,1,3,3,3,3,1,1,1,1,1,1,1,1,1,1,1,1,1,1,1,1,1,1,1,1,1,1,1,1,1,1,1,1,2,2,2,2,2,1,1,1,2,1,1,1,1,1,1,1,4,4,4,4,1,1,1,1,1,1,1,1,1,1,1,1,1,1,1,1,2,2,2,2,1,1,1,1,4,4,4,4,1,1,1,1,1,1,1,1,1,1,1,1,1,1,1,1,1,1,1,1,4,4,4,4,1,1,1,1,1,1,1,1,1,1,1,1,4,4,4,4,2,2,2,2,1,1,1,1,1,1,1,1
385,Kaluthara,1,2,4,2,4,3,10,10,3,1,1,3,4,4,4,4,1,1,1,1,1,1,1,1,1,1,1,1,1,1,1,1,1,1,1,1,1,1,1,1,1,1,2,1,1,1,1,1,1,1,1,1,1,1,1,1,1,1,1,1,4,4,4,4,1,1,1,1,1,1,1,1,1,1,1,1,1,1,1,1,4,1,1,1,4,1,1,1,2,2,2,2,1,1,1,1,1,1,1,1,4,4,4,4,3,3,3,3,3,3,3,3,1,1,1,1,1,1,1,1,1,1,1,1,1,1,1,1,1,1,1,1,1,1,1,1,1,1,1,1,1,1,1,1,1,1,1,1,1,1,1,1,1,1,1,1,1,1,1,1,4,4,4,4,1,1,1,1,1,1,1,1
389,Colombo,1,2,4,2,4,3,3,6,2,1,1,1,2,1,1,1,3,2,1,1,2,1,1,1,1,2,2,2,1,1,1,1,2,1,1,1,1,1,1,1,1,1,1,1,2,1,1,1,2,1,1,1,2,1,1,1,2,1,1,1,2,2,2,2,2,2,2,2,1,1,1,1,2,1,1,1,2,1,1,1,2,1,1,1,2,1,1,1,2,1,1,1,1,1,1,1,3,2,2,2,1,1,1,1,2,1,1,1,3,2,2,2,1,1,1,1,1,1,1,1,1,1,1,1,1,1,1,1,1,1,1,1,1,1,1,1,1,1,1,1,1,1,1,1,1,1,1,1,1,1,1,1,2,2,2,2,1,1,1,1,1,1,1,1,1,1,1,1,1,1,1,1
391,Gampaha,2,1,4,2,4,1,7,8,2,1,1,1,2,2,2,2,1,1,1,1,1,1,1,1,1,3,3,3,2,3,3,3,1,1,1,1,1,1,1,1,1,1,1,1,3,1,1,1,1,1,1,1,1,1,1,1,1,1,1,1,1,1,1,1,1,1,1,1,1,1,1,1,2,2,2,2,1,1,1,1,1,1,1,1,1,1,1,1,2,2,2,2,1,1,1,1,1,1,1,1,3,2,2,2,1,1,1,1,3,3,3,3,1,1,1,1,1,1,1,1,1,1,1,1,1,1,1,1,1,1,1,1,1,1,1,1,1,1,1,1,1,1,1,1,1,1,1,1,1,1,1,1,1,1,1,1,1,1,1,1,1,1,1,1,1,1,1,1,1,1,1,1
392,Kandy,1,2,1,2,4,1,3,10,2,1,1,1,3,3,3,3,1,1,1,1,1,1,1,1,1,1,1,1,1,1,1,1,1,1,1,1,1,1,1,1,1,1,1,1,1,1,1,1,1,1,1,1,1,1,1,1,1,1,1,1,4,4,4,4,1,1,1,1,1,1,1,1,1,1,1,1,1,1,1,1,1,1,1,1,1,1,1,1,1,1,1,1,1,1,1,1,4,4,4,4,1,1,1,1,1,1,1,1,1,1,1,1,1,1,1,1,4,4,4,4,1,1,1,1,1,1,1,1,1,1,1,1,1,1,1,1,1,1,1,1,1,1,1,1,1,1,1,1,1,1,1,1,1,1,1,1,4,4,4,4,1,1,1,1,1,1,1,1,1,1,1,1
393,Puttalam,1,2,3,2,4,3,10,3,2,1,2,2,2,1,1,1,3,2,2,2,2,1,1,2,2,1,1,1,1,1,1,1,2,1,1,1,1,1,1,1,1,1,1,1,2,1,1,1,2,2,1,1,2,1,1,1,1,1,1,1,1,1,1,1,2,2,1,1,1,1,1,1,2,1,1,1,2,1,1,1,2,1,1,1,2,1,1,1,2,1,1,2,1,1,1,1,1,1,1,1,3,2,2,2,1,1,1,1,2,1,1,2,1,1,1,1,1,1,1,1,1,1,1,1,1,1,1,1,1,1,1,1,1,1,1,1,1,1,1,1,1,1,1,1,1,1,1,1,1,1,1,1,1,1,1,1,1,1,1,1,1,1,1,1,1,1,1,1,1,1,1,1
394,Kandy,1,2,5,2,4,1,10,10,3,2,2,2,3,3,3,3,1,1,1,1,1,1,1,1,1,3,3,3,1,1,1,1,1,1,1,1,1,1,1,1,1,1,1,1,1,1,1,1,3,1,1,1,1,1,1,1,1,1,1,1,3,3,3,3,3,3,3,3,1,1,1,1,2,1,1,1,3,1,1,1,3,1,1,1,4,2,2,2,3,1,1,1,1,1,1,1,1,1,1,1,4,2,3,3,1,1,1,1,3,2,2,2,1,1,1,1,4,1,1,1,1,1,1,1,1,1,1,1,1,1,1,1,1,1,1,1,1,1,1,1,1,1,1,1,1,1,1,1,1,1,1,1,1,1,1,1,1,1,1,1,4,1,1,1,1,1,1,1,1,1,1,1
395,Gampaha,1,2,4,2,4,1,3,10,3,1,1,1,4,4,4,4,1,1,1,1,1,1,1,1,1,1,1,1,1,1,1,1,1,1,1,1,1,1,1,1,1,1,1,1,1,1,1,1,1,1,1,1,2,2,2,2,1,1,1,1,1,1,1,1,1,1,1,1,1,1,1,1,1,1,1,1,2,1,1,1,2,1,1,1,1,1,1,1,4,1,3,3,1,1,1,1,1,1,1,1,1,1,1,1,1,1,1,1,2,1,2,2,1,1,1,1,4,4,4,4,1,1,1,1,1,1,1,1,4,1,4,3,1,1,1,1,1,1,1,1,1,1,1,1,1,1,1,1,3,1,3,3,1,1,1,1,3,1,3,3,3,1,3,3,2,1,2,2,1,1,1,1
396,Puttalam,2,1,1,2,4,3,9,10,2,1,1,1,3,1,1,1,1,1,1,1,1,1,1,1,4,1,1,2,1,1,1,1,1,1,1,1,1,1,1,1,1,1,1,1,3,1,1,2,1,1,1,1,2,1,1,1,1,1,1,1,1,1,1,1,2,1,1,1,1,1,1,1,1,1,1,1,1,1,1,1,1,1,1,1,3,1,1,2,1,1,1,1,1,1,1,1,3,1,1,2,1,1,1,1,1,1,1,1,1,1,1,1,1,1,1,1,4,1,1,2,1,1,1,1,1,1,1,1,1,1,1,1,1,1,1,1,4,1,1,2,1,1,1,1,1,1,1,1,1,1,1,1,1,1,1,1,3,1,1,2,1,1,1,1,1,1,1,1,1,1,1,1
399,Kaluthara,1,2,3,2,5,1,3,4,3,3,3,3,1,1,1,1,4,4,4,4,1,1,1,1,1,2,2,2,1,1,1,1,1,1,1,1,1,1,1,1,1,1,1,2,1,1,1,1,1,1,1,1,1,1,1,1,1,1,1,1,1,2,1,1,4,4,4,4,1,3,3,3,1,1,1,1,2,1,1,1,1,1,1,1,2,1,1,1,1,1,1,1,1,1,1,1,3,3,3,3,3,3,4,4,1,1,1,1,1,1,1,1,1,1,4,4,4,1,1,4,1,1,1,1,1,1,1,1,4,1,1,4,1,1,1,1,1,1,1,1,4,1,2,4,1,1,1,1,1,1,1,1,1,1,1,1,1,1,1,1,1,1,1,1,1,1,1,1,4,4,4,4
400,Gampaha,1,2,4,2,3,1,10,3,2,1,1,1,3,3,3,3,1,1,1,1,3,2,2,2,1,2,2,2,1,1,1,1,1,1,1,1,1,1,1,1,2,2,2,2,1,1,1,1,1,1,1,1,1,1,1,1,1,1,1,1,1,1,1,1,1,1,1,1,3,3,3,3,3,3,3,3,1,1,1,1,1,1,1,1,2,1,1,1,3,3,3,3,1,1,1,1,1,1,1,1,1,1,1,1,1,1,1,1,1,1,1,1,1,1,1,1,4,3,1,1,1,1,1,1,1,1,1,1,1,1,1,1,1,1,1,1,1,1,1,1,1,1,1,1,1,1,1,1,1,1,1,1,2,1,1,1,4,4,4,4,3,3,3,3,2,2,2,2,3,2,2,2
401,Kandy,1,2,5,2,5,1,8,6,3,3,3,3,2,3,2,2,3,3,3,3,1,1,1,1,1,2,2,3,1,1,1,1,1,1,1,1,1,1,1,1,1,1,1,1,1,1,1,1,3,3,4,3,1,1,1,1,1,1,1,1,3,3,3,3,1,1,1,1,3,3,3,3,1,1,1,1,3,1,1,1,3,1,1,1,2,1,1,1,3,1,1,1,1,1,1,1,1,1,1,1,2,4,4,4,1,1,1,1,1,1,1,1,1,3,3,3,4,1,1,1,1,1,1,1,1,1,1,1,3,1,1,2,1,1,1,1,1,1,1,1,2,3,3,3,1,1,1,1,1,1,1,1,1,4,4,3,4,1,1,4,1,1,1,1,1,1,1,1,1,1,1,1
402,Kaluthara,1,2,5,2,4,1,3,3,5,5,5,5,1,2,2,2,3,3,3,3,1,1,1,1,1,2,2,3,1,1,1,1,1,1,1,1,1,1,1,1,1,1,1,1,1,1,1,1,2,2,2,3,1,1,1,1,1,1,1,1,3,3,3,3,3,3,3,3,1,2,2,2,1,1,1,1,3,1,1,1,3,1,1,1,3,1,1,1,2,1,1,1,1,1,1,1,2,1,1,1,4,4,4,4,2,2,2,2,1,1,1,1,1,1,1,1,4,4,4,4,1,1,1,1,1,1,1,1,1,1,1,1,1,1,1,1,1,1,1,1,4,4,4,4,1,1,1,1,1,1,1,1,1,3,1,4,1,1,1,1,1,1,1,1,1,1,1,1,1,1,1,1
403,Kandy,1,2,3,2,4,1,3,10,2,1,1,1,4,3,3,4,1,1,1,1,1,1,1,1,2,3,2,2,1,1,1,1,1,1,1,1,1,1,1,1,1,1,1,1,1,1,1,1,3,2,2,2,1,1,1,1,1,1,1,1,4,3,3,3,1,1,1,1,1,1,1,1,3,3,3,3,1,1,1,1,1,1,1,1,1,1,1,1,3,1,1,1,1,1,1,1,3,4,4,4,1,1,1,1,1,1,1,1,1,1,1,1,1,1,1,1,4,1,2,3,1,1,1,1,1,1,1,1,3,1,3,3,1,1,1,1,1,1,1,1,1,1,1,1,1,1,1,1,2,1,2,2,1,1,1,1,4,1,2,3,1,1,1,1,1,1,1,1,1,1,1,1
404,Colombo,1,2,4,2,4,3,3,7,2,1,1,1,2,1,1,1,2,2,1,1,2,1,1,1,2,2,2,2,1,1,1,1,2,1,1,1,1,1,1,1,1,2,1,2,2,1,1,1,2,2,1,1,1,1,1,1,1,1,1,1,1,1,1,1,2,2,1,1,1,1,1,1,1,1,1,1,2,1,1,1,2,1,1,1,2,1,1,1,2,1,1,2,2,1,1,1,3,2,2,2,1,1,1,1,1,1,1,1,1,1,1,1,1,1,1,1,1,1,1,1,1,1,1,1,1,1,1,1,1,1,1,1,1,1,1,1,1,1,1,1,1,1,1,1,1,1,1,1,1,1,1,1,2,1,1,1,1,2,2,2,2,2,1,2,1,1,2,2,1,1,1,1
405,Gampaha,1,2,5,2,4,1,9,10,1,1,1,1,4,4,4,4,1,1,1,1,1,1,1,1,1,1,1,1,1,1,1,1,1,1,1,1,1,1,1,1,1,1,1,1,1,1,1,1,2,2,2,2,1,1,1,1,4,3,3,3,1,1,1,1,1,1,1,1,1,1,1,1,1,1,1,1,1,1,1,1,1,1,1,1,1,1,1,1,4,2,4,4,1,1,1,1,2,1,1,1,1,1,1,1,1,1,1,1,2,2,2,2,1,1,1,1,4,2,4,4,1,1,1,1,1,1,1,1,4,2,4,4,1,1,1,1,1,1,1,1,1,1,1,1,1,1,1,1,1,1,1,1,1,1,1,1,1,1,1,1,4,2,4,4,4,2,3,3,1,1,1,1
406,Kaluthara,1,2,3,2,7,1,2,5,5,5,5,5,2,4,4,4,4,1,1,1,1,1,1,1,1,2,2,2,2,2,2,2,1,1,1,1,1,1,1,1,1,1,1,1,1,1,1,1,4,1,1,1,1,1,1,1,1,1,1,1,4,4,4,4,1,1,1,1,1,1,1,3,1,1,1,1,1,1,1,1,1,1,1,1,1,1,1,1,1,1,1,1,1,1,1,1,1,1,1,1,1,1,1,1,1,1,1,1,1,1,1,1,1,4,3,2,4,2,2,4,1,1,1,1,1,1,1,1,4,1,1,2,1,4,4,3,1,1,1,1,1,1,1,1,1,1,1,1,1,1,1,1,1,4,3,2,4,2,2,4,1,1,1,1,1,1,1,1,1,1,1,1
407,Puttalam,1,2,3,2,4,3,10,10,2,1,1,1,3,1,1,1,1,1,1,1,1,1,1,1,1,3,2,1,1,1,1,1,1,1,1,1,1,1,1,1,1,1,1,1,1,1,1,1,1,1,1,1,3,1,1,2,1,1,1,1,1,1,1,1,2,1,1,2,1,1,1,1,1,1,1,1,2,1,1,1,2,1,1,1,3,1,1,2,2,1,1,2,1,1,1,1,2,1,1,2,2,1,1,3,1,1,1,1,1,1,1,1,2,2,2,2,4,1,1,2,1,1,1,1,1,1,1,1,2,1,1,2,1,1,1,1,2,1,1,1,3,1,2,2,1,1,1,1,1,1,1,1,1,1,1,1,3,1,1,1,1,1,1,1,1,1,1,1,1,1,1,1
410,Gampaha,1,2,5,2,4,1,10,10,2,1,1,1,3,3,3,3,1,1,1,1,1,1,1,1,1,1,1,1,1,1,1,1,2,1,1,1,1,1,1,1,2,3,3,3,2,3,3,3,1,1,1,1,1,1,1,1,2,2,2,2,1,1,1,1,1,1,1,1,1,1,1,1,2,1,1,1,1,1,1,1,1,1,1,1,2,1,1,1,3,1,1,1,1,1,1,1,2,2,2,2,1,1,1,1,1,1,1,1,3,2,2,2,1,1,1,1,4,4,4,4,1,1,1,1,1,1,1,1,3,1,1,1,1,1,1,1,2,2,2,2,1,1,1,1,1,1,1,1,2,2,2,2,1,1,1,1,4,4,4,4,3,2,2,2,2,2,2,2,1,1,1,1
413,Kaluthara,1,2,3,2,4,3,3,10,2,1,1,1,4,4,4,4,1,1,1,1,3,3,3,3,1,1,1,1,1,1,1,1,1,1,1,1,1,1,1,1,1,1,1,1,1,1,1,1,4,4,4,4,2,2,2,2,1,1,1,1,1,1,1,1,4,4,4,4,1,1,1,1,2,1,1,1,1,1,1,1,1,1,1,1,1,1,1,1,4,4,4,4,1,1,1,1,1,1,1,1,1,1,1,1,1,1,1,1,1,1,1,1,1,1,1,1,4,4,4,4,1,1,1,1,1,1,1,1,1,1,1,1,1,1,1,1,1,1,1,1,1,1,1,1,1,1,1,1,4,4,4,4,1,1,1,1,1,1,1,1,4,4,4,4,4,4,4,4,1,1,1,1
416,Gampaha,1,1,5,3,3,1,10,10,1,1,1,1,4,4,4,4,1,1,1,1,1,1,1,1,1,1,1,1,3,3,3,3,1,1,1,1,1,1,1,1,3,3,3,3,1,1,1,1,1,1,1,1,1,1,1,1,1,1,1,1,1,1,1,1,1,1,1,1,1,1,1,1,4,4,4,4,1,1,1,1,1,1,1,1,2,1,1,1,4,1,1,1,1,1,1,1,1,1,1,1,1,1,1,1,1,1,1,1,3,4,4,4,4,4,4,4,1,1,1,1,1,1,1,1,1,1,1,1,1,1,1,1,1,1,1,1,1,1,1,1,1,1,1,1,1,1,1,1,1,1,1,1,1,1,1,1,1,1,1,1,4,4,4,4,1,1,1,1,1,1,1,1
417,Kaluthara,1,2,4,2,4,3,10,10,3,3,3,3,2,2,2,2,4,4,4,4,2,2,2,2,1,1,1,1,1,1,1,1,1,1,1,1,1,1,1,1,3,3,3,3,1,1,1,1,2,2,2,2,4,4,4,4,1,1,1,1,1,1,1,1,4,4,4,4,1,1,1,1,1,1,1,1,2,1,1,1,1,1,1,1,1,1,1,1,1,1,1,1,1,1,1,1,1,1,1,1,1,1,1,1,4,4,4,4,1,1,1,1,1,1,1,1,4,4,4,4,1,1,1,1,1,1,1,1,4,4,4,4,1,1,1,1,1,1,1,1,1,1,1,1,1,1,1,1,1,1,1,1,1,1,1,1,4,4,4,4,2,1,1,1,1,1,1,1,1,1,1,1
420,Kaluthara,1,2,2,2,4,3,3,10,3,3,3,3,4,4,4,4,1,1,1,1,1,1,1,1,1,2,2,2,1,1,1,1,1,1,1,1,1,1,1,1,1,1,1,1,1,1,1,1,1,1,1,1,1,1,1,1,1,1,1,1,3,3,3,3,3,3,3,3,1,1,1,1,1,1,1,1,4,1,1,1,2,1,1,1,3,1,1,1,1,1,1,1,4,1,1,1,4,4,4,4,1,1,1,1,1,1,1,1,1,1,1,1,1,1,1,1,4,4,4,4,1,1,1,1,1,1,1,1,1,1,1,1,1,1,1,1,4,4,4,4,1,1,1,1,1,1,1,1,1,1,1,1,1,1,1,1,1,1,1,1,1,1,1,1,1,1,1,1,4,4,4,4
423,Gampaha,1,2,4,2,5,1,1,7,3,3,3,3,4,4,4,4,1,1,1,1,1,1,1,1,1,1,1,1,1,1,3,3,2,2,2,2,1,1,1,1,1,1,1,1,1,1,1,1,4,4,4,4,1,1,1,1,1,1,1,1,4,4,4,4,2,2,2,2,1,1,1,1,1,2,2,2,2,1,1,1,1,1,1,1,1,1,1,1,1,1,1,1,1,1,1,1,2,2,2,2,1,1,1,1,4,4,4,4,1,1,1,1,1,4,4,4,4,4,4,4,1,1,1,1,1,1,1,1,1,1,1,1,1,1,1,1,4,4,4,4,1,1,1,1,2,2,2,2,1,1,1,1,1,3,3,3,4,3,3,3,4,2,3,3,3,2,3,3,1,1,1,1
427,Gampaha,1,2,4,2,4,1,10,10,3,2,2,2,3,2,2,2,2,2,2,2,3,3,3,3,1,1,1,1,1,1,1,1,1,1,1,1,1,1,1,1,1,1,1,1,3,1,1,1,1,1,1,1,1,1,1,1,1,1,1,1,4,4,4,4,4,4,4,4,1,1,1,1,1,1,1,1,1,1,1,1,1,1,1,1,1,1,1,1,1,1,1,1,1,1,1,1,3,3,3,3,4,4,4,4,1,1,1,1,2,2,2,2,1,1,1,1,4,4,4,4,1,1,1,1,1,1,1,1,1,1,1,1,1,1,1,1,1,1,1,1,4,4,4,4,1,1,1,1,1,1,1,1,1,1,1,3,4,4,4,4,1,1,1,1,1,1,1,1,1,1,1,1
428,Kaluthara,1,2,2,2,4,1,10,10,3,1,1,2,4,4,4,4,1,1,1,1,1,1,1,1,1,3,1,1,1,1,1,1,1,2,2,2,1,1,1,1,3,3,3,3,1,1,1,1,3,3,4,3,1,1,1,1,1,1,1,1,1,1,1,1,1,1,1,1,1,1,1,1,1,1,1,1,3,1,1,1,3,1,1,1,2,1,1,1,3,3,3,3,1,1,1,1,3,3,3,3,1,1,1,1,1,1,1,1,3,3,3,3,1,1,1,1,4,4,4,4,2,1,1,1,1,1,1,1,4,4,4,4,1,1,1,1,1,1,1,1,1,1,1,1,1,1,1,1,1,1,1,1,1,1,1,1,4,4,4,4,1,1,1,1,1,1,1,1,1,1,1,1
431,Vauniya,1,2,2,2,4,2,10,10,3,2,2,3,2,1,1,1,2,1,1,1,2,1,1,1,2,1,1,1,1,1,1,1,2,2,1,1,1,1,1,1,1,1,1,1,2,2,2,2,2,1,1,1,2,1,1,1,1,1,1,1,1,1,1,1,2,1,1,1,1,1,1,1,2,1,1,2,2,1,1,1,2,1,1,1,3,1,1,1,2,1,1,2,1,1,1,1,1,1,1,1,3,3,3,3,1,1,1,1,2,2,2,2,1,1,1,1,1,1,1,1,1,1,1,1,1,1,1,1,1,1,1,1,1,1,1,1,1,1,1,1,1,1,1,1,1,1,1,1,1,1,1,1,1,1,1,1,1,1,1,1,1,1,1,1,1,1,1,1,1,1,1,1
434,Kandy,1,2,6,2,4,1,10,10,5,5,5,5,4,4,4,4,1,1,1,1,1,1,1,1,1,1,1,1,1,1,1,1,1,1,1,1,4,4,4,4,1,1,1,1,1,1,1,1,3,1,1,1,1,1,1,1,1,1,1,1,4,4,4,4,1,1,1,1,1,1,1,1,1,1,1,1,1,1,1,1,1,1,1,1,1,1,1,1,1,1,1,1,1,1,1,1,1,1,1,1,4,4,4,4,1,1,1,1,1,1,1,1,1,1,1,1,4,4,4,4,1,1,1,1,1,1,1,1,1,1,1,1,1,1,1,1,1,1,1,1,3,4,4,4,1,1,1,1,1,1,1,1,1,1,1,1,1,1,1,1,3,3,3,3,1,1,1,1,1,1,1,1
435,Kaluthara,1,2,2,2,4,2,3,10,3,2,2,2,4,4,4,4,1,1,1,1,1,1,1,1,1,1,1,1,1,1,1,1,1,1,1,1,1,1,1,1,1,1,1,2,2,1,2,2,4,4,4,4,1,1,1,1,1,1,1,1,1,1,1,1,1,1,1,1,1,1,1,1,2,1,1,1,1,1,1,1,1,1,1,1,2,1,1,1,4,4,4,4,1,1,1,1,2,2,2,2,1,1,1,1,2,2,2,2,1,1,1,1,1,1,1,1,4,4,4,4,1,1,1,1,1,1,1,1,1,1,1,1,1,1,1,1,1,1,1,1,1,1,1,1,2,2,2,2,4,4,4,4,1,1,1,1,4,4,4,4,2,1,1,1,1,1,1,1,1,1,1,1
436,Kandy,1,2,2,2,7,1,3,4,1,5,5,5,1,2,3,3,4,1,2,2,1,1,1,1,1,3,3,3,1,1,1,1,1,1,1,1,3,2,2,2,1,2,2,2,1,1,1,1,1,1,1,1,1,1,1,1,1,1,1,1,4,2,3,3,4,3,3,3,4,4,4,4,1,1,1,1,2,1,1,1,2,1,1,1,3,1,1,2,3,1,1,1,1,1,1,1,1,1,1,1,4,1,3,3,1,1,1,1,1,1,1,1,1,4,4,4,1,1,1,1,4,1,1,1,1,1,1,1,1,1,1,1,1,1,1,1,1,1,1,1,4,1,1,1,1,1,1,1,1,1,1,1,1,4,4,4,4,1,1,1,1,1,1,1,1,1,1,1,1,1,1,1
437,Kaluthara,1,1,2,2,4,2,10,10,3,2,2,3,1,1,1,1,2,1,1,1,4,4,4,4,1,2,2,2,1,1,1,1,1,1,1,1,1,1,1,1,1,1,1,1,1,1,1,1,1,1,1,1,1,1,1,1,1,1,1,1,1,1,1,1,4,4,4,4,1,1,1,1,1,1,1,1,1,1,1,1,1,1,1,1,3,1,1,1,1,1,1,1,4,1,1,1,4,4,4,4,1,1,1,1,1,1,1,1,2,1,1,1,1,1,1,1,1,1,1,1,1,1,1,1,1,1,1,1,1,1,1,1,1,1,1,1,1,1,1,1,1,1,1,1,1,1,1,1,1,1,1,1,4,4,4,4,1,1,1,1,1,1,1,1,1,1,1,1,1,1,1,1
438,Kaluthara,1,2,3,2,4,2,4,10,3,3,3,3,4,4,4,4,3,1,1,1,3,3,3,3,3,3,3,3,1,1,1,1,1,1,1,1,1,1,1,1,3,2,2,2,1,1,1,1,3,3,4,3,1,1,1,1,1,1,1,1,3,3,3,3,1,1,1,1,1,1,1,1,2,1,1,1,3,1,1,1,3,1,1,1,2,1,1,1,1,1,1,1,1,1,1,1,4,4,4,4,3,3,3,3,1,1,1,1,1,1,1,1,1,1,1,1,1,1,1,1,1,1,1,1,1,1,1,1,1,1,1,1,1,1,1,1,1,1,1,1,1,1,1,1,1,1,1,1,4,4,4,4,1,1,1,1,1,1,1,1,1,1,1,1,1,1,1,1,1,1,1,1
440,Vauniya,1,2,2,2,4,2,9,10,2,1,1,1,3,1,2,2,1,1,1,1,1,1,1,1,2,2,2,2,2,2,2,2,1,1,1,1,1,1,1,1,1,1,1,1,1,1,1,1,1,1,1,1,1,1,1,1,2,2,2,2,1,1,1,1,1,1,1,1,1,1,1,1,1,1,1,1,2,1,1,1,2,1,1,2,3,1,1,1,1,1,1,1,1,1,1,1,4,1,2,2,1,1,1,1,1,1,1,1,3,2,2,2,1,1,1,1,4,2,2,3,1,1,1,1,1,1,1,1,1,1,1,1,1,1,1,1,3,2,2,2,1,1,1,1,1,1,1,1,3,2,3,3,1,1,1,1,3,2,2,3,1,1,1,1,1,1,1,1,1,1,1,1
442,Kaluthara,1,2,3,2,4,3,9,10,3,1,1,1,4,4,4,4,1,1,1,1,1,1,1,1,1,2,2,1,1,1,1,1,1,1,1,1,1,1,1,1,3,3,3,3,1,1,1,1,1,1,1,1,1,1,1,1,3,3,3,3,1,1,1,1,1,1,1,1,1,1,1,1,2,2,2,2,2,1,1,1,2,1,1,1,2,1,1,1,4,4,4,4,1,1,1,1,1,1,1,1,1,1,1,1,1,1,1,1,3,3,3,3,1,1,1,1,4,4,4,4,1,1,1,1,1,1,1,1,3,2,2,3,1,1,1,1,1,1,1,1,1,1,1,1,3,3,3,3,1,1,1,1,1,1,1,1,4,4,4,4,1,1,1,1,1,1,1,1,1,1,1,1
446,Vauniya,1,2,2,2,4,2,10,3,3,2,2,2,2,1,2,2,2,1,1,2,2,1,1,2,2,1,2,2,1,1,1,1,2,1,2,2,1,1,1,1,2,2,2,2,2,1,2,2,1,1,1,1,1,1,1,1,2,2,2,2,2,2,2,2,1,1,1,1,1,1,1,1,2,2,2,2,2,1,1,1,1,1,1,1,1,1,1,1,1,1,1,1,1,1,1,1,1,1,1,1,1,1,1,1,1,1,1,1,1,1,1,1,1,1,1,1,3,2,2,3,1,1,1,1,1,1,1,1,1,1,1,1,1,1,1,1,1,1,1,1,1,1,1,1,1,1,1,1,1,1,1,1,1,1,1,1,3,2,3,3,1,1,1,1,1,1,1,1,1,1,1,1
447,Kaluthara,1,2,3,2,4,3,3,10,3,2,2,3,4,4,4,4,1,1,1,1,1,1,1,1,1,1,1,1,1,1,1,1,1,1,1,1,1,1,1,1,1,1,1,1,1,1,1,1,4,4,4,4,1,1,1,1,1,1,1,1,1,1,1,1,1,1,1,1,1,1,1,1,2,1,1,1,2,1,1,1,1,1,1,1,1,1,1,1,1,1,1,1,1,1,1,1,2,2,2,2,1,1,1,1,4,4,4,4,1,1,1,1,1,1,1,1,4,4,4,4,1,1,1,1,1,1,1,1,4,4,4,4,1,1,1,1,1,1,1,1,1,1,1,1,2,2,2,2,1,1,1,1,1,1,1,1,1,1,1,1,1,1,1,1,3,1,1,2,4,1,2,3
448,Kandy,1,2,5,2,7,1,8,2,5,5,5,5,2,2,2,2,4,4,4,4,1,1,1,1,1,3,1,1,1,1,1,1,1,1,1,1,1,1,1,1,1,1,1,1,1,1,1,1,4,4,4,4,1,1,1,1,1,1,1,1,4,4,4,4,1,1,1,1,4,4,4,4,1,1,1,1,2,1,1,2,1,1,1,1,1,1,1,1,1,1,1,1,1,1,1,1,1,1,1,1,4,4,4,4,2,2,2,2,1,1,1,1,1,1,1,1,1,1,1,1,1,1,1,1,1,1,1,1,1,1,1,1,1,1,1,1,1,1,1,1,1,1,1,1,1,1,1,1,1,1,1,1,1,1,1,1,1,1,1,1,1,1,1,1,1,1,1,1,1,1,1,1
449,Kandy,1,2,5,2,4,1,10,3,3,2,2,2,1,1,1,1,2,1,1,1,1,1,1,1,2,3,3,3,1,1,1,1,1,1,1,1,1,1,1,1,2,3,2,2,3,1,1,1,2,1,1,1,1,1,1,1,1,1,1,1,4,3,3,3,4,3,3,3,4,4,4,4,1,1,1,1,2,1,1,1,2,1,1,1,3,1,1,1,4,2,2,2,1,2,2,2,2,2,2,2,4,2,3,3,1,1,1,1,1,1,1,1,1,2,3,3,4,2,2,2,1,1,1,1,1,1,1,1,1,1,1,1,1,1,1,1,1,1,1,1,1,1,1,1,1,1,1,1,1,1,1,1,1,2,2,2,4,1,2,3,1,1,1,1,1,1,1,1,1,1,1,1
450,Colombo,2,1,4,2,4,3,7,10,2,1,1,1,3,1,1,2,1,1,1,1,1,1,1,1,2,2,2,2,1,1,1,1,1,1,1,1,1,1,1,1,1,1,1,1,3,1,1,2,1,1,1,1,2,1,1,1,1,1,1,1,1,1,1,1,1,1,1,1,1,1,1,1,2,1,1,1,1,1,1,1,2,1,1,1,2,1,1,2,3,1,1,2,1,1,1,1,1,1,1,1,4,1,2,2,1,1,1,1,4,1,2,2,1,1,1,1,4,1,2,2,1,1,1,1,1,1,1,1,1,1,1,1,1,1,1,1,1,1,1,1,4,1,2,2,1,1,1,1,1,1,1,1,1,1,1,1,1,1,1,1,4,1,2,2,1,1,1,1,1,1,1,1
451,Kaluthara,1,2,2,2,4,1,3,8,3,1,2,2,4,4,4,4,1,1,1,1,2,1,1,1,1,1,1,1,1,1,1,1,1,1,1,1,1,1,1,1,2,2,2,2,1,1,1,1,3,3,4,3,1,1,1,1,1,1,1,1,1,1,1,1,1,1,1,1,1,1,1,1,2,2,2,2,1,1,1,1,1,1,1,1,1,1,1,1,3,3,3,3,1,1,1,1,3,3,3,3,1,1,1,1,3,3,3,3,2,2,2,2,1,1,1,1,4,4,4,4,1,1,1,1,1,1,1,1,1,1,1,1,1,1,1,1,1,1,1,1,1,1,1,1,4,4,4,4,2,2,2,2,1,1,1,1,4,4,4,4,1,1,1,1,1,1,1,1,1,1,1,1
455,Colombo,1,2,5,2,4,3,3,6,3,1,1,3,4,2,3,4,4,2,4,4,3,2,3,4,1,1,1,1,1,1,1,1,1,1,1,1,1,1,1,1,1,1,1,2,3,2,2,3,2,2,2,2,2,2,2,2,2,2,2,2,1,2,2,2,1,1,1,1,1,1,1,1,1,1,1,1,1,1,1,1,1,1,1,1,1,1,1,1,4,2,2,4,1,1,1,1,1,1,1,1,1,1,1,1,1,1,1,1,4,2,2,3,1,1,1,1,1,1,1,1,1,1,1,1,1,1,1,1,1,1,1,1,1,1,1,1,1,1,1,1,1,1,1,1,1,1,1,1,1,1,1,1,1,1,1,1,1,1,1,1,1,1,1,1,1,1,1,1,1,1,1,1
456,Vauniya,1,2,3,2,4,2,4,9,3,2,2,2,2,2,2,2,2,2,2,2,2,2,2,2,2,2,2,2,1,1,1,1,2,1,2,2,1,1,1,1,2,2,2,2,2,2,2,2,2,1,1,2,2,1,1,2,1,1,1,2,2,1,2,2,2,1,2,2,1,1,1,2,2,1,2,2,1,1,1,1,2,1,2,2,2,1,2,2,1,1,1,1,1,1,1,1,1,1,1,1,3,3,3,4,1,1,1,1,1,1,1,1,4,4,4,4,1,1,1,1,1,1,1,1,1,1,1,1,1,1,1,1,1,1,1,1,3,2,4,4,1,1,1,1,1,1,1,1,1,1,1,1,1,1,1,1,1,1,1,1,1,1,1,1,1,1,1,1,1,1,1,1
457,Kaluthara,1,2,2,2,5,3,3,10,1,1,1,1,4,4,4,4,1,1,1,1,1,1,1,1,1,2,1,1,1,1,1,1,1,1,1,1,1,1,1,1,1,1,1,1,1,1,1,1,4,4,4,4,1,1,1,1,1,1,1,1,1,1,1,1,1,1,1,1,1,1,1,1,2,2,2,2,2,1,1,1,2,1,1,1,1,1,1,1,3,2,2,2,1,1,1,1,4,4,4,4,2,2,2,2,1,1,1,1,1,1,1,1,1,1,1,1,4,4,4,4,1,1,1,1,1,1,1,1,1,1,1,1,1,1,1,1,4,4,4,4,1,1,1,1,1,1,1,1,1,1,1,1,4,4,4,4,1,1,1,1,1,1,1,1,1,1,1,1,1,1,1,1
458,Kandy,1,2,4,2,4,1,10,10,2,1,1,1,1,1,1,1,1,1,1,1,1,1,1,1,4,4,4,4,1,1,1,1,1,1,1,1,1,1,1,1,1,1,1,1,1,1,1,1,1,1,1,1,1,1,1,1,4,4,4,4,1,1,1,1,1,1,1,1,1,1,1,1,1,1,1,1,1,1,1,1,1,1,1,1,1,1,1,1,1,1,1,1,1,1,1,1,1,1,1,1,1,1,1,1,4,4,4,4,1,1,1,1,1,1,1,1,1,1,1,1,1,1,1,1,1,1,1,1,1,1,1,1,1,1,1,1,1,1,1,1,1,1,1,1,1,1,1,1,1,1,1,1,1,1,1,1,1,1,1,1,4,4,4,4,1,1,1,1,1,1,1,1
459,Kandy,1,1,5,3,4,1,7,3,2,1,1,1,3,3,3,3,1,1,1,1,1,1,1,1,2,2,2,2,1,1,1,1,1,1,1,1,1,1,1,1,1,1,1,1,1,1,1,1,3,3,4,3,1,1,1,1,1,1,1,1,1,1,1,1,1,1,1,1,1,1,1,1,2,2,2,2,1,1,1,1,1,1,1,1,1,1,1,1,4,1,1,1,1,1,1,1,2,2,2,2,1,1,1,1,1,1,1,1,2,2,2,2,4,4,4,4,1,1,1,1,1,1,1,1,1,1,1,1,1,1,1,1,1,1,1,1,1,1,1,1,1,1,1,1,1,1,1,1,1,1,1,1,1,1,1,1,1,1,1,1,3,2,3,3,1,1,1,1,1,1,1,1
462,Kaluthara,1,2,3,2,4,3,9,10,2,1,1,1,4,4,4,4,1,1,1,1,1,1,1,1,1,1,1,1,1,1,1,1,1,1,1,1,1,1,1,1,2,2,2,2,1,1,1,1,1,1,1,1,1,1,1,1,1,1,1,1,1,1,1,1,1,1,1,1,1,1,1,1,3,3,3,3,1,1,1,1,1,1,1,1,1,1,1,1,4,4,4,4,1,1,1,1,1,1,1,1,1,1,1,1,2,2,2,2,3,3,3,3,1,1,1,1,4,4,4,4,1,1,1,1,1,1,1,1,1,1,1,1,1,1,1,1,1,1,1,1,1,1,1,1,4,4,4,4,1,1,1,1,4,4,4,4,1,1,1,1,1,1,1,1,1,1,1,1,1,1,1,1
465,Gampaha,1,2,2,2,4,1,4,4,3,1,1,2,4,4,4,4,1,1,1,1,1,1,1,1,1,1,1,1,2,2,2,2,1,1,1,1,1,1,1,1,2,2,2,2,1,1,1,1,1,1,1,1,2,3,3,3,1,1,1,1,1,1,1,1,1,1,1,1,1,1,1,1,1,1,1,1,1,1,1,1,1,1,1,1,1,1,1,1,4,1,4,4,1,1,1,1,1,1,1,1,1,1,1,1,1,1,1,1,2,1,2,2,1,1,1,1,4,1,4,4,1,1,1,1,1,1,1,1,1,1,1,1,1,1,1,1,1,1,1,1,1,1,1,1,1,1,1,1,1,1,1,1,1,1,1,1,1,1,1,1,3,1,3,3,2,1,1,1,1,1,1,1
467,Kaluthara,1,2,3,2,4,1,3,3,3,2,2,2,4,4,4,4,1,1,1,1,1,1,1,1,1,3,2,1,2,2,2,2,2,2,2,2,1,1,1,1,3,3,3,3,3,3,3,3,4,4,4,4,1,1,1,1,1,1,1,1,1,1,1,1,1,1,1,1,1,1,1,1,1,1,1,1,3,1,1,1,3,1,1,1,3,1,1,1,4,4,4,4,1,1,1,1,1,1,1,1,2,2,2,2,1,1,1,1,2,2,2,2,1,1,1,1,4,4,4,4,1,1,1,1,1,1,1,1,1,1,1,1,4,4,4,4,1,1,1,1,1,1,1,1,1,1,1,1,1,1,1,1,1,1,1,1,4,4,4,4,1,1,1,1,1,1,1,1,1,1,1,1
468,Kaluthara,1,2,2,2,4,1,3,3,3,2,2,2,4,4,4,4,1,1,1,1,1,1,1,1,1,2,1,1,1,1,1,1,1,2,2,1,1,1,1,1,3,3,3,3,1,1,1,1,2,2,2,2,1,1,1,1,1,1,2,2,1,1,1,1,1,1,1,1,1,1,1,1,3,3,3,3,2,1,1,1,2,1,1,1,2,1,1,1,4,4,4,4,1,1,1,1,1,1,1,1,3,3,3,3,1,1,1,1,2,2,2,2,1,1,1,1,4,4,4,4,1,1,1,1,1,1,1,1,1,1,1,1,1,1,1,1,1,1,1,1,4,4,4,4,1,1,1,1,1,1,1,1,1,1,1,1,3,3,3,3,1,1,1,1,1,1,1,1,1,1,1,1
471,Matale,1,2,5,2,4,3,3,4,2,2,2,2,4,4,4,4,1,1,1,1,1,1,1,1,1,1,1,1,1,1,1,1,4,4,4,4,1,1,1,1,1,1,1,1,1,1,1,1,3,1,1,1,1,1,1,1,1,1,1,1,4,4,4,4,1,1,1,1,1,1,1,1,1,1,1,1,1,1,1,1,1,1,1,1,1,1,1,1,1,1,1,1,1,1,1,1,4,1,1,1,3,3,3,3,1,1,1,1,1,1,1,1,4,4,4,4,1,1,1,1,1,1,1,1,1,1,1,1,1,1,1,1,1,1,1,1,1,1,1,1,1,1,1,1,1,1,1,1,1,1,1,1,1,1,1,1,4,1,1,1,1,1,1,1,1,1,1,1,1,1,1,1
472,Gampaha,1,2,4,2,4,1,10,10,3,2,2,2,4,4,4,4,1,1,1,1,1,1,1,1,1,1,1,1,2,3,3,2,2,2,2,2,1,1,1,1,3,3,3,3,1,1,1,1,1,1,1,1,1,1,1,1,1,1,1,1,4,4,4,4,1,1,1,1,1,1,1,1,1,1,1,1,2,1,1,1,2,1,1,1,3,1,1,2,4,4,4,4,1,1,1,1,3,3,3,3,1,1,1,1,1,1,1,1,2,2,2,2,1,3,3,3,4,1,1,2,1,1,1,1,1,1,1,1,4,4,4,4,1,1,1,1,1,1,1,1,1,1,1,1,1,1,1,1,1,1,1,1,1,3,3,3,1,1,1,1,1,1,1,1,1,1,1,1,1,1,1,1
475,Kaluthara,1,2,2,2,4,1,2,9,3,3,3,3,4,4,4,4,1,1,1,1,1,1,1,1,1,1,1,1,1,1,1,1,1,3,3,3,1,1,1,1,1,1,1,1,3,1,1,1,4,4,4,4,1,1,1,1,1,1,1,1,4,4,4,4,1,1,1,1,1,1,1,1,2,1,1,1,3,1,1,1,1,1,1,1,1,1,1,1,1,1,1,1,1,1,1,1,1,1,1,1,4,4,4,4,4,4,4,4,1,1,1,1,1,1,1,1,4,4,4,4,1,1,1,1,1,1,1,1,1,1,1,1,1,1,1,1,1,1,1,1,1,1,1,1,1,1,1,1,1,1,1,1,1,1,1,1,4,4,4,4,1,1,1,1,1,1,1,1,1,1,1,1
476,Gampaha,1,2,4,2,5,1,3,3,3,2,2,2,2,2,2,2,1,1,1,1,3,2,4,4,1,2,2,2,1,2,2,3,1,1,1,1,1,1,1,1,1,1,1,1,2,1,1,1,4,2,4,4,2,2,2,2,1,1,1,1,4,4,4,4,1,1,1,1,1,1,1,1,1,1,1,1,2,1,1,1,1,1,1,1,1,1,1,1,4,2,4,4,1,1,1,1,2,2,2,2,1,1,1,1,1,1,1,1,1,1,1,1,1,1,1,1,4,2,3,3,1,3,2,2,1,1,1,1,4,2,3,3,1,1,1,1,1,2,3,3,1,1,1,1,1,1,1,1,1,1,1,1,1,1,1,1,4,4,4,4,2,2,2,2,1,1,1,1,1,1,1,1
477,Kaluthara,1,2,4,2,3,1,3,10,3,3,3,3,4,4,4,4,1,1,1,1,4,1,1,1,1,1,1,1,3,2,1,1,1,1,1,1,1,1,1,1,1,1,1,1,1,1,1,1,1,1,1,1,4,4,4,4,4,4,4,4,1,1,1,1,4,4,4,4,1,1,1,1,2,1,1,1,2,2,1,1,2,1,1,1,2,1,1,1,1,1,1,1,1,1,1,1,1,1,1,1,4,4,4,4,4,4,4,4,1,1,1,1,1,3,1,1,4,4,4,4,1,1,1,1,1,1,1,1,3,1,3,3,1,1,1,1,1,1,1,1,4,4,4,4,1,1,1,1,1,1,1,1,1,1,1,1,4,4,4,4,1,1,1,1,1,1,1,1,1,1,1,1
478,Kaluthara,1,2,4,2,4,1,3,4,3,3,3,3,4,4,4,4,1,1,1,1,1,1,1,1,1,1,1,1,1,1,1,1,2,1,1,1,1,1,1,1,1,1,1,1,3,1,1,1,4,4,4,4,1,1,1,1,1,1,1,1,4,4,4,4,1,1,1,1,1,1,1,1,2,1,1,1,2,1,1,1,2,1,1,1,1,1,1,1,1,1,1,1,1,1,1,1,1,1,1,1,1,1,1,1,4,4,4,4,4,4,4,4,1,1,1,1,4,4,4,4,1,1,1,1,1,1,1,1,1,1,1,1,1,1,1,1,1,1,1,1,1,1,1,1,1,1,1,1,1,1,1,1,1,1,1,1,4,4,4,4,1,1,1,1,1,1,1,1,1,1,1,1
479,Kaluthara,1,2,3,2,5,1,10,4,3,3,3,3,4,4,4,4,4,1,1,1,2,2,2,2,2,2,2,2,1,1,1,1,2,2,2,2,1,1,1,1,1,1,1,1,1,1,1,1,4,1,1,1,1,1,1,1,1,1,1,1,4,4,4,4,4,4,4,4,3,4,4,4,2,1,1,1,1,1,1,1,3,1,1,1,3,1,1,1,1,1,1,1,1,1,1,1,2,1,1,1,4,4,4,4,1,1,1,1,2,2,2,2,1,2,2,2,4,2,2,2,1,1,1,1,1,1,1,1,1,1,1,1,1,1,1,1,2,1,1,1,4,4,4,4,1,1,1,1,1,1,1,1,2,2,2,2,4,4,4,4,4,4,4,4,2,2,2,2,1,1,1,1
481,Ampara,1,2,2,2,4,3,7,3,2,1,1,2,3,1,2,3,3,1,2,3,2,1,2,2,2,1,2,2,2,1,2,2,2,1,2,2,1,1,1,1,2,1,2,2,2,1,2,2,2,1,1,2,2,1,2,2,1,1,1,1,2,2,2,2,2,2,2,2,1,1,1,1,2,1,2,2,2,1,1,1,2,1,2,2,2,1,1,2,1,1,1,1,1,1,1,1,1,1,1,1,4,2,3,4,1,1,1,1,1,1,1,1,1,1,1,1,3,1,2,3,1,1,1,1,1,1,1,1,1,1,1,1,1,1,1,1,1,1,1,1,3,2,4,4,1,1,1,1,1,1,1,1,1,1,1,1,1,1,1,1,1,1,1,1,1,1,1,1,1,1,1,1
482,Matale,1,2,4,2,4,2,2,9,3,2,2,2,4,4,4,4,1,1,1,1,1,1,1,1,1,1,1,1,1,1,1,1,1,1,1,1,1,1,1,1,1,1,1,1,1,1,1,1,3,1,1,2,1,1,1,1,1,1,1,1,1,1,1,1,4,4,3,3,1,1,1,1,1,1,1,1,1,1,1,1,1,1,1,1,1,1,1,1,4,1,3,4,1,1,1,1,1,1,1,1,1,1,1,1,1,1,1,1,1,1,1,1,1,1,1,1,4,2,2,3,1,1,1,1,1,1,1,1,1,1,1,1,1,1,1,1,1,1,1,1,4,2,2,3,1,1,1,1,1,1,1,1,1,1,1,1,4,2,2,2,1,1,1,1,1,1,1,1,1,1,1,1
484,Kandy,1,2,5,2,4,3,7,3,4,3,4,4,3,2,2,1,4,2,3,4,3,2,2,3,1,1,1,1,4,1,3,4,1,1,1,1,1,1,1,1,1,1,1,1,4,1,2,2,3,2,2,3,4,2,2,4,1,1,1,1,2,1,2,2,1,1,1,1,2,2,2,2,2,1,1,2,4,3,3,3,2,2,2,3,2,2,2,2,1,1,1,1,1,1,1,1,1,1,1,1,4,2,3,3,1,1,1,1,1,1,1,1,1,1,1,1,4,2,2,4,1,1,1,1,1,1,1,1,1,1,1,1,1,1,1,1,1,1,1,1,4,2,4,4,1,1,1,1,1,1,1,1,1,1,1,1,1,1,1,1,1,1,1,1,1,1,1,1,1,1,1,1
485,Kandy,2,1,6,3,1,2,10,10,2,1,1,2,2,1,2,2,2,1,2,2,2,1,1,1,1,2,2,2,1,1,1,1,2,1,1,1,1,1,1,1,1,1,1,1,2,1,1,1,2,1,1,1,2,1,1,1,1,1,1,1,2,1,1,1,2,2,2,2,1,1,1,1,2,1,1,1,2,1,1,1,2,1,1,1,2,1,1,1,1,1,1,1,1,1,1,1,1,1,1,1,1,1,1,1,1,1,1,1,1,1,1,1,1,1,1,1,1,1,1,1,1,1,1,1,1,1,1,1,1,1,1,1,1,1,1,1,1,1,1,1,1,1,1,1,1,1,1,1,1,1,1,1,1,1,1,1,1,1,1,1,1,1,1,1,1,1,1,1,1,1,1,1
487,Kandy,2,1,3,2,1,2,10,9,2,2,2,2,2,1,1,1,2,1,1,1,2,1,1,1,2,3,1,2,1,1,1,1,2,1,1,1,1,1,1,1,1,1,1,1,2,2,2,2,2,2,2,2,2,2,2,2,1,1,1,1,2,2,1,1,2,2,2,2,1,2,1,2,2,1,1,1,2,1,1,1,2,1,1,1,2,2,2,2,1,1,1,1,1,1,1,1,1,1,1,1,1,1,1,1,1,1,1,1,1,1,1,1,1,1,1,1,1,1,1,1,1,1,1,1,1,1,1,1,1,1,1,1,1,1,1,1,1,1,1,1,1,1,1,1,1,1,1,1,1,1,1,1,1,1,1,1,1,1,1,1,1,1,1,1,1,1,1,1,1,1,1,1
488,Kandy,1,2,1,2,5,3,7,3,3,2,3,3,4,2,2,2,4,2,3,3,2,2,2,2,1,1,1,1,1,1,1,1,2,2,2,2,1,1,1,1,1,2,1,1,3,2,3,2,2,2,2,2,2,2,2,2,1,1,1,1,1,2,3,3,3,2,3,4,2,2,2,3,1,1,1,1,1,1,1,1,1,1,1,1,1,1,1,1,1,1,1,1,1,1,1,1,1,1,1,1,4,2,3,4,1,1,1,1,1,1,1,1,1,1,1,1,4,2,3,4,1,1,1,1,1,1,1,1,1,1,1,1,1,1,1,1,1,1,1,1,4,2,3,4,1,1,1,1,1,1,1,1,1,1,1,1,1,1,1,1,1,1,1,1,1,1,1,1,1,1,1,1
491,Ampara,1,2,4,2,5,3,1,10,4,4,4,4,4,1,3,3,4,1,3,4,4,1,3,4,2,1,2,3,2,1,1,2,2,1,2,2,1,1,1,1,2,1,1,2,3,1,4,4,3,2,4,4,4,1,2,3,1,1,1,1,3,2,3,4,3,2,2,3,2,2,2,2,2,1,2,2,3,1,2,2,4,1,2,2,2,1,2,2,1,1,1,1,1,1,1,1,1,1,1,1,4,1,2,3,1,1,1,1,1,1,1,1,1,1,1,1,4,1,1,4,1,1,1,1,1,1,1,1,1,1,1,1,1,1,1,1,1,1,1,1,3,2,2,4,1,1,1,1,1,1,1,1,1,1,1,1,1,1,1,1,1,1,1,1,1,1,1,1,1,1,1,1
492,Kandy,1,2,1,2,4,3,3,3,2,1,1,2,4,2,3,4,4,2,3,3,2,1,1,2,1,2,2,2,1,1,1,1,2,1,2,1,1,1,1,1,2,2,2,2,3,2,2,2,2,1,1,2,2,1,1,2,1,1,1,1,2,2,2,2,2,2,3,2,1,1,1,1,1,1,1,1,3,1,1,1,2,1,1,2,2,4,4,4,4,1,1,2,1,1,1,1,2,2,2,2,1,1,1,1,1,1,1,1,1,1,1,1,1,1,1,1,4,2,2,4,1,1,1,1,1,1,1,1,4,1,1,3,1,1,1,1,2,2,2,2,1,1,1,1,1,1,1,1,1,1,1,1,1,1,1,1,1,1,1,1,1,1,1,1,1,1,1,1,1,1,1,1
493,Kaluthara,1,2,4,2,4,3,9,10,2,1,1,1,4,4,4,4,1,1,1,1,1,1,1,1,1,1,1,1,1,1,1,1,1,1,1,1,1,1,1,1,1,2,2,2,2,1,1,1,2,1,1,1,1,1,1,1,1,1,1,1,1,1,1,1,1,1,1,1,1,1,1,1,1,1,1,1,1,1,1,1,1,1,1,1,2,1,1,1,2,1,1,1,1,1,1,1,4,4,4,4,1,1,1,1,1,1,1,1,2,2,2,2,1,1,1,1,4,4,4,4,1,1,1,1,1,1,1,1,1,1,1,1,1,1,1,1,2,2,2,2,1,1,1,1,3,3,3,3,3,3,3,3,1,1,1,1,4,4,4,4,1,1,1,1,1,1,1,1,1,1,1,1
494,Kaluthara,1,2,3,2,5,3,1,2,3,3,3,3,3,3,3,3,1,1,1,1,1,1,1,1,1,2,2,2,1,1,1,1,1,1,1,1,1,1,1,1,1,1,1,1,1,1,1,1,2,2,2,2,1,1,1,1,1,1,1,1,3,3,3,3,2,2,2,2,1,1,1,1,1,1,1,1,1,1,1,1,1,1,1,1,3,1,1,1,3,2,2,2,1,1,1,1,3,3,3,3,1,1,1,1,1,1,1,1,2,2,2,2,1,1,1,1,4,2,2,3,1,1,1,1,1,1,1,1,4,3,3,3,1,1,1,1,1,1,1,1,1,1,1,1,1,1,1,1,1,1,1,1,1,1,1,1,1,1,1,1,4,4,4,4,1,1,1,1,1,1,1,1
495,Kaluthara,1,1,2,2,6,3,3,2,2,2,2,2,2,2,2,2,1,1,1,1,4,3,4,4,1,3,2,2,1,1,1,1,1,1,1,1,1,1,1,1,3,3,3,3,1,1,1,1,1,1,1,1,1,1,1,1,1,1,1,1,3,3,3,3,1,1,1,1,3,3,3,3,1,1,1,1,2,1,1,1,2,1,1,1,2,1,1,1,2,2,2,2,1,1,1,1,3,3,3,3,1,1,1,1,1,1,1,1,3,3,3,3,4,4,4,4,1,1,1,1,1,1,1,1,1,1,1,1,1,1,1,1,1,1,1,1,1,1,1,1,1,1,1,1,1,1,1,1,1,1,1,1,4,4,4,4,3,3,3,3,1,1,1,1,1,1,1,1,1,1,1,1
497,Kaluthara,1,2,3,2,4,1,3,3,3,2,2,2,3,3,3,3,1,1,1,1,1,1,1,1,1,3,1,1,1,1,1,1,1,2,2,1,1,1,1,1,3,3,3,3,1,1,1,1,1,1,1,1,1,1,1,1,1,1,1,1,3,3,3,3,1,1,1,1,1,1,1,1,1,1,1,1,3,1,1,1,3,1,1,1,2,1,2,2,2,2,2,2,1,1,1,1,1,1,1,1,4,4,4,4,1,1,1,1,2,2,2,2,1,1,1,1,4,4,4,4,1,1,1,1,1,1,1,1,1,1,1,1,1,1,1,1,1,1,1,1,4,4,4,4,1,1,1,1,1,1,1,1,1,2,2,2,4,4,4,4,1,1,1,1,1,1,1,1,1,1,1,1
498,Kaluthara,1,2,3,2,4,1,7,10,3,3,3,5,4,4,4,4,1,1,1,1,3,3,3,3,1,1,1,1,1,1,1,1,1,1,1,1,1,1,1,1,1,1,1,1,1,1,1,1,4,4,4,4,1,1,1,1,1,1,1,1,4,4,4,4,1,1,1,1,1,1,1,1,2,1,1,1,2,1,1,1,1,1,1,1,1,1,1,1,1,1,1,1,1,1,1,1,1,1,1,1,4,4,4,4,3,3,3,3,1,1,1,1,4,4,4,4,4,4,4,4,1,1,1,1,1,1,1,1,1,1,1,1,1,1,1,1,1,1,1,1,1,1,1,1,1,1,1,1,4,4,4,4,4,4,4,4,2,4,4,4,4,4,4,4,1,1,1,1,1,1,1,1
499,Ampara,1,2,3,2,5,3,1,2,3,3,3,3,1,1,2,2,3,1,2,2,3,1,2,2,3,1,2,2,1,1,1,1,2,1,2,2,1,1,1,1,2,1,2,2,3,1,2,2,2,1,1,2,2,1,2,2,1,1,1,1,2,2,2,2,2,2,2,2,1,1,1,1,2,1,2,2,1,1,1,1,1,1,1,1,1,1,1,1,1,1,1,1,1,1,1,1,1,1,1,1,4,2,3,4,1,1,1,1,1,1,1,1,1,2,2,1,4,1,2,4,1,1,1,1,1,1,1,1,1,1,1,1,1,1,1,1,1,1,1,1,4,2,3,4,1,1,1,1,1,1,1,1,1,3,3,1,1,1,1,1,1,1,1,1,1,1,1,1,1,1,1,1
500,Matale,1,2,3,2,7,1,1,2,5,5,5,5,1,1,1,1,4,2,3,4,1,1,1,1,1,3,2,1,1,1,1,1,1,1,1,1,1,1,1,1,1,1,1,1,1,1,1,1,3,1,2,2,1,1,1,1,1,1,1,1,3,3,3,3,1,1,1,1,2,3,4,4,1,1,1,1,2,1,1,1,1,1,1,1,1,1,1,1,4,1,1,3,1,1,1,1,1,1,1,1,4,1,1,3,1,1,1,1,1,1,1,1,1,4,4,3,4,1,1,3,1,1,1,1,1,1,1,1,4,1,1,3,1,4,4,2,1,1,1,1,4,1,1,3,1,1,1,1,1,1,1,1,1,1,1,1,1,1,1,1,1,1,1,3,1,1,1,1,4,2,2,3
501,Kaluthara,1,2,2,2,5,1,10,10,3,3,3,3,3,3,3,3,2,1,1,1,2,2,2,2,1,3,2,1,1,1,1,1,1,2,1,1,1,1,1,1,3,3,3,3,1,1,1,1,1,1,1,1,1,1,1,1,2,2,2,2,3,3,3,3,1,1,1,2,1,1,1,1,2,2,2,2,3,1,1,1,3,1,1,1,2,1,1,1,3,3,3,3,1,1,1,1,2,2,2,2,1,1,1,1,1,1,1,1,2,2,2,2,1,1,1,1,4,4,4,4,1,1,1,1,1,1,1,1,1,1,1,1,4,4,4,4,1,1,1,1,1,1,1,1,1,1,1,1,1,1,1,1,1,2,2,1,4,1,1,1,1,1,1,1,1,1,1,1,1,1,1,1
502,Kaluthara,3,1,3,2,4,1,10,10,2,1,1,2,4,4,4,4,1,1,1,1,1,1,1,1,1,2,2,1,1,3,3,1,3,2,2,2,1,1,1,1,1,1,1,1,3,1,1,1,3,2,2,2,1,1,1,1,3,3,3,3,3,3,3,3,1,1,1,1,1,1,1,1,3,3,3,3,1,1,1,1,1,1,1,1,3,1,1,1,1,1,1,1,1,1,1,1,1,1,1,1,4,4,4,4,1,1,1,1,2,2,2,2,1,1,1,1,4,4,4,4,1,1,1,1,1,1,1,1,1,1,1,1,1,1,1,1,1,1,1,1,3,1,1,3,1,1,1,1,2,1,1,2,1,1,1,1,4,4,4,4,1,1,1,1,1,1,1,1,1,1,1,1
503,Batticaloa,1,2,3,2,5,2,10,3,2,2,2,2,3,1,2,2,2,1,2,2,2,1,1,2,2,1,1,2,1,1,1,1,2,1,2,2,1,1,1,1,2,2,2,2,2,1,2,2,1,1,1,1,2,1,1,1,2,2,2,2,1,1,1,1,1,1,1,1,1,1,1,1,1,1,1,1,2,1,1,1,2,1,1,1,2,1,1,1,1,1,1,1,1,1,1,1,1,1,1,1,4,1,2,4,1,1,1,1,1,1,1,1,4,1,3,3,1,1,1,1,1,1,1,1,1,1,1,1,1,1,1,1,1,1,1,1,1,1,1,1,4,1,4,4,1,1,1,1,1,1,1,1,4,1,2,3,1,1,1,1,1,1,1,1,1,1,1,1,1,1,1,1
504,Kaluthara,1,2,3,2,4,1,3,10,3,3,3,3,2,2,2,2,1,1,1,1,4,4,4,4,1,1,1,1,1,1,1,1,1,1,1,1,1,1,1,1,1,1,1,1,2,1,1,1,4,4,4,4,1,1,1,1,1,1,1,1,4,4,4,4,1,1,1,1,1,1,1,1,2,2,2,2,1,1,1,1,1,1,1,1,1,1,1,1,4,4,4,4,1,1,1,1,1,1,1,1,1,1,1,1,1,1,1,1,4,4,4,4,1,1,1,1,4,4,4,4,1,1,1,1,1,1,1,1,4,4,4,4,1,1,1,1,1,1,1,1,1,1,1,1,1,1,1,1,4,4,4,4,1,3,3,3,4,2,2,3,1,1,1,1,1,1,1,1,1,1,1,1
506,Gampaha,1,2,3,2,4,1,3,4,3,2,2,2,4,4,4,3,1,1,1,1,1,1,1,1,1,1,1,1,1,1,1,1,1,1,1,1,1,1,1,2,1,1,1,1,1,1,1,1,4,4,4,4,1,1,1,1,1,1,1,1,1,1,1,1,1,1,1,1,1,1,1,1,1,1,1,1,1,1,1,1,1,1,1,1,1,1,1,1,4,4,4,4,1,1,1,1,1,1,1,1,1,1,1,1,1,1,1,1,1,1,1,1,1,1,1,1,4,4,4,4,1,1,1,1,1,1,1,1,4,4,4,4,1,1,1,1,1,1,1,1,1,1,1,1,1,1,1,1,1,1,1,2,1,1,1,1,4,4,4,4,1,1,1,1,1,1,1,1,1,1,1,1
508,Batticaloa,1,2,4,2,4,2,7,3,2,2,2,2,4,2,4,4,4,1,2,4,3,2,4,4,4,2,2,4,3,1,1,4,2,1,1,2,1,1,1,1,2,1,1,2,2,1,2,2,2,1,1,1,4,1,2,2,1,1,1,1,3,2,2,3,2,2,3,2,1,1,1,1,2,2,2,2,2,1,2,2,2,1,2,2,2,1,2,2,1,1,1,1,1,1,1,1,1,1,1,1,3,2,3,4,1,1,1,1,1,1,1,1,4,3,4,4,1,1,1,1,1,1,1,1,1,1,1,1,1,1,1,1,1,1,1,1,1,1,1,1,4,2,3,4,1,1,1,1,1,1,1,1,4,2,3,4,1,1,1,1,1,1,1,1,1,1,1,1,1,1,1,1
510,Gampaha,1,2,4,2,4,1,10,10,2,1,1,1,4,4,4,4,1,1,1,1,1,1,1,1,2,2,2,2,1,1,1,1,1,1,1,1,1,1,1,1,2,2,2,2,1,1,1,1,2,1,1,1,1,1,1,1,1,1,1,1,1,1,1,1,1,1,1,1,1,1,1,1,2,1,1,1,2,1,1,1,2,1,1,1,2,1,1,1,2,1,1,1,1,1,1,1,2,2,2,2,1,1,1,1,4,4,4,4,2,2,2,2,1,1,1,1,4,4,4,4,1,1,1,1,1,1,1,1,2,1,1,1,1,1,1,1,2,1,1,1,1,1,1,1,3,3,3,3,2,2,2,2,1,1,1,1,4,4,4,4,3,3,3,3,2,2,2,2,1,1,1,1
511,Batticaloa,1,2,4,2,4,2,10,3,2,1,2,2,2,1,2,2,2,1,1,2,2,1,2,2,2,1,1,2,1,1,1,1,2,1,1,2,1,1,1,1,2,2,2,2,2,1,1,1,1,1,1,1,2,1,1,2,1,1,1,1,2,2,2,2,2,1,2,2,1,1,1,1,2,1,1,2,2,1,1,1,2,1,1,2,2,1,1,2,1,1,1,1,1,1,1,1,1,1,1,1,4,2,3,4,1,1,1,1,1,1,1,1,4,2,3,4,4,1,2,2,1,1,1,1,1,1,1,1,1,1,1,1,1,1,1,1,1,1,1,1,4,2,3,4,1,1,1,1,1,1,1,1,4,2,3,4,1,1,1,1,1,1,1,1,1,1,1,1,1,1,1,1
513,Colombo,1,2,4,3,4,1,8,1,5,5,5,5,3,3,3,3,3,3,3,3,2,2,2,2,1,3,1,1,2,2,2,2,1,1,1,1,1,1,1,1,2,2,2,2,2,1,1,1,2,2,2,2,1,1,1,1,1,1,1,1,3,3,3,3,3,3,3,3,3,3,3,3,1,1,1,1,3,1,1,1,3,1,1,1,3,1,1,1,2,2,2,2,1,1,1,1,2,2,2,2,3,3,3,3,2,2,2,2,2,2,2,2,1,1,1,1,4,4,4,4,1,1,1,1,1,1,1,1,1,1,1,1,1,1,1,1,1,1,1,1,4,4,4,4,1,1,1,1,1,1,1,1,1,2,2,2,3,3,3,3,1,1,1,1,1,1,1,1,1,1,1,1
514,Batticaloa,1,2,3,2,4,2,9,10,2,1,1,1,3,1,2,2,1,1,1,1,1,1,1,1,2,1,1,2,1,1,1,1,1,1,1,1,1,1,1,1,1,1,1,1,1,1,1,1,1,1,1,1,2,1,1,2,1,1,1,1,1,1,1,1,2,1,2,2,1,1,1,1,1,1,1,1,1,1,1,1,1,1,1,1,4,1,2,2,4,1,2,2,1,1,1,1,2,1,1,2,1,1,1,1,3,1,1,2,3,1,2,2,1,1,1,1,4,1,2,2,1,1,1,1,1,1,1,1,3,1,1,2,1,1,1,1,1,1,1,1,1,1,1,1,3,1,2,2,3,1,1,2,1,1,1,1,4,1,2,2,1,1,1,1,1,1,1,1,1,1,1,1
515,Kaluthara,2,2,4,2,4,1,1,6,3,3,3,3,4,4,4,4,1,1,1,1,1,1,1,1,1,1,1,1,1,2,2,1,2,1,1,1,1,1,1,1,1,1,1,1,1,1,1,1,3,2,2,2,1,1,1,1,1,1,1,1,3,3,3,3,1,1,1,1,1,1,1,1,1,1,1,1,3,1,1,1,2,1,1,1,3,1,1,1,3,1,1,1,3,1,1,1,2,2,2,2,3,3,3,3,3,3,3,3,2,1,1,1,1,1,1,1,4,4,4,4,1,1,1,1,1,1,1,1,1,1,1,1,1,1,1,1,1,1,1,1,4,4,4,4,1,1,1,1,1,1,1,1,1,1,1,1,4,4,4,4,1,1,1,1,1,1,1,1,1,1,1,1
516,Batticaloa,3,2,1,1,5,3,9,10,2,1,1,1,3,1,2,2,1,1,1,1,2,1,1,2,3,1,1,2,1,1,1,1,1,1,1,1,1,1,1,1,1,1,1,1,1,1,1,1,1,1,1,1,3,1,1,2,1,1,1,1,1,1,1,1,2,1,1,2,1,1,1,1,1,1,1,1,2,1,1,1,2,1,1,1,4,1,2,2,2,1,1,2,1,1,1,1,2,1,1,1,1,1,1,1,4,1,1,2,3,1,1,3,1,1,1,1,4,1,1,2,1,1,1,1,1,1,1,1,3,1,1,2,1,1,1,1,2,1,1,1,1,1,1,1,3,1,1,2,2,1,1,3,1,1,1,1,4,1,1,2,1,1,1,1,1,1,1,1,1,1,1,1
518,Colombo,1,2,4,2,5,2,3,10,2,1,1,2,2,2,1,2,2,1,1,2,2,1,2,1,2,2,2,2,1,1,1,1,2,1,1,1,1,2,1,1,1,1,1,1,1,1,1,1,2,1,1,1,1,1,2,1,1,1,1,1,1,1,1,1,2,2,2,2,1,1,1,1,2,1,1,1,1,1,1,1,2,1,1,1,2,1,2,2,2,1,1,1,1,1,1,1,2,1,1,2,1,1,1,1,1,1,1,1,3,3,3,3,1,1,2,2,3,3,3,3,1,1,1,1,1,1,1,1,1,1,1,1,1,1,1,1,1,1,1,1,1,1,1,1,1,1,1,1,1,1,1,1,2,2,2,2,1,1,1,2,1,1,1,1,1,1,1,1,1,1,1,1
520,Kandy,1,2,4,2,4,1,3,10,3,2,2,2,3,3,3,2,1,1,1,1,3,3,3,3,2,2,2,2,1,1,1,1,1,1,1,1,1,1,1,1,1,1,1,1,1,1,1,1,3,3,4,3,1,1,1,1,3,3,3,3,1,1,1,1,1,1,1,1,1,1,1,1,1,1,1,1,2,1,1,1,2,1,1,1,2,1,1,1,3,1,1,3,1,1,1,1,3,3,3,3,1,1,1,1,1,1,1,1,2,2,2,2,1,1,1,1,1,1,1,1,4,4,4,4,1,1,1,1,1,1,1,1,1,1,1,1,1,1,1,1,1,1,1,1,1,1,1,1,4,4,4,4,1,3,3,1,3,3,3,3,1,1,1,1,1,1,1,1,1,1,1,1
521,Kandy,1,2,5,2,4,1,10,10,3,2,2,2,4,3,3,4,1,1,1,1,1,1,1,1,1,4,2,1,1,1,1,1,2,1,1,2,1,1,1,1,1,1,1,1,1,1,1,1,2,1,1,2,1,1,1,1,1,1,1,1,3,4,4,4,1,1,1,1,1,1,1,1,3,1,1,1,1,1,1,1,1,1,1,1,1,1,1,1,4,2,2,4,1,1,1,1,1,1,1,1,2,2,2,2,1,1,1,1,1,1,1,1,1,1,1,1,4,1,1,4,1,1,1,1,1,1,1,1,1,1,1,1,4,1,1,4,1,1,1,1,1,1,1,1,1,1,1,1,1,1,1,1,1,1,1,1,4,1,1,4,1,1,1,1,1,1,1,1,1,1,1,1
522,Kaluthara,1,2,3,2,7,1,1,10,5,5,5,5,2,2,2,2,3,3,3,3,2,1,2,2,1,2,2,1,2,2,2,2,1,1,1,1,1,1,1,1,3,3,3,3,1,1,1,1,2,2,2,2,1,1,1,1,1,1,1,1,3,3,3,3,3,3,3,3,1,1,1,1,1,1,1,1,3,1,1,1,3,1,1,1,3,1,1,1,2,2,2,3,1,1,1,1,1,1,1,3,4,4,4,4,1,1,1,1,2,2,1,1,1,1,1,1,4,4,4,2,1,1,1,4,1,1,1,1,4,4,4,4,1,1,1,1,1,1,1,1,1,1,1,1,1,1,1,1,1,1,1,1,1,2,2,2,3,3,3,3,1,1,1,1,1,1,1,1,1,1,1,1
526,Batticaloa,1,2,3,2,3,3,10,10,3,1,1,2,2,1,2,2,3,1,1,2,2,1,1,2,3,1,2,2,2,1,1,1,2,1,2,2,1,1,1,1,2,1,2,2,4,1,2,2,2,1,1,1,2,1,1,2,2,1,1,1,3,1,2,2,2,2,2,2,1,1,1,1,2,1,2,2,2,1,1,1,2,1,1,2,2,1,1,1,1,1,1,1,1,1,1,1,1,1,1,1,4,1,2,3,1,1,1,1,1,1,1,1,1,1,1,1,4,1,2,4,1,1,1,1,1,1,1,1,1,1,1,1,1,1,1,1,1,1,1,1,3,1,2,3,1,1,1,1,1,1,1,1,1,1,1,1,1,1,1,1,1,1,1,1,1,1,1,1,1,1,1,1
528,Batticaloa,1,2,2,2,4,3,10,10,3,1,1,2,4,1,2,3,3,1,2,2,3,1,2,3,3,1,3,2,1,1,1,1,3,1,2,3,1,1,1,1,2,2,2,2,2,1,2,2,1,1,1,1,1,1,1,1,1,1,1,1,1,1,1,1,1,1,1,1,1,1,1,1,2,1,2,2,2,1,1,1,2,1,1,1,2,2,2,2,1,1,1,1,1,1,1,1,1,1,1,1,4,1,2,4,1,1,1,1,1,1,1,1,1,1,1,1,4,1,2,4,1,1,1,1,1,1,1,1,1,1,1,1,1,1,1,1,1,1,1,1,4,1,2,2,1,1,1,1,1,1,1,1,1,1,1,1,1,1,1,1,1,1,1,1,1,1,1,1,1,1,1,1
529,Kandy,1,1,4,3,5,1,10,3,2,1,1,2,4,4,4,4,1,1,1,1,1,1,1,1,1,3,2,1,2,2,2,2,1,1,1,1,1,1,1,1,1,1,1,1,1,1,1,1,2,1,1,2,1,1,1,1,4,1,1,2,3,4,4,4,1,1,1,1,1,1,1,1,4,3,3,3,1,1,1,1,1,1,1,1,1,1,1,1,4,1,1,2,1,1,1,1,1,1,1,1,4,2,2,3,1,1,1,1,1,1,1,1,1,1,1,1,4,1,1,4,1,1,1,1,1,1,1,1,1,1,1,1,1,1,1,1,1,1,1,1,1,1,1,1,1,1,1,1,1,1,1,1,1,1,1,1,1,1,1,1,4,1,1,3,1,1,1,1,1,1,1,1
530,Kaluthara,2,1,2,2,5,1,10,10,3,1,1,1,3,2,2,3,1,1,1,1,1,1,1,1,2,2,2,2,1,1,1,1,1,1,1,1,1,1,1,1,1,1,1,1,2,1,1,1,1,1,1,1,1,1,1,1,2,1,1,1,1,1,1,1,1,1,1,1,1,1,1,1,1,1,1,1,1,1,1,1,1,1,1,1,1,1,1,2,2,1,1,1,1,1,1,1,2,1,1,1,3,1,1,1,1,1,1,1,4,4,4,4,1,1,1,1,3,1,1,1,1,1,1,1,1,1,1,1,1,1,1,1,1,1,3,1,1,3,2,1,3,1,2,1,1,1,1,1,1,1,1,1,1,1,1,1,3,1,1,2,1,1,1,1,1,1,2,2,1,1,1,1
532,Batticaloa,2,1,2,2,4,3,10,10,2,2,2,2,4,1,2,2,3,1,2,2,2,1,1,2,2,1,2,2,1,1,1,2,2,1,2,2,1,1,1,1,2,1,1,1,2,1,2,2,2,1,1,1,2,1,2,2,1,1,1,1,2,2,2,2,2,2,2,2,1,1,1,1,2,1,2,2,2,1,1,2,2,1,1,2,2,1,1,2,1,1,1,1,1,1,1,1,1,1,1,1,1,1,1,1,2,2,2,2,1,1,1,1,1,1,1,1,1,1,1,1,1,1,1,1,1,1,1,1,1,1,1,1,1,1,1,1,1,1,1,1,1,1,1,1,4,2,2,3,1,1,1,1,1,1,1,1,1,1,1,1,1,1,1,1,1,1,1,1,1,1,1,1
535,Gampaha,1,2,3,2,4,1,10,10,2,1,1,1,3,2,2,2,1,1,1,1,1,1,1,1,1,2,2,2,1,1,1,1,1,1,1,1,1,1,1,1,2,3,3,3,2,1,1,1,3,1,1,1,1,1,1,1,2,1,1,1,3,3,3,3,4,3,3,3,1,1,1,1,2,1,1,1,2,1,1,1,2,1,1,1,2,1,1,1,2,1,1,1,1,1,1,1,2,2,2,2,4,4,4,4,4,4,4,4,4,4,4,4,1,1,1,1,4,4,4,4,1,1,1,1,1,1,1,1,1,1,1,1,1,1,1,1,1,1,1,1,4,4,4,4,4,4,4,4,2,2,2,2,1,1,1,1,4,4,4,4,3,3,3,3,1,1,1,1,1,1,1,1
538,Batticaloa,1,2,3,2,4,3,10,10,3,1,2,2,4,1,2,4,3,1,2,2,3,1,3,3,4,1,2,3,1,1,1,1,2,1,2,2,1,1,1,1,2,1,2,2,4,1,3,2,1,1,1,1,1,1,1,1,1,1,1,1,1,1,1,1,2,2,2,2,1,1,1,1,2,1,2,2,2,1,1,1,2,1,2,2,2,1,1,2,1,1,1,1,1,1,1,1,1,1,1,1,4,2,3,3,1,1,1,1,1,1,1,1,1,1,1,1,4,1,2,4,1,1,1,1,1,1,1,1,1,1,1,1,1,1,1,1,1,1,1,1,4,2,3,4,1,1,1,1,1,1,1,1,1,1,1,1,1,1,1,1,1,1,1,1,1,1,1,1,1,1,1,1
541,Gampaha,1,2,3,2,4,1,3,8,3,2,2,2,3,3,3,3,2,2,2,2,2,2,2,2,1,2,2,2,1,1,1,1,1,1,1,1,1,1,1,1,2,2,2,2,2,1,1,1,3,1,1,1,1,1,1,1,1,1,1,1,3,3,3,3,3,3,3,3,1,1,1,1,2,1,1,1,2,1,1,1,2,1,1,1,2,1,1,1,2,1,1,1,1,1,1,1,2,2,2,2,3,3,3,3,2,2,2,2,1,1,1,1,1,1,1,1,4,4,4,4,1,1,1,1,1,1,1,1,2,1,1,1,1,1,1,1,2,2,2,2,3,3,3,3,1,1,1,1,1,1,1,1,1,1,1,1,3,3,3,3,2,2,2,2,1,1,1,1,1,1,1,1
542,Kurunegala,1,2,3,2,4,1,3,9,3,3,3,3,3,4,3,3,2,1,2,3,1,1,1,1,1,1,1,1,1,1,1,1,1,1,1,1,1,1,1,1,1,1,1,1,1,1,1,1,3,2,2,2,1,1,1,1,1,1,1,1,3,4,4,4,1,1,1,1,1,1,1,1,1,1,1,1,2,1,1,1,1,1,1,1,1,1,1,1,3,1,2,3,1,1,1,1,1,1,1,1,2,3,3,3,1,1,1,1,1,1,1,1,1,1,1,1,4,1,4,3,1,1,1,1,1,1,1,1,4,1,1,3,1,1,1,1,1,1,1,1,4,4,4,4,1,1,1,1,1,1,1,1,1,4,4,2,4,4,4,4,4,1,1,3,1,1,1,1,1,1,1,1
543,Colombo,2,1,2,2,6,1,3,2,3,3,3,3,2,4,4,4,1,1,1,1,4,1,2,2,1,2,2,1,1,1,1,1,1,1,1,1,1,1,1,1,1,1,1,1,1,1,1,1,1,1,1,1,3,2,2,2,1,1,1,1,1,1,1,1,4,4,4,4,1,1,1,1,1,1,1,1,2,1,1,1,2,1,1,1,2,1,1,1,2,1,1,1,1,1,1,1,1,1,1,1,4,4,4,4,1,1,1,1,1,1,1,1,1,1,1,1,4,1,1,1,1,1,1,1,1,1,1,1,1,1,1,1,1,1,1,1,1,1,1,1,3,1,1,1,1,1,1,1,1,1,1,1,1,1,1,1,4,1,1,1,1,1,1,1,1,1,1,1,1,1,1,1
544,Kurunegala,1,2,3,2,4,1,3,9,3,2,2,2,4,3,3,4,1,1,1,1,1,1,1,1,1,2,1,1,3,4,4,3,1,1,1,1,1,1,1,1,1,1,1,1,1,1,1,1,1,1,1,1,1,1,1,1,1,1,1,1,4,4,4,4,1,1,1,1,1,3,4,4,1,1,1,1,2,1,1,1,1,1,1,1,1,1,1,1,3,1,1,3,1,1,1,1,1,1,1,1,3,2,3,4,1,1,1,1,1,1,1,1,1,1,1,1,4,4,4,4,1,1,1,1,1,1,1,1,1,1,1,1,4,4,4,4,1,1,1,1,1,1,1,1,1,1,1,1,4,4,4,4,1,1,1,1,4,4,4,4,4,4,4,4,1,1,1,1,1,1,1,1
545,Kurunegala,1,2,4,2,5,1,3,3,3,2,2,3,4,3,3,3,1,1,1,1,1,1,1,1,1,2,3,1,3,4,4,3,3,1,2,3,1,1,1,1,1,1,1,1,1,1,1,1,2,1,2,3,1,1,1,1,1,1,1,1,3,4,4,4,1,1,1,1,1,1,1,1,1,1,1,1,2,1,1,1,1,1,1,1,1,1,1,1,4,1,2,3,1,1,1,1,1,1,1,1,1,1,1,1,1,1,1,1,1,1,1,1,1,1,1,1,4,4,4,4,1,1,1,1,1,1,1,1,1,1,1,1,1,1,1,1,1,1,1,1,1,1,1,1,1,1,1,1,4,4,4,4,1,1,1,1,4,4,4,4,1,1,1,1,1,1,1,1,1,1,1,1
546,Colombo,1,2,2,2,4,3,10,10,3,1,1,1,3,1,1,1,3,1,1,1,3,1,1,1,1,1,1,1,1,1,1,1,1,1,1,1,1,1,1,1,1,1,1,1,1,1,1,1,3,2,1,2,2,1,1,2,1,1,1,1,1,1,1,1,3,1,1,2,1,1,1,1,1,1,1,1,2,1,1,1,1,1,1,1,2,1,1,1,2,1,1,2,1,1,1,1,3,1,1,2,2,1,1,1,1,1,1,1,2,1,1,2,1,1,1,1,1,1,1,1,1,1,1,1,1,1,1,1,2,1,1,2,1,1,1,1,3,1,1,2,1,1,1,1,1,1,1,1,1,1,1,1,1,1,1,1,3,1,1,2,1,1,1,1,1,1,1,1,1,1,1,1
547,Colombo,1,2,2,2,5,1,1,6,3,3,3,3,4,4,4,4,1,1,1,1,1,1,1,1,1,3,3,3,1,1,1,1,1,1,1,1,1,2,2,2,1,1,1,1,3,1,1,1,1,1,1,1,3,2,2,2,1,1,1,1,1,1,1,1,4,4,4,4,1,1,1,1,1,1,1,1,1,1,1,1,2,1,1,1,3,1,1,1,2,1,1,1,1,1,1,1,4,4,4,4,3,4,4,4,1,1,1,1,2,1,1,1,1,1,1,1,1,1,1,1,1,1,1,1,4,4,4,4,1,1,1,1,2,4,4,4,1,1,1,1,4,1,1,1,1,1,1,1,1,1,1,1,1,1,1,1,1,1,1,1,4,1,1,1,1,1,1,1,1,1,1,1
548,Kurunegala,1,2,3,2,4,1,3,3,3,1,2,2,4,3,3,4,1,1,1,1,1,1,1,1,1,3,2,1,3,4,3,3,1,1,1,1,1,1,1,1,1,1,1,1,2,1,1,1,3,1,2,2,1,1,1,1,1,1,1,1,4,4,4,4,1,1,1,1,1,1,1,1,1,3,2,2,2,1,1,1,1,1,1,1,1,1,1,1,3,1,2,2,1,1,1,1,1,1,1,1,4,3,3,3,1,1,1,1,1,1,1,1,1,1,1,1,4,3,3,3,1,1,1,1,1,1,1,1,1,1,1,1,1,1,1,1,1,1,1,1,1,1,1,1,1,1,1,1,1,1,1,1,1,1,1,1,4,3,3,3,1,1,1,1,1,1,1,1,1,1,1,1
551,Colombo,1,2,2,4,4,1,9,9,2,1,1,1,4,4,4,4,1,1,1,1,1,1,1,1,1,1,1,1,1,1,1,1,1,1,1,1,1,1,1,1,1,1,1,1,2,1,1,1,1,1,1,1,1,1,1,1,1,1,1,1,1,1,1,1,1,1,1,1,1,1,1,1,4,4,4,4,3,1,1,1,1,1,1,1,3,1,1,1,2,2,2,2,1,1,1,1,2,2,2,2,1,1,1,1,3,3,3,3,3,3,3,3,1,1,1,1,4,4,4,4,1,1,1,1,1,1,1,1,1,1,1,1,1,1,1,1,1,1,1,1,1,1,1,1,4,4,4,4,1,1,1,1,1,1,1,1,4,4,4,4,1,1,1,1,1,1,1,1,1,1,1,1
552,Jaffna,1,2,3,2,5,2,10,10,2,1,3,2,3,1,2,3,4,1,2,3,2,1,2,3,2,2,2,2,2,1,1,2,2,1,2,2,1,1,1,1,2,2,2,2,3,1,2,3,2,1,1,2,2,1,2,2,2,1,2,2,1,1,1,1,1,1,1,1,1,1,1,1,2,1,2,2,1,1,1,1,1,1,1,1,2,1,1,1,1,1,1,1,1,1,1,1,1,1,1,1,1,1,1,1,4,2,3,3,2,2,2,2,1,1,1,1,3,1,2,4,1,1,1,1,1,1,1,1,1,1,1,1,1,1,1,1,1,1,1,1,1,1,1,1,3,1,2,3,2,2,2,2,1,1,1,1,4,1,2,4,1,1,1,1,1,1,1,1,1,1,1,1
554,Colombo,1,2,3,2,4,1,10,10,5,3,3,5,4,4,4,4,1,1,1,1,1,1,1,1,1,1,1,1,1,1,1,1,1,1,1,1,1,1,1,1,1,1,1,1,2,1,1,1,4,4,4,4,1,1,1,1,2,2,2,2,4,4,4,4,1,1,1,1,1,1,1,1,2,1,1,1,2,1,1,1,2,1,1,2,1,1,1,1,1,1,1,1,1,1,1,1,2,2,2,2,4,4,4,4,1,1,1,1,2,2,2,2,4,4,4,4,4,4,4,4,1,1,1,1,1,1,1,1,1,1,1,1,1,1,1,1,1,1,1,1,4,4,4,4,1,1,1,1,3,3,3,3,3,3,3,3,2,2,2,3,3,3,3,3,3,1,1,1,1,1,1,1
557,Jaffna,1,2,4,2,4,2,7,10,2,1,2,2,2,1,1,2,4,1,2,3,4,1,2,3,2,2,2,3,1,1,1,1,2,1,2,2,1,1,1,1,2,1,1,1,3,1,2,3,2,1,1,1,2,1,1,1,2,1,2,2,2,1,1,1,2,1,1,1,1,1,1,1,2,1,2,2,2,1,1,1,2,1,1,1,2,1,1,1,1,1,1,1,1,1,1,1,1,1,1,1,4,2,3,4,1,1,1,1,1,1,1,1,4,3,4,4,1,1,1,1,1,1,1,1,1,1,1,1,1,1,1,1,1,1,1,1,1,1,1,1,4,2,3,4,1,1,1,1,1,1,1,1,1,1,1,1,1,1,1,1,1,1,1,1,1,1,1,1,1,1,1,1
559,Colombo,1,2,5,2,4,3,3,10,3,3,3,3,2,1,1,1,3,1,1,1,3,1,1,2,2,1,1,2,1,1,1,1,1,1,1,1,1,1,1,1,1,1,1,1,2,1,1,1,3,1,1,2,3,1,1,1,1,1,1,1,2,1,1,1,2,1,1,1,1,1,1,1,1,1,1,1,2,1,1,1,2,1,1,1,2,1,1,1,3,1,1,2,1,1,1,1,3,1,2,2,1,1,1,1,1,1,1,1,1,1,1,1,1,1,1,1,4,1,1,1,1,1,1,1,1,1,1,1,3,1,1,2,1,1,1,1,3,1,1,2,1,1,1,1,1,1,1,1,1,1,1,1,1,1,1,1,3,1,1,1,1,1,1,1,1,1,1,1,1,1,1,1
562,Colombo,1,2,3,2,5,1,3,10,3,3,3,3,2,2,2,2,3,3,3,3,1,1,1,1,1,2,2,1,1,1,1,1,1,2,2,1,1,1,1,1,3,3,3,3,1,1,1,1,1,1,1,1,1,1,1,1,2,2,2,2,3,3,3,3,1,1,1,1,1,1,1,1,2,2,2,2,3,1,1,1,3,1,1,1,3,1,1,1,2,2,2,2,1,1,1,1,1,1,1,1,4,4,4,4,1,1,1,1,1,1,1,1,1,1,1,1,4,4,4,4,1,1,1,1,1,1,1,1,1,1,1,1,3,3,3,3,1,1,1,1,1,1,1,1,1,1,1,1,1,1,1,1,1,2,1,1,4,3,4,4,1,1,1,1,1,1,1,1,1,1,1,1
563,Jaffna,1,2,2,2,4,2,3,10,4,1,3,3,4,2,3,4,2,1,2,2,4,1,2,2,2,2,2,2,1,1,1,1,2,1,2,2,1,1,1,1,2,1,1,1,3,1,2,3,1,1,1,1,1,1,2,2,2,2,2,2,1,1,1,1,1,1,1,1,1,1,1,1,2,1,2,2,2,1,1,2,2,1,1,2,1,1,1,1,1,1,1,1,1,1,1,1,1,1,1,1,4,1,2,3,1,1,1,1,1,1,1,1,1,1,1,1,4,1,2,4,1,1,1,1,1,1,1,1,1,1,1,1,1,1,1,1,1,1,1,1,4,2,3,4,1,1,1,1,1,1,1,1,1,1,1,1,1,1,1,1,1,1,1,1,1,1,1,1,1,1,1,1
564,Kandy,1,1,2,4,4,1,3,8,2,1,1,1,1,1,1,1,1,1,1,1,4,4,4,4,1,3,3,3,1,1,1,1,1,1,1,1,1,1,1,1,1,1,1,1,1,1,1,1,1,1,1,1,3,3,3,4,1,1,1,1,4,4,4,4,1,1,1,1,1,1,1,1,3,3,3,3,1,1,1,1,1,1,1,1,1,1,1,1,4,1,1,3,1,1,1,1,1,1,1,1,1,1,1,1,2,3,2,2,3,3,3,3,1,1,1,1,4,1,3,4,1,1,1,1,1,1,1,1,1,1,1,1,4,1,4,4,1,1,1,1,1,1,1,1,1,1,1,1,1,1,1,1,1,1,1,1,4,2,4,4,1,1,1,1,1,1,1,1,1,1,1,1
566,Colombo,2,2,3,2,4,1,10,3,3,2,2,3,1,1,1,1,1,1,1,1,4,4,4,4,1,1,1,1,1,1,1,1,1,1,1,1,1,1,1,1,1,1,1,1,1,1,1,1,1,1,1,1,1,1,1,1,4,4,4,4,1,1,1,1,1,1,1,1,1,1,1,1,1,1,1,1,1,1,1,1,2,1,1,1,3,1,1,1,4,2,2,2,1,1,1,1,2,3,3,3,3,3,3,3,1,1,1,1,1,1,1,1,1,1,1,1,4,4,4,4,1,1,1,1,1,1,1,1,1,1,1,1,1,1,1,1,1,1,1,1,4,4,4,4,1,1,1,1,1,1,1,1,1,1,1,1,4,2,2,4,1,1,1,1,1,1,1,1,1,1,1,1
567,Colombo,1,1,5,2,3,3,8,1,2,1,1,1,3,1,1,1,2,1,1,2,1,1,1,1,1,1,1,1,1,1,1,1,1,1,1,1,1,1,1,1,1,1,1,1,1,1,1,1,1,1,1,1,2,1,1,1,1,1,1,1,2,1,1,1,1,1,1,1,1,1,1,1,1,1,1,1,1,1,1,1,1,1,1,1,1,1,1,1,3,1,1,2,1,1,1,1,2,1,1,2,1,1,1,1,1,1,1,1,1,1,1,1,1,1,1,1,4,1,2,2,1,1,1,1,1,1,1,1,4,2,2,2,3,1,2,2,2,1,1,2,1,1,1,1,1,1,1,1,1,1,1,1,1,1,1,1,2,1,1,2,1,1,1,1,1,1,1,1,1,1,1,1
568,Colombo,1,2,4,2,4,1,3,10,3,2,2,2,2,2,2,2,3,3,3,3,1,1,1,1,1,3,2,2,1,1,1,1,1,2,2,2,1,1,1,1,3,3,3,3,2,2,2,2,3,3,4,3,1,1,1,1,1,1,1,1,2,2,2,2,1,1,1,1,1,1,1,1,1,1,1,1,2,1,1,1,2,1,1,1,1,1,1,1,1,1,1,1,1,1,1,1,3,3,3,3,1,1,1,1,3,3,3,3,3,3,3,3,1,1,1,1,4,4,4,4,1,1,1,1,1,1,1,1,1,1,1,1,1,1,1,1,1,1,1,1,1,1,1,1,4,4,4,4,1,1,1,1,2,3,3,3,3,3,3,3,3,1,1,1,3,1,1,1,1,1,1,1
569,Kandy,1,2,2,2,4,1,3,10,2,1,1,1,3,2,3,3,4,1,3,3,1,1,1,1,1,3,3,3,2,3,3,3,1,1,1,1,1,1,1,1,1,1,1,1,1,1,1,1,4,2,2,2,1,1,1,1,4,2,3,3,4,3,3,3,4,3,3,3,1,1,1,1,2,1,2,2,1,1,1,1,1,1,1,1,4,1,2,2,1,1,1,1,4,1,2,2,1,1,1,1,4,3,3,3,1,1,1,1,1,1,1,1,1,1,1,1,4,1,2,3,1,1,1,1,1,1,1,1,1,1,1,1,4,1,2,3,1,1,1,1,1,1,1,1,1,1,1,1,1,1,1,1,1,1,1,1,4,2,2,3,1,1,1,1,1,1,1,1,1,1,1,1
571,Colombo,1,2,3,2,4,1,10,10,2,1,1,1,4,4,4,4,1,1,1,1,2,1,1,1,1,2,2,2,1,1,1,1,2,1,1,1,1,1,1,1,1,1,1,1,2,1,1,1,2,1,1,1,1,1,1,1,1,1,1,1,4,4,4,4,1,1,1,1,1,1,1,1,1,1,1,1,2,1,1,1,2,1,1,1,3,1,1,1,2,1,1,1,1,1,1,1,1,1,1,1,4,4,4,4,1,1,1,1,3,2,2,2,1,1,1,1,4,4,4,4,1,1,1,1,1,1,1,1,1,1,1,1,1,1,1,1,1,1,1,1,4,4,4,4,1,1,1,1,1,1,1,1,1,1,1,1,1,4,4,1,3,2,2,3,4,1,1,4,1,1,1,1
572,Kandy,1,1,3,1,4,2,10,8,2,1,1,1,4,4,4,4,1,1,1,1,1,1,1,1,1,1,1,1,1,1,1,1,1,1,1,1,1,1,1,1,1,1,1,1,1,1,1,1,2,2,2,2,1,1,1,1,1,1,1,1,2,2,2,2,1,1,1,1,1,1,1,1,2,2,3,2,1,1,1,1,1,1,1,1,1,1,1,1,1,1,1,1,1,1,1,1,4,4,4,4,1,1,1,1,1,1,1,1,1,1,1,1,4,4,4,4,1,1,1,1,1,1,1,1,1,1,1,1,1,1,1,1,1,1,1,1,1,1,1,1,1,1,1,1,1,1,1,1,1,1,1,1,3,3,3,3,1,1,1,1,1,1,1,1,1,1,1,1,1,1,1,1
574,Kurunegala,1,2,2,2,4,1,3,3,3,1,1,1,4,3,3,2,1,1,1,1,1,1,1,1,1,1,1,1,1,1,1,1,1,1,1,1,1,1,1,1,1,2,2,3,1,1,1,1,1,1,1,1,1,1,1,1,3,2,1,1,3,2,1,1,1,1,1,1,1,1,1,1,1,1,1,1,1,1,1,1,1,1,1,1,3,1,1,1,3,3,3,1,1,1,1,1,1,1,1,1,3,3,3,1,1,1,1,1,1,1,1,1,1,1,1,1,4,1,2,3,1,1,1,1,1,1,1,1,1,1,1,1,1,1,1,1,1,1,1,1,4,1,2,3,1,1,1,1,1,1,1,1,1,1,1,1,1,1,1,1,4,1,2,3,1,1,1,1,1,1,1,1
575,Colombo,1,2,2,2,4,3,10,3,2,2,2,2,4,2,2,4,4,2,3,4,2,2,3,3,1,4,4,1,1,1,1,1,1,1,1,1,1,1,1,1,2,2,2,2,3,1,2,2,2,2,2,2,2,2,2,2,2,2,1,2,1,1,1,1,1,1,1,1,1,1,1,1,1,1,1,1,1,1,1,1,2,1,1,1,2,1,1,1,1,1,1,1,1,1,1,1,1,1,1,1,1,2,3,3,1,1,1,1,1,1,1,1,1,1,1,1,4,2,2,4,1,1,1,1,1,1,1,1,1,1,1,1,1,1,1,1,1,1,1,1,4,2,3,4,1,1,1,1,1,1,1,1,1,1,1,1,1,1,1,1,1,1,1,1,1,1,1,1,1,1,1,1
577,Kandy,1,2,2,2,4,2,3,1,3,2,2,2,4,3,3,3,1,1,1,1,1,1,1,1,1,3,2,1,1,1,1,1,2,2,1,4,1,1,1,1,1,1,1,1,1,1,1,1,4,1,2,3,1,1,1,1,1,1,1,1,3,4,4,2,1,1,1,1,1,1,1,1,1,1,1,1,1,1,1,1,1,1,1,1,1,1,1,1,1,1,1,1,3,4,4,4,1,1,1,1,1,1,1,1,1,1,1,1,1,1,1,1,1,1,4,1,1,1,1,1,4,1,1,4,1,1,1,1,1,1,1,1,4,1,1,4,1,1,1,1,1,1,1,1,1,1,1,1,1,1,1,1,1,1,1,1,1,1,1,1,4,1,1,4,1,1,1,1,1,1,1,1
578,Colombo,2,1,2,2,4,1,10,10,3,1,1,1,3,3,3,3,1,1,1,1,3,3,3,3,1,1,1,1,1,1,1,1,1,1,1,1,1,1,1,1,1,1,1,1,1,1,1,1,2,1,1,1,1,1,1,1,1,1,1,1,4,4,4,4,1,1,1,1,1,3,3,3,1,1,1,1,3,1,1,1,3,1,1,1,3,1,1,1,1,1,1,1,1,1,1,1,1,1,1,1,4,4,4,4,1,1,1,1,2,1,1,1,1,1,1,1,4,4,4,4,1,1,1,1,1,1,1,1,1,1,1,1,1,1,1,1,1,1,1,1,4,4,4,4,1,1,1,1,1,1,1,1,1,1,1,1,1,1,1,1,3,3,3,3,2,2,2,2,1,1,1,1
580,Colombo,1,2,2,2,4,3,3,3,3,3,3,3,4,2,2,3,2,2,2,3,4,2,3,3,2,2,2,2,1,1,1,1,1,1,1,1,1,1,1,1,2,2,2,2,2,1,2,3,4,2,2,4,4,2,3,4,1,1,1,1,4,3,4,4,4,3,4,4,2,2,2,2,1,1,2,3,1,1,1,1,2,1,2,2,1,1,1,1,4,1,2,3,1,1,1,1,1,1,1,1,1,1,1,1,1,1,1,1,1,1,1,1,1,4,4,2,4,1,2,4,1,1,1,1,1,1,1,1,4,1,2,4,1,1,1,1,1,1,1,1,1,1,1,1,1,1,1,1,1,1,1,1,1,4,2,2,1,1,1,1,1,1,1,1,1,1,1,1,1,1,1,1
581,Jaffna,1,2,4,2,4,2,10,10,2,1,1,2,4,1,2,2,2,1,1,2,2,1,1,1,2,1,1,1,1,1,1,1,2,1,1,2,1,1,1,1,2,1,2,2,2,1,1,2,1,1,1,1,2,1,1,1,2,1,2,2,1,1,1,1,1,1,1,1,1,1,1,1,2,1,2,2,1,1,1,1,1,1,1,1,2,1,1,2,1,1,1,1,1,1,1,1,1,1,1,1,1,1,1,1,4,2,3,4,1,1,1,1,1,1,1,1,1,1,1,1,1,1,1,1,1,1,1,1,1,1,1,1,1,1,1,1,1,1,1,1,1,1,1,1,1,1,1,1,1,1,1,1,1,1,1,1,1,1,1,1,1,1,1,1,1,1,1,1,1,1,1,1
583,Gampaha,1,1,5,3,4,1,10,10,3,1,1,2,2,4,4,4,2,1,1,1,1,1,1,1,1,1,1,1,2,2,2,2,1,1,1,1,1,1,1,1,1,1,2,3,1,1,1,1,2,1,1,1,1,1,1,1,1,1,1,1,4,4,4,4,1,1,1,1,1,1,1,1,1,1,1,1,3,1,1,1,2,1,1,1,2,1,1,1,1,1,1,1,1,1,1,1,2,2,2,2,1,1,1,1,4,4,4,4,1,1,1,1,1,1,1,1,4,2,2,2,1,1,1,1,1,1,1,1,1,1,1,1,1,1,1,1,1,1,1,1,4,2,4,4,1,1,1,1,1,1,1,1,1,1,1,1,1,1,1,1,4,4,4,4,4,4,4,4,1,1,1,1
585,Kurunegala,1,2,3,2,4,3,3,3,3,1,1,2,4,3,3,4,1,1,1,1,1,1,1,1,1,1,2,2,1,1,1,1,1,1,1,1,1,1,1,1,1,1,1,1,1,1,1,1,3,1,1,2,1,1,1,1,1,1,1,1,2,2,3,3,1,1,1,1,1,1,1,1,1,1,1,1,1,1,1,1,1,1,1,1,1,1,1,1,3,1,2,2,1,1,1,1,1,1,1,1,2,3,3,3,1,1,1,1,1,1,1,1,1,1,1,1,4,1,1,1,1,1,1,1,4,1,1,1,1,1,1,1,1,1,1,1,4,1,1,1,1,1,1,1,1,1,1,1,4,1,1,1,1,1,1,1,1,1,1,1,4,1,1,1,4,1,1,1,1,1,1,1
588,Jaffna,1,1,3,5,4,2,7,9,2,1,1,1,3,2,2,2,1,1,1,1,2,1,1,1,3,2,3,3,1,1,1,1,1,1,1,1,1,1,1,1,1,1,1,1,2,1,1,2,1,1,1,1,2,1,1,2,1,1,1,1,1,1,1,1,2,1,1,2,1,1,1,1,1,1,1,1,1,1,1,1,1,1,1,1,3,1,2,2,3,1,1,2,1,1,1,1,2,1,3,3,1,1,1,1,1,1,1,1,1,1,1,1,4,3,4,4,1,1,1,1,1,1,1,1,1,1,1,1,2,1,1,2,1,1,1,1,1,1,1,1,1,1,1,1,2,1,2,2,4,2,3,3,4,3,4,4,1,1,1,1,1,1,1,1,1,1,1,1,1,1,1,1
591,Colombo,1,2,4,2,7,1,10,2,3,3,3,3,3,3,3,3,2,2,2,2,1,1,1,1,1,3,3,3,1,1,1,1,1,1,1,1,1,1,1,1,1,1,1,1,2,1,1,1,2,1,1,1,1,1,1,1,1,1,1,1,4,4,4,4,1,1,1,1,1,1,1,1,3,3,3,3,1,1,1,1,1,1,1,1,1,1,1,1,1,1,1,1,3,1,1,1,2,2,2,2,3,3,3,3,1,1,1,1,1,1,1,1,1,4,4,4,4,4,4,4,1,1,1,1,1,1,1,1,1,1,1,1,1,1,1,1,1,1,1,1,4,1,1,1,1,1,1,1,1,1,1,1,1,4,4,4,1,1,1,1,1,1,1,1,1,1,1,1,4,1,1,1
593,Gampaha,1,2,4,2,4,1,10,9,2,1,1,1,4,4,4,4,1,1,1,1,1,1,1,1,1,1,1,1,1,1,1,1,1,1,1,1,1,1,1,1,1,1,1,1,1,1,1,1,1,1,1,1,4,4,4,4,1,1,1,1,1,1,1,1,1,1,1,1,1,1,1,1,1,1,1,1,1,1,1,1,1,1,1,1,2,1,1,1,4,4,4,4,1,1,1,1,1,1,1,1,1,1,1,1,1,1,1,1,1,1,1,1,1,1,1,1,4,1,1,1,1,1,1,1,1,1,1,1,1,1,1,1,1,1,1,1,1,1,1,1,1,1,1,1,1,1,1,1,4,1,1,1,1,1,1,1,4,1,1,1,1,1,1,1,1,1,1,1,1,1,1,1
594,Gampaha,1,1,3,3,3,1,10,10,3,2,2,2,4,4,4,4,1,1,1,1,1,1,1,1,1,2,2,2,1,1,1,1,1,1,1,1,1,1,1,1,2,2,2,2,2,1,1,1,2,1,1,1,1,1,1,1,1,1,1,1,2,2,2,2,2,2,2,2,1,1,1,1,2,1,1,1,1,1,1,1,1,1,1,1,1,1,1,1,3,1,1,1,1,1,1,1,2,2,2,2,1,1,1,1,1,1,1,1,2,2,2,2,1,1,1,1,4,4,4,4,1,1,1,1,1,1,1,4,3,1,1,1,1,1,1,1,3,2,2,2,1,1,1,1,1,1,1,1,2,2,2,2,1,1,1,1,4,4,4,4,2,2,2,2,2,2,2,2,1,1,1,1
596,Kandy,1,2,5,2,4,2,8,4,2,1,1,1,4,4,4,4,1,1,1,1,1,1,1,1,1,1,1,1,1,1,1,1,4,4,4,4,1,1,1,1,1,1,1,1,1,1,1,1,1,1,1,1,1,1,1,1,3,1,1,1,1,1,1,1,1,1,1,1,1,1,1,1,3,3,3,3,1,1,1,1,1,1,1,1,1,1,1,1,1,1,1,1,1,1,1,1,1,1,1,1,1,1,1,1,1,1,1,1,1,1,1,1,1,1,1,1,1,1,1,1,1,1,1,1,1,1,1,1,1,1,1,1,1,1,1,1,1,1,1,1,1,1,1,1,1,1,1,1,1,1,1,1,1,1,1,1,1,1,1,1,1,1,1,1,1,1,1,1,1,1,1,1
598,Kandy,1,2,6,1,5,1,8,6,3,3,3,3,4,4,4,4,1,1,1,1,1,1,1,1,1,2,2,1,1,1,1,1,1,1,1,1,1,1,1,1,1,1,1,1,1,1,1,1,2,2,2,2,4,4,4,4,1,1,1,1,1,1,1,1,1,1,1,1,1,1,1,1,2,2,2,2,1,1,1,1,1,1,1,1,1,1,1,1,4,1,1,4,1,1,1,1,1,1,1,1,1,1,1,1,1,1,1,1,3,3,3,3,1,1,1,1,1,1,1,1,1,1,1,1,1,1,1,1,1,1,1,1,1,1,1,1,1,1,1,1,1,1,1,1,1,1,1,1,1,1,1,1,1,1,1,1,1,1,1,1,1,1,1,1,1,1,1,1,1,1,1,1
600,Colombo,1,2,3,2,4,1,3,10,2,1,2,2,2,2,2,2,1,1,1,1,3,3,3,3,1,3,1,1,3,3,3,3,2,2,2,2,1,1,1,1,3,3,3,3,2,1,1,2,2,2,2,2,1,1,1,1,2,2,2,2,3,3,3,3,1,1,1,1,1,1,1,1,3,3,3,2,3,1,1,1,3,1,1,1,3,1,1,2,3,3,3,3,1,1,1,1,2,2,2,2,3,3,3,3,1,1,1,1,2,2,2,2,1,1,1,1,4,4,4,4,1,1,1,1,1,1,1,1,1,1,1,1,1,1,1,1,1,1,1,1,4,4,4,4,1,1,1,1,1,1,1,1,1,3,2,2,3,2,2,3,1,1,1,1,1,1,1,1,1,1,1,1
601,Colombo,1,2,6,2,4,1,10,4,3,3,3,3,2,3,3,3,2,1,1,1,3,1,1,1,1,3,3,3,1,1,2,1,1,1,1,1,1,1,1,1,1,1,1,1,2,1,1,1,2,1,1,1,1,1,1,1,1,1,1,1,4,4,4,4,1,1,1,1,1,1,1,1,2,1,1,1,2,1,1,1,1,1,1,1,2,1,1,1,4,1,1,1,1,1,1,1,2,2,2,2,2,3,3,3,1,1,1,1,2,2,2,2,1,1,1,1,4,4,4,4,1,1,1,1,1,1,1,1,1,1,1,1,1,1,1,1,1,1,1,1,1,1,1,4,1,1,1,1,4,4,1,1,1,1,1,1,1,1,1,1,1,1,1,1,1,1,1,1,1,1,1,1
603,Kurunegala,1,2,3,2,4,2,3,3,3,1,2,2,4,3,3,4,1,1,1,1,1,1,1,1,2,3,2,2,1,1,1,1,1,1,1,1,1,1,1,1,1,1,1,1,1,1,1,1,4,2,2,2,1,1,1,1,1,1,1,1,3,4,4,4,1,1,1,1,1,1,1,1,1,1,1,1,2,1,1,1,1,1,1,1,3,1,1,1,1,1,1,1,1,1,1,1,3,2,2,3,4,2,2,1,1,1,1,1,1,1,1,1,1,1,1,1,1,1,1,1,1,1,1,1,1,1,1,1,1,1,1,1,1,1,1,1,1,1,1,1,1,1,1,1,1,1,1,1,4,1,2,3,1,1,1,1,1,1,1,1,4,2,3,3,1,1,1,1,1,1,1,1
604,Gampaha,1,2,1,2,4,3,9,10,2,1,1,2,4,4,4,4,1,1,1,1,1,1,1,1,1,1,1,1,1,1,1,1,1,1,1,1,1,1,1,1,1,1,1,1,1,1,1,1,3,3,4,3,2,2,2,2,1,1,1,1,1,1,1,1,1,1,1,1,1,1,1,1,1,1,1,1,1,1,1,1,2,1,1,1,2,1,2,1,3,1,3,3,1,1,1,1,2,2,2,2,1,1,1,1,1,1,1,1,2,2,2,2,1,1,1,1,3,1,3,3,1,1,1,1,1,1,1,1,4,1,3,3,1,1,1,1,2,1,1,1,1,1,1,1,1,1,1,1,1,1,1,1,1,1,1,1,1,1,1,1,3,1,3,3,2,1,2,2,2,1,2,2
605,Kurunegala,1,2,3,2,5,1,3,3,3,1,2,2,4,3,4,4,1,1,1,1,1,1,1,1,1,3,2,1,1,1,1,1,1,1,1,1,1,1,1,1,1,1,1,1,1,1,1,1,3,1,2,2,1,1,1,1,1,1,1,1,3,4,4,4,1,1,1,1,1,1,1,1,4,3,2,2,2,1,1,1,1,1,1,1,3,1,1,1,2,1,1,2,1,1,1,1,1,1,1,1,3,4,4,3,1,1,1,1,1,1,1,1,1,1,1,1,1,1,1,1,1,1,1,1,1,1,1,1,1,1,1,1,1,1,1,1,1,1,1,1,1,1,1,1,1,1,1,1,1,1,1,1,1,1,1,1,1,1,1,1,4,1,2,3,1,1,1,1,1,1,1,1
606,Colombo,1,2,3,2,5,1,1,7,3,3,3,3,3,3,3,3,2,2,2,2,3,3,3,3,1,3,1,1,1,3,2,1,1,1,1,1,1,1,1,1,1,1,1,1,1,1,1,1,2,2,2,2,1,1,1,1,2,1,1,1,3,3,3,3,1,1,1,1,1,1,1,1,2,2,2,2,3,1,1,1,3,1,1,1,2,1,1,1,2,2,2,2,1,1,1,1,2,2,2,2,4,4,4,4,1,1,1,1,2,2,2,2,2,2,2,2,3,3,3,3,1,1,1,1,1,1,1,1,1,1,1,1,1,1,1,1,1,1,1,1,4,4,4,4,1,1,1,1,1,1,1,1,2,3,2,2,3,3,3,3,2,1,1,2,2,1,1,2,1,1,1,1
609,Kurunegala,1,2,2,2,4,2,1,7,2,2,2,2,2,3,3,2,4,2,3,3,1,1,1,1,1,1,1,1,1,1,1,1,1,1,1,1,1,1,1,1,1,1,1,1,1,1,1,1,2,1,1,1,1,1,1,1,1,1,1,1,1,1,1,1,1,1,1,1,1,1,1,1,2,3,3,3,1,1,1,1,1,1,1,1,1,1,1,1,1,1,1,1,1,1,1,1,1,1,1,1,4,4,4,4,1,1,1,1,4,3,3,3,1,1,1,1,4,4,4,4,1,1,1,1,1,1,1,1,1,1,1,1,1,1,1,1,1,1,1,1,4,4,4,4,1,1,1,1,1,1,1,1,1,1,1,1,1,1,1,1,1,1,1,1,4,4,4,3,1,1,1,1
610,Nuwera Eliya,1,1,3,2,1,2,4,9,3,1,1,3,3,1,2,2,1,1,1,1,1,1,1,1,2,1,1,2,1,1,1,1,1,1,1,1,1,1,1,1,1,1,1,1,1,1,1,1,1,1,1,1,3,1,1,2,1,1,1,1,1,1,1,1,2,1,1,2,1,1,1,1,1,1,1,1,1,1,1,1,1,1,1,1,3,1,2,2,3,1,2,2,1,1,1,1,1,1,1,1,1,1,1,1,1,1,1,1,3,2,2,2,1,1,1,1,4,1,1,2,1,1,1,1,1,1,1,1,1,1,1,1,1,1,1,1,1,1,1,1,1,1,1,1,1,1,1,1,4,1,2,2,1,1,1,1,4,1,2,2,1,1,1,1,1,1,1,1,1,1,1,1
611,Colombo,2,1,2,2,4,1,3,10,2,1,1,1,4,4,4,4,1,1,1,1,1,1,1,1,1,2,2,2,1,1,1,1,1,1,1,1,1,1,1,1,1,1,2,1,1,1,1,1,4,4,4,4,1,1,1,1,1,1,1,1,1,1,1,1,1,1,1,1,1,1,1,1,1,1,1,1,1,1,1,1,1,1,1,1,2,1,1,1,2,1,1,1,1,1,1,1,3,3,3,3,1,1,1,1,1,1,1,1,2,2,2,2,1,1,1,1,4,4,4,4,1,1,1,1,1,1,1,1,1,1,1,1,1,1,1,1,1,1,1,1,1,1,1,1,1,2,1,1,4,4,4,4,1,1,1,1,4,4,4,4,1,1,1,1,1,1,1,1,1,1,1,1
612,Colombo,1,2,2,2,5,2,9,10,2,1,1,1,2,1,1,2,2,1,1,2,3,1,1,1,3,2,2,2,1,1,1,1,2,1,1,1,1,1,1,1,2,1,1,1,2,2,2,2,2,1,1,1,1,1,1,1,1,1,1,1,1,1,1,1,2,1,1,1,2,1,1,1,2,1,1,1,2,1,1,1,2,1,1,1,2,1,1,1,2,1,1,2,1,1,1,1,2,2,2,1,1,1,1,1,1,1,1,1,3,2,2,2,1,2,2,2,3,3,3,3,1,1,1,1,1,1,1,1,1,1,1,1,1,1,1,1,1,1,1,1,1,1,1,1,1,1,1,1,1,1,1,1,1,1,1,1,1,1,1,1,1,1,1,1,1,1,1,1,1,1,1,1
614,Nuwera Eliya,2,1,2,2,4,2,3,10,2,1,1,2,3,1,2,2,1,1,1,1,1,1,1,1,1,2,2,2,1,1,1,1,1,1,1,1,1,1,1,1,1,1,1,1,3,1,1,2,1,1,1,1,2,1,1,2,1,1,1,1,1,1,1,1,2,1,1,2,1,1,1,1,1,1,1,1,1,1,1,1,1,1,1,1,3,1,1,2,3,1,1,2,1,1,1,1,2,1,2,2,1,1,1,1,1,1,1,1,3,1,2,3,1,1,1,1,4,1,2,2,1,1,1,1,1,1,1,1,1,1,1,1,4,1,2,3,1,1,1,1,1,1,1,1,1,1,1,1,1,1,1,1,1,1,1,1,4,1,2,2,1,1,1,1,1,1,1,1,1,1,1,1
615,Nuwera Eliya,1,1,3,3,1,2,3,10,2,1,1,1,3,1,2,2,1,1,1,1,1,1,1,1,1,2,2,1,1,1,1,1,1,1,1,1,1,1,1,1,1,1,1,1,1,1,1,1,1,1,1,1,2,1,1,2,1,1,1,1,1,1,1,1,2,1,2,2,1,1,1,1,1,1,1,1,1,1,1,1,1,1,1,1,3,1,2,2,4,1,1,2,1,1,1,1,1,1,1,1,1,1,1,1,1,1,1,1,4,1,2,2,1,1,1,1,4,1,2,1,1,1,1,1,1,1,1,1,3,1,2,2,1,1,1,1,1,1,1,1,1,1,1,1,1,1,1,1,3,1,2,3,1,1,1,1,4,1,1,2,1,1,1,1,1,1,1,1,1,1,1,1
617,Kurunegala,1,2,2,2,4,3,3,3,5,1,5,5,4,3,3,3,1,1,1,1,1,1,1,1,1,2,2,1,1,1,1,1,1,1,1,1,1,1,1,1,1,1,1,1,1,1,1,1,3,1,2,2,1,1,1,1,1,1,1,1,3,4,4,4,1,1,1,1,2,2,3,4,1,1,1,1,1,1,1,1,1,1,1,1,3,1,1,1,1,1,1,1,1,1,1,1,1,1,1,1,4,4,4,4,1,1,1,1,1,1,1,1,1,4,2,3,4,1,2,3,1,1,1,1,1,1,1,1,1,1,1,1,4,1,2,3,1,1,1,1,4,1,2,3,1,1,1,1,1,1,1,1,1,1,1,1,1,1,1,1,4,1,2,3,1,1,1,1,1,1,1,1
618,Kurunegala,1,2,3,2,4,3,3,3,3,1,2,2,4,3,3,4,1,1,1,1,1,1,1,1,1,3,2,2,1,1,1,1,1,1,1,1,1,1,1,1,1,1,1,1,1,1,1,1,4,1,2,3,1,1,1,1,1,1,1,1,2,3,3,3,1,1,1,1,1,1,1,1,3,4,4,4,1,1,1,1,1,1,1,1,4,1,1,2,1,1,1,1,1,1,1,1,1,1,1,1,4,1,2,3,1,1,1,1,1,1,1,1,1,1,1,1,4,1,2,3,1,1,1,1,1,1,1,1,1,1,1,1,1,1,1,1,1,1,1,1,4,1,2,3,1,1,1,1,1,1,1,1,1,1,1,1,1,1,1,1,4,1,2,3,1,1,1,1,1,1,1,1
619,Colombo,2,1,1,2,4,2,10,10,2,1,1,1,3,1,1,1,2,1,1,2,2,1,1,1,1,1,1,1,1,1,1,1,1,1,1,1,1,1,1,1,1,1,1,1,1,1,1,1,2,1,1,2,2,1,1,2,1,1,1,1,3,1,1,2,2,1,1,1,1,1,1,1,1,1,1,1,2,1,1,1,2,1,1,1,2,1,1,1,1,1,1,1,1,1,1,1,3,1,1,1,1,1,1,1,1,1,1,1,1,1,1,1,1,1,1,1,1,1,1,1,1,1,1,1,1,1,1,1,1,1,1,1,1,1,1,1,1,1,1,1,1,1,1,1,1,1,1,1,1,1,1,1,1,1,1,1,1,1,1,1,1,1,1,1,1,1,1,1,1,1,1,1
624,Colombo,1,2,6,2,5,2,1,2,3,3,3,3,2,1,1,1,3,2,1,1,2,1,1,1,2,3,2,2,1,1,1,1,2,2,2,2,1,1,1,1,1,1,1,1,2,1,1,1,2,2,2,2,2,2,2,2,1,1,1,1,1,1,1,1,2,2,2,2,1,1,1,1,2,1,1,1,2,1,1,1,2,1,1,1,2,1,1,1,2,1,1,1,1,1,1,1,3,2,2,2,1,1,1,1,1,1,1,1,2,1,1,1,1,2,3,3,3,2,2,2,1,1,1,1,1,1,1,1,1,1,1,1,1,1,1,1,1,1,1,1,1,1,1,1,1,1,1,1,1,1,1,1,1,1,1,1,1,1,1,1,1,1,1,1,1,1,1,1,1,1,1,1
625,Nuwera Eliya,2,1,2,3,4,2,3,8,2,2,2,1,2,2,2,2,2,2,2,1,2,2,1,1,2,2,1,1,1,1,1,1,2,1,2,1,1,1,1,1,2,2,1,1,2,2,2,1,2,1,1,1,2,2,2,2,1,1,1,1,1,1,1,1,1,1,1,1,1,1,1,1,2,1,1,1,1,1,1,1,2,1,1,1,2,2,1,1,2,2,2,2,1,1,1,1,2,2,2,2,1,1,1,1,1,1,1,1,1,1,1,1,1,1,1,1,1,1,1,1,4,4,4,2,1,1,1,1,4,2,2,2,1,1,1,1,1,1,1,1,1,1,1,1,1,1,1,1,1,1,1,1,1,1,1,1,4,4,4,2,1,1,1,1,1,1,1,1,1,1,1,1
627,Kurunegala,1,2,3,2,4,1,8,6,3,3,3,3,4,2,3,3,1,1,1,1,1,1,1,1,1,2,2,2,1,1,1,1,1,1,1,1,1,1,1,1,1,1,1,3,2,1,1,1,4,1,1,3,1,1,1,1,1,1,1,1,3,4,4,4,1,1,1,1,1,1,1,1,2,1,1,1,2,1,1,1,1,1,1,1,2,1,1,1,1,1,1,1,1,1,1,1,1,1,1,1,3,2,3,4,1,1,1,1,1,1,1,1,1,1,1,1,1,1,1,1,1,1,1,1,1,1,1,1,3,1,1,3,1,1,1,1,1,1,1,1,1,1,1,1,1,1,1,1,1,1,1,1,1,1,1,1,1,1,1,1,1,1,1,1,1,1,1,1,1,1,1,1
628,Kandy,1,2,4,2,4,1,10,10,3,2,1,1,4,2,2,2,1,1,1,1,1,1,1,1,2,3,3,3,1,1,1,1,1,1,1,1,1,1,1,1,1,1,1,1,2,1,1,1,4,2,1,1,1,1,1,1,4,2,2,2,1,1,1,1,1,1,1,1,1,1,1,1,1,1,1,1,2,1,1,1,2,1,1,1,3,1,1,1,1,1,1,1,1,1,1,1,1,1,1,1,4,2,3,3,1,1,1,1,1,1,1,1,4,1,2,3,1,1,1,1,1,1,1,1,1,1,1,1,1,1,1,1,1,1,1,1,1,1,1,1,1,1,1,1,1,1,1,1,1,1,1,1,4,1,2,3,4,2,3,3,4,1,2,2,1,1,1,1,1,1,1,1
630,Colombo,1,2,3,2,4,2,3,3,3,3,3,3,3,3,3,3,2,1,1,1,3,3,3,3,1,3,3,1,1,1,1,1,1,2,2,1,1,2,1,1,3,3,3,3,3,2,2,3,3,3,4,3,1,1,1,1,3,3,3,3,3,3,3,3,1,1,1,1,2,2,2,2,2,2,2,2,2,1,1,1,2,1,1,1,3,1,1,2,3,3,3,3,1,1,1,1,2,2,2,2,1,1,1,1,1,1,1,1,3,3,3,3,1,1,1,1,4,4,4,4,1,1,1,1,1,1,1,1,1,1,1,1,1,1,1,1,1,1,1,1,1,1,1,1,1,1,1,1,4,4,1,1,1,2,1,1,4,3,3,4,1,1,1,1,1,1,1,1,1,1,1,1
632,Colombo,1,2,5,2,4,2,3,3,3,1,2,3,1,2,2,4,4,2,2,4,3,1,3,3,2,2,3,3,1,1,1,1,2,2,2,2,1,1,1,1,1,1,1,1,2,2,2,2,4,2,4,3,3,3,4,3,1,1,1,1,3,2,2,3,3,3,2,3,1,1,1,1,2,1,1,2,1,1,1,2,1,1,1,1,1,1,1,1,4,2,3,4,1,1,1,1,1,1,1,1,1,1,1,1,1,1,1,1,1,1,1,1,1,1,1,1,4,2,3,4,1,1,1,1,1,1,1,1,4,2,3,4,1,1,1,1,1,1,1,1,1,1,1,1,1,1,1,1,1,1,1,1,1,1,1,1,1,1,1,1,1,1,1,1,1,1,1,1,1,1,1,1
633,Colombo,1,2,3,2,4,2,10,10,3,1,1,2,3,3,3,3,2,2,2,2,3,3,3,3,1,3,2,1,1,1,1,1,1,2,1,1,1,1,1,1,3,3,3,3,3,2,2,2,3,3,4,3,1,1,1,1,1,1,1,1,3,3,3,3,1,1,1,1,1,1,1,1,2,1,1,1,3,1,1,1,3,1,1,1,2,2,2,2,2,1,1,2,1,1,1,1,1,2,2,2,4,4,4,4,1,1,1,1,2,2,2,2,1,1,1,1,4,4,4,4,1,1,1,1,1,1,1,1,1,1,1,1,1,1,1,1,1,1,1,1,4,4,4,4,1,1,1,1,1,1,1,1,1,1,1,1,3,3,3,3,1,1,1,1,1,1,1,1,1,1,1,1
635,Colombo,2,1,4,3,4,3,10,8,1,1,1,1,2,1,1,2,1,1,1,1,2,1,1,1,1,3,2,2,1,1,1,1,2,1,1,1,1,1,1,1,1,1,1,1,1,1,1,1,2,1,1,1,2,1,1,1,1,1,1,1,2,2,1,1,2,2,2,2,1,1,1,1,2,1,1,1,1,1,1,1,1,1,1,1,2,1,1,1,2,2,1,2,1,1,1,1,2,1,1,2,1,1,1,1,1,1,1,1,3,3,2,3,1,1,1,1,1,1,1,1,1,1,1,1,1,1,1,1,1,1,1,1,1,1,1,1,1,1,1,1,1,1,1,1,1,1,1,1,1,1,1,1,2,2,2,2,2,2,2,2,1,1,1,1,2,2,2,2,2,2,1,1
636,Colombo,1,1,4,2,4,2,3,7,3,1,1,1,2,1,1,2,2,1,1,2,2,1,1,1,2,1,1,1,1,1,1,1,1,1,1,1,1,1,1,1,1,1,1,1,3,1,1,1,2,1,1,2,2,1,1,2,1,1,1,1,2,1,1,3,3,1,1,2,1,1,1,1,1,1,1,1,2,1,1,2,2,1,1,2,2,1,1,2,1,1,1,1,1,1,1,1,2,1,2,2,1,1,1,1,1,1,1,1,3,1,2,2,1,2,2,2,4,1,1,2,1,1,1,1,1,1,1,1,2,1,1,2,1,1,1,1,2,1,1,2,1,1,1,1,1,1,1,1,1,1,1,1,1,1,1,1,4,1,1,2,1,1,1,1,1,1,1,1,1,1,1,1
638,Gampaha,1,2,5,2,5,1,10,10,3,1,1,1,4,4,4,4,1,1,1,1,1,1,1,1,1,2,1,1,1,3,3,3,1,1,1,1,1,1,1,1,1,1,1,1,1,1,1,1,1,1,1,1,1,1,1,1,1,1,1,1,4,3,4,4,1,1,1,1,1,1,1,1,1,1,1,1,3,1,1,1,2,1,1,1,3,1,1,1,1,1,1,1,1,1,1,1,4,4,4,4,1,1,1,1,1,1,1,1,1,1,1,1,4,4,4,4,4,4,4,4,1,1,1,1,1,1,1,1,1,1,1,1,1,1,1,1,1,1,1,1,1,1,1,1,1,1,1,1,4,4,4,4,1,1,1,1,1,1,1,1,4,4,4,4,1,1,1,1,1,1,1,1
639,Nuwera Eliya,2,1,3,2,4,2,4,9,1,1,1,1,2,2,2,2,2,1,1,1,1,1,1,1,2,1,1,1,1,1,1,1,2,1,1,1,1,1,1,1,2,2,2,2,2,2,2,1,1,1,1,1,2,1,1,1,1,1,1,1,2,2,2,2,2,2,2,2,1,1,1,1,2,2,2,2,1,1,1,1,1,1,1,1,1,1,1,1,2,2,2,2,1,1,1,1,1,1,1,1,1,1,1,1,1,1,1,1,1,1,1,1,1,1,1,1,4,3,2,2,1,1,1,1,1,1,1,1,1,1,1,1,1,1,1,1,1,1,1,1,1,1,1,1,1,1,1,1,4,4,4,2,1,1,1,1,4,4,4,2,1,1,1,1,1,1,1,1,1,1,1,1
641,Nuwera Eliya,2,1,2,2,4,2,4,9,2,1,1,1,2,2,2,2,2,2,2,2,2,1,1,1,2,1,1,1,1,1,1,1,2,2,2,1,1,1,1,1,1,1,1,1,2,2,1,1,2,1,1,1,2,2,2,2,2,2,2,2,1,1,1,1,1,1,1,1,1,1,1,1,2,2,2,1,1,1,1,1,2,1,1,1,2,1,1,1,1,1,1,1,1,1,1,1,1,1,1,1,2,2,2,2,1,1,1,1,2,2,2,2,1,1,1,1,4,4,4,4,1,1,1,1,1,1,1,1,1,1,1,1,1,1,1,1,1,1,1,1,1,1,1,1,1,1,1,1,4,4,4,4,1,1,1,1,4,4,4,4,1,1,1,1,1,1,1,1,1,1,1,1
642,Colombo,1,2,5,3,1,3,10,10,1,1,1,1,1,1,1,1,1,1,1,1,1,1,1,1,2,2,2,2,1,1,1,1,1,1,1,1,1,1,1,1,2,1,1,1,2,2,1,1,1,1,1,1,1,1,1,1,1,1,1,1,1,1,1,1,1,1,1,1,1,1,1,1,2,1,1,1,1,1,1,1,1,1,1,1,2,1,1,1,2,1,1,1,1,1,1,1,2,2,2,2,1,1,1,1,1,1,1,1,1,1,1,1,1,1,1,1,1,1,1,1,1,1,1,1,1,1,1,1,1,1,1,1,1,1,1,1,1,1,1,1,1,1,1,1,1,1,1,1,1,1,1,1,1,1,1,1,1,1,1,1,1,1,1,1,1,1,1,1,1,1,1,1
643,Gampaha,1,2,2,2,7,1,2,7,5,5,5,5,1,1,1,1,4,4,4,4,1,1,1,1,4,4,4,4,1,1,1,1,1,1,1,1,1,1,1,1,1,1,1,1,1,1,1,1,4,4,4,4,1,1,1,1,1,1,1,1,4,4,4,4,4,1,1,1,4,4,4,4,1,1,1,1,3,1,1,1,1,1,1,1,1,1,1,1,1,1,1,1,1,1,1,1,1,1,1,1,4,3,4,4,1,1,1,1,1,1,1,1,1,1,1,1,4,4,4,4,1,1,1,1,1,1,1,1,4,4,4,4,1,1,1,1,1,1,1,1,1,1,1,1,1,1,1,1,1,1,1,1,1,4,4,4,1,1,1,1,1,1,1,1,1,1,1,1,1,1,1,1
644,Kurunegala,1,2,3,2,5,1,8,6,3,3,3,3,4,4,4,4,1,1,1,1,1,1,1,1,1,1,1,1,1,1,1,1,1,1,1,1,1,1,1,1,1,1,1,1,1,1,1,1,3,1,1,2,1,1,1,1,1,1,1,1,3,4,4,4,1,1,1,1,1,1,1,1,1,1,1,1,2,1,1,1,1,1,1,1,1,1,1,1,1,1,1,1,1,1,1,1,1,1,1,1,4,1,2,3,1,1,1,1,1,1,1,1,1,1,1,1,4,1,2,3,1,1,1,1,1,1,1,1,1,1,1,1,1,1,1,1,1,1,1,1,4,1,2,3,1,1,1,1,1,1,1,1,1,1,1,1,1,1,1,1,4,1,2,3,1,1,1,1,1,1,1,1
645,Colombo,1,2,3,2,4,1,3,10,3,1,2,3,2,2,2,2,1,1,1,1,4,4,4,4,1,2,2,2,1,1,1,1,3,3,3,3,1,1,1,1,1,1,1,1,1,1,1,1,4,4,4,4,1,1,1,1,2,1,1,1,1,1,1,1,1,1,1,1,1,1,1,1,2,2,2,2,1,1,1,1,1,1,1,1,1,1,1,1,1,1,1,1,1,1,1,1,1,1,1,1,4,4,4,4,1,1,1,1,1,1,1,1,1,1,1,1,3,3,3,3,1,1,1,1,1,1,1,1,1,1,1,1,1,1,1,1,1,1,1,1,4,4,4,4,1,1,1,1,1,1,1,1,1,1,1,1,4,2,3,3,4,4,4,4,4,2,3,3,1,1,1,1
646,Kurunegala,1,2,4,2,7,1,1,2,3,3,3,3,4,1,2,3,1,1,1,1,1,1,1,1,1,2,1,1,1,4,3,2,1,1,1,1,1,1,1,1,1,1,1,1,1,1,1,1,3,1,1,2,1,1,1,1,1,1,1,1,3,4,4,4,1,1,1,1,1,1,2,4,1,1,1,1,2,1,1,1,1,1,1,1,1,1,1,1,3,1,1,2,1,1,1,1,1,1,1,1,3,2,3,4,1,1,1,1,1,1,1,1,1,4,4,3,4,1,1,2,1,1,1,1,1,1,1,1,1,1,1,1,1,1,1,1,1,1,1,1,4,1,1,2,1,1,1,1,1,1,1,1,1,1,1,1,1,1,1,1,4,1,1,2,1,1,1,1,1,1,1,1
647,Colombo,1,2,2,2,4,2,10,10,3,1,1,1,3,3,3,3,1,1,1,1,1,1,1,1,1,2,2,1,1,1,1,1,1,2,2,1,1,1,1,1,3,3,3,3,1,1,1,1,3,3,4,3,1,1,1,1,1,1,1,1,3,3,3,3,1,1,1,1,1,1,1,1,3,3,3,3,3,1,1,1,3,1,1,2,2,1,1,1,2,2,2,2,1,1,1,1,2,2,2,2,3,3,3,3,1,1,1,1,3,2,2,2,1,1,1,1,4,4,4,4,1,1,1,1,1,1,1,1,1,1,1,1,1,1,1,1,1,1,1,1,4,4,4,4,1,1,1,1,1,1,1,1,1,2,1,1,3,2,3,3,2,1,1,1,1,1,1,1,1,1,1,1
648,Nuwera Eliya,1,1,2,1,4,2,3,3,3,1,1,2,2,2,2,2,2,2,1,1,2,2,1,1,2,1,1,1,1,1,1,1,1,1,1,1,1,1,1,1,2,1,1,1,2,2,2,1,2,1,1,1,2,2,2,2,1,1,1,1,2,2,2,2,2,2,2,2,1,1,1,1,1,1,1,1,1,1,1,1,2,1,1,1,1,1,1,1,2,2,2,2,1,1,1,1,1,1,1,1,1,1,1,1,1,1,1,1,1,1,1,1,1,1,1,1,1,1,1,1,4,2,2,4,1,1,1,1,1,1,1,1,1,1,1,1,1,1,1,1,1,1,1,1,1,1,1,1,4,2,2,4,1,1,1,1,4,2,2,3,1,1,1,1,1,1,1,1,1,1,1,1
649,Nuwera Eliya,1,1,3,3,4,2,4,10,1,1,1,1,3,2,2,2,1,1,1,1,1,1,1,1,1,2,2,1,1,1,1,1,1,1,1,1,1,1,1,1,1,1,1,1,1,1,1,1,1,1,1,1,2,1,1,2,1,1,1,1,1,1,1,1,2,1,3,1,1,1,1,1,1,1,1,1,1,1,1,1,1,1,1,1,3,1,1,2,3,1,1,2,1,1,1,1,1,1,1,1,1,1,1,1,1,1,1,1,4,2,2,2,1,1,1,1,4,1,2,2,2,1,1,2,1,1,1,1,2,1,1,2,1,1,1,1,1,1,1,1,1,1,1,1,1,1,1,1,4,2,2,3,1,1,1,1,4,1,1,2,1,1,1,1,1,1,1,1,1,1,1,1
655,Colombo,1,2,3,2,4,3,3,10,3,2,3,3,4,4,4,4,1,1,1,1,1,1,1,1,1,1,1,1,1,1,1,1,1,1,1,1,1,1,1,1,1,1,1,1,1,1,1,1,2,2,2,2,3,3,3,3,1,1,1,1,1,1,1,1,1,1,1,1,1,1,1,1,2,2,2,2,1,1,1,1,1,1,1,1,1,1,1,1,2,2,2,2,1,1,1,1,2,2,2,2,1,1,1,1,1,1,1,1,4,4,4,4,1,1,1,1,3,3,3,3,1,1,1,1,1,1,1,1,4,2,4,4,1,1,1,1,1,1,1,1,1,1,1,1,1,1,1,1,2,2,2,2,1,1,1,1,2,2,2,2,4,4,4,4,3,3,3,3,4,1,1,1
657,Kandy,1,2,4,2,4,2,10,10,1,1,1,1,1,1,1,1,1,1,1,1,1,1,1,1,1,2,2,2,1,1,1,1,1,1,1,1,1,1,1,1,1,1,1,1,1,1,1,1,1,1,1,1,1,1,1,1,4,2,2,3,1,1,1,1,1,1,1,1,1,1,1,1,1,1,1,1,1,1,1,1,1,1,1,1,3,2,2,2,2,1,1,1,1,1,1,1,3,2,2,2,1,1,1,1,1,1,1,1,4,3,3,3,4,2,2,2,1,1,1,1,1,1,1,1,1,1,1,1,1,1,1,1,1,1,1,1,1,1,1,1,1,1,1,1,1,1,1,1,1,1,1,1,4,2,2,2,4,2,3,3,1,1,1,1,1,1,1,1,1,1,1,1
658,Gampaha,1,2,3,2,7,1,1,2,3,3,3,3,1,1,1,1,1,1,1,1,3,2,2,2,2,2,2,2,3,3,3,3,1,1,1,1,1,1,1,1,1,1,1,1,1,1,1,1,3,2,2,2,1,1,1,1,1,1,1,1,2,2,2,2,1,1,1,1,1,1,1,1,1,1,1,1,1,1,1,1,1,1,1,1,1,1,1,1,1,1,1,1,1,1,1,1,1,1,1,1,1,1,1,1,1,1,1,1,1,1,1,1,1,1,1,1,3,3,3,3,1,1,1,1,1,1,1,1,1,1,1,1,1,1,1,1,1,1,1,1,1,1,1,1,1,1,1,1,1,1,1,1,1,1,1,1,3,3,3,3,3,3,3,3,1,1,1,1,1,1,1,1
661,Colombo,1,2,1,2,4,1,10,10,2,1,1,1,3,3,3,3,1,1,1,1,2,2,2,2,1,1,1,1,1,1,1,1,1,2,1,1,1,1,1,1,3,3,3,3,2,1,1,1,1,1,1,1,1,1,1,1,1,1,1,1,1,1,1,1,1,1,1,1,1,1,1,1,2,2,2,2,2,1,1,1,2,1,1,1,2,1,1,1,3,3,3,3,1,1,1,1,2,2,2,2,1,1,1,1,1,1,1,1,3,3,3,3,1,1,1,1,4,4,4,4,1,1,1,1,1,1,1,1,1,1,1,1,1,1,1,1,1,1,1,1,1,1,1,1,1,1,1,1,4,4,4,4,1,1,1,1,3,3,3,3,1,1,1,1,1,1,1,1,1,1,1,1
663,Colombo,1,2,1,2,4,3,3,10,3,2,2,3,4,4,4,4,1,1,1,1,1,1,1,1,1,1,1,1,1,1,1,1,1,1,1,1,1,1,1,1,1,1,1,1,1,1,1,1,1,1,1,1,3,3,3,3,1,1,1,1,1,1,1,1,4,4,4,4,1,1,1,1,2,2,2,2,1,1,1,1,1,1,1,1,1,1,1,1,1,1,1,1,1,1,1,1,3,3,3,3,1,1,1,1,1,1,1,1,3,3,3,3,1,1,1,1,3,3,3,3,1,1,1,1,1,1,1,1,3,3,3,3,1,1,1,1,1,1,1,1,1,1,1,1,1,1,1,1,2,2,2,2,1,1,1,1,3,3,3,3,3,3,3,3,1,1,1,1,1,1,1,1
664,Colombo,1,2,3,2,4,2,9,3,1,1,1,1,3,2,1,3,1,1,1,1,2,1,1,2,1,1,1,1,1,1,1,1,1,1,1,1,1,1,1,1,2,2,2,2,1,1,1,1,1,1,1,1,2,1,1,1,1,1,1,1,1,1,1,1,1,1,1,1,1,1,1,1,1,1,1,1,1,1,1,1,1,1,1,1,1,1,1,1,1,1,1,1,1,1,1,1,1,1,1,1,1,1,1,1,1,1,1,1,4,2,3,4,4,4,4,4,4,2,2,4,1,1,1,1,1,1,1,1,1,1,1,1,1,1,1,1,1,1,1,1,1,1,1,1,1,1,1,1,4,2,3,4,4,2,2,2,1,1,1,1,1,1,1,1,1,1,1,1,1,1,1,1
665,Colombo,1,2,3,2,4,3,10,10,3,1,1,2,3,3,3,3,2,1,1,1,3,2,2,2,1,2,1,1,1,1,1,1,1,2,2,1,1,1,1,1,2,2,2,2,1,1,1,1,3,3,4,3,1,1,1,1,1,1,1,1,1,1,1,1,1,1,1,1,1,1,1,1,2,2,2,2,3,1,1,2,2,1,1,1,2,1,1,2,2,2,2,2,1,1,1,1,4,4,4,4,1,1,1,1,1,1,1,1,2,2,2,2,1,1,1,1,4,4,4,4,1,1,1,1,1,1,1,1,1,1,1,1,1,1,1,1,4,4,4,4,1,1,1,1,1,1,1,1,1,1,1,1,1,1,1,1,3,3,3,3,1,1,1,1,1,1,1,1,1,1,1,1
668,Colombo,1,2,3,2,4,3,3,3,3,2,2,2,4,4,4,4,2,1,1,1,1,1,1,1,1,2,2,2,1,1,1,1,1,1,1,1,1,1,1,1,1,1,1,1,2,1,1,1,2,1,1,1,1,1,1,1,1,1,1,1,4,4,4,4,1,1,1,1,1,1,1,1,1,1,1,1,1,1,1,1,2,1,1,1,3,1,1,1,3,1,1,1,3,1,1,1,4,4,4,4,1,1,1,1,1,1,1,1,2,1,1,1,1,1,1,1,4,4,4,4,1,1,1,1,1,1,1,1,4,4,4,4,1,1,1,1,1,1,1,1,1,1,1,1,1,1,1,1,1,1,1,1,1,1,1,1,1,1,1,1,4,4,4,4,1,1,1,1,1,1,1,1
669,Kandy,1,2,3,2,4,2,3,10,2,1,1,1,4,3,4,4,1,1,1,1,1,1,1,1,1,1,1,1,1,1,1,1,1,1,1,1,1,1,1,1,1,1,1,1,1,1,1,1,1,1,1,1,1,1,1,1,2,1,1,1,1,1,1,1,1,1,1,1,1,1,1,1,3,2,2,3,1,1,1,1,1,1,1,1,1,1,1,1,4,1,1,3,1,1,1,1,1,1,1,1,1,1,1,1,1,1,1,1,3,3,3,3,1,1,1,1,1,1,1,1,1,1,1,1,1,1,1,1,1,1,1,1,1,1,1,1,1,1,1,1,1,1,1,1,1,1,1,1,4,1,1,1,1,1,1,1,1,1,1,1,1,1,1,1,4,1,1,1,1,1,1,1
670,Gampaha,1,2,4,2,4,1,10,9,3,2,2,2,4,4,4,4,1,1,1,1,1,1,1,1,1,1,1,1,1,1,1,1,1,1,1,1,1,1,1,1,1,1,1,1,1,1,1,1,4,4,4,4,1,1,1,1,1,1,1,1,1,1,1,1,1,1,1,1,1,1,1,1,1,1,1,1,2,1,1,1,1,1,1,1,1,1,1,1,4,4,4,4,1,1,1,1,1,1,1,1,1,1,1,1,1,1,1,1,1,1,1,1,4,4,4,4,1,1,1,1,1,1,1,1,1,1,1,1,1,1,1,1,1,1,1,1,1,1,1,1,1,1,1,1,1,1,1,1,4,4,4,4,1,1,1,1,4,4,4,4,1,1,1,1,1,1,1,1,1,1,1,1
675,Colombo,1,2,3,2,4,1,10,10,3,1,1,2,4,4,4,4,1,1,1,1,1,1,1,1,1,1,1,1,1,1,1,1,1,1,1,1,1,1,1,1,1,1,1,1,1,1,1,1,2,2,2,2,1,1,1,1,2,2,2,2,1,1,1,1,1,1,1,1,1,1,1,1,2,2,2,2,1,1,1,1,1,1,1,1,1,1,1,1,1,1,1,1,1,1,1,1,1,1,1,1,4,4,4,4,1,1,1,1,2,2,2,2,1,1,1,1,4,4,4,4,1,1,1,1,1,1,1,1,1,1,1,1,1,1,1,1,1,1,1,1,4,4,4,4,1,1,1,1,1,1,1,1,1,1,1,1,3,3,3,3,4,4,4,4,4,2,2,2,1,1,1,1
678,Kandy,1,1,5,2,4,2,10,10,1,1,1,1,3,3,3,3,1,1,1,1,1,1,1,1,2,3,3,3,1,1,1,1,1,1,1,1,1,1,1,1,1,1,1,1,1,1,1,1,4,1,1,1,1,1,1,1,4,3,3,3,1,1,1,1,1,1,1,1,1,1,1,1,1,1,1,1,1,1,1,1,1,1,1,1,3,1,1,1,4,1,1,1,1,1,1,1,1,1,1,1,1,1,1,1,1,1,1,1,4,3,3,3,4,2,3,3,1,1,1,1,1,1,1,1,1,1,1,1,1,1,1,1,1,1,1,1,1,1,1,1,1,1,1,1,1,1,1,1,1,1,1,1,4,2,3,3,4,2,3,3,1,1,1,1,1,1,1,1,1,1,1,1
680,Puttalam,1,2,3,2,4,1,3,9,3,1,2,3,4,3,3,3,1,1,1,1,1,1,1,1,1,1,1,1,1,1,1,1,1,1,1,1,1,1,1,1,1,1,1,1,4,1,1,2,2,1,1,1,1,1,1,1,1,1,1,1,1,1,1,1,1,1,1,1,1,1,1,1,3,2,4,4,1,1,1,1,1,1,1,1,4,1,1,1,1,1,1,1,1,1,1,1,1,1,1,1,1,1,1,1,1,1,1,1,4,1,4,4,1,1,1,1,4,4,4,4,1,1,1,1,1,1,1,1,1,1,1,1,1,1,1,1,1,1,1,1,1,1,1,1,1,1,1,1,4,4,4,4,1,1,1,1,4,4,4,4,1,1,1,1,1,1,1,1,1,1,1,1
683,Colombo,1,2,2,2,4,2,10,3,1,1,1,1,4,2,2,3,1,1,1,1,1,1,1,1,1,1,1,1,1,1,1,1,1,1,1,1,1,1,1,1,1,1,2,2,1,1,1,1,1,1,1,1,1,1,1,1,2,2,2,2,1,1,1,1,1,1,1,1,1,1,1,1,1,1,1,1,1,1,1,1,1,1,1,1,1,1,1,1,1,1,1,1,1,1,1,1,1,1,1,1,1,1,1,1,4,3,3,4,3,2,3,4,1,1,1,1,1,2,2,4,1,1,1,1,1,1,1,1,1,1,1,1,1,1,1,1,1,1,1,1,1,1,1,1,4,2,3,4,4,2,3,4,1,1,1,1,1,1,1,1,1,1,1,1,1,1,1,1,1,1,1,1
684,Colombo,1,2,4,2,4,1,3,10,3,3,3,3,4,4,4,4,1,1,1,1,1,1,1,1,1,1,1,1,1,1,1,1,1,1,1,1,1,1,1,1,1,1,1,1,1,1,1,1,4,4,4,4,1,1,1,1,1,1,1,1,1,1,1,1,1,1,1,1,1,1,1,1,2,2,2,2,1,1,1,1,1,1,1,1,1,1,1,1,2,2,2,2,1,1,1,1,3,3,3,3,1,1,1,1,1,1,1,1,2,2,2,2,1,1,1,1,4,4,4,4,1,1,1,1,1,1,1,1,1,1,1,1,1,1,1,1,1,1,1,1,1,1,1,1,1,1,1,1,3,3,3,3,1,1,1,1,4,4,4,4,4,1,1,1,1,1,1,1,1,1,1,1
687,Colombo,2,1,5,2,3,2,10,3,1,1,1,1,2,1,1,2,1,1,1,1,1,1,1,1,1,1,1,1,1,1,1,1,1,1,1,1,1,1,1,1,1,1,2,1,1,1,1,1,1,1,1,2,1,1,1,1,1,1,1,1,1,1,1,1,1,1,1,1,1,1,1,1,1,1,1,1,1,1,1,1,1,1,1,1,1,1,1,1,4,1,1,2,1,1,1,2,1,1,1,1,1,1,1,1,1,1,1,1,4,2,2,2,1,1,1,1,2,1,1,1,1,1,1,1,1,1,1,1,1,1,1,1,1,1,1,1,1,1,1,1,1,1,1,1,1,1,1,1,4,1,1,3,1,1,1,1,1,1,1,1,1,1,1,1,1,1,1,1,1,1,1,1
689,Colombo,1,2,3,2,4,1,3,3,3,2,2,1,3,4,4,4,1,1,1,1,1,1,1,1,2,2,2,2,1,1,1,1,3,2,2,2,1,1,1,1,1,1,1,1,3,1,1,1,3,1,1,1,1,1,1,1,1,1,1,1,3,4,4,4,1,1,1,1,1,1,1,1,1,1,1,1,2,1,1,1,1,1,1,1,3,1,1,1,4,4,4,4,1,1,1,1,1,2,2,2,1,1,1,1,1,1,1,1,1,1,1,1,1,1,1,1,4,4,4,4,1,1,1,1,1,1,1,1,4,4,4,4,1,1,1,1,1,2,2,2,1,1,1,1,1,1,1,1,1,1,1,1,1,1,1,1,2,1,1,1,4,4,4,4,1,1,1,1,1,1,1,1
690,Puttalam,1,2,4,2,4,1,1,4,5,1,5,5,4,3,3,3,4,1,1,1,1,1,1,1,3,1,1,1,1,1,1,1,1,1,1,1,1,2,3,2,1,1,1,3,1,1,1,1,1,1,1,1,1,1,1,1,1,1,1,1,3,4,4,4,1,1,1,1,1,2,3,3,1,1,1,1,1,1,1,1,1,1,1,1,3,1,1,1,4,1,1,1,1,1,1,1,1,1,1,1,2,4,4,4,1,1,1,1,1,1,1,1,1,1,1,1,4,4,4,4,1,1,1,1,1,1,1,1,1,1,1,1,1,1,1,1,1,1,1,1,4,4,4,4,1,1,1,1,1,1,1,1,1,1,1,1,4,3,3,3,4,1,1,3,1,1,1,1,1,1,1,1
691,Puttalam,1,2,5,2,4,1,8,6,3,2,2,2,4,3,3,3,1,1,1,1,1,1,1,1,1,1,1,1,1,1,1,1,1,1,1,1,1,1,1,1,1,1,1,1,1,1,1,1,2,1,1,1,1,1,1,1,1,1,1,1,3,4,4,4,1,1,1,1,1,1,1,1,1,1,1,1,1,1,1,1,1,1,1,3,2,1,1,1,4,1,2,3,1,1,1,1,2,1,3,3,1,1,1,1,1,1,1,1,1,1,1,1,1,1,1,1,1,1,1,1,1,1,1,1,1,1,1,1,1,1,1,1,1,1,1,1,1,1,1,1,4,1,3,3,1,1,1,1,1,1,1,1,1,1,1,1,1,1,1,1,4,1,3,3,1,1,1,1,1,1,1,1
694,Kandy,1,2,2,2,4,3,3,10,3,1,1,1,3,1,2,2,1,1,1,1,1,1,1,1,1,2,2,1,1,1,1,1,1,1,1,1,1,1,1,1,1,1,1,1,2,1,1,2,1,1,1,1,2,1,1,2,1,1,1,1,2,1,1,2,2,1,1,2,1,1,1,1,1,1,1,1,1,1,1,1,1,1,1,1,2,1,1,2,2,1,2,2,1,1,1,1,2,1,2,2,1,1,1,1,1,1,1,1,3,1,1,2,1,1,1,1,4,1,1,3,1,1,1,1,1,1,1,1,4,1,1,3,1,1,1,1,1,1,1,1,1,1,1,1,1,1,1,1,1,1,1,1,1,1,1,1,4,1,1,2,1,1,1,1,1,1,1,1,1,1,1,1
696,Kandy,1,2,1,2,4,2,3,3,2,1,2,2,2,1,1,2,2,1,1,1,2,1,1,1,2,1,1,1,1,1,1,1,2,1,2,2,1,1,1,1,2,2,1,1,2,1,1,2,1,1,1,1,1,1,1,1,1,1,1,1,1,1,1,1,1,1,1,1,1,1,1,1,1,1,2,2,1,1,1,1,1,1,1,1,2,1,1,1,1,1,1,1,1,1,1,1,4,2,3,3,1,1,1,1,1,1,1,1,1,1,1,1,1,1,1,1,4,2,3,4,1,1,1,1,1,1,1,1,1,1,1,1,1,1,1,1,1,1,1,1,1,1,1,1,1,1,1,1,4,1,3,4,1,1,1,1,3,1,3,3,1,1,1,1,1,1,1,1,1,1,1,1
697,Galle,1,2,4,2,4,3,3,4,2,1,1,1,4,4,4,4,1,1,1,1,1,1,1,1,1,2,2,2,1,1,1,1,2,1,1,1,1,1,1,1,1,2,2,2,1,1,1,1,2,1,1,1,1,1,1,1,1,1,1,1,4,4,4,4,1,1,1,1,1,1,1,1,1,1,1,1,2,1,1,1,2,1,1,1,4,1,1,1,4,2,2,2,1,1,1,1,1,2,2,2,3,3,3,3,1,1,1,1,3,3,3,3,1,1,1,1,4,4,4,4,1,1,1,1,1,1,1,1,1,1,1,1,1,1,1,1,1,1,1,1,4,4,4,4,1,1,1,1,1,1,1,1,1,1,1,1,1,1,1,1,1,1,1,1,1,1,1,1,4,4,4,4
698,Galle,1,2,2,2,4,3,9,10,3,1,1,2,4,4,4,4,1,1,1,1,1,1,1,1,1,1,1,1,1,1,1,1,1,1,1,1,1,1,1,1,1,2,2,2,1,1,1,1,2,2,2,2,1,1,1,1,1,1,1,1,1,1,1,1,1,1,1,1,1,1,1,1,2,2,2,2,1,1,1,1,1,1,1,1,1,1,1,1,4,2,4,4,1,1,1,1,3,3,3,3,1,1,1,1,1,1,1,1,2,2,2,2,1,1,1,1,4,4,4,4,1,1,1,1,1,1,1,1,1,1,1,1,1,1,1,1,1,1,1,1,1,1,1,1,4,4,4,4,2,2,2,2,1,1,1,1,4,4,4,4,4,4,4,4,1,1,1,1,1,1,1,1
699,Galle,1,2,2,2,5,3,7,10,3,1,1,2,3,3,3,3,2,2,2,2,1,1,1,1,1,1,1,1,1,1,1,1,1,2,1,1,2,2,2,2,3,3,3,3,1,1,1,1,2,2,2,2,1,1,1,1,1,1,1,1,3,3,3,3,3,3,3,3,1,1,1,1,1,1,1,1,3,1,1,1,3,1,1,1,3,1,1,1,2,2,2,2,1,1,1,1,4,4,4,4,1,1,1,1,1,1,1,1,1,1,1,1,1,1,1,1,4,4,4,4,1,1,1,1,1,1,1,1,1,1,1,1,1,1,1,1,4,4,4,4,1,1,1,1,1,1,1,1,1,1,1,1,1,2,2,2,3,3,3,3,1,1,1,1,2,2,2,2,1,1,1,1
700,Galle,1,2,3,2,3,3,10,10,3,1,1,1,4,4,4,4,1,1,1,1,1,1,1,1,2,2,2,2,1,1,1,1,1,1,1,1,1,1,1,1,2,2,2,2,1,1,1,1,2,2,2,2,1,1,1,1,1,1,1,1,1,1,1,1,1,1,1,1,1,1,1,1,1,1,1,1,1,1,1,1,1,1,1,1,1,1,1,1,1,1,1,1,1,1,1,1,3,3,3,3,1,1,1,1,3,3,3,3,2,2,2,2,1,1,1,1,4,4,4,4,1,1,1,1,1,1,1,1,1,1,1,1,1,1,1,1,3,3,3,3,1,1,1,1,2,2,2,2,2,2,2,2,1,1,1,1,3,3,3,3,4,4,4,4,1,1,1,1,1,1,1,1
701,Puttalam,1,2,3,2,4,1,8,6,3,3,3,3,4,3,3,3,1,1,1,1,1,1,1,1,1,1,1,1,1,1,1,1,1,1,1,1,1,1,1,1,1,1,1,1,2,1,1,1,2,1,1,1,1,1,1,1,1,1,1,1,3,4,4,4,1,1,1,1,1,1,1,1,1,1,1,1,2,1,1,1,1,1,1,1,1,1,1,1,3,1,2,3,1,1,1,1,1,1,1,1,2,3,2,2,1,1,1,1,1,1,1,1,1,1,1,1,1,1,1,1,1,1,1,1,1,1,1,1,1,1,1,1,1,1,1,1,1,1,1,1,1,1,1,1,1,1,1,1,1,1,1,1,1,1,1,1,1,1,1,1,1,1,1,1,1,1,1,1,1,1,1,1
702,Galle,1,2,3,2,4,1,3,10,3,2,2,3,2,2,2,2,4,2,2,2,2,2,2,2,1,3,2,2,1,1,1,1,2,2,2,2,1,1,1,1,3,3,3,3,1,1,1,1,3,3,4,3,1,1,1,1,2,2,2,2,3,3,3,3,1,1,1,1,1,1,1,1,1,1,1,1,3,1,1,1,3,1,1,1,2,1,1,2,2,2,2,2,1,1,1,1,1,2,2,2,4,4,4,4,1,1,1,1,1,1,1,1,1,1,1,1,4,4,4,4,1,1,1,1,1,1,1,1,1,1,1,1,1,1,1,1,1,1,1,1,4,4,4,4,1,1,1,1,1,1,1,1,1,1,1,1,3,3,3,3,2,2,2,2,3,2,2,2,2,1,1,1
703,Gampaha,1,2,4,2,4,3,1,4,2,1,1,1,2,2,2,2,3,2,2,2,1,2,2,2,1,3,3,3,1,1,1,1,1,1,1,1,1,1,1,1,1,1,1,1,1,1,1,1,2,1,1,1,1,1,1,1,1,1,2,1,1,1,1,1,1,1,1,1,1,1,1,1,1,1,1,1,2,1,1,1,2,1,1,1,1,1,1,1,3,2,2,2,1,1,1,1,2,1,1,1,1,1,1,1,1,1,1,1,3,2,2,2,1,1,1,1,3,2,2,2,2,1,1,1,1,1,1,1,3,1,1,1,1,1,1,1,1,1,1,1,1,1,1,1,1,1,1,1,1,1,1,1,1,1,1,1,3,2,2,2,1,1,1,1,1,1,1,1,1,1,1,1
705,Galle,1,2,2,2,4,1,10,10,3,2,2,3,4,4,4,4,1,1,1,1,2,2,2,2,1,1,1,1,1,1,1,1,1,1,1,1,1,1,1,1,1,1,1,1,1,1,1,1,2,2,2,2,1,1,1,1,2,2,2,2,3,3,3,3,1,1,1,1,1,1,1,1,2,2,2,2,1,1,1,1,1,1,1,1,1,1,1,1,1,1,1,1,1,1,1,1,1,1,1,1,4,4,4,4,1,1,1,1,2,2,2,2,1,1,1,1,4,4,4,4,1,1,1,1,1,1,1,1,1,1,1,1,1,1,1,1,2,2,2,2,4,4,4,4,1,1,1,1,2,2,2,2,1,1,1,1,4,4,4,4,4,4,4,4,3,3,3,3,1,1,1,1
706,Galle,1,2,3,2,4,1,3,4,3,3,3,3,3,4,4,4,1,1,1,1,1,1,1,1,1,2,2,2,1,1,1,1,3,1,1,1,1,1,1,1,1,1,1,2,3,1,1,1,2,1,1,1,1,1,1,1,1,1,1,1,2,2,2,2,3,3,3,3,1,1,1,1,1,1,1,1,2,1,1,1,2,1,1,1,3,1,1,1,4,3,3,3,1,1,1,1,2,2,2,2,1,1,1,1,3,3,3,3,2,2,2,2,1,1,1,1,4,4,4,4,1,1,1,1,1,1,1,1,1,1,1,1,1,1,1,1,1,1,1,1,1,1,1,1,4,4,4,4,1,1,1,1,1,1,1,1,1,1,1,1,4,4,4,4,1,1,1,1,1,1,1,1
707,Galle,1,2,4,2,4,1,3,6,3,2,2,2,2,3,3,2,1,1,1,1,2,2,2,2,1,2,2,1,3,3,3,3,1,2,1,1,1,1,1,1,3,3,3,3,1,1,1,1,3,3,4,3,1,1,1,1,1,1,1,1,3,3,3,3,1,1,1,1,1,1,1,1,1,1,1,1,3,1,1,1,3,1,2,2,3,1,2,2,3,3,3,3,1,1,1,1,2,2,2,2,4,4,4,4,1,1,1,1,3,2,2,2,1,1,1,1,4,4,4,4,1,1,1,1,1,1,1,1,1,1,1,1,1,1,1,1,1,1,1,1,4,4,4,4,1,1,1,1,1,1,1,1,1,1,1,1,4,4,4,4,2,2,2,2,3,3,3,3,3,1,3,3
708,Galle,1,2,2,2,4,3,2,4,3,2,2,2,3,4,4,4,2,1,1,1,2,1,1,1,2,2,2,2,1,1,1,1,2,1,1,1,1,1,1,1,1,1,1,1,2,1,1,1,2,1,1,1,1,1,1,1,1,1,1,1,4,4,4,4,1,1,1,1,1,1,1,1,1,1,1,1,2,1,1,1,2,1,1,1,2,1,1,1,4,3,3,3,1,1,1,1,2,2,2,2,1,1,1,1,2,3,3,3,1,1,1,1,1,1,1,1,4,4,4,4,1,1,1,1,1,1,1,1,1,1,1,1,1,1,1,1,1,1,1,1,1,1,1,1,4,4,4,4,1,1,1,1,1,1,1,1,1,1,1,1,1,1,1,1,1,1,1,1,4,4,4,4
709,Puttalam,1,2,3,2,4,1,10,10,3,1,1,1,3,3,2,3,1,1,1,1,3,3,3,3,1,1,1,1,1,1,1,1,1,1,1,1,1,1,1,1,2,2,2,2,2,1,1,2,1,1,1,1,1,1,1,1,1,1,1,1,1,1,1,1,1,1,1,1,1,1,1,1,2,2,2,2,1,1,1,1,1,1,1,1,1,1,1,1,3,1,1,3,1,1,1,1,1,1,1,1,1,1,1,1,4,4,4,4,2,2,2,2,1,1,1,1,4,4,4,4,1,1,1,1,1,1,1,1,1,1,1,1,1,1,1,1,1,1,1,1,1,1,1,1,1,1,1,1,1,1,1,1,1,1,1,1,4,4,4,4,1,1,1,1,1,1,1,1,1,1,1,1
711,Gampaha,1,2,3,2,3,1,1,7,2,2,2,2,4,4,4,4,1,1,1,1,1,1,1,1,1,1,1,1,1,1,1,1,1,1,1,1,1,1,1,1,1,1,1,1,1,1,1,1,1,1,1,1,4,4,4,4,1,1,1,1,1,1,1,1,1,1,1,1,1,1,1,1,1,1,1,1,1,1,1,1,1,1,1,1,1,1,1,1,1,1,1,1,1,1,1,1,1,1,1,1,1,1,1,1,4,4,4,4,1,1,1,1,1,1,1,1,4,4,4,4,1,1,1,1,1,1,1,1,1,1,1,1,1,1,1,1,1,1,1,1,1,1,1,1,4,4,4,4,1,1,1,1,1,1,1,1,4,4,4,4,1,1,1,1,1,1,1,1,1,1,1,1
716,Galle,1,2,3,2,4,1,3,10,3,3,3,3,3,3,3,3,1,1,1,1,2,2,2,2,1,2,1,1,3,3,3,3,2,2,2,2,1,1,1,1,3,3,3,3,1,1,1,1,3,3,4,3,1,1,1,1,2,2,2,2,3,3,3,3,1,1,1,1,1,1,1,1,1,1,1,1,3,1,1,1,3,1,1,1,3,1,1,1,3,3,3,3,1,1,1,1,3,3,3,3,1,1,1,1,1,1,1,1,3,3,3,3,1,1,1,1,4,4,4,1,1,1,1,1,1,1,1,1,1,1,1,1,1,1,1,1,1,1,1,1,1,1,1,1,1,1,1,1,1,1,1,1,1,1,1,1,4,4,4,4,1,1,1,1,1,1,1,1,1,1,1,1
717,Galle,1,2,1,2,4,1,3,10,3,1,1,2,2,2,2,2,4,4,4,4,1,1,1,1,1,3,1,1,2,3,3,3,1,2,1,2,3,3,3,3,2,2,2,2,1,1,1,1,3,3,4,3,1,1,1,1,1,1,1,1,3,3,3,3,1,1,1,1,1,1,1,1,1,1,1,1,3,1,1,1,3,1,1,1,3,1,1,2,2,2,2,2,1,1,1,1,3,3,3,3,1,1,1,1,1,1,1,1,2,2,2,2,1,1,1,1,4,4,4,4,1,1,1,1,1,1,1,1,1,1,1,1,1,1,1,1,1,1,1,1,1,1,1,1,1,1,1,1,1,1,1,1,1,1,1,1,3,3,3,3,1,1,1,1,1,1,1,1,1,1,1,1
719,Galle,1,2,1,2,4,1,10,10,3,2,2,2,1,1,2,2,1,1,1,1,4,4,4,4,1,2,2,2,1,1,1,1,1,1,1,1,1,1,1,1,1,1,1,1,1,1,1,1,1,1,1,1,4,4,4,4,1,1,1,1,1,1,1,1,1,1,1,1,1,1,1,1,4,4,4,4,1,1,1,1,2,1,1,1,3,1,1,1,1,1,1,1,1,1,1,1,3,2,2,2,3,4,4,4,1,1,1,1,1,1,1,1,1,1,1,1,4,4,4,4,1,1,1,1,1,1,1,1,1,1,1,1,1,1,1,1,4,4,4,4,1,1,1,1,1,1,1,1,1,1,1,1,1,1,1,1,4,4,4,4,1,1,1,1,1,1,1,1,1,1,1,1
720,Kandy,1,2,3,1,4,2,1,6,3,1,1,3,1,1,1,1,1,1,1,1,4,4,4,4,1,2,2,2,1,1,1,1,1,1,1,1,1,1,1,1,1,1,1,1,1,1,1,1,2,2,2,2,1,1,1,1,1,1,1,1,2,2,2,2,1,1,1,1,1,1,1,1,3,3,3,3,1,1,1,1,1,1,1,1,1,1,1,1,4,1,2,2,1,1,1,1,1,3,2,2,1,1,1,1,3,3,3,3,1,1,1,1,1,1,1,1,4,1,3,3,1,1,1,1,1,1,1,1,1,1,1,1,1,1,1,1,1,1,1,1,1,1,1,1,1,3,3,3,1,1,1,1,1,1,1,1,4,1,4,4,1,1,1,1,1,1,1,1,1,1,1,1
721,Galle,3,2,3,2,4,1,2,10,3,2,2,2,4,4,4,4,1,1,1,1,1,1,1,1,1,2,2,2,3,3,3,3,1,1,1,1,1,1,1,1,1,1,1,1,1,1,1,1,3,1,1,1,1,1,1,1,1,1,1,1,3,4,4,4,1,1,1,1,1,1,1,1,3,3,3,3,3,1,1,1,3,1,1,1,3,1,1,1,1,1,1,1,1,1,1,1,1,1,1,1,4,4,4,4,1,1,1,1,2,1,1,1,1,1,1,1,4,4,4,4,1,1,1,1,1,1,1,1,2,2,2,2,1,1,1,1,1,1,1,1,3,3,3,3,1,1,1,1,1,1,1,1,1,1,1,1,1,1,1,1,1,1,1,1,1,1,1,1,4,4,4,4
724,Galle,1,2,2,2,5,1,3,3,3,2,2,2,4,4,4,4,1,1,1,1,1,1,1,1,1,3,3,3,1,1,1,1,1,1,1,1,1,1,1,1,1,1,1,1,2,1,1,1,1,1,1,1,1,1,1,1,3,3,3,3,3,3,3,3,1,1,1,1,1,1,1,1,4,4,4,4,3,1,1,1,2,1,1,1,3,1,1,1,4,2,2,2,1,1,1,1,2,2,2,2,3,3,3,3,1,1,1,1,1,1,1,1,1,1,1,1,4,4,4,4,1,1,1,1,1,1,1,1,1,1,1,1,1,1,1,1,1,1,1,1,4,4,4,4,1,1,1,1,1,1,1,1,1,1,1,1,1,1,1,1,1,1,1,1,4,4,4,4,1,1,1,1
725,Kegalle,1,2,3,2,4,1,10,4,2,1,1,1,4,4,4,4,1,1,1,1,1,1,1,1,1,2,2,2,1,1,1,1,2,2,2,2,1,1,1,1,1,1,1,1,3,1,1,1,1,1,1,1,1,1,1,1,1,1,1,1,4,4,4,4,1,1,1,1,1,1,1,1,1,1,1,1,1,1,1,1,2,1,1,1,3,1,1,1,1,1,1,1,1,1,1,1,2,2,2,2,3,4,4,4,1,1,1,1,1,1,1,1,1,2,2,2,4,4,4,4,1,1,1,1,1,1,1,1,1,1,1,1,1,1,1,1,1,1,1,1,3,3,3,3,2,2,2,2,1,1,1,1,1,2,2,2,1,4,4,4,1,1,1,1,1,1,1,1,4,1,1,1
726,Kegalle,3,2,1,2,4,3,3,10,2,1,2,2,4,4,4,4,1,1,1,1,1,1,1,1,1,2,1,1,1,1,1,1,1,1,1,1,1,1,1,1,1,1,1,1,2,1,1,1,1,1,1,1,1,1,1,1,1,1,1,1,4,4,4,4,1,1,1,1,1,1,1,1,4,4,4,4,1,1,1,1,1,1,1,1,3,1,1,1,2,2,2,2,1,1,1,1,1,1,1,1,4,4,4,4,1,1,1,1,1,1,1,1,1,1,1,1,4,4,4,4,1,1,1,1,1,1,1,1,1,1,1,1,1,1,1,1,1,1,1,1,4,4,4,4,1,1,1,1,1,1,1,1,1,1,1,1,4,4,4,4,1,1,1,1,1,1,1,1,1,1,1,1
727,Gampaha,1,2,2,2,5,1,3,4,1,1,1,1,3,2,2,2,1,2,2,2,2,1,1,1,2,2,2,2,1,1,1,1,1,1,1,1,1,1,1,1,1,1,1,1,1,1,1,1,3,1,1,1,1,1,1,1,1,1,1,1,2,2,2,2,2,1,1,1,1,1,1,1,1,1,1,1,3,1,1,1,3,1,1,1,1,1,1,1,1,1,1,1,1,1,1,1,1,1,1,1,3,2,2,2,1,1,1,1,2,1,1,1,1,1,1,1,3,3,3,3,1,1,1,1,1,1,1,1,1,1,1,1,1,1,1,1,1,1,1,1,1,1,1,1,1,1,1,1,1,1,1,1,1,1,1,1,3,1,1,1,3,1,1,1,1,1,1,1,1,1,1,1
728,Kegalle,1,2,5,2,4,3,3,3,3,1,1,1,3,3,3,3,1,1,1,1,1,1,1,1,1,2,2,1,1,1,1,1,1,2,1,1,1,1,1,1,3,3,3,3,3,2,2,2,3,3,4,3,1,1,1,1,1,1,1,1,3,3,3,3,1,1,1,1,1,1,1,1,1,1,1,1,2,1,1,1,3,1,2,1,3,1,2,3,3,3,3,3,1,1,1,1,3,3,3,3,1,1,1,1,1,1,1,1,3,3,3,3,1,1,1,1,2,2,2,2,4,4,4,4,1,1,1,1,4,4,4,4,1,1,1,1,2,2,2,2,1,1,1,1,1,1,1,1,1,1,1,1,1,1,1,1,4,4,4,4,1,1,1,1,1,1,1,1,3,2,2,2
729,Kegalle,1,2,4,2,4,3,3,8,3,1,1,1,3,3,3,3,3,1,1,1,1,1,1,1,1,1,1,1,1,1,1,1,3,1,1,1,1,1,1,1,1,1,1,1,1,1,1,1,2,1,1,1,1,1,1,1,1,1,1,1,4,4,4,4,1,1,1,1,2,2,2,2,1,1,1,1,1,1,1,1,1,1,1,1,3,1,1,1,4,3,3,3,1,1,1,1,2,3,3,3,1,1,1,1,1,1,1,1,1,1,1,1,1,1,1,1,4,4,4,4,1,1,1,1,1,1,1,1,4,2,2,2,1,1,1,1,2,1,1,1,1,1,1,1,1,1,1,1,1,1,1,1,1,1,1,1,1,1,1,1,1,1,1,1,1,1,1,1,4,1,1,1
730,Kegalle,2,1,2,2,5,3,10,10,3,3,3,3,2,3,3,3,3,2,2,2,1,1,1,1,1,2,2,2,1,1,1,1,1,1,1,1,1,1,1,1,1,1,1,1,1,1,1,1,2,1,1,1,1,1,1,1,1,1,1,1,4,4,4,4,1,1,1,1,1,1,1,1,2,2,2,2,1,1,1,1,2,1,1,1,3,1,1,1,4,2,2,2,1,1,1,1,2,3,3,3,1,1,1,1,1,1,1,1,1,1,1,1,1,1,1,1,1,1,1,1,1,1,1,1,1,1,1,1,1,1,1,1,1,1,1,1,1,1,1,1,1,1,1,1,1,1,1,1,1,1,1,1,1,1,1,1,1,1,1,1,1,1,1,1,1,1,1,1,1,1,1,1
733,Kegalle,1,2,3,2,5,3,10,10,3,1,1,2,3,3,3,3,2,2,2,2,1,1,1,1,1,2,1,1,1,1,1,1,1,2,2,1,1,1,1,1,3,3,3,3,1,1,1,1,3,3,4,3,1,1,1,1,1,1,1,1,1,1,1,1,1,1,1,1,1,1,1,1,1,1,1,1,3,1,1,2,3,1,1,2,2,1,1,2,2,2,2,2,1,1,1,1,2,2,2,2,4,4,4,4,1,1,1,1,1,1,1,1,1,1,1,1,4,4,4,4,1,1,1,1,1,1,1,1,1,1,1,1,1,1,1,1,1,1,1,1,4,4,4,4,1,1,1,1,1,1,1,1,1,1,1,1,4,4,4,4,1,1,1,1,1,1,1,1,1,1,1,1
734,Kegalle,1,2,3,2,5,3,10,10,3,2,2,2,1,3,3,3,3,2,2,2,1,1,1,1,1,2,2,2,1,1,1,1,1,1,1,1,1,1,1,1,1,1,1,1,1,1,1,1,2,1,1,1,1,1,1,1,1,1,1,1,4,4,4,4,1,1,1,1,1,1,1,1,1,1,1,1,2,1,1,1,2,1,1,1,3,1,1,1,3,2,2,2,1,1,1,1,3,4,4,4,1,1,1,1,1,1,1,1,1,1,1,1,1,1,1,1,4,4,4,4,1,1,1,1,1,1,1,1,3,2,2,2,1,1,1,1,3,4,4,4,1,1,1,1,1,1,1,1,1,1,1,1,1,1,1,1,1,1,1,1,3,4,1,4,1,1,1,1,4,1,1,1
735,Kandy,1,2,6,2,3,2,9,3,2,1,1,1,4,2,2,2,1,1,1,1,1,1,1,1,1,3,2,1,1,1,1,1,1,1,1,1,1,1,1,1,2,3,3,4,1,1,1,1,2,3,4,2,1,1,1,1,1,1,1,1,1,1,1,1,1,1,1,1,1,1,1,1,4,3,2,2,1,1,1,1,1,1,1,1,1,1,1,1,4,1,1,2,1,1,1,1,3,1,2,2,1,1,1,1,1,1,1,1,1,1,1,1,1,1,1,1,4,1,1,2,1,1,1,1,1,1,1,1,3,1,1,1,1,1,1,1,1,1,1,1,1,1,1,1,1,1,1,1,3,1,2,2,1,1,1,1,1,1,1,1,1,1,1,1,1,1,1,1,4,1,1,1
736,Kegalle,1,1,5,3,4,1,10,10,2,2,2,2,4,4,4,4,1,1,1,1,1,1,1,1,1,2,2,2,3,3,3,3,2,1,1,1,1,1,1,1,2,2,2,2,1,1,1,1,1,1,1,1,1,1,1,1,1,1,1,1,4,4,4,4,1,1,1,1,1,1,1,1,4,4,4,4,1,1,1,1,1,1,1,1,2,1,1,1,2,1,1,1,1,1,1,1,1,1,1,1,1,1,1,1,1,1,1,1,4,4,4,4,1,1,1,1,1,1,1,1,1,1,1,1,1,1,1,1,1,1,1,1,1,1,1,1,1,1,1,1,1,1,1,1,1,1,1,1,1,1,1,1,1,1,1,1,1,1,1,1,1,1,1,1,1,1,1,1,1,1,1,1
737,Kegalle,1,2,2,2,5,1,10,10,3,3,3,3,2,3,3,3,3,2,2,2,2,2,2,2,1,2,2,2,1,1,1,1,1,1,1,1,1,1,1,1,1,1,1,1,1,1,1,1,1,1,1,1,1,1,1,1,1,1,1,1,4,4,4,4,1,1,1,1,1,1,1,1,1,1,1,1,3,1,1,1,3,1,1,1,3,1,1,1,1,1,1,1,1,1,1,1,3,2,2,2,3,4,4,4,1,1,1,1,1,1,1,1,1,1,1,1,4,4,4,4,1,1,1,1,1,1,1,1,1,1,1,1,1,1,1,1,1,1,1,1,1,1,1,1,1,1,1,1,1,1,1,1,1,1,1,1,1,1,1,1,1,1,1,1,1,1,1,1,4,4,4,4
740,Kegalle,1,2,2,2,4,1,10,10,3,1,2,2,3,3,3,3,1,1,1,1,2,2,2,2,1,1,1,1,3,3,3,3,1,2,2,1,1,1,1,1,3,3,3,3,1,1,1,1,3,3,4,3,1,1,1,1,1,1,1,1,3,3,3,3,1,1,1,1,1,1,1,1,1,1,1,1,3,1,1,1,3,1,1,1,3,2,1,2,2,2,2,2,1,1,1,1,2,2,2,2,3,3,3,3,1,1,1,1,3,3,3,3,1,1,3,1,4,4,4,4,1,1,1,1,1,1,1,1,1,1,1,1,1,1,1,1,1,1,1,1,4,4,4,4,1,1,1,1,1,1,1,1,1,2,2,2,4,3,3,3,1,1,1,1,1,1,1,1,1,1,1,1
741,Anuradhapura,1,2,4,2,4,3,3,9,3,2,2,2,4,3,4,4,1,1,1,1,1,1,1,1,1,1,1,1,1,1,1,1,1,1,1,1,1,1,1,1,1,1,1,1,1,1,1,1,2,1,2,2,1,1,1,1,1,1,1,1,3,4,3,3,1,1,1,1,1,1,1,1,3,2,3,3,1,1,1,1,1,1,1,1,4,1,1,2,4,1,2,3,1,1,1,1,2,4,3,2,1,1,1,1,1,1,1,1,1,1,1,1,1,1,1,1,4,4,4,4,1,1,1,1,1,1,1,1,1,1,1,1,1,1,1,1,1,1,1,1,1,1,1,1,4,4,4,4,1,1,1,1,1,1,1,1,4,4,4,4,1,1,1,1,1,1,1,1,1,1,1,1
742,Anuradhapura,1,2,2,2,4,1,3,9,3,2,2,2,4,4,4,4,1,1,1,1,1,1,1,1,1,1,1,1,3,4,3,3,1,1,1,1,1,1,1,1,1,1,1,1,1,1,1,1,1,1,1,1,1,1,1,1,4,3,2,2,3,2,2,2,1,1,1,1,1,1,1,1,2,3,3,3,1,1,1,1,1,1,1,1,3,1,1,1,2,1,1,2,1,1,1,1,1,1,1,1,3,4,4,4,1,1,1,1,1,1,1,1,1,1,1,1,4,4,4,4,1,1,1,1,1,1,1,1,1,1,1,1,1,1,1,1,1,1,1,1,1,1,1,1,1,1,1,1,4,1,2,3,1,1,1,1,4,1,2,3,1,1,1,1,1,1,1,1,1,1,1,1
743,Anuradhapura,1,2,3,2,4,1,8,9,3,3,2,2,4,4,4,4,1,1,1,1,1,1,1,1,1,1,1,1,4,4,4,4,1,1,1,1,1,1,1,1,1,1,1,1,1,1,1,1,4,4,1,1,1,1,1,1,1,1,1,1,4,4,4,4,1,1,1,1,1,1,1,1,1,1,1,1,1,1,1,1,1,1,1,1,1,1,1,1,4,1,1,1,1,1,1,1,1,1,1,1,4,4,4,4,1,1,1,1,1,1,1,1,4,4,4,4,1,1,1,1,1,1,1,1,1,1,1,1,1,1,1,1,1,1,1,1,1,1,1,1,1,1,1,1,1,1,1,1,4,4,4,4,1,1,1,1,4,4,4,4,1,1,1,1,1,1,1,1,1,1,1,1
744,Anuradhapura,1,2,3,2,4,1,3,10,3,3,3,3,4,4,4,4,1,1,1,1,1,1,1,1,2,3,2,2,1,1,1,1,1,1,1,1,1,1,1,1,1,1,1,1,1,1,1,1,4,1,2,3,1,1,1,1,1,1,1,1,1,1,1,1,3,4,4,4,2,3,3,3,1,1,1,1,1,1,1,1,1,1,1,1,3,1,1,1,3,1,2,2,1,1,1,1,1,1,1,1,3,3,3,3,1,1,1,1,1,1,1,1,1,1,1,1,4,4,4,4,1,1,1,1,1,1,1,1,1,1,1,1,1,1,1,1,1,1,1,1,4,4,4,4,1,1,1,1,1,1,1,1,1,1,1,1,1,1,1,1,4,1,4,3,1,1,1,1,1,1,1,1
745,Anuradhapura,1,2,4,2,4,1,3,9,3,3,3,3,2,4,2,2,4,2,3,4,1,1,1,1,1,1,1,1,3,4,4,4,1,1,1,1,1,1,1,1,1,1,1,1,1,1,1,1,3,2,2,2,1,1,1,1,1,1,1,1,3,4,4,4,1,1,1,1,1,1,1,1,1,1,1,1,1,1,1,1,1,1,1,1,4,1,1,2,1,1,1,1,1,1,1,1,1,1,1,1,1,1,1,1,4,1,2,3,1,1,1,1,1,1,1,1,4,4,4,4,1,1,1,1,1,1,1,1,1,1,1,1,1,1,1,1,1,1,1,1,4,4,4,4,1,1,1,1,1,1,1,1,1,1,1,1,4,4,4,4,1,1,1,1,1,1,1,1,1,1,1,1
746,Matara,1,2,3,2,4,1,3,8,3,1,3,3,3,3,3,3,1,1,1,1,3,3,3,3,1,2,1,1,3,3,3,3,2,2,2,2,2,2,2,2,2,2,2,2,1,1,1,1,3,3,4,3,1,1,1,1,3,3,3,3,3,3,3,3,1,1,1,1,3,3,3,3,1,1,1,1,3,1,1,1,4,1,1,1,3,1,2,2,3,3,3,3,1,1,1,1,3,3,3,3,3,3,3,3,1,1,1,1,3,3,3,3,1,1,1,1,3,3,3,3,1,1,1,1,1,1,1,1,1,1,1,1,4,4,4,4,1,1,1,1,1,1,1,1,1,1,1,1,1,1,1,1,1,1,1,1,4,4,4,4,1,1,1,1,1,1,1,1,1,1,1,1
748,Matara,2,1,2,2,4,1,10,10,3,3,3,3,1,2,2,2,4,3,3,3,1,1,1,1,1,1,1,1,1,1,1,1,1,1,1,1,1,1,1,1,1,1,1,1,2,1,1,1,4,4,4,4,1,1,1,1,1,1,1,1,1,1,1,1,1,1,1,1,1,1,1,1,2,2,2,2,1,1,1,1,1,1,1,1,3,1,1,1,3,3,3,3,1,1,1,1,2,2,2,2,3,3,3,3,1,1,1,1,1,1,1,1,1,1,1,1,4,4,4,4,1,1,1,1,1,1,1,1,1,1,1,1,1,1,1,1,1,1,1,1,4,4,4,4,1,1,1,1,1,1,1,1,1,1,1,1,4,4,4,4,1,1,1,1,1,1,1,1,1,1,1,1
749,Vauniya,1,2,3,2,4,1,1,10,5,5,5,5,3,4,3,3,4,2,4,4,1,1,1,1,1,3,1,1,1,1,1,1,1,1,1,1,1,1,1,1,1,1,1,1,1,1,1,1,2,1,2,2,1,1,1,1,1,1,1,1,4,4,4,4,1,1,1,1,1,2,2,2,1,1,1,1,2,1,1,1,1,1,1,1,2,1,1,1,1,1,1,1,1,1,1,1,1,1,1,1,4,4,4,4,1,1,1,1,1,1,1,1,1,1,1,1,4,4,4,4,1,1,1,1,1,1,1,1,1,1,1,1,1,1,1,1,1,1,1,1,4,1,1,3,1,1,1,1,1,1,1,1,1,4,4,4,4,2,2,4,4,1,1,4,1,1,1,1,1,1,1,1
751,Vauniya,1,2,2,2,4,1,1,10,3,2,2,3,4,3,4,4,1,1,1,1,1,1,1,1,2,3,2,2,1,1,1,1,1,1,1,1,1,1,1,1,1,1,1,1,1,1,1,1,3,2,2,2,1,1,1,1,1,1,1,1,4,4,4,4,1,1,1,1,1,2,2,1,1,1,1,1,1,1,1,1,1,1,1,1,2,1,1,1,4,1,2,3,1,1,1,1,1,1,1,1,2,3,2,2,1,1,1,1,1,1,1,1,1,1,1,1,4,2,2,4,1,1,1,1,1,1,1,1,1,1,1,1,1,1,1,1,1,1,1,1,4,2,2,4,1,1,1,1,1,1,1,1,1,1,1,1,1,1,1,1,1,4,2,3,4,1,2,3,1,1,1,1
752,Matara,3,1,3,2,4,1,9,10,2,1,1,1,3,2,2,2,1,1,1,1,2,1,1,1,1,1,1,1,1,1,1,1,1,1,1,1,1,1,1,1,1,1,1,1,1,1,1,1,2,1,1,2,1,1,1,1,1,1,1,1,2,1,1,2,2,1,1,2,1,1,1,1,1,1,1,1,2,1,1,1,2,1,2,1,1,1,1,1,2,1,1,1,1,1,1,1,1,1,1,1,3,2,2,2,1,1,1,1,3,2,1,2,1,1,1,1,3,1,1,2,1,1,1,1,1,1,1,1,1,1,1,1,1,1,1,1,1,1,2,1,3,1,1,2,1,1,1,1,1,1,1,1,1,1,1,1,3,1,1,2,2,1,1,2,1,1,1,1,1,1,1,1
753,Matara,1,2,4,2,4,1,3,10,2,2,2,2,4,4,4,4,1,1,1,1,1,1,1,1,1,2,2,2,1,1,1,1,2,1,1,1,1,1,1,1,1,1,1,1,3,1,1,1,4,4,4,4,1,1,1,1,1,1,1,1,1,1,1,1,1,1,1,1,1,1,1,1,4,4,4,4,1,1,1,1,1,1,1,1,3,1,1,1,4,1,1,1,1,1,1,1,2,2,2,2,3,3,3,3,1,1,1,1,1,1,1,1,1,1,1,1,4,4,4,4,1,1,1,1,1,1,1,1,1,1,1,1,1,1,1,1,1,1,1,1,4,4,4,4,1,1,1,1,1,1,1,1,1,1,1,1,4,4,4,4,1,1,1,1,1,1,1,1,1,1,1,1
754,Vauniya,1,2,4,2,4,1,3,9,3,2,2,2,4,4,4,4,1,1,1,1,1,1,1,1,1,1,1,1,1,1,1,1,1,1,1,1,1,1,1,1,1,1,1,1,4,1,1,1,1,1,1,1,1,1,1,1,4,1,1,2,3,2,1,1,1,1,1,1,1,1,1,1,4,3,3,3,1,1,1,1,1,1,1,1,3,1,1,1,4,4,4,4,1,1,1,1,1,1,1,1,1,1,1,1,1,1,1,1,1,1,1,1,1,1,1,1,4,4,4,4,1,1,1,1,1,1,1,1,1,1,1,1,1,1,1,1,1,1,1,1,4,4,4,4,1,1,1,1,1,1,1,1,1,1,1,1,4,4,4,4,1,1,1,1,1,1,1,1,1,1,1,1
757,Matara,1,1,4,3,5,1,10,4,3,1,1,1,2,3,3,3,1,1,1,1,4,2,2,2,1,2,2,2,1,1,1,1,2,1,1,1,1,1,1,1,1,1,1,1,2,1,1,1,1,1,1,1,1,1,1,1,1,1,1,1,1,1,1,1,4,4,4,4,1,1,1,1,1,1,1,1,1,1,1,1,1,1,1,1,3,1,1,1,1,1,1,1,1,1,1,1,3,3,3,3,1,1,1,1,1,1,1,1,4,4,4,4,4,4,4,4,1,1,1,1,1,1,1,1,1,1,1,1,1,1,1,1,1,1,1,1,1,1,1,1,1,1,1,1,1,1,1,1,1,1,1,1,4,4,4,4,1,1,1,1,1,1,1,1,1,1,1,1,1,1,1,1
758,Matara,1,2,3,2,4,1,10,3,3,2,2,2,1,1,1,1,1,1,1,1,4,4,4,4,1,2,2,2,1,1,1,1,1,1,1,1,1,1,1,1,1,1,1,1,1,1,1,1,1,1,1,1,1,1,1,1,1,1,1,1,4,4,4,4,1,1,1,1,1,1,1,1,1,1,1,1,1,1,1,1,1,1,1,1,4,1,1,1,1,1,1,1,1,1,1,1,1,1,1,1,4,4,4,4,1,1,1,1,1,1,1,1,1,1,1,1,4,4,4,4,1,1,1,1,1,1,1,1,1,1,1,1,1,1,1,1,1,1,1,1,1,1,1,1,1,1,1,1,1,1,1,1,1,1,1,1,1,1,1,1,1,1,1,1,1,1,1,1,4,4,4,4
759,Matara,1,1,5,3,4,1,3,1,3,2,2,2,4,4,4,4,1,1,1,1,1,1,1,1,1,2,2,2,1,1,1,1,2,1,1,1,1,1,1,1,1,1,1,1,1,1,1,1,1,1,1,1,1,1,1,1,1,1,1,1,4,4,4,4,1,1,1,1,1,1,1,1,1,1,1,1,1,1,1,1,1,1,1,1,3,1,1,1,1,1,1,1,1,1,1,1,1,1,1,1,1,1,1,1,1,1,1,1,1,1,1,1,1,1,1,1,4,4,4,4,1,1,1,1,1,1,1,1,1,1,1,1,1,1,1,1,1,1,1,1,1,1,1,1,1,1,1,1,1,4,1,1,1,1,1,1,4,4,4,4,1,1,1,1,1,1,1,1,1,1,1,1
760,Polonnaruwa,1,2,2,2,4,3,3,3,3,2,2,3,4,4,4,4,1,1,1,1,1,1,1,1,1,1,1,1,1,1,1,1,1,1,1,1,1,1,1,1,1,1,1,1,1,1,1,1,3,1,2,2,1,1,1,1,1,1,1,1,2,3,3,3,1,1,1,1,1,1,1,1,1,1,1,1,1,1,1,1,1,1,1,1,4,1,1,2,1,1,1,1,1,1,1,1,1,1,1,1,4,4,4,4,1,1,1,1,1,1,1,1,1,1,1,1,4,4,4,4,1,1,1,1,1,1,1,1,1,1,1,1,1,1,1,1,1,1,1,1,1,1,1,1,1,1,1,1,4,4,4,4,1,1,1,1,4,2,3,4,1,1,1,1,1,1,1,1,1,1,1,1
761,Colombo,1,2,5,2,4,2,10,10,1,1,1,1,2,1,1,1,2,1,1,1,3,1,1,1,2,1,1,1,2,1,1,1,1,1,1,1,1,1,1,1,1,1,1,1,1,1,1,1,2,1,1,1,2,1,1,1,1,1,1,1,1,1,1,1,2,2,2,1,1,1,1,1,1,1,1,1,2,1,1,1,2,1,1,1,2,1,1,1,2,1,1,2,1,1,1,1,2,2,2,2,2,1,1,1,1,1,1,1,2,2,2,2,1,1,1,1,1,1,1,1,1,1,1,1,1,1,1,1,1,1,1,1,1,1,1,1,1,1,1,1,1,1,1,1,1,1,1,1,1,1,1,1,1,1,1,1,1,1,1,1,1,1,1,1,1,1,1,1,1,1,1,1
763,Polonnaruwa,1,2,3,2,4,3,3,3,3,2,2,2,4,4,4,4,1,1,1,1,1,1,1,1,1,1,1,1,1,1,1,1,1,1,1,1,1,1,1,1,1,1,1,1,1,1,1,1,3,2,2,2,1,1,1,1,1,1,1,1,1,1,1,1,1,1,1,1,2,3,3,3,1,1,1,1,1,1,1,1,1,1,1,1,4,1,1,1,4,1,2,3,1,1,1,1,2,3,3,2,1,1,1,1,1,1,1,1,1,1,1,1,1,1,1,1,4,2,3,4,1,1,1,1,1,1,1,1,1,1,1,1,1,1,1,1,1,1,1,1,1,1,1,1,1,1,1,1,1,1,1,1,1,1,1,1,4,1,2,3,1,1,1,1,1,1,1,1,1,1,1,1
764,Matara,3,2,2,2,5,1,1,10,3,3,3,3,1,1,1,1,1,1,1,1,4,4,4,4,1,2,2,2,1,1,1,1,1,1,1,1,1,1,1,1,1,1,1,1,3,1,1,1,1,1,1,1,1,1,1,1,1,1,1,1,1,1,1,1,4,4,4,4,1,1,1,1,1,1,1,1,3,1,1,1,3,1,1,1,3,1,1,1,3,1,1,1,1,1,1,1,1,1,1,1,4,4,4,4,1,1,1,1,1,1,1,1,1,1,1,1,4,4,4,4,1,1,1,1,1,1,1,1,1,1,1,1,1,1,1,1,1,1,1,1,4,4,4,4,1,1,1,1,1,1,1,1,1,1,1,1,4,4,4,4,1,1,1,1,1,1,1,1,1,1,1,1
765,Matara,2,1,4,2,5,1,1,1,3,3,3,3,4,4,4,4,1,1,1,1,1,1,1,1,1,2,2,2,1,1,1,1,1,1,1,1,1,1,1,1,1,1,1,1,1,1,1,1,1,1,1,1,1,1,1,1,1,1,1,1,1,1,1,1,4,4,4,4,1,1,1,1,1,1,1,1,3,1,1,1,2,1,1,1,2,1,1,1,2,1,1,1,1,1,1,1,1,1,1,1,4,4,4,4,1,1,1,1,1,1,1,1,1,1,1,1,4,4,4,4,1,1,1,1,1,1,1,1,1,1,1,1,1,4,4,4,1,1,1,1,1,1,1,1,1,1,1,1,1,1,1,1,1,1,1,1,1,1,1,1,1,1,1,1,1,1,1,1,4,4,4,4
766,Polonnaruwa,1,2,3,2,4,3,3,4,3,2,2,2,4,4,4,4,1,1,1,1,1,1,1,1,1,2,2,2,1,1,1,1,1,1,1,1,1,1,1,1,1,1,1,1,1,1,1,1,3,2,2,3,1,1,1,1,1,1,1,1,1,1,1,1,1,1,1,1,1,1,1,1,1,1,1,1,1,1,1,1,1,1,1,1,4,1,1,1,3,1,2,2,1,1,1,1,1,1,1,1,3,3,4,4,1,1,1,1,1,1,1,1,1,1,1,1,4,4,4,4,1,1,1,1,1,1,1,1,1,1,1,1,1,1,1,1,1,1,1,1,4,4,4,4,1,1,1,1,1,1,1,1,1,1,1,1,1,1,1,1,4,2,3,4,1,1,1,1,1,1,1,1
768,Ampara,1,2,4,2,4,1,10,10,3,1,2,3,4,3,3,4,1,1,1,1,1,1,1,1,2,3,2,2,1,1,1,1,1,1,1,1,1,1,1,1,1,1,1,1,1,1,1,1,2,1,1,1,1,1,1,1,1,1,1,1,1,1,1,1,1,1,1,1,1,1,1,1,3,2,3,3,1,1,1,1,1,1,1,1,3,1,1,1,4,1,3,3,1,1,1,1,1,1,1,1,1,1,1,1,1,1,1,1,3,2,3,3,1,1,1,1,4,2,3,4,1,1,1,1,1,1,1,1,1,1,1,1,1,1,1,1,1,1,1,1,1,1,1,1,4,1,3,3,1,1,1,1,1,1,1,1,4,1,3,3,1,1,1,1,1,1,1,1,1,1,1,1
769,Colombo,1,2,4,2,4,3,3,3,2,2,2,2,4,2,2,4,3,2,3,4,3,2,3,3,3,3,3,4,2,1,1,1,2,2,2,2,1,1,1,1,2,1,1,1,2,2,2,2,2,2,2,2,2,2,2,2,2,2,2,2,3,2,3,4,4,2,2,3,1,1,1,1,2,1,2,2,1,1,1,1,1,1,1,1,1,1,1,1,1,1,1,1,1,1,1,1,1,1,1,1,4,3,4,4,1,1,1,1,1,1,1,1,3,3,4,2,3,2,3,2,1,1,1,1,1,1,1,1,1,1,1,1,1,1,1,1,1,1,1,1,4,3,2,4,1,1,1,1,1,1,1,1,3,3,4,4,1,1,1,1,1,1,1,1,1,1,1,1,1,1,1,1
770,Ampara,1,2,3,2,4,1,8,6,5,1,3,3,4,3,4,4,1,1,1,1,1,1,1,1,2,3,2,2,1,1,1,1,1,1,1,1,1,1,1,1,1,1,1,1,1,1,1,1,3,1,2,2,1,1,1,1,1,1,1,1,3,4,4,4,1,1,1,1,1,1,1,1,1,1,1,1,1,1,1,1,1,1,1,1,3,1,1,1,3,1,2,2,1,1,1,1,1,1,1,1,3,2,4,4,1,1,1,1,1,1,1,1,1,1,3,1,4,1,1,4,1,1,1,1,1,1,1,1,1,1,1,1,1,1,1,1,1,1,1,1,4,1,2,4,1,1,1,1,1,1,1,1,1,1,1,1,1,1,1,1,4,1,2,3,1,1,1,1,1,1,1,1
772,Colombo,1,2,1,2,4,3,3,10,2,1,1,1,3,1,1,2,1,1,1,1,1,1,1,1,3,2,2,2,1,1,1,1,1,1,1,2,1,1,1,1,1,1,1,1,1,1,1,1,1,1,1,1,1,1,1,1,1,1,1,1,1,1,1,1,2,1,1,2,1,1,1,1,1,1,1,1,1,1,1,1,1,1,1,1,1,1,1,1,1,1,1,1,1,1,1,1,1,1,1,1,4,1,1,2,1,1,1,1,1,1,1,1,1,1,1,1,4,1,1,2,1,1,1,1,1,1,1,1,1,1,1,1,1,1,1,1,1,1,1,1,4,1,1,2,1,1,1,1,1,1,1,1,1,1,1,1,4,1,1,2,1,1,1,1,1,1,1,1,1,1,2,1
774,Ampara,1,2,3,2,4,1,1,1,3,2,3,3,4,3,4,4,1,1,1,1,1,1,1,1,1,2,2,1,1,1,1,1,1,1,1,1,1,1,1,1,1,1,1,1,1,1,1,1,2,1,1,2,1,1,1,1,1,1,1,1,3,4,4,4,1,1,1,1,1,1,1,1,1,1,1,1,2,1,1,1,1,1,1,1,3,1,1,1,4,1,3,4,1,1,1,1,1,1,1,1,1,1,1,1,1,1,1,1,1,1,1,1,1,1,1,1,4,3,3,4,1,1,1,1,1,1,1,1,4,1,3,4,1,4,2,1,1,1,1,1,1,1,1,1,1,1,1,1,1,1,1,1,1,1,1,1,1,1,1,1,4,3,3,4,1,1,1,1,1,1,1,1
775,Colombo,2,1,2,3,1,2,10,10,1,1,1,1,2,1,1,1,4,2,1,1,1,1,1,1,2,2,1,1,1,1,1,1,2,1,2,2,1,1,1,1,1,1,1,1,2,1,1,1,2,1,1,1,2,1,1,1,1,1,1,1,1,1,1,1,3,2,1,1,1,1,1,1,2,1,1,1,2,1,1,1,2,1,1,1,3,1,1,1,2,2,1,2,1,2,2,1,1,1,2,1,1,1,1,1,1,1,1,1,2,2,2,1,1,1,1,1,1,1,1,1,1,1,1,1,1,1,1,1,1,1,1,1,1,1,1,1,1,1,1,1,1,1,1,1,1,1,1,1,1,1,1,1,1,1,1,1,1,1,1,1,1,1,1,1,1,1,1,1,1,1,1,1
776,Badulla,1,2,3,2,4,1,3,4,3,1,3,3,3,3,3,3,1,1,1,1,2,2,2,2,1,2,1,1,1,1,1,1,1,2,2,1,1,1,1,1,3,3,3,3,1,1,1,1,3,3,4,3,1,1,1,1,1,1,1,1,3,3,3,3,3,3,3,3,3,3,3,3,1,1,1,1,3,1,1,1,3,1,1,1,3,1,1,2,3,3,3,3,1,1,1,1,3,2,3,3,3,3,3,3,1,1,1,1,3,3,3,3,1,1,1,1,4,2,4,4,1,1,1,1,1,1,1,1,1,1,1,1,1,1,1,1,1,1,1,1,4,4,4,4,1,1,1,1,1,1,1,1,1,3,1,1,3,1,3,3,1,1,1,1,1,1,1,1,1,1,1,1
777,Kandy,1,2,5,2,1,2,9,10,1,1,1,1,3,3,2,3,1,1,1,1,1,1,1,1,1,1,1,1,1,1,1,1,1,1,1,1,1,1,1,1,1,1,1,1,2,1,1,1,1,1,1,1,1,1,1,1,3,2,2,2,1,1,1,1,1,1,1,1,1,1,1,1,1,1,1,1,1,1,1,1,1,1,1,1,3,1,1,1,1,1,1,1,1,1,1,1,1,1,1,1,1,1,1,1,1,1,1,1,4,3,3,3,1,1,1,1,4,1,2,2,1,1,1,1,1,1,1,1,1,1,1,1,1,1,1,1,1,1,1,1,1,1,1,1,1,1,1,1,1,1,1,1,1,1,1,1,4,1,2,2,1,1,1,1,1,1,1,1,1,1,1,1
779,Ampara,1,2,3,2,4,1,8,6,3,3,3,3,2,3,2,2,4,2,3,4,1,1,1,1,2,3,2,2,1,1,1,1,1,1,1,1,1,1,1,1,1,1,1,1,1,1,1,1,3,1,2,2,1,1,1,1,1,1,1,1,3,4,4,4,1,1,1,1,1,1,1,1,1,1,1,1,2,1,1,1,1,1,1,1,3,1,1,1,1,1,1,1,1,1,1,1,1,1,1,1,4,4,4,4,1,1,1,1,1,1,1,1,1,1,1,1,1,1,1,1,1,1,1,1,1,1,1,1,1,1,1,1,1,1,1,1,1,1,1,1,1,1,1,1,1,1,1,1,1,1,1,1,1,1,1,1,1,1,1,1,1,1,1,1,1,1,1,1,1,1,1,1
780,Badulla,1,1,4,3,4,1,3,6,3,2,3,3,3,3,3,3,1,1,1,1,2,2,2,2,1,2,1,1,1,1,1,1,1,2,1,1,1,1,1,1,3,3,3,3,1,1,1,1,2,2,2,2,1,1,1,1,1,1,1,1,3,3,3,3,1,1,1,1,1,1,1,1,1,1,1,1,1,1,1,1,2,1,1,1,2,1,2,2,3,3,3,3,1,1,1,1,3,3,3,3,1,1,1,1,1,1,1,1,3,3,3,3,1,1,1,1,4,4,4,4,1,1,1,1,1,1,1,1,3,3,3,3,1,1,1,1,1,1,1,1,1,1,1,1,1,1,1,1,1,1,1,1,1,1,1,1,3,3,3,3,1,1,1,1,1,1,1,1,1,1,1,1
781,Monaragala,1,2,2,2,4,1,3,3,3,2,2,2,2,4,2,4,4,2,4,2,1,1,1,1,1,1,1,1,1,1,1,1,1,1,1,1,1,1,1,1,1,2,2,3,1,1,1,1,3,1,2,2,1,1,1,1,1,1,1,1,3,4,4,4,1,1,1,1,1,1,1,1,1,1,1,1,2,1,1,1,1,1,1,1,3,1,1,1,1,1,1,1,1,1,1,1,1,1,1,1,4,4,4,4,1,1,1,1,1,1,1,1,1,1,1,1,4,2,3,2,1,1,1,1,1,1,1,1,1,1,1,1,1,1,1,1,1,1,1,1,1,1,1,1,1,1,1,1,1,1,1,1,1,1,1,1,1,1,1,1,4,2,3,2,1,1,1,1,1,1,1,1
783,Colombo,1,2,5,2,1,2,10,1,2,2,2,2,2,1,1,1,2,1,1,1,2,1,1,1,2,2,2,2,1,1,1,1,1,1,1,1,1,1,1,1,1,1,1,1,1,1,1,1,2,1,2,1,1,1,1,1,1,1,1,1,1,1,1,1,1,1,1,1,1,1,1,1,2,1,1,1,2,1,1,1,2,1,1,1,2,1,1,1,1,1,1,1,1,1,1,1,1,1,1,1,1,1,1,1,1,1,1,1,1,1,1,1,1,1,1,1,1,1,1,1,1,1,1,1,1,1,1,1,1,1,1,1,1,1,1,1,1,1,1,1,1,1,1,1,1,1,1,1,1,1,1,1,1,1,1,1,1,1,1,1,1,1,1,1,1,1,1,1,1,1,1,1
784,Colombo,1,2,5,2,4,2,10,3,1,1,1,1,2,2,2,2,2,2,2,2,1,1,1,1,4,3,3,4,1,1,1,1,1,1,1,1,1,1,1,1,2,2,2,2,2,2,2,2,1,1,1,1,1,1,1,1,1,1,1,1,2,2,2,2,2,2,3,2,1,1,1,1,1,1,1,1,1,1,1,1,1,1,1,1,1,1,1,1,1,1,1,1,1,1,1,1,1,1,1,1,1,1,1,1,1,1,1,1,4,3,3,4,1,1,1,1,4,2,2,3,1,1,1,1,1,1,1,1,1,1,1,1,1,1,1,1,1,1,1,1,1,1,1,1,1,1,1,1,4,3,4,4,1,1,1,1,1,1,1,1,1,1,1,1,1,1,1,1,1,1,1,1
786,Kandy,1,2,4,2,4,2,9,10,2,1,1,1,4,3,3,3,1,1,1,1,1,1,1,1,1,1,1,1,1,1,1,1,1,1,1,1,1,1,1,1,1,1,1,1,1,1,1,1,3,2,2,2,1,1,1,1,1,1,1,1,1,1,1,1,1,1,1,1,1,1,1,1,4,3,3,3,1,1,1,1,1,1,1,1,1,1,1,1,4,2,2,3,1,1,1,1,1,1,1,1,1,1,1,1,1,1,1,1,1,1,1,1,1,1,1,1,4,1,1,1,1,1,1,1,1,1,1,1,4,1,1,1,1,1,1,1,1,1,1,1,1,1,1,1,1,1,1,1,1,1,1,1,1,1,1,1,1,1,1,1,4,1,1,1,1,1,1,1,1,1,1,1
788,Badulla,1,2,3,2,3,2,9,10,3,1,1,1,3,1,1,1,1,1,1,1,2,2,2,2,1,1,1,1,1,1,1,1,1,1,1,1,1,1,1,1,1,1,1,2,1,1,1,1,1,1,1,1,1,1,1,1,1,1,1,1,1,1,1,1,1,1,1,1,1,1,2,1,1,1,1,1,2,1,1,1,1,1,1,1,1,2,1,1,2,1,1,1,1,1,1,1,2,1,1,2,1,1,1,1,1,1,1,1,1,1,1,1,1,1,1,1,1,1,1,1,1,1,1,1,1,1,1,1,3,1,1,1,1,1,1,1,1,1,1,1,1,1,1,1,1,1,1,1,2,1,1,1,1,1,1,1,3,1,1,1,2,1,1,1,1,1,1,1,1,1,1,1
791,Gampaha,1,2,5,2,7,1,8,2,5,5,5,5,2,2,2,2,4,4,4,4,1,1,1,1,1,2,1,1,3,3,3,3,1,1,1,1,1,1,1,1,1,1,1,1,1,1,1,1,2,2,2,2,1,1,1,1,2,1,1,1,2,2,2,2,4,4,4,4,3,3,3,3,2,2,2,2,3,1,1,1,3,1,1,1,2,1,1,1,1,1,1,1,1,1,1,1,1,1,1,1,4,4,4,4,1,1,1,1,1,1,1,1,1,1,1,1,1,1,1,1,1,1,1,1,1,1,1,1,1,1,1,1,1,1,1,1,1,1,1,1,1,1,1,1,1,1,1,1,1,1,1,1,2,2,2,2,1,1,1,1,1,1,1,1,1,1,1,1,1,1,1,1
793,Monaragala,1,2,2,2,4,1,1,6,3,3,3,3,4,4,4,4,1,1,1,1,1,1,1,1,1,1,1,1,1,1,1,1,1,1,1,1,1,1,1,1,1,1,1,1,4,1,1,1,4,1,1,1,1,1,1,1,1,1,1,1,4,4,4,4,4,4,4,4,1,1,1,1,1,1,1,1,1,1,1,1,1,1,1,1,1,1,1,1,4,1,1,1,1,1,1,1,1,1,1,1,1,1,1,1,4,4,4,4,1,1,1,1,1,1,1,1,4,4,4,4,1,1,1,1,1,1,1,1,1,1,1,1,1,1,1,1,1,1,1,1,4,4,4,4,1,1,1,1,1,1,1,1,1,1,1,1,4,4,4,4,1,1,1,1,1,1,1,1,1,1,1,1
794,Colombo,1,2,4,2,1,3,9,3,2,1,1,1,2,1,1,1,2,1,1,1,2,1,1,1,2,2,2,2,1,1,1,1,1,1,1,1,1,1,1,1,2,2,2,2,2,1,1,1,2,1,1,1,2,1,1,1,1,1,1,1,1,1,1,1,2,1,1,1,1,1,1,1,2,1,1,1,1,1,1,1,1,1,1,1,1,1,1,1,2,2,2,2,1,1,1,1,3,1,1,2,1,1,1,1,1,1,1,1,3,3,3,3,1,1,1,1,1,1,1,1,1,1,1,1,1,1,1,1,1,1,1,1,1,1,1,1,1,1,1,1,1,1,1,1,1,1,1,1,1,1,1,1,1,1,1,1,1,1,1,1,1,1,1,1,1,1,1,1,1,1,1,1
796,Gampaha,1,2,3,2,6,1,10,3,3,3,3,3,2,2,2,2,3,3,3,3,1,1,1,1,1,2,2,2,1,1,1,1,1,1,1,1,2,3,2,2,1,1,1,1,1,1,1,1,3,2,2,2,1,1,1,1,1,1,1,1,3,3,3,3,1,1,1,1,4,4,4,4,2,1,1,1,2,1,1,1,2,1,1,1,1,1,1,1,1,1,1,1,1,1,1,1,2,3,3,3,4,4,4,4,1,1,1,1,1,1,1,1,4,4,4,4,1,1,1,1,1,1,1,1,1,1,1,1,1,1,1,1,1,1,1,1,1,1,1,1,1,1,1,1,1,1,1,1,1,1,1,1,4,4,4,4,1,1,1,1,1,1,1,1,1,1,1,1,1,1,1,1
797,Gampaha,1,2,3,1,4,1,3,4,3,2,2,2,3,3,3,3,1,1,1,1,2,1,1,1,1,2,2,3,1,1,1,1,2,1,3,4,1,1,1,1,1,1,1,1,1,1,1,1,1,1,1,1,3,3,3,3,1,1,1,1,4,4,4,4,2,3,2,2,1,1,1,1,1,1,1,1,1,1,1,1,1,1,1,1,2,1,1,1,4,1,3,3,1,1,1,1,2,1,1,1,1,1,1,1,1,1,1,1,2,2,2,2,1,1,1,1,4,4,4,4,1,1,1,1,1,1,1,1,3,3,3,3,1,1,1,1,1,1,1,1,2,1,1,1,1,1,1,1,2,2,2,2,1,1,1,1,1,1,1,1,3,3,3,3,2,2,2,2,1,1,1,1
798,Monaragala,1,2,2,2,5,1,1,4,3,3,3,3,4,3,4,3,1,1,1,1,1,1,1,1,1,1,1,1,1,1,1,1,1,1,1,1,1,1,1,1,1,1,1,1,1,1,1,1,3,1,1,2,1,1,1,1,1,1,1,1,3,4,4,4,1,1,1,1,1,1,1,1,1,1,1,1,2,1,1,1,1,1,1,1,3,1,1,1,3,1,3,3,1,1,1,1,1,1,1,1,2,3,3,3,1,1,1,1,1,1,1,1,1,1,1,1,4,2,3,4,1,1,1,1,1,1,1,1,1,1,1,1,1,1,1,1,1,1,1,1,4,2,3,4,1,1,1,1,1,1,1,1,1,1,1,1,1,1,1,1,4,2,3,4,1,1,1,1,1,1,1,1
799,Monaragala,1,2,3,2,5,1,1,9,5,5,5,5,4,3,4,4,1,1,1,1,1,1,1,1,1,1,1,1,1,1,1,1,1,1,1,1,1,1,1,1,1,1,1,1,1,1,1,1,3,1,2,3,1,1,1,1,1,1,1,1,3,4,4,4,1,1,1,1,1,1,1,1,1,1,1,1,1,1,1,1,1,1,1,1,4,1,1,1,4,1,4,4,1,1,1,1,1,1,1,1,1,1,1,1,1,1,1,1,1,1,1,1,1,4,3,1,4,1,1,4,1,1,1,1,1,1,1,1,4,1,4,4,1,1,1,1,1,1,1,1,1,4,1,1,1,1,1,1,1,1,1,1,1,1,1,1,1,1,1,1,4,1,4,4,1,1,1,1,1,1,1,1
800,Badulla,1,2,2,2,4,1,3,4,5,1,5,5,2,3,3,2,4,2,3,4,1,1,1,1,1,1,1,1,1,1,1,1,1,1,1,1,1,1,1,1,1,1,1,1,1,1,1,1,3,2,2,2,1,1,1,1,1,1,1,1,2,4,4,4,1,1,1,1,1,1,1,1,1,1,1,1,2,1,1,1,1,1,1,1,3,1,1,1,4,1,3,4,1,1,1,1,1,1,1,1,1,1,1,1,1,1,1,1,1,1,1,1,1,4,3,1,4,1,3,4,1,1,1,1,1,1,1,1,4,1,4,4,1,1,1,1,1,1,1,1,4,1,3,4,1,1,1,1,1,1,1,1,1,4,3,1,4,1,3,4,4,1,3,4,1,1,1,1,1,1,1,1
801,Badulla,1,2,2,2,5,1,1,6,5,5,5,5,4,1,4,4,3,2,3,3,1,1,1,1,1,1,1,1,1,1,1,1,1,1,1,1,1,1,1,1,1,1,1,1,1,1,1,1,3,2,2,2,1,1,1,1,1,1,1,1,3,4,4,4,1,1,1,1,1,1,1,1,1,1,1,1,1,1,1,1,1,1,1,1,2,1,1,1,4,1,3,4,1,1,1,1,1,1,1,1,1,1,1,1,1,1,1,1,1,1,1,1,1,1,1,1,4,4,4,4,1,1,1,1,1,1,1,1,1,1,1,1,1,1,1,1,1,1,1,1,4,4,4,4,1,1,1,1,1,1,1,1,1,1,1,1,1,1,1,1,4,4,4,4,1,1,1,1,1,1,1,1
802,Gampaha,2,1,4,2,6,1,3,3,5,5,5,5,1,1,1,1,3,2,2,2,1,1,1,1,1,1,1,1,1,1,1,1,1,1,1,2,1,1,2,1,1,1,2,1,2,1,1,1,3,2,2,2,1,1,1,1,2,1,1,1,3,2,3,2,3,2,2,2,3,3,3,3,2,1,1,1,2,1,1,1,2,1,1,1,1,1,1,1,1,2,1,1,1,1,1,1,1,1,1,1,3,3,3,3,1,1,1,1,2,1,1,1,1,1,1,1,3,3,3,3,1,1,1,2,1,1,1,1,1,1,1,1,1,2,2,2,2,1,1,1,3,2,2,2,1,1,1,1,2,1,1,2,1,1,1,1,3,2,2,2,3,1,1,1,1,1,1,1,1,1,1,1
803,Gampaha,1,2,5,2,5,1,1,6,1,3,3,3,2,3,3,3,1,1,1,1,1,1,1,1,1,2,1,1,1,1,1,1,3,2,3,4,1,1,1,1,1,1,1,1,1,1,1,1,3,1,4,3,1,1,1,1,1,1,1,1,3,2,3,3,1,3,2,2,1,1,1,1,1,1,2,1,1,1,1,1,1,1,1,1,1,1,1,1,3,3,3,3,1,1,1,1,1,1,1,1,2,2,2,2,1,1,1,1,2,2,2,2,1,1,1,1,4,4,4,4,1,1,1,1,1,1,1,1,4,2,4,4,1,1,1,1,1,1,1,1,1,1,1,1,1,1,1,1,1,1,1,1,1,1,1,1,1,1,1,1,3,3,3,3,1,1,1,1,1,1,1,1
804,Badulla,1,2,2,2,5,1,1,6,5,5,5,5,4,3,4,4,1,1,1,1,1,1,1,1,1,1,1,1,1,1,1,1,1,1,1,1,1,1,1,1,1,1,1,1,1,1,1,1,3,2,2,2,1,1,1,1,1,1,1,1,3,4,4,4,1,1,1,1,1,1,1,1,1,1,1,1,2,1,1,1,1,1,1,1,3,1,1,1,4,1,4,4,1,1,1,1,1,1,1,1,1,1,1,1,1,1,1,1,1,1,1,1,1,1,1,1,1,1,1,1,1,1,1,1,4,4,4,4,1,1,1,1,1,1,1,1,1,1,1,1,1,1,1,1,1,1,1,1,4,4,4,4,1,1,1,1,1,1,1,1,4,4,4,4,1,1,1,1,1,1,1,1
805,Kandy,1,2,5,2,4,1,9,10,2,1,1,2,4,3,4,3,1,1,1,1,1,1,1,1,1,2,1,1,1,1,1,1,1,1,1,1,1,1,1,1,1,1,1,1,1,1,1,1,2,1,1,1,1,1,1,1,1,1,1,1,2,3,3,3,1,1,1,1,1,1,1,1,1,1,1,1,2,1,1,1,1,1,1,1,4,1,1,3,4,1,3,4,1,1,1,1,1,1,1,1,1,1,1,1,1,1,1,1,1,1,1,1,1,1,1,1,4,1,3,4,1,1,1,1,1,1,1,1,1,1,1,1,1,1,1,1,1,1,1,1,1,1,1,1,1,1,1,1,4,1,3,4,1,1,1,1,4,1,3,4,1,1,1,1,1,1,1,1,1,1,1,1
806,Kandy,1,2,3,2,5,3,3,4,3,2,2,3,4,3,4,4,1,1,1,1,1,1,1,1,1,1,1,1,1,1,1,1,1,1,1,1,1,1,1,1,1,1,1,1,1,1,1,1,3,2,4,3,1,1,1,1,1,1,1,1,1,1,1,1,1,1,1,1,3,4,4,4,1,1,1,1,1,1,1,1,1,1,1,1,4,1,1,3,4,1,3,4,1,1,1,1,1,1,1,1,1,1,1,1,1,1,1,1,1,1,1,1,1,1,1,1,4,1,3,4,1,1,1,1,1,1,1,1,4,1,3,4,1,1,1,1,1,1,1,1,1,1,1,1,1,1,1,1,1,1,1,1,1,1,1,1,1,1,1,1,1,1,1,1,4,1,3,4,1,1,1,1
807,Rathnapura,1,2,4,2,4,1,4,4,3,3,3,3,3,3,3,3,1,1,1,1,1,1,1,1,1,1,1,1,1,1,1,1,1,1,1,1,1,1,1,1,3,3,3,3,1,1,1,1,3,3,4,3,1,1,1,1,1,1,1,1,3,3,3,3,1,1,1,1,1,1,1,1,1,1,1,1,3,1,1,1,3,1,1,1,2,1,1,2,3,3,3,3,1,1,1,1,2,2,2,2,1,1,1,1,1,1,1,1,3,3,3,3,1,1,1,1,4,4,4,4,1,1,1,1,1,1,1,1,4,4,4,4,1,1,1,1,1,1,1,1,1,1,1,1,1,1,1,1,1,1,1,1,1,1,1,1,4,4,4,4,1,1,1,1,1,1,1,1,1,1,1,1
808,Rathnapura,1,2,2,2,4,1,9,10,3,1,2,2,2,2,2,2,1,1,1,1,3,3,3,3,1,1,1,1,1,1,1,1,3,3,3,3,1,1,1,1,1,1,1,1,2,1,1,1,2,2,2,2,1,1,1,1,2,2,2,2,3,3,3,3,1,1,1,1,1,1,1,1,1,1,1,1,1,1,1,1,2,1,1,1,2,1,1,1,3,3,3,3,1,1,1,1,2,1,2,2,3,3,3,3,1,1,1,1,2,2,2,2,1,1,1,1,4,4,4,4,1,1,1,1,1,1,1,1,1,1,1,1,1,1,1,1,1,1,1,1,3,3,3,3,1,1,1,1,3,3,3,3,1,1,1,1,1,1,1,1,4,4,4,4,2,2,2,2,1,1,1,1
809,Rathnapura,1,2,3,2,4,2,4,9,2,2,2,2,3,3,3,3,1,1,1,1,3,3,3,3,1,1,1,1,1,1,1,1,1,2,1,1,1,1,1,1,3,3,3,3,2,2,2,2,1,1,1,1,2,2,2,2,1,1,1,1,1,1,1,1,1,1,1,1,1,1,1,1,2,2,2,2,2,1,1,1,2,1,1,1,2,1,2,2,3,3,3,3,1,1,1,1,1,1,1,1,2,2,2,2,1,1,1,1,3,3,3,3,1,1,1,1,3,3,3,3,1,1,1,1,1,1,1,1,1,1,1,1,1,1,1,1,1,1,1,1,1,1,1,1,1,1,1,1,3,3,3,3,1,1,1,1,3,3,3,3,1,1,1,1,1,1,1,1,1,1,1,1
810,Gampaha,1,2,2,2,7,1,3,2,3,3,3,3,4,4,4,4,2,2,2,2,2,2,2,2,1,3,2,1,1,1,1,1,2,2,2,2,1,1,1,1,1,2,2,1,1,1,1,1,4,1,1,1,2,2,2,2,1,1,1,1,4,4,4,4,3,3,3,3,2,3,3,3,2,1,1,1,2,1,1,1,2,1,1,1,2,1,1,1,2,1,1,1,1,1,1,1,2,1,1,1,4,4,4,4,1,1,1,1,2,2,2,2,1,4,4,4,4,4,4,4,1,1,1,1,1,1,1,1,2,1,1,1,1,1,2,1,2,2,2,2,4,4,4,4,1,1,1,1,1,1,1,1,2,4,4,4,4,1,1,1,2,1,1,1,2,1,1,4,2,1,1,1
811,Rathnapura,1,2,3,2,4,2,3,3,3,3,3,3,3,3,3,3,2,2,2,2,3,3,3,3,1,1,1,1,1,1,1,1,1,2,2,1,1,1,1,1,3,3,3,3,1,1,1,1,3,3,4,3,1,1,1,1,1,1,1,1,3,3,3,3,1,1,1,1,1,1,1,1,1,1,1,1,3,1,1,1,3,1,1,1,3,1,1,2,3,3,3,3,1,1,1,1,2,2,2,2,3,2,2,2,1,1,1,1,2,2,2,2,1,1,1,1,4,4,4,4,1,1,1,1,1,1,1,1,1,1,1,1,4,4,4,4,1,1,1,1,1,1,1,1,1,1,1,1,1,1,1,1,2,3,2,2,3,2,3,3,1,1,1,1,1,1,1,1,1,1,1,1
812,Rathnapura,1,2,4,2,4,1,3,10,3,1,1,3,3,3,3,3,2,2,2,2,2,2,2,2,1,2,2,1,1,3,2,1,1,2,2,1,1,1,1,1,3,3,3,3,1,1,1,1,3,3,4,3,1,1,1,1,2,2,2,2,3,3,3,3,1,1,1,1,1,1,1,1,1,1,1,1,2,1,1,1,2,1,1,1,2,1,2,2,3,3,3,3,1,1,1,1,2,2,2,2,1,1,1,1,1,1,1,1,3,3,3,3,1,1,1,1,4,4,4,4,1,1,1,1,1,1,1,1,4,4,4,4,1,1,1,1,1,1,1,1,1,1,1,1,1,1,1,1,1,1,1,1,1,1,1,1,4,4,4,4,1,1,1,1,1,1,1,1,1,1,1,1
814,Gampaha,1,2,4,2,5,1,3,3,3,3,3,3,4,4,4,4,1,1,1,1,1,1,1,1,1,1,1,1,1,1,1,1,1,1,1,1,1,1,1,1,1,1,1,1,1,1,1,1,4,4,4,4,1,1,1,1,1,1,1,1,4,4,4,4,1,1,1,1,1,1,1,1,1,1,1,1,2,1,1,1,1,1,1,1,1,1,1,1,1,1,1,1,1,1,1,1,1,1,1,1,4,4,4,4,1,1,1,1,1,1,1,1,1,1,1,1,4,4,4,4,1,1,1,1,1,1,1,1,1,1,1,1,1,1,1,1,1,1,1,1,4,4,4,4,1,1,1,1,1,1,1,1,1,1,1,1,4,4,4,4,1,1,1,1,1,1,1,1,1,1,1,1
816,Gampaha,1,2,6,2,4,1,1,7,3,3,3,3,4,4,4,4,1,1,1,1,1,1,1,1,1,1,1,1,1,1,1,1,1,1,1,1,1,1,1,1,1,2,2,2,1,1,1,1,1,1,1,2,1,1,1,1,1,1,1,1,4,4,4,4,1,1,1,1,1,1,1,1,1,1,1,1,3,1,1,1,3,1,1,1,3,1,1,1,1,1,1,1,1,1,1,1,1,1,1,1,1,1,1,1,4,4,4,1,1,1,1,1,1,1,1,1,4,1,1,1,1,1,1,1,1,1,1,1,1,1,1,1,1,1,1,1,1,1,1,1,4,4,4,4,1,1,1,1,1,1,1,1,1,1,1,1,4,4,4,4,1,1,1,1,1,1,1,1,1,1,1,1
818,Gampaha,1,2,2,2,6,1,3,3,5,5,5,5,1,2,1,2,3,3,3,3,1,1,1,1,1,2,2,2,1,1,2,2,1,2,1,2,1,2,1,1,1,1,1,1,1,1,1,1,3,2,2,2,1,1,1,1,1,1,1,1,2,2,2,2,3,2,2,2,2,2,2,2,2,1,1,1,3,1,1,1,3,1,1,1,2,1,1,1,1,1,1,1,1,1,1,1,3,1,1,1,3,1,1,1,2,1,2,2,2,1,1,1,2,3,3,3,3,1,1,1,1,1,1,1,1,1,1,1,1,1,1,1,1,1,1,1,1,1,1,1,1,1,1,1,1,1,1,1,1,1,1,1,3,3,3,3,1,1,1,1,1,1,1,1,1,1,1,1,1,1,1,1
821,Gampaha,1,2,5,2,5,1,7,3,5,5,5,5,2,1,1,1,3,1,1,1,1,1,1,1,1,4,4,4,1,3,1,1,1,1,1,1,3,3,3,3,2,1,1,1,1,1,1,1,3,3,4,3,1,1,1,1,1,1,1,1,3,3,3,3,4,4,4,4,4,4,4,4,1,1,1,1,2,1,1,1,2,1,1,1,2,1,1,1,1,1,1,1,1,1,1,1,1,1,1,1,4,4,4,4,1,1,1,1,1,1,1,1,2,4,4,3,3,1,1,1,1,1,1,1,1,1,1,1,1,1,1,1,1,1,1,1,1,1,1,1,4,4,4,4,1,1,1,1,1,1,1,1,2,3,3,3,4,4,4,4,3,2,2,2,2,1,1,1,1,1,1,1
824,Gampaha,1,1,5,3,3,1,7,10,2,1,1,1,4,4,4,4,2,1,1,1,2,1,1,1,1,2,2,2,1,1,1,1,2,1,1,1,1,1,1,1,1,2,2,2,1,1,1,1,3,1,1,1,1,1,1,1,1,1,1,1,2,2,2,2,2,2,2,2,1,1,1,1,1,1,1,1,2,1,1,1,1,1,1,1,2,1,1,1,3,1,1,1,1,1,1,1,2,2,2,2,1,1,1,1,1,1,1,1,2,2,2,2,4,4,4,4,4,4,4,4,1,1,1,1,1,1,1,1,1,1,1,1,1,1,1,1,1,1,1,1,1,1,1,1,1,1,1,1,1,1,1,1,4,4,4,4,4,4,4,4,2,2,2,2,1,1,1,1,1,1,1,1
827,Gampaha,1,2,3,2,4,1,1,7,3,3,3,3,1,1,1,1,2,2,2,2,4,4,4,4,1,1,1,1,1,1,1,1,1,1,1,1,1,1,1,1,1,1,1,1,1,1,1,1,3,3,4,3,1,1,1,1,1,1,1,1,4,4,4,4,4,4,4,4,1,1,1,1,1,1,1,1,1,1,1,1,2,1,1,1,2,1,1,1,1,1,1,1,1,1,1,1,2,1,1,1,1,1,1,1,4,4,4,4,1,1,1,1,1,1,1,1,4,2,1,3,1,1,1,1,1,1,1,1,1,1,1,1,1,1,1,1,1,1,1,1,1,1,1,1,1,1,1,1,1,1,1,1,1,1,1,1,4,1,2,4,3,1,2,2,1,1,1,1,1,1,1,1
830,Colombo,1,2,5,2,1,2,10,3,2,2,2,2,4,3,3,3,4,2,2,2,2,1,1,2,4,4,4,4,2,1,1,2,2,1,1,1,1,1,1,1,1,1,1,1,2,2,2,2,2,2,2,2,2,2,2,2,1,1,1,1,4,1,1,3,3,2,2,3,1,1,1,1,2,2,1,2,2,1,1,2,3,1,1,2,2,1,1,2,1,1,1,1,1,1,1,1,1,1,1,1,4,2,2,4,1,1,1,1,1,1,1,1,1,1,1,1,4,1,3,3,1,1,1,1,1,1,1,1,1,1,1,1,1,1,1,1,1,1,1,1,4,2,2,4,1,1,1,1,1,1,1,1,1,1,1,1,1,1,1,1,1,1,1,1,1,1,1,1,1,1,1,1
832,Gampaha,1,1,2,2,5,1,3,10,3,3,3,3,4,4,4,4,1,1,1,1,1,1,1,1,1,1,1,1,1,1,1,1,1,1,1,1,1,1,1,1,1,1,1,1,1,1,1,1,4,4,4,4,1,1,1,1,1,1,1,1,1,1,1,1,1,1,1,1,1,1,1,1,1,1,1,1,3,1,1,1,3,1,1,1,1,1,1,1,4,1,1,1,1,1,1,1,1,1,1,1,2,4,4,4,1,1,1,1,1,1,1,1,1,1,1,1,4,4,4,4,1,1,1,1,1,1,1,1,4,1,1,1,1,1,1,1,1,1,1,1,2,4,4,4,1,1,1,1,1,1,1,1,1,1,1,1,4,4,4,4,1,1,1,1,1,1,1,1,1,1,1,1
833,Kandy,1,2,3,2,5,1,3,10,3,1,2,3,2,4,3,3,2,2,2,2,1,1,1,1,1,1,1,1,1,1,1,1,1,1,1,1,1,1,1,1,1,1,1,1,3,1,1,1,4,1,1,1,1,1,1,1,1,1,1,1,4,4,4,4,4,4,4,4,1,1,1,1,1,1,1,1,2,1,1,1,2,1,1,1,2,1,1,1,4,1,1,1,1,1,1,1,1,1,1,1,1,1,1,1,1,1,1,1,1,4,4,4,1,1,1,1,4,1,1,1,1,1,1,1,1,1,1,1,4,1,1,4,1,1,1,1,1,1,1,1,1,1,1,1,1,1,1,1,1,1,1,1,1,1,1,1,4,1,1,4,1,1,1,1,1,1,1,1,1,1,1,1
836,Kandy,1,1,3,2,1,2,3,10,2,1,1,2,3,1,2,2,1,1,1,1,1,2,1,1,1,1,1,1,1,1,1,1,2,1,1,2,1,1,1,1,2,1,1,1,3,1,1,2,2,1,1,2,2,1,1,2,1,1,1,1,1,1,1,1,1,1,1,1,1,1,1,1,2,1,1,1,2,1,1,1,1,1,1,1,4,1,1,2,3,1,1,2,1,1,1,1,3,1,1,1,1,1,1,1,2,1,1,2,4,2,2,3,1,1,1,1,4,1,2,2,1,1,1,1,1,1,1,1,2,1,1,2,1,1,1,1,1,1,1,1,1,1,1,1,1,1,1,1,3,1,2,2,1,1,1,1,4,1,2,2,1,1,1,1,1,3,1,1,1,1,1,1
838,Gampaha,1,2,3,2,3,3,1,10,3,2,2,2,4,3,3,3,2,1,1,1,2,1,1,1,2,3,3,2,1,1,1,1,2,1,1,1,2,2,2,2,2,4,4,2,3,1,1,1,3,1,1,1,2,1,1,1,1,1,1,1,2,1,1,1,2,1,1,1,1,1,1,1,2,1,1,1,2,1,1,1,2,1,1,1,2,1,1,1,1,1,1,1,1,1,1,1,2,1,1,1,1,1,1,1,4,2,2,3,1,1,1,1,1,1,1,1,4,4,4,4,1,1,1,1,1,1,1,1,1,1,1,1,1,1,1,1,2,1,1,1,1,1,1,1,4,3,3,4,1,1,1,1,1,1,1,1,4,3,3,2,2,1,1,1,1,1,1,1,2,1,1,1
842,Gampaha,1,2,3,2,4,3,5,10,3,3,3,3,3,2,2,4,1,1,1,1,1,1,1,1,3,3,3,3,1,1,1,1,1,1,1,1,2,2,2,2,1,1,1,1,1,1,1,1,2,2,2,2,2,2,2,2,1,1,1,1,3,3,3,3,3,3,3,3,2,2,2,2,1,1,1,1,2,1,1,1,1,1,1,1,1,1,1,1,1,1,1,1,1,1,1,1,3,2,2,2,1,1,1,1,4,3,2,3,2,2,2,2,1,1,1,1,1,1,1,1,1,1,1,1,1,1,1,1,1,1,1,1,1,1,1,1,1,1,1,1,1,1,1,1,1,1,1,1,1,1,1,1,1,3,3,3,2,1,1,1,1,1,1,1,1,1,1,1,1,1,1,1
845,Gampaha,1,2,1,2,4,1,10,10,3,1,1,1,4,4,4,4,1,1,1,1,1,1,1,1,1,1,1,1,2,2,2,2,1,1,1,1,1,1,1,1,1,1,1,1,1,1,1,1,1,1,1,1,4,4,4,4,2,2,2,2,1,1,1,1,4,4,4,4,1,1,1,1,2,2,2,2,1,1,1,1,1,1,1,1,1,1,1,1,2,2,2,2,1,1,1,1,4,4,4,4,1,1,1,1,1,1,1,1,2,2,2,2,1,1,1,1,4,4,4,4,1,1,1,1,1,1,1,1,1,1,1,1,1,1,1,1,4,4,4,4,1,1,1,1,1,1,1,1,1,1,1,1,1,1,1,1,1,1,1,1,4,4,4,4,1,1,1,1,1,1,1,1
846,Gampaha,1,2,3,2,4,2,1,1,3,2,2,2,4,4,4,4,1,1,1,1,1,1,1,1,1,2,2,2,1,1,1,1,1,1,1,1,1,2,2,2,1,1,1,1,2,1,1,1,2,2,2,2,2,2,2,2,1,1,1,1,4,4,4,4,3,3,3,3,1,1,1,1,1,1,1,1,2,1,1,1,2,1,1,1,2,1,1,1,1,1,1,1,1,1,1,1,1,1,1,1,3,3,3,3,1,1,1,1,1,1,1,1,1,1,1,1,4,4,4,4,1,1,1,1,1,1,1,1,1,1,1,1,1,1,1,1,1,1,1,1,1,1,1,1,4,4,4,4,1,1,1,1,1,1,1,1,3,3,3,3,2,2,2,2,1,1,1,1,1,1,1,1
850,Kandy,1,2,4,2,4,2,10,10,3,1,1,2,3,1,1,2,1,1,1,1,1,1,1,1,1,2,2,2,1,1,1,1,1,1,1,1,1,1,1,1,1,2,2,2,3,1,2,2,1,1,1,1,2,1,1,1,1,1,1,1,1,1,1,1,1,1,1,1,1,1,1,1,1,1,1,1,3,1,1,2,2,1,1,2,2,1,1,3,2,1,1,2,1,1,1,1,1,1,1,1,3,1,1,1,1,1,1,1,3,2,2,2,4,1,1,2,1,1,1,1,1,1,1,1,1,1,1,1,1,1,1,1,1,1,1,1,1,1,1,1,3,1,1,1,1,1,1,1,3,2,2,2,1,1,1,1,1,1,1,1,1,1,1,1,1,1,1,1,1,1,1,1
851,Gampaha,1,2,3,2,4,5,1,1,3,2,2,2,4,4,4,4,2,1,1,1,2,1,1,1,2,2,2,1,1,1,1,1,1,1,1,1,1,1,1,1,2,3,3,2,2,1,1,1,3,2,2,2,1,1,1,1,1,1,1,1,2,2,2,2,2,2,2,2,1,1,1,1,2,1,1,1,2,1,1,1,1,1,1,1,2,1,1,1,1,1,1,1,1,1,1,1,1,1,1,1,4,4,4,4,1,1,1,1,2,2,2,2,1,1,1,1,4,4,4,4,1,1,1,1,1,1,1,1,1,1,1,1,1,1,1,1,1,1,1,1,4,4,4,1,1,1,1,1,1,1,1,1,2,1,1,1,3,3,3,3,2,2,2,2,1,1,1,1,1,1,1,1
852,Gampaha,1,2,3,2,4,3,3,3,3,2,2,2,3,2,2,2,1,1,1,1,1,1,1,1,3,3,3,3,1,1,1,1,1,1,1,1,1,1,1,1,2,2,2,2,1,1,1,1,1,1,1,1,1,1,1,1,1,1,1,1,2,2,2,2,1,1,1,1,1,1,1,1,1,1,1,1,2,1,1,1,2,1,1,1,1,1,1,1,2,1,1,1,1,1,1,1,3,2,1,2,3,2,2,2,2,2,2,2,2,2,2,2,1,1,1,1,1,1,1,1,1,1,1,1,1,1,1,1,1,1,1,1,1,1,1,1,1,1,1,1,1,1,1,1,1,1,1,1,1,1,1,1,1,1,1,1,1,1,1,1,1,1,1,1,1,1,1,1,1,1,1,1
853,Colombo,1,2,4,2,4,2,7,3,2,1,1,2,2,1,1,1,2,1,1,1,2,1,1,1,1,1,1,1,1,1,1,1,1,1,1,1,1,1,1,1,1,1,1,1,2,1,1,1,2,1,1,1,2,1,1,1,1,1,1,1,2,2,1,1,2,1,1,1,1,1,1,1,1,1,1,1,2,1,1,1,2,1,1,1,2,1,1,1,1,1,1,1,1,1,1,1,1,1,1,1,1,1,1,1,1,1,1,1,1,1,1,1,1,1,1,1,1,1,1,1,1,1,1,1,1,1,1,1,1,1,1,1,1,1,1,1,1,1,1,1,1,1,1,1,1,1,1,1,1,1,1,1,1,1,1,1,1,1,1,1,1,1,1,1,1,1,1,1,1,1,1,1
855,Kandy,1,2,4,2,4,2,10,3,3,2,2,2,4,3,4,4,1,1,1,1,1,1,1,1,2,3,3,2,1,1,1,1,1,1,1,1,1,1,1,1,1,1,1,1,1,1,1,1,4,1,2,3,1,1,1,1,1,1,1,1,3,4,4,4,1,1,1,1,1,1,1,1,1,1,1,1,1,1,1,1,1,1,1,1,1,1,1,1,1,1,1,1,1,1,1,1,1,1,1,1,4,4,4,4,1,1,1,1,1,1,1,1,1,1,1,1,4,1,3,4,1,1,1,1,1,1,1,1,1,1,1,1,1,1,1,1,1,1,1,1,1,1,1,1,1,1,1,1,4,1,3,4,1,1,1,1,1,1,1,1,4,1,3,4,1,1,1,1,1,1,1,1
856,Gampaha,1,2,3,2,5,3,10,4,3,2,2,2,4,4,4,4,2,1,1,1,1,1,1,1,4,4,4,4,1,1,1,1,1,1,1,1,1,1,1,1,2,2,2,2,1,1,1,1,1,1,1,1,1,1,1,1,1,1,1,1,2,2,2,2,4,4,4,4,4,4,4,4,2,1,2,2,3,1,1,2,3,1,1,2,3,1,1,1,4,1,1,2,1,1,1,1,2,1,1,1,4,4,4,4,1,1,1,1,2,1,1,1,1,1,1,1,4,1,1,2,1,1,1,1,1,1,1,1,4,1,1,1,1,1,1,1,2,1,1,1,4,4,4,4,1,1,1,1,2,1,1,1,1,1,1,1,3,1,1,1,3,1,1,1,1,1,1,1,1,1,1,1
857,Kandy,1,2,5,2,4,3,10,3,3,3,3,3,4,3,3,3,1,1,1,1,1,1,1,1,2,3,2,2,1,1,1,1,1,1,1,1,1,1,1,1,1,1,1,1,1,1,1,1,4,1,2,3,1,1,1,1,1,1,1,1,3,4,4,4,1,1,1,1,2,3,3,3,1,1,1,1,1,1,1,1,1,1,1,1,1,1,1,1,1,1,1,1,1,1,1,1,2,3,3,2,3,4,4,4,1,1,1,1,1,1,1,1,1,1,1,1,4,2,3,3,1,1,1,1,1,1,1,1,1,1,1,1,1,1,1,1,1,1,1,1,1,1,1,1,1,1,1,1,4,2,3,4,1,1,1,1,1,1,1,1,4,1,3,3,1,1,1,1,1,1,1,1
862,Colombo,1,2,3,2,3,2,10,3,3,1,1,1,4,2,1,3,3,2,2,2,2,2,2,2,2,2,2,2,1,1,1,1,1,1,1,1,1,1,1,1,2,2,2,2,1,1,2,2,2,2,1,2,1,2,2,2,1,1,1,1,2,2,2,2,2,2,2,2,1,1,1,1,1,1,1,1,1,1,1,1,1,1,1,1,1,1,1,1,1,1,1,1,1,1,1,1,1,1,1,1,1,1,1,1,1,1,1,1,4,2,4,4,1,1,1,1,4,2,2,3,1,1,1,1,1,1,1,1,1,1,1,1,1,1,1,1,1,1,1,1,1,1,1,1,1,1,1,1,4,2,3,4,1,1,1,1,1,1,1,1,1,1,1,1,1,1,1,1,1,1,1,1
867,Kandy,1,2,4,2,4,1,1,6,3,3,3,3,1,1,1,1,1,1,1,1,3,3,3,3,1,1,1,1,1,1,1,1,1,1,1,1,1,1,1,1,1,1,1,1,1,1,1,1,3,3,3,3,1,1,1,1,1,1,1,1,1,1,1,1,1,1,1,1,1,1,1,1,1,1,1,1,3,1,1,1,1,1,1,1,1,1,1,1,4,2,1,1,1,1,1,1,1,1,1,1,1,1,1,1,1,1,1,1,3,3,3,3,1,1,1,1,1,1,1,1,1,1,1,1,1,1,1,1,1,1,1,1,1,1,1,1,1,1,1,1,1,1,1,1,1,1,1,1,1,1,1,1,1,1,1,1,4,4,4,4,1,1,1,1,1,1,1,1,1,1,1,1
869,Colombo,1,2,3,2,4,1,10,3,3,1,1,3,3,2,1,3,3,2,2,2,2,1,2,2,2,2,2,2,1,1,1,1,2,2,2,2,1,1,1,1,2,2,2,2,2,2,2,2,1,1,1,1,1,1,1,1,3,1,1,1,1,1,1,1,1,1,1,1,1,1,1,1,1,1,1,1,1,1,1,1,2,1,1,1,1,1,1,1,4,2,2,3,1,1,1,1,1,1,1,1,1,1,1,1,1,1,1,1,1,1,1,1,1,1,1,1,4,1,1,4,1,1,1,1,1,1,1,1,4,2,2,4,1,1,1,1,1,1,1,1,1,1,1,1,1,1,1,1,1,1,1,1,1,1,1,1,4,2,2,4,1,1,1,1,1,1,1,1,1,1,1,1
870,Kandy,1,2,4,2,5,1,1,6,5,5,5,5,1,1,1,1,1,1,1,1,4,3,3,3,1,4,3,1,1,1,1,1,3,1,2,2,1,4,1,1,1,1,1,1,1,1,1,1,3,1,2,2,1,1,1,1,1,1,1,1,4,4,4,4,1,1,1,1,1,1,1,1,2,1,1,1,3,1,1,1,1,1,1,1,3,1,1,1,1,1,3,1,1,1,1,1,1,1,1,1,4,4,4,4,1,1,1,1,2,1,1,2,1,1,1,1,1,1,3,4,1,1,1,1,4,4,1,1,1,1,1,1,1,1,1,1,1,1,1,1,4,4,4,4,1,1,1,1,1,1,1,1,1,1,1,1,1,1,1,1,1,1,1,1,4,3,3,3,1,1,1,1
873,Matale,3,1,1,1,7,3,7,3,2,1,1,1,2,1,1,1,2,1,1,1,2,1,1,1,2,3,3,3,1,1,1,1,1,1,1,1,1,2,2,2,1,1,1,1,2,2,2,2,2,2,2,2,2,1,1,1,1,1,1,1,1,1,1,1,1,1,1,1,2,2,2,2,2,1,1,1,3,2,2,2,3,2,2,2,3,2,2,2,2,1,1,1,1,1,1,1,2,1,1,1,3,2,2,2,1,1,1,1,2,2,2,2,1,1,1,1,1,1,1,1,1,1,1,1,1,1,1,1,1,1,1,1,1,1,1,1,1,1,1,1,1,1,1,1,1,1,1,1,1,1,1,1,1,1,1,1,1,1,1,1,1,1,1,1,1,1,1,1,1,1,1,1
874,Kandy,1,2,2,2,4,1,10,10,3,1,1,1,4,4,4,4,1,1,1,1,1,1,1,1,1,3,2,2,1,1,1,1,1,1,1,1,1,1,1,1,1,1,1,1,3,1,1,2,2,1,1,1,1,1,2,1,1,1,1,1,3,2,2,2,2,2,2,2,1,1,1,1,1,1,1,1,1,1,1,1,1,1,1,1,1,1,1,1,3,1,1,2,1,1,1,1,1,1,2,1,2,3,3,3,1,1,1,1,2,3,2,2,1,1,1,1,3,3,3,3,1,1,1,1,1,1,1,1,1,1,1,1,1,1,1,1,1,1,1,1,2,3,3,3,2,1,1,1,2,2,1,1,1,1,1,1,3,1,1,2,2,1,1,2,2,3,3,3,1,1,2,1
875,Gampaha,1,2,5,2,3,1,3,4,3,3,3,3,4,4,4,4,1,1,1,1,1,1,1,1,1,2,1,1,2,2,2,2,1,1,1,1,1,1,1,1,1,1,1,1,1,1,1,1,1,1,1,1,1,1,1,1,2,2,2,2,1,1,1,1,4,4,4,4,1,1,1,1,1,1,1,1,1,1,1,1,1,1,1,1,2,1,1,1,2,2,2,2,1,1,1,1,1,2,2,2,1,1,1,1,1,1,1,1,4,4,4,4,1,1,1,1,4,4,4,4,1,1,1,1,1,1,1,1,1,1,1,1,4,4,4,4,1,1,1,1,1,1,1,1,1,1,1,1,1,1,1,1,1,1,1,1,4,4,4,4,1,1,1,1,1,1,1,1,1,1,1,1
877,Kandy,1,2,3,2,4,1,3,10,3,1,1,2,4,3,3,3,1,1,1,1,1,1,1,1,1,3,3,3,1,1,1,1,1,1,1,1,1,1,1,1,1,1,1,1,1,1,1,1,3,1,1,1,1,1,1,1,1,1,2,1,4,3,3,3,4,3,3,3,1,1,1,1,1,1,1,1,1,1,1,1,1,1,1,1,2,1,1,1,3,1,1,2,1,1,1,1,2,2,2,2,1,1,1,1,1,1,1,1,1,1,1,1,1,1,1,1,1,1,1,1,1,1,1,1,1,1,1,1,1,1,1,1,1,1,1,1,1,1,1,1,1,1,1,1,1,1,1,1,1,1,1,1,1,1,1,1,3,1,1,2,3,1,1,1,1,1,1,1,1,1,1,1
881,Matale,2,1,4,3,4,3,9,9,2,1,1,1,2,1,1,1,2,1,1,1,2,1,1,1,1,2,2,2,1,1,1,1,1,1,1,1,1,1,1,1,1,1,1,1,2,1,1,1,2,1,1,1,2,1,1,1,1,1,1,1,2,1,1,1,1,1,1,1,1,1,1,1,2,1,1,1,2,1,1,1,2,1,1,1,2,1,1,1,2,1,1,1,1,1,1,1,2,1,1,1,2,1,1,1,1,1,1,1,2,2,2,2,1,1,1,1,1,1,1,1,1,1,1,1,1,1,1,1,1,1,1,1,1,1,1,1,1,1,1,1,1,1,1,1,1,1,1,1,1,1,1,1,1,1,1,1,1,1,1,1,1,1,1,1,1,1,1,1,1,1,1,1
882,Gampaha,1,2,4,2,5,1,10,3,3,3,3,3,2,2,2,2,2,2,2,2,3,3,3,3,3,3,3,3,1,1,1,1,1,2,1,1,1,1,1,1,3,3,3,3,1,1,1,1,2,2,2,2,1,1,1,1,1,1,1,1,3,3,3,3,1,1,1,1,1,1,1,1,2,2,2,2,2,1,1,1,2,1,1,1,2,1,1,1,1,1,1,1,1,1,1,1,3,3,3,3,3,3,3,3,1,1,1,1,1,1,1,1,1,1,1,1,1,1,1,1,1,1,1,1,1,1,1,1,1,1,1,1,3,3,3,3,1,1,1,1,3,3,3,3,1,1,1,1,1,1,1,1,1,1,1,1,4,4,4,4,1,1,1,1,1,1,1,1,1,1,1,1
884,Kandy,1,2,5,2,5,1,8,2,5,5,5,5,2,1,1,1,4,4,4,4,1,1,1,1,1,3,3,3,3,1,1,1,1,1,1,1,2,2,3,3,2,2,2,2,1,1,1,1,1,1,1,1,3,3,3,3,1,1,1,1,3,3,3,3,1,1,1,1,1,1,1,1,1,1,1,1,3,1,2,2,2,1,2,2,2,2,2,2,1,1,1,1,1,1,1,1,2,1,2,2,4,4,4,4,1,1,1,1,1,1,1,1,1,3,3,3,4,1,1,4,1,1,1,1,1,1,1,1,1,1,1,1,1,1,1,1,2,1,1,1,4,4,4,4,1,1,1,1,1,1,1,1,1,3,3,3,3,3,4,3,1,1,1,1,1,1,1,1,1,1,1,1
885,Gampaha,1,2,3,2,4,1,3,2,3,2,2,2,3,2,2,2,1,1,1,1,1,1,1,1,1,3,3,3,1,1,1,1,1,1,1,1,1,1,1,1,1,1,1,1,2,1,1,1,2,2,2,2,1,1,1,1,1,1,1,1,3,3,3,3,3,3,3,3,1,1,1,1,3,3,3,3,2,1,1,1,1,1,1,1,1,1,1,1,3,1,1,1,1,1,1,1,3,2,2,2,3,3,3,3,3,3,3,3,3,2,2,2,1,1,1,1,4,2,2,2,1,1,1,1,1,1,1,1,2,1,1,1,1,1,1,1,3,2,2,2,3,3,3,3,3,3,3,3,3,2,2,2,1,1,1,1,1,1,1,1,1,1,1,1,1,1,1,1,1,1,1,1
886,Gampaha,2,1,5,2,4,1,3,3,2,1,1,2,4,4,4,4,1,1,1,1,1,1,1,1,1,2,2,1,2,2,2,2,1,1,1,1,1,1,1,1,1,3,1,1,1,1,1,1,4,4,4,4,1,1,1,1,1,1,1,1,1,1,1,1,1,1,1,1,1,1,1,1,3,3,3,3,1,1,1,1,2,1,1,1,2,1,1,1,4,2,4,4,1,1,1,1,1,2,2,1,2,2,2,2,1,1,1,1,2,2,2,2,1,1,1,1,4,4,4,4,1,1,1,1,1,1,1,1,1,1,1,1,1,1,1,1,1,1,1,1,4,4,4,4,1,1,1,1,1,1,1,1,1,1,1,1,1,1,1,1,1,1,1,1,1,1,1,1,4,4,4,4
887,Kandy,1,2,2,2,5,1,10,4,3,2,2,2,1,1,1,1,1,1,1,1,4,4,4,4,1,3,2,2,2,1,1,1,1,1,1,1,1,1,1,1,1,1,1,1,1,1,1,1,4,4,4,4,1,1,1,1,1,1,1,1,1,1,1,1,1,1,1,1,1,1,1,1,2,2,2,2,1,1,1,1,1,1,1,1,1,1,1,1,3,1,3,3,1,1,1,1,2,3,3,3,1,1,1,1,1,1,1,1,3,3,3,3,1,1,1,1,4,4,4,4,1,1,1,1,1,1,1,1,1,1,1,1,1,1,1,1,1,1,1,1,1,1,1,1,1,1,1,1,4,4,4,4,1,1,1,1,4,4,4,4,1,1,1,1,1,1,1,1,1,1,1,1
889,Colombo,1,1,3,2,4,2,3,10,2,1,1,1,2,1,1,2,2,1,1,1,2,1,2,2,2,1,1,2,1,1,1,1,1,1,1,1,1,1,1,1,2,1,1,2,2,1,1,1,1,1,1,1,1,1,1,1,1,1,1,1,1,1,1,1,2,1,1,2,1,1,1,1,1,1,1,1,2,1,1,1,2,1,1,1,1,1,1,1,2,1,1,1,1,1,1,1,1,1,1,1,1,1,1,1,1,1,1,1,4,1,1,2,1,1,1,1,4,1,1,1,1,1,1,1,1,1,1,1,1,1,1,1,1,1,1,1,1,1,1,1,1,1,1,1,1,1,1,1,4,1,1,3,1,1,1,1,4,1,1,2,4,1,1,2,1,1,1,1,1,1,1,1
893,Kandy,1,2,4,2,4,1,9,10,1,1,1,1,4,3,3,3,1,1,1,1,1,1,1,1,1,1,2,2,3,3,3,3,1,1,1,2,1,1,1,1,2,3,3,3,1,1,1,1,2,1,1,1,1,1,1,1,4,3,3,3,1,1,1,1,1,1,1,1,1,1,1,1,2,1,1,1,2,1,1,1,2,1,1,1,3,1,1,1,3,1,1,1,1,1,1,1,2,2,2,2,1,1,1,1,1,1,1,1,4,3,3,3,1,1,1,1,4,1,2,3,1,1,1,1,1,1,1,1,1,1,1,1,1,1,1,1,1,1,1,1,1,1,1,1,1,1,1,1,1,1,1,1,1,1,1,1,4,1,3,3,1,1,1,1,1,1,1,1,1,1,1,1
898,Gampaha,1,2,4,2,4,1,10,10,3,2,2,2,1,1,1,1,1,1,1,1,4,4,4,4,1,2,2,2,1,1,1,1,1,1,1,1,1,1,1,1,1,1,1,1,2,1,1,1,4,4,4,4,2,1,1,1,1,1,1,1,1,1,1,1,1,1,1,1,1,1,1,1,1,1,1,1,2,1,1,1,1,1,1,1,2,1,1,1,2,1,1,1,1,1,1,1,1,1,1,1,4,4,4,4,1,1,1,1,1,1,1,1,1,1,1,1,4,4,4,4,1,1,1,1,1,1,1,1,1,1,1,1,1,1,1,1,1,1,1,1,1,1,1,1,1,1,1,1,1,1,1,1,1,1,1,1,1,1,1,1,1,1,1,1,1,1,1,1,1,1,1,1
900,Gampaha,2,1,1,2,5,3,3,2,1,1,1,1,1,2,2,2,3,1,1,1,1,1,1,1,2,2,2,1,1,1,1,1,1,1,1,1,1,1,1,1,2,2,2,2,1,1,1,1,2,1,1,1,1,1,1,1,1,1,1,1,3,2,2,2,3,2,2,2,1,1,1,1,1,1,1,1,1,1,1,1,1,1,1,1,1,1,1,1,1,1,1,1,1,1,1,1,1,1,1,1,3,2,2,2,2,2,2,2,1,1,1,1,1,1,1,1,1,1,1,1,1,1,1,1,1,1,1,1,1,1,1,1,1,1,1,1,1,1,1,1,3,3,3,3,1,1,1,1,1,2,2,2,1,1,1,1,1,1,1,1,1,1,1,1,1,1,1,1,1,1,1,1
903,Kandy,1,2,3,2,4,1,1,6,3,2,2,2,1,1,1,1,4,1,1,1,1,1,1,1,1,2,2,2,1,3,3,3,1,1,1,1,1,1,1,1,2,3,3,3,3,1,1,1,4,1,1,1,1,1,1,1,1,1,1,1,4,3,3,3,4,3,3,3,1,1,1,1,1,1,1,1,3,1,1,1,4,1,1,1,4,1,1,1,3,1,1,1,1,1,1,1,2,1,1,1,4,3,3,3,1,1,1,1,1,1,1,1,1,3,2,2,4,2,2,1,1,1,1,1,1,1,1,1,4,1,2,3,1,1,1,1,2,1,1,1,4,2,2,1,1,1,1,1,1,1,1,1,2,2,2,2,4,3,3,1,4,2,2,1,4,2,2,1,4,2,2,1
905,Gampaha,1,2,2,2,3,1,3,3,2,1,1,1,3,3,3,3,1,1,1,1,1,1,1,1,1,1,1,1,1,1,1,1,2,2,2,2,1,1,1,1,2,3,3,3,1,1,1,1,2,1,1,1,1,1,1,1,1,1,1,1,2,2,2,2,2,2,2,2,1,1,1,1,2,1,1,1,1,1,1,1,1,1,1,1,1,1,1,1,3,1,1,1,1,1,1,1,2,2,2,2,1,1,1,1,4,4,4,4,3,3,3,3,1,1,1,1,4,4,4,4,1,1,1,1,1,1,1,1,3,1,1,1,1,1,1,1,2,1,1,1,1,1,1,1,2,3,3,3,1,1,1,1,1,1,1,1,4,4,4,4,2,2,2,2,2,1,1,1,1,1,1,1
906,Colombo,1,2,4,2,3,3,10,10,3,1,1,1,3,1,1,2,1,1,1,1,1,1,1,1,4,1,1,1,1,1,1,1,1,1,1,1,1,1,1,1,2,2,2,2,2,2,2,2,1,1,1,1,1,1,1,1,1,1,1,1,1,1,1,1,1,1,1,1,1,1,1,1,1,1,1,2,1,1,1,1,1,1,1,1,1,1,1,1,1,1,1,1,1,1,1,1,1,1,1,1,1,1,1,1,1,1,1,1,1,1,1,1,1,1,1,1,1,1,1,1,1,1,1,1,1,1,1,1,1,1,1,1,1,1,1,1,1,1,1,1,1,1,1,1,1,1,1,1,1,1,1,1,1,1,1,1,1,1,1,1,1,1,1,1,1,1,1,1,1,1,1,1
908,Gampaha,1,2,3,2,5,1,10,10,3,1,1,1,4,3,3,3,1,1,1,1,4,2,2,2,1,1,1,1,1,1,1,1,4,2,4,4,1,1,1,1,1,1,1,1,1,1,1,1,4,2,4,4,2,1,1,1,1,1,1,1,4,4,4,4,1,1,1,1,1,1,1,1,1,1,1,1,1,1,1,1,1,1,1,1,1,1,1,1,1,1,1,1,1,1,1,1,2,1,2,2,1,1,1,1,1,1,1,1,4,2,4,4,1,1,1,1,4,2,4,4,1,1,1,1,1,1,1,1,1,1,1,1,1,1,1,1,4,2,4,4,1,1,1,1,1,1,1,1,1,1,1,1,1,1,1,1,4,2,4,4,3,2,3,3,1,1,1,1,1,1,1,1
909,Kandy,1,2,5,2,4,1,9,10,1,1,1,1,4,2,2,3,1,1,1,1,1,1,1,1,4,2,3,3,1,1,1,1,1,1,1,1,1,1,1,1,1,1,1,1,1,1,1,1,2,1,1,1,1,1,1,1,1,1,1,1,3,2,3,3,3,2,2,3,1,1,1,1,2,1,1,1,1,1,1,1,1,1,1,1,2,1,1,1,4,1,1,1,1,1,1,1,3,1,1,2,1,1,1,1,1,1,1,1,1,1,1,1,1,1,1,1,1,1,1,1,1,1,1,1,1,1,1,1,1,1,1,1,1,1,1,1,1,1,1,1,1,1,1,1,1,1,1,1,1,1,1,1,1,1,1,1,1,1,1,1,1,1,1,1,1,1,1,1,1,1,1,1
910,Colombo,1,1,3,2,4,3,7,10,2,1,1,1,2,1,2,2,1,1,1,1,1,1,1,1,1,1,1,1,1,1,1,1,1,1,1,1,1,1,1,1,2,1,1,1,1,1,1,1,1,1,1,1,1,1,1,1,1,1,1,1,1,1,1,1,1,1,1,1,1,1,1,1,2,1,1,2,1,1,1,1,1,1,1,1,1,1,1,1,1,1,1,1,1,1,1,2,2,1,1,2,1,1,1,1,1,2,1,1,3,1,2,2,4,1,1,1,1,1,1,1,1,1,1,1,1,1,1,1,1,1,1,1,1,1,1,1,1,1,1,1,1,1,1,1,1,1,1,1,2,1,1,2,1,1,1,1,1,1,1,1,1,1,1,1,1,1,1,1,1,1,1,1
911,Kandy,1,2,3,2,4,2,3,3,2,2,2,2,1,1,1,1,1,1,1,1,4,4,4,4,1,1,1,1,1,1,1,1,4,4,4,4,1,1,1,1,1,1,1,1,1,1,1,1,1,1,1,1,1,1,1,1,1,1,1,1,4,4,4,4,1,1,1,1,1,1,1,1,1,1,1,1,4,4,4,4,1,1,1,1,1,1,1,1,4,4,4,4,1,1,1,1,1,1,1,1,3,3,2,2,1,1,1,1,1,1,1,1,1,1,1,1,1,1,1,1,1,1,1,1,1,1,1,1,1,1,1,1,1,1,1,1,1,1,1,1,1,1,1,1,1,1,1,1,1,1,1,1,1,1,1,1,1,1,1,1,1,1,1,1,1,1,1,1,1,1,1,1
912,Gampaha,1,2,2,2,5,1,10,10,5,5,5,5,2,2,2,2,1,1,1,1,2,1,1,1,2,2,2,2,1,1,1,1,2,2,2,2,1,1,1,1,1,1,1,1,1,1,1,1,1,1,1,1,1,1,1,1,1,1,1,1,4,4,4,4,1,1,1,1,4,4,4,4,1,1,1,1,3,1,1,1,3,1,1,1,2,1,1,1,1,1,1,1,1,1,1,1,1,1,1,1,4,4,4,4,1,1,1,1,1,1,1,1,1,4,2,2,4,3,3,4,1,1,1,1,1,1,1,1,1,1,1,1,1,1,1,1,1,1,1,1,4,4,4,4,1,1,1,1,1,1,1,1,1,4,2,2,4,4,4,4,3,3,3,3,2,2,2,2,2,2,2,2
914,Colombo,1,2,2,2,4,3,3,10,2,1,1,2,2,2,2,2,2,2,2,2,3,2,2,2,4,2,1,2,3,2,2,3,2,1,1,2,1,1,1,2,2,2,2,2,2,2,2,2,3,2,2,1,3,2,2,4,1,1,1,1,4,2,2,4,4,2,3,4,2,2,2,2,1,1,1,1,3,2,2,2,2,1,1,1,2,2,2,2,1,1,1,1,1,1,1,1,1,1,1,1,4,3,4,4,1,1,1,1,1,1,1,1,1,1,1,1,4,2,2,4,1,1,1,1,1,1,1,1,1,1,1,1,1,1,1,1,1,1,1,1,4,2,3,4,1,1,1,1,1,1,1,1,1,1,1,1,1,1,1,1,1,1,1,1,1,1,1,1,1,1,1,1
916,Colombo,2,1,1,2,4,3,9,10,2,1,1,2,2,1,1,1,2,1,1,1,2,1,1,1,2,1,1,1,1,1,1,1,2,1,1,1,1,1,1,1,1,1,1,1,2,2,1,2,2,1,1,1,2,1,1,1,1,1,1,1,2,1,1,1,2,2,1,2,1,1,1,1,1,1,1,1,2,1,1,1,2,1,1,1,2,1,1,1,2,2,1,2,1,1,1,1,2,2,1,1,1,1,1,1,1,1,1,1,2,2,2,2,1,1,1,1,1,1,1,1,1,1,1,1,1,1,1,1,1,1,1,1,1,1,1,1,1,1,1,1,1,1,1,1,1,1,1,1,1,1,1,1,1,1,1,1,1,1,1,1,1,1,1,1,1,1,1,1,1,1,1,1
917,Kandy,1,2,1,2,4,1,9,10,1,1,1,1,4,2,3,3,1,1,1,1,1,1,1,1,1,1,1,1,1,1,1,1,1,1,1,1,1,1,1,1,1,1,1,1,1,1,1,1,1,1,1,1,1,1,1,1,3,2,3,3,1,1,1,1,1,1,1,1,1,1,1,1,1,1,1,1,1,1,1,1,1,1,1,1,1,1,1,1,4,1,1,1,1,1,1,1,1,1,1,1,1,1,1,1,1,1,1,1,4,3,3,3,1,1,1,1,1,1,1,1,1,1,1,1,1,1,1,1,1,1,1,1,1,1,1,1,1,1,1,1,1,1,1,1,1,1,1,1,1,1,1,1,1,1,1,1,4,1,1,2,1,1,1,1,1,1,1,1,1,1,1,1
918,Kandy,1,2,2,2,5,1,9,10,3,1,1,2,4,4,4,4,1,1,1,1,1,1,1,1,1,3,2,2,1,1,1,1,1,1,1,1,1,1,1,1,2,3,3,2,1,1,1,1,1,1,1,1,2,2,2,2,1,1,1,1,1,1,1,1,1,1,1,1,1,1,1,1,2,2,2,2,1,1,1,1,1,1,1,1,1,1,1,1,3,1,1,3,1,1,1,1,1,1,1,1,2,4,3,3,1,1,1,1,2,2,2,2,1,1,1,1,4,2,4,4,1,1,1,1,1,1,1,1,1,1,1,1,1,1,1,1,1,1,1,1,4,4,4,4,1,1,1,1,1,1,1,1,1,1,1,1,4,1,4,4,1,1,1,1,1,1,1,1,1,1,1,1
920,Gampaha,1,2,4,2,4,1,4,4,3,1,1,1,4,4,4,4,1,1,1,1,1,1,1,1,1,1,1,1,1,1,1,1,1,1,1,1,1,1,1,1,1,1,1,1,1,1,1,1,4,4,4,4,2,1,1,1,1,1,1,1,2,2,2,2,2,2,2,2,1,1,1,1,1,1,1,1,2,1,1,1,2,1,1,1,2,1,1,1,2,1,1,1,1,1,1,1,1,1,1,1,4,4,4,4,2,1,1,1,2,1,1,1,1,1,1,1,4,4,4,4,1,1,1,1,1,1,1,1,1,1,1,1,1,1,1,1,1,1,1,1,4,4,4,4,1,1,1,1,1,1,1,1,1,1,1,1,3,3,3,3,2,2,2,2,1,1,1,1,1,1,1,1
921,Kandy,1,2,5,2,4,1,3,10,1,1,1,1,3,4,3,3,4,1,2,3,1,1,1,1,3,3,2,1,1,1,1,1,3,1,1,2,1,1,1,1,1,1,1,1,1,1,1,1,3,2,2,3,1,1,1,1,1,1,1,1,3,4,4,4,1,1,1,1,1,2,2,3,3,2,2,2,2,1,1,1,1,1,1,1,2,1,1,1,3,1,1,2,1,1,1,1,1,1,1,1,3,4,4,3,1,1,1,1,1,1,1,1,1,2,4,3,4,3,3,4,1,1,1,1,1,1,1,1,2,1,1,1,4,3,3,4,1,1,1,1,2,3,3,3,1,1,1,1,3,1,1,1,1,2,3,3,4,1,3,4,4,3,3,1,1,1,1,1,1,1,1,1
923,Kandy,1,1,6,3,4,1,8,2,3,3,3,3,4,4,4,4,1,1,1,1,2,2,2,2,1,1,1,1,1,1,1,1,1,1,1,1,1,1,1,1,1,1,1,1,1,1,1,1,1,1,1,1,4,4,4,4,1,1,1,1,2,2,2,2,2,2,2,2,1,1,1,1,2,2,2,2,2,1,1,1,2,1,1,1,2,1,1,1,1,1,1,1,1,1,1,1,1,1,1,1,3,3,3,3,3,3,3,3,2,2,2,2,1,1,1,1,1,1,1,1,1,1,1,1,1,1,1,1,1,1,1,1,1,1,1,1,1,1,1,1,1,1,1,1,1,1,1,1,1,1,1,1,1,1,1,1,1,1,1,1,1,1,1,1,1,1,1,1,1,1,1,1
924,Colombo,1,2,3,2,4,3,10,10,3,1,1,1,2,1,1,2,2,1,1,2,3,1,1,3,2,1,1,2,1,1,1,1,1,1,1,1,1,1,1,1,1,1,1,1,1,1,1,1,2,1,1,2,2,1,1,2,1,1,1,1,3,1,1,2,2,1,1,2,1,1,1,1,1,1,1,1,2,1,1,1,2,1,1,1,3,1,1,1,1,1,1,1,1,1,1,1,3,1,1,2,4,1,1,2,1,1,1,1,2,1,1,2,2,1,1,2,4,1,1,1,1,1,1,1,1,1,1,1,1,1,1,1,1,1,1,1,2,1,1,2,3,1,1,2,1,1,1,1,1,1,1,1,1,1,1,2,3,1,1,2,1,1,1,1,1,1,1,1,1,1,1,1
925,Gampaha,1,2,2,2,4,1,3,10,3,2,2,2,3,3,3,3,1,1,1,1,1,1,1,1,1,2,2,2,1,1,1,1,2,2,2,2,1,1,1,1,2,2,2,1,1,1,1,1,3,1,1,1,1,1,1,1,1,1,1,1,3,2,2,2,3,2,2,2,1,1,1,1,2,2,2,2,2,1,1,1,2,1,1,1,2,1,1,1,1,1,1,1,1,1,1,1,2,2,2,2,4,4,4,4,1,1,1,1,2,2,2,2,2,2,2,2,4,4,4,4,1,1,1,1,1,1,1,1,1,1,1,1,1,1,1,1,1,1,1,1,4,4,4,4,1,1,1,1,1,1,1,1,2,2,2,2,4,4,4,4,2,2,2,2,2,1,1,1,1,1,1,1
927,Kandy,1,2,2,2,5,1,1,6,3,3,3,3,4,3,3,3,2,1,1,1,1,1,1,1,1,3,3,3,1,1,1,1,1,1,1,1,1,1,2,1,1,1,1,1,1,1,1,1,4,3,4,3,1,1,1,1,1,1,1,1,4,3,3,3,4,3,3,3,1,1,1,1,2,1,1,1,3,1,1,1,2,1,1,1,3,1,1,1,3,1,1,1,1,1,1,1,3,3,3,3,1,1,1,1,1,1,1,1,2,1,1,1,1,1,1,1,1,1,1,1,1,1,1,1,4,4,4,4,1,1,1,1,1,1,1,1,1,1,1,1,1,1,1,1,1,1,1,1,4,4,4,4,1,1,1,1,4,4,4,4,4,4,4,4,1,1,1,1,1,1,1,1
931,Kandy,1,2,4,2,4,1,10,10,1,1,1,1,4,3,3,3,1,1,1,1,1,1,1,1,1,3,3,3,1,1,1,1,1,1,1,1,1,1,1,1,1,1,1,1,1,1,1,1,2,1,1,1,1,1,1,1,1,1,1,1,1,1,1,1,1,1,1,1,1,1,1,1,2,1,1,1,1,1,1,1,1,1,1,1,2,1,1,1,4,1,1,1,1,1,1,1,3,3,2,3,1,1,1,1,1,1,2,1,4,3,3,3,1,1,1,1,4,1,2,3,1,1,1,1,1,1,1,1,1,1,1,1,1,1,1,1,1,1,1,1,1,1,1,1,1,1,1,1,1,1,1,1,1,1,1,1,1,1,1,1,4,1,2,3,1,1,1,1,1,1,1,1
932,Colombo,1,2,2,2,4,3,10,10,2,1,1,2,2,1,1,1,2,1,1,1,2,2,1,1,2,1,1,2,1,1,1,1,1,1,1,1,1,1,1,1,1,1,1,1,2,1,1,2,2,2,2,2,2,1,1,1,1,1,1,1,1,1,2,2,2,1,2,2,1,1,1,1,1,1,1,1,2,1,1,1,2,1,1,1,2,1,1,1,2,1,1,2,1,1,1,1,2,2,2,2,1,1,1,1,1,1,1,1,2,2,2,2,1,1,1,1,1,1,1,1,1,1,1,1,1,1,1,1,1,1,1,1,1,1,1,1,1,1,1,1,1,1,1,1,1,1,1,1,1,1,1,1,1,1,1,1,1,1,1,1,1,1,1,1,1,1,1,1,1,1,1,1
933,Colombo,1,1,3,3,5,2,3,3,2,1,1,1,2,1,2,2,1,1,1,1,1,1,1,1,1,2,1,1,1,1,1,1,1,1,1,1,1,1,1,1,1,1,1,1,1,1,1,1,1,1,1,1,2,1,1,1,1,1,1,1,1,1,1,1,1,1,1,1,1,1,1,1,1,1,1,1,1,1,1,1,1,1,1,1,1,2,1,1,4,1,1,1,1,1,1,1,2,1,1,1,4,1,2,2,1,1,1,1,1,1,1,1,1,1,1,1,4,1,2,2,1,1,1,1,1,1,1,1,1,1,1,1,1,1,1,1,1,1,1,1,4,1,2,2,1,1,1,1,1,1,1,1,1,1,1,1,2,1,2,2,1,1,1,1,1,1,1,1,1,1,1,1
934,Gampaha,1,2,2,2,4,1,10,10,3,2,3,2,3,3,3,3,2,1,1,1,2,1,1,1,1,2,2,2,1,1,1,1,1,1,1,1,1,1,1,1,1,1,1,1,1,1,1,1,3,2,2,2,2,2,2,2,1,1,1,1,3,3,3,3,2,2,2,2,1,1,1,1,1,1,1,1,3,1,1,1,3,1,1,1,2,1,1,1,2,1,2,1,1,1,1,1,1,1,1,1,3,3,3,3,1,1,1,1,2,1,2,1,1,1,1,1,3,3,3,3,1,1,1,1,1,1,1,1,2,1,1,1,1,1,1,1,1,1,1,1,1,1,1,1,1,1,1,1,1,1,1,1,1,1,1,1,2,2,2,2,2,2,2,2,2,2,2,2,1,1,1,1
936,Kandy,1,2,3,1,5,1,10,3,3,2,2,2,4,4,4,4,1,1,1,1,1,1,1,1,1,1,1,1,1,1,1,1,1,1,1,1,1,1,1,1,1,1,1,1,1,1,1,1,1,1,1,1,4,4,4,4,1,1,1,1,1,1,1,1,1,1,1,1,1,1,1,1,2,2,2,2,3,1,1,1,1,1,1,1,1,1,1,1,3,1,2,2,1,1,1,1,3,3,3,3,1,1,1,1,1,1,1,1,3,3,3,3,1,1,1,3,4,4,4,4,1,1,1,1,1,1,1,1,1,1,1,1,1,1,1,1,1,1,1,1,1,1,1,1,1,1,1,1,4,4,4,4,1,3,3,3,3,1,1,3,3,3,3,3,1,1,1,1,1,1,1,1
938,Gampaha,1,2,3,2,4,1,4,4,3,2,2,2,4,2,4,4,1,1,1,1,1,1,1,1,1,1,1,1,1,1,1,1,1,1,1,1,1,1,1,1,1,1,1,1,1,1,1,1,4,2,4,4,1,1,1,1,1,1,1,1,4,2,4,4,1,1,1,1,1,1,1,1,1,1,1,1,1,1,1,1,1,1,1,1,1,1,1,1,4,1,2,3,1,1,1,1,2,1,3,3,1,1,1,1,1,1,1,1,1,1,1,1,1,1,1,1,4,2,4,4,1,1,1,1,1,1,1,1,1,1,1,1,1,1,1,1,1,1,1,1,1,1,1,1,1,1,1,1,1,1,1,1,1,1,1,1,3,1,1,1,1,1,1,1,1,1,2,1,1,1,1,1
942,Gampaha,1,2,4,2,4,5,2,10,1,1,1,1,1,1,1,1,4,4,4,4,1,1,1,1,1,2,2,2,1,1,1,1,1,1,1,1,1,1,1,1,2,2,2,2,1,1,1,1,1,1,1,1,1,1,1,1,1,1,1,1,4,4,4,4,1,1,1,1,4,4,4,4,1,1,1,1,3,1,1,1,3,1,1,1,1,1,1,1,1,1,1,1,1,1,1,1,3,3,3,3,4,4,4,4,1,1,1,1,1,1,1,1,1,1,1,1,4,1,1,1,1,1,1,1,1,1,1,1,1,1,1,1,1,1,1,1,1,1,1,1,4,1,1,1,1,1,1,1,1,1,1,1,1,1,1,1,4,1,1,1,3,1,1,1,1,1,1,1,2,1,1,1
943,Gampaha,1,2,3,2,7,1,3,3,5,5,5,5,3,3,3,3,3,1,1,1,2,2,2,2,3,3,3,3,1,1,1,1,1,1,1,1,1,1,1,1,1,1,1,1,1,1,1,1,3,2,2,2,1,1,1,1,1,1,1,1,3,3,3,3,3,3,3,3,1,1,1,1,1,1,1,1,3,1,1,1,3,1,1,1,1,1,1,1,3,1,1,1,1,1,1,1,3,2,2,2,3,3,3,3,1,1,1,1,3,1,1,1,1,2,2,2,3,2,2,2,1,1,1,1,1,1,1,1,1,1,1,1,1,1,1,1,1,1,1,1,1,1,1,1,1,1,1,1,1,1,1,1,1,1,1,1,1,1,1,1,1,1,1,1,1,1,1,1,1,1,1,1
944,Gampaha,1,2,3,2,4,1,3,10,2,1,1,1,4,4,4,4,1,1,1,1,1,1,1,1,1,2,2,2,1,1,1,1,1,1,1,2,1,1,1,1,2,2,2,2,2,1,1,1,2,1,1,1,1,1,1,1,1,1,1,1,2,2,2,2,3,2,2,2,1,1,1,1,2,1,1,1,1,1,1,1,1,1,1,1,1,1,1,1,2,1,1,1,1,1,1,1,2,2,3,2,1,1,1,1,4,4,4,4,2,2,2,2,2,2,2,2,4,4,4,4,1,1,1,1,1,1,1,1,2,1,1,1,1,1,1,1,2,2,2,2,1,1,1,1,3,3,3,3,1,1,1,1,2,2,2,2,4,4,4,4,2,2,2,2,2,1,1,2,1,1,1,1
945,Colombo,4,1,7,3,4,1,10,7,3,3,3,3,2,1,1,2,1,1,1,1,1,1,1,1,1,1,1,1,1,1,1,1,1,1,1,1,1,1,1,1,1,1,1,1,1,1,1,1,2,1,2,2,2,1,1,2,1,1,1,1,1,1,1,1,1,1,1,1,1,1,1,1,1,1,1,1,1,1,1,1,1,1,1,1,1,1,1,1,1,1,1,1,1,1,1,1,1,1,1,1,1,1,1,1,1,1,1,1,2,1,2,2,1,1,1,1,1,1,1,1,1,1,1,1,1,1,1,1,1,1,1,1,1,1,1,1,1,1,1,1,1,1,1,1,1,1,1,1,1,1,1,1,1,1,1,1,1,1,1,1,1,1,1,1,1,1,1,1,1,1,1,1
946,Kandy,1,2,3,2,5,1,3,10,3,3,3,3,1,1,1,1,1,1,1,1,4,4,4,4,2,2,2,1,1,1,1,1,1,1,1,1,2,2,2,2,1,1,1,1,1,1,1,1,3,2,2,2,1,1,1,1,1,1,1,1,3,3,3,3,4,4,4,4,1,1,1,1,1,1,1,1,4,1,1,1,4,1,1,1,4,1,1,1,3,1,1,1,1,1,1,1,3,3,3,3,1,1,1,1,1,1,1,1,1,1,1,1,4,4,4,4,1,1,1,1,1,1,1,1,1,1,1,1,1,1,1,1,1,1,1,1,1,1,1,1,1,1,1,1,1,1,1,1,1,1,1,1,3,1,1,3,1,1,1,1,4,1,1,1,3,1,1,1,1,1,1,1
947,Kandy,1,2,2,2,4,1,3,10,2,2,2,2,4,4,4,4,1,1,1,1,1,1,1,1,1,1,1,1,1,1,1,1,4,4,4,4,1,1,1,1,1,1,1,1,1,1,1,1,4,4,4,4,1,1,1,1,1,1,1,1,4,4,4,4,4,4,4,4,1,1,1,1,1,1,1,1,1,1,1,1,1,1,1,1,1,1,1,1,1,1,1,1,1,1,1,1,1,1,1,1,1,1,1,1,1,1,1,1,4,4,4,4,1,1,1,1,4,4,4,4,1,1,1,1,1,1,1,1,1,1,1,1,1,1,1,1,1,1,1,1,1,1,1,1,4,4,4,4,1,1,1,1,1,1,1,1,1,1,1,1,1,1,1,1,4,4,4,4,1,1,1,1
949,Kandy,1,2,3,2,4,3,3,4,3,3,3,3,1,1,1,1,3,3,3,3,1,1,1,1,1,3,2,2,1,1,1,1,1,1,1,1,1,1,1,1,1,1,1,1,1,1,1,1,4,3,4,3,1,1,1,1,1,1,1,1,4,4,4,4,1,1,1,1,1,1,1,1,1,1,1,1,1,1,1,1,1,1,1,1,1,1,1,1,1,1,1,1,1,1,1,1,4,3,3,3,1,1,1,1,1,1,1,1,3,3,3,3,1,1,1,1,1,1,1,1,1,1,1,1,1,1,1,1,1,1,1,1,1,1,1,1,1,1,1,1,1,1,1,1,1,1,1,1,1,1,1,1,1,1,1,1,1,1,1,1,1,1,1,1,1,1,1,1,1,1,1,1
951,Colombo,1,2,3,2,4,3,10,10,3,2,3,3,1,1,1,1,3,2,2,3,3,2,2,1,1,1,1,1,1,1,1,1,2,1,1,1,1,1,1,1,1,1,1,1,3,2,2,2,2,2,1,2,2,2,1,2,1,1,1,1,2,2,2,2,2,2,2,2,2,2,2,2,2,1,1,1,2,1,1,1,2,1,1,1,2,1,1,1,1,1,1,1,1,1,1,1,1,1,1,1,1,1,1,1,1,1,1,1,1,1,1,1,1,1,1,1,1,1,1,1,1,1,1,1,1,1,1,1,1,1,1,1,1,1,1,1,1,1,1,1,1,1,1,1,1,1,1,1,1,1,1,1,1,1,1,1,1,1,1,1,1,1,1,1,1,1,1,1,1,1,1,1
952,Colombo,1,2,3,2,4,3,3,3,2,1,1,1,4,1,2,2,1,1,1,1,1,1,1,1,1,1,1,1,1,1,1,1,1,1,1,1,1,1,1,1,3,2,2,2,2,1,1,2,2,1,1,1,1,1,1,1,1,1,1,1,1,1,1,1,3,1,2,2,1,1,1,1,1,1,1,1,1,1,1,1,1,1,1,1,1,1,1,1,1,1,1,1,1,1,1,1,1,1,1,1,4,1,3,3,1,1,1,1,1,1,1,1,4,1,1,4,1,1,1,1,1,1,1,1,1,1,1,1,1,1,1,1,1,1,1,1,1,1,1,1,4,1,2,2,1,1,1,1,1,1,1,1,1,1,1,1,4,1,1,4,1,1,1,1,1,1,1,1,1,1,1,1
954,Colombo,1,2,2,2,4,3,3,10,2,1,1,1,3,1,2,3,1,1,1,1,1,1,1,1,1,1,1,1,1,1,1,1,1,1,1,1,1,1,1,2,2,1,1,2,2,1,2,2,1,1,1,1,2,1,1,1,1,1,1,1,1,2,1,1,2,1,1,1,1,1,1,1,1,1,1,1,1,1,1,1,1,1,1,1,1,1,1,1,4,1,1,3,1,1,1,1,1,1,1,1,1,1,1,1,1,1,1,1,4,1,1,3,1,1,1,1,4,1,2,2,1,1,1,1,1,1,1,1,2,1,1,2,1,1,1,1,1,1,1,1,1,1,1,1,1,1,1,1,4,1,2,2,1,1,1,1,1,1,1,1,1,1,1,1,1,1,1,1,4,1,1,2
955,Colombo,1,2,2,2,4,3,3,7,4,2,2,2,4,2,2,3,1,1,1,1,1,1,1,1,1,1,1,1,1,1,1,1,1,1,1,1,1,1,1,1,1,1,1,1,1,1,1,1,3,1,1,2,2,1,1,3,1,1,1,1,3,2,2,2,4,1,2,3,1,1,1,1,1,1,1,1,2,1,1,3,2,1,1,2,3,1,1,2,1,1,1,1,1,1,1,1,1,1,1,1,4,1,2,2,1,1,1,1,1,1,1,1,1,1,1,1,4,1,1,1,1,1,1,1,1,1,1,1,1,1,1,1,1,1,1,1,1,1,1,1,4,1,2,2,1,1,1,1,1,1,1,1,1,1,1,1,1,1,1,1,4,1,1,1,1,1,1,1,1,1,1,1
957,Colombo,1,2,3,2,5,3,3,3,3,3,3,3,3,1,1,3,3,2,2,2,2,1,2,3,4,3,3,3,1,1,1,1,1,1,1,1,1,1,1,1,2,1,2,2,2,2,2,2,4,1,1,2,4,1,2,2,4,1,1,1,4,2,2,3,3,1,2,3,1,1,1,1,1,1,1,1,1,1,1,1,1,1,1,1,1,1,1,1,4,1,2,4,1,1,1,1,1,1,1,1,1,1,1,1,1,1,1,1,1,1,1,1,1,1,1,1,1,1,1,1,1,1,1,1,1,1,1,1,1,1,1,1,1,1,1,1,1,1,1,1,1,1,1,1,1,1,1,1,1,1,1,1,1,1,1,1,1,1,1,1,1,1,1,1,1,1,1,1,1,1,1,1
959,Colombo,1,2,3,2,4,3,9,9,2,1,1,1,2,1,1,1,2,1,1,1,2,1,1,1,2,1,1,1,1,1,1,1,2,1,2,2,1,1,1,1,1,1,2,1,2,1,1,1,1,1,1,2,2,2,1,2,1,1,1,1,1,1,1,1,1,1,1,1,1,1,1,1,1,1,1,1,2,1,1,1,1,1,1,1,1,1,1,1,3,1,1,2,1,1,1,1,2,1,1,2,1,1,1,1,1,1,1,1,2,1,1,2,1,1,1,1,4,1,1,2,1,1,1,1,1,1,1,1,4,1,1,1,1,1,1,1,1,1,1,1,1,1,1,1,1,1,1,1,4,1,2,3,1,1,1,1,4,1,2,4,1,1,1,1,1,1,1,1,1,1,1,1
960,Gampaha,1,2,1,1,3,1,3,4,3,1,1,1,3,2,2,2,1,1,1,1,1,1,1,1,2,2,1,1,1,1,1,1,1,1,1,1,1,1,1,1,1,1,1,1,1,1,1,1,1,1,1,1,2,1,1,1,1,1,1,1,2,1,1,1,1,1,1,1,1,1,1,1,1,1,1,1,2,1,1,1,2,1,1,1,1,1,1,1,1,1,1,1,2,2,2,2,1,2,2,2,3,3,3,3,1,1,1,1,2,2,2,2,1,1,1,1,1,1,1,1,1,1,1,1,1,1,1,1,1,1,1,1,1,1,1,1,1,1,1,1,1,1,1,1,1,1,1,1,1,1,1,1,1,1,1,1,1,1,1,1,1,1,1,1,1,1,1,1,1,1,1,1
961,Colombo,2,1,2,2,7,3,1,2,3,1,3,3,1,1,1,1,4,1,2,2,1,1,1,1,1,1,1,1,1,1,1,1,1,1,1,1,1,1,1,1,1,1,1,1,3,1,1,1,1,1,1,1,1,1,1,1,1,1,1,1,1,1,1,1,3,1,1,2,1,1,1,1,1,1,1,1,1,1,1,1,1,1,1,1,1,1,1,1,1,1,1,1,1,1,1,1,1,1,1,1,1,1,1,1,1,1,1,1,1,1,1,1,1,2,3,3,4,1,1,2,1,1,1,1,1,1,1,1,1,1,1,1,1,1,1,1,1,1,1,1,2,1,1,2,1,1,1,1,1,1,1,1,1,1,1,1,3,1,1,2,1,1,1,1,1,1,1,1,1,1,1,1
962,Kandy,1,2,4,2,4,1,8,10,2,2,2,2,4,3,3,3,1,1,1,1,1,1,1,1,1,3,3,3,1,1,1,1,1,1,1,1,1,1,1,1,1,2,2,2,1,1,1,1,4,2,2,2,1,1,1,1,1,1,1,1,4,3,3,3,4,3,3,3,1,1,1,1,2,1,1,1,2,1,1,1,1,1,1,1,3,1,1,1,4,2,2,2,1,1,1,1,2,2,2,2,1,1,1,1,1,1,1,1,1,1,1,1,1,1,1,1,1,1,1,1,1,1,1,1,1,1,1,1,1,1,1,1,1,1,1,1,1,1,1,1,1,1,1,1,1,1,1,1,1,1,1,1,1,1,1,1,1,1,1,1,1,1,1,1,1,1,1,1,1,1,1,1
963,Kandy,1,2,2,2,4,2,10,10,2,1,1,1,4,4,4,4,1,1,1,1,1,1,1,1,1,1,1,1,1,1,1,1,1,1,1,1,1,1,1,1,2,2,2,2,1,1,1,1,1,1,1,1,1,1,1,1,1,1,1,1,1,1,1,1,1,1,1,1,1,1,1,1,2,2,2,2,1,1,1,1,1,1,1,1,1,1,1,1,4,1,3,4,1,1,1,1,1,1,1,1,1,1,1,1,1,1,1,1,3,4,3,3,1,1,1,1,4,4,4,4,1,1,1,1,1,1,1,1,1,1,1,1,1,1,1,1,1,1,1,1,1,1,1,1,1,1,1,1,4,4,4,4,1,1,1,1,1,1,1,1,1,1,1,1,1,1,1,1,1,1,1,1
964,Kandy,1,2,6,2,4,1,1,2,2,2,2,2,1,1,1,1,1,1,1,1,4,4,4,4,1,1,1,1,1,1,1,1,1,1,1,1,1,1,1,1,1,1,1,1,1,1,1,1,1,1,1,1,1,1,1,1,1,1,1,1,4,4,4,4,1,1,1,1,1,1,1,1,1,1,1,1,1,1,1,1,1,1,1,1,1,1,1,1,3,1,1,1,1,1,1,1,1,1,1,1,4,4,4,4,1,1,1,1,1,1,1,1,1,1,1,1,1,1,1,1,1,1,1,1,1,1,1,1,1,1,1,1,1,1,1,1,1,1,1,1,1,1,1,1,1,1,1,1,1,1,1,1,1,1,1,1,1,1,1,1,1,1,1,1,1,1,1,1,1,1,1,1
965,Kandy,1,2,2,2,5,1,8,6,3,3,3,3,1,1,1,1,4,2,2,3,1,1,1,1,2,4,3,1,1,1,1,1,1,1,1,1,1,2,3,3,1,1,1,1,1,1,1,1,2,2,2,2,1,1,1,1,1,1,1,1,4,4,4,4,1,1,1,1,1,1,1,1,1,1,1,1,1,1,1,1,1,1,1,1,1,1,1,1,1,1,1,1,1,1,1,1,1,1,1,1,4,4,4,4,1,1,1,1,1,1,1,1,1,1,1,1,4,4,4,4,1,1,1,1,1,1,1,1,2,1,1,2,1,1,1,1,1,1,1,1,3,3,3,3,1,1,1,1,1,1,1,1,1,1,1,1,1,1,1,1,4,4,4,4,1,1,1,1,1,1,1,1
972,Colombo,3,2,1,1,7,2,3,7,3,3,3,3,3,1,1,2,4,1,1,2,4,1,2,2,1,1,1,1,1,1,1,1,1,1,1,1,2,1,1,1,1,1,1,1,1,1,1,1,2,1,1,2,2,1,1,2,1,1,1,1,2,1,1,2,2,1,1,2,3,2,2,3,1,1,1,1,2,1,1,1,3,1,1,2,2,1,1,1,1,1,1,1,1,1,1,1,3,1,1,2,3,1,2,2,1,1,1,1,1,1,1,1,2,3,3,2,2,1,1,2,4,1,1,1,1,1,1,1,3,1,1,1,1,1,1,1,2,1,1,1,1,1,1,1,1,1,1,1,1,1,1,1,1,1,1,1,4,1,1,2,1,1,1,1,1,1,1,1,1,1,1,1
974,Gampaha,1,2,2,2,5,1,10,10,1,2,3,3,2,2,2,2,4,3,3,3,1,1,1,1,1,2,1,2,1,1,1,1,1,1,1,1,1,1,1,1,1,1,1,1,1,1,1,1,3,1,4,3,2,1,1,1,1,1,1,1,4,3,4,4,2,2,2,2,3,3,3,3,1,1,1,1,3,1,1,1,3,1,1,1,2,1,1,1,2,1,1,1,1,1,1,1,2,1,1,1,4,4,4,4,1,1,1,1,1,1,1,1,1,1,1,1,4,2,1,1,1,1,1,1,1,1,1,1,1,1,1,1,1,1,1,1,1,1,1,1,4,4,4,1,1,1,1,1,1,1,1,1,1,1,1,1,3,3,3,3,3,1,3,3,2,1,2,1,1,1,1,1
975,Colombo,1,2,5,2,5,3,10,5,4,4,4,4,4,1,2,3,4,1,2,3,3,1,2,2,2,2,2,1,1,1,1,1,2,1,1,2,1,1,1,1,2,1,2,2,3,2,2,3,4,1,2,2,4,1,3,3,1,1,1,1,4,2,3,4,4,2,2,3,1,1,1,1,2,1,1,2,3,1,1,3,4,1,2,3,1,1,3,3,1,1,1,1,1,1,1,1,1,1,1,1,4,1,2,4,1,1,1,1,1,1,1,1,1,1,1,1,1,1,1,1,1,1,1,1,1,1,1,1,1,1,1,1,1,1,1,1,1,1,1,1,4,1,2,3,1,1,1,1,1,1,1,1,1,1,1,1,1,1,1,1,1,1,1,1,1,1,1,1,1,1,1,1
976,Colombo,2,1,4,3,5,3,10,3,3,2,2,2,2,1,1,1,2,1,1,1,2,1,1,1,2,2,1,2,1,1,1,1,2,1,1,1,1,1,1,1,1,1,1,1,1,1,1,1,2,1,1,1,2,1,1,1,1,2,1,1,1,1,1,1,2,2,2,2,1,1,1,1,2,1,1,1,2,1,1,1,2,1,1,1,3,3,1,1,2,2,2,2,1,1,1,1,1,1,1,1,1,1,1,1,1,1,1,1,2,2,2,2,1,1,1,1,1,1,1,1,1,1,1,1,1,1,1,1,1,1,1,1,1,1,1,1,1,1,1,1,1,1,1,1,1,1,1,1,1,1,1,1,1,1,1,1,1,1,1,1,1,1,1,1,1,1,1,1,1,1,1,1
977,Colombo,2,1,1,2,4,2,3,7,3,1,1,2,2,1,1,2,2,1,1,1,2,1,1,1,1,1,1,1,1,1,1,1,1,1,1,1,1,1,1,1,1,1,1,1,1,1,1,1,1,1,1,1,2,1,1,1,1,1,1,1,1,1,1,1,2,1,1,2,1,1,1,1,1,1,1,1,2,1,1,1,2,1,1,1,2,1,1,1,1,1,1,1,1,1,1,1,1,1,1,1,4,1,2,2,1,1,1,1,1,1,1,1,1,1,1,1,4,1,1,2,1,1,1,1,1,1,1,1,1,1,1,1,1,1,1,1,1,1,1,1,4,1,1,2,1,1,1,1,1,1,1,1,1,1,1,1,4,1,1,2,1,1,1,1,1,1,1,1,1,1,1,1
978,Colombo,2,1,3,2,4,2,7,3,2,2,2,2,2,1,1,1,2,1,1,1,2,2,1,2,2,2,2,2,1,1,1,1,1,1,1,1,1,1,1,1,1,1,1,1,2,2,1,2,2,1,1,1,2,2,1,1,1,1,1,1,2,1,1,1,2,1,1,1,1,1,1,1,1,1,1,1,2,1,1,1,2,1,1,1,2,1,1,1,1,1,1,1,1,1,1,1,1,1,1,1,1,1,1,1,1,1,1,1,1,1,1,1,1,1,1,1,1,1,1,1,1,1,1,1,1,1,1,1,2,1,1,2,1,1,1,1,1,1,1,1,1,2,2,2,1,1,1,1,2,1,1,1,1,1,1,1,1,1,1,1,1,1,1,1,1,1,1,1,1,1,1,1
979,Gampaha,1,2,2,2,4,1,10,3,3,3,3,3,2,3,3,3,1,1,1,1,3,1,3,2,1,1,1,1,1,1,1,1,1,1,1,1,1,1,1,1,1,1,1,1,1,1,1,1,1,1,1,1,2,1,2,2,1,1,1,1,3,3,3,3,3,3,3,2,1,1,1,1,1,1,1,1,3,1,1,1,3,1,1,1,2,1,1,1,2,1,1,1,1,1,1,1,1,1,1,1,3,2,3,3,1,1,1,1,1,1,1,1,1,1,1,1,4,4,4,4,1,1,1,1,1,1,1,1,2,1,1,1,1,1,1,1,1,1,1,1,3,2,3,3,1,1,1,1,1,1,1,1,1,1,1,1,1,1,1,1,3,2,3,3,2,1,2,2,2,1,2,2
980,Gampaha,1,2,3,2,4,1,10,3,3,1,1,2,3,3,3,3,1,1,1,1,2,1,2,1,1,1,1,1,1,1,1,1,1,1,1,1,1,1,1,1,1,1,1,1,1,1,1,1,1,1,1,1,3,2,3,3,1,1,1,1,1,1,1,1,1,1,1,1,1,1,1,1,1,1,1,1,2,1,1,1,2,1,1,1,2,1,1,1,4,1,4,4,3,1,1,1,2,1,1,1,3,3,3,3,1,1,1,1,1,1,1,1,1,1,1,1,4,4,4,4,1,1,1,1,1,1,1,1,1,1,1,1,1,1,1,1,1,1,1,1,1,1,1,1,1,1,1,1,1,1,1,1,1,1,1,1,4,1,4,4,2,1,2,2,2,1,1,1,1,1,1,1
982,Gampaha,1,2,2,2,4,2,3,10,3,2,2,2,4,4,4,4,2,2,2,2,2,2,2,2,1,2,2,2,1,1,1,1,1,1,1,1,1,1,1,1,1,1,1,1,1,1,1,1,3,2,2,2,1,1,1,1,1,1,1,1,3,3,3,3,3,3,3,3,2,2,2,2,1,1,1,1,2,1,1,1,2,1,1,1,2,1,1,1,1,1,1,1,1,1,1,1,2,2,2,2,4,4,4,4,1,1,1,1,2,2,2,2,1,1,1,1,3,3,3,3,1,1,1,1,1,1,1,1,1,1,1,1,1,1,1,1,1,1,1,1,4,4,4,4,1,1,1,1,1,1,1,1,1,1,1,1,3,3,3,3,3,3,3,3,1,1,1,1,1,1,1,1
985,Gampaha,1,2,3,2,4,1,3,10,3,3,3,3,3,2,2,2,1,1,1,1,1,1,1,1,2,3,3,3,2,3,3,3,3,2,2,2,1,1,1,1,1,1,1,1,1,1,2,1,3,2,2,2,3,2,2,2,1,1,1,1,3,2,2,2,3,2,2,2,1,1,1,1,1,2,1,1,2,1,1,1,2,1,1,1,2,1,1,1,2,1,1,1,1,1,1,2,2,1,1,1,3,2,2,2,1,1,1,1,3,2,2,2,1,1,1,1,1,1,1,1,1,1,1,1,1,1,1,1,1,1,1,1,1,1,1,1,1,1,1,1,1,1,1,1,1,1,1,1,1,1,1,1,1,1,1,1,1,1,1,1,1,1,1,1,1,1,1,1,1,1,1,1
990,Kandy,1,2,5,2,3,1,10,4,2,1,1,1,4,3,3,3,1,1,1,1,1,1,1,1,1,3,3,3,1,1,1,1,1,1,1,1,1,1,1,1,3,3,3,3,1,1,1,1,3,2,2,2,1,1,1,1,4,3,3,3,1,1,1,1,1,1,1,1,1,1,1,1,1,1,1,1,3,1,1,1,3,1,1,1,3,1,1,1,4,2,2,2,1,1,1,1,3,3,3,3,1,1,1,1,1,1,1,1,1,1,1,1,4,3,3,3,4,2,2,2,1,1,1,1,1,1,1,1,1,1,1,1,1,1,1,1,1,1,1,1,1,1,1,1,1,1,1,1,1,1,1,1,4,3,3,3,4,2,2,2,1,1,1,1,1,1,1,1,1,1,1,1
991,Kandy,1,1,5,3,5,1,8,2,3,3,3,3,1,1,1,1,4,4,4,4,2,2,2,2,1,1,1,1,1,1,1,1,1,1,1,1,1,1,1,1,1,1,1,1,1,1,1,1,4,4,4,4,1,1,1,1,1,1,1,1,4,4,4,4,1,1,1,1,1,1,1,1,2,2,2,2,1,1,1,1,1,1,1,1,1,1,1,1,1,1,1,1,1,1,1,1,4,4,4,4,4,4,4,4,1,1,1,1,1,1,1,1,1,1,1,1,1,1,1,1,4,4,4,4,1,1,1,1,1,1,1,1,1,1,1,1,1,1,1,1,4,4,4,4,1,1,1,1,1,1,1,1,1,1,1,1,4,4,4,4,1,1,1,1,1,1,1,1,1,1,1,1
992,Kandy,1,2,4,2,4,1,10,4,3,1,1,1,4,2,2,2,1,1,1,1,1,1,1,1,1,3,3,3,1,3,3,3,1,1,1,1,1,1,1,1,1,1,1,1,1,1,1,1,1,1,1,1,1,1,1,1,1,1,1,1,1,1,1,1,1,1,1,1,1,1,1,1,3,1,1,1,1,1,1,1,1,1,1,1,2,1,1,1,1,1,1,1,1,1,1,1,1,1,1,1,4,2,3,3,1,1,1,1,1,1,1,1,1,1,1,1,4,1,1,1,2,1,1,1,1,1,1,1,1,1,1,1,1,1,1,1,1,1,1,1,1,1,1,1,1,1,1,1,1,1,1,1,1,1,1,1,4,1,1,1,1,1,1,1,1,1,1,1,1,1,1,1
995,Kaluthara,1,2,5,2,4,1,8,3,2,2,2,2,4,4,4,4,1,1,1,1,1,1,1,1,2,2,2,2,3,3,3,3,1,1,1,1,1,1,1,1,2,2,2,2,4,1,1,1,3,2,2,2,1,1,1,1,1,1,1,1,2,2,2,2,1,1,1,1,1,1,1,1,1,1,1,1,2,1,1,1,1,1,1,1,1,1,1,1,2,1,1,1,1,1,1,1,2,2,2,2,1,1,1,1,1,1,1,1,4,4,4,4,1,1,1,1,1,1,1,1,1,1,1,1,1,1,1,1,1,1,1,1,1,1,1,1,1,1,1,1,1,1,1,1,1,1,1,1,1,1,1,1,1,1,1,1,1,1,1,1,1,1,1,1,1,1,1,1,1,1,1,1
996,Kandy,1,2,6,2,4,2,8,9,1,1,1,1,4,3,3,3,1,1,1,1,1,1,1,1,1,2,2,1,1,1,1,1,1,1,1,1,1,1,1,1,1,1,1,1,1,1,1,1,2,1,1,1,1,1,1,1,2,1,2,2,1,1,1,1,1,1,1,1,1,1,1,1,4,3,3,4,1,1,1,1,1,1,1,1,1,1,1,1,4,1,1,3,1,1,1,1,1,1,1,1,1,1,1,1,1,1,1,1,1,1,1,1,1,1,1,1,1,1,1,1,1,1,1,1,1,1,1,1,1,1,1,1,1,1,1,1,1,1,1,1,1,1,1,1,1,1,1,1,1,1,1,1,1,1,1,1,1,1,1,1,1,1,1,1,1,1,1,1,1,1,1,1
997,Kandy,1,2,2,2,5,1,3,8,3,2,2,2,4,3,3,4,1,1,1,1,1,1,1,1,1,3,2,1,2,3,3,2,3,1,2,2,1,1,1,1,1,1,1,1,1,1,1,1,4,2,2,3,1,1,1,1,2,1,1,2,4,3,3,3,1,1,1,1,1,1,1,1,1,1,1,1,1,1,1,1,1,1,1,1,3,1,1,1,2,1,1,2,1,1,1,1,1,1,1,1,4,3,3,3,1,1,1,1,1,1,1,1,1,1,1,1,4,3,3,4,1,1,1,1,1,1,1,1,1,1,1,1,4,3,3,4,1,1,1,1,2,1,1,2,1,1,1,1,1,1,1,1,1,1,1,1,1,1,1,1,1,4,4,4,1,1,1,1,1,1,1,1
998,Gampaha,1,2,3,2,4,1,3,10,3,1,2,2,3,3,3,3,2,1,1,1,1,1,1,1,1,2,2,2,2,3,3,3,1,1,1,1,1,1,1,1,2,2,2,2,2,1,1,1,3,2,2,2,2,1,1,1,1,1,1,1,3,3,3,3,3,3,3,3,1,1,1,1,1,1,1,1,2,1,1,1,2,1,1,1,2,1,1,1,3,1,2,2,1,1,1,1,2,1,2,2,4,3,3,3,1,1,1,1,1,1,1,1,1,1,1,1,3,1,2,2,1,1,1,1,1,1,1,1,1,1,1,1,1,1,1,1,1,1,1,1,3,3,3,3,1,1,1,1,1,1,1,1,1,1,1,1,1,1,1,1,3,2,2,2,2,1,1,1,1,1,1,1
999,Gampaha,1,2,3,2,5,1,3,10,2,1,1,2,2,2,2,2,2,1,1,1,3,2,2,3,1,3,1,1,1,1,1,1,1,1,1,1,1,1,1,1,1,2,1,1,1,1,1,1,2,1,2,2,2,1,1,1,1,1,1,1,3,2,3,3,2,2,2,2,1,1,1,1,1,1,1,1,3,1,1,1,3,1,1,1,2,1,1,1,2,1,1,1,1,1,1,1,2,1,2,2,3,3,3,3,1,1,1,1,2,2,2,3,1,1,1,1,1,1,1,1,1,1,1,1,4,2,4,4,3,1,3,3,1,1,1,1,1,1,1,1,1,1,1,1,1,1,1,1,1,1,1,1,1,1,1,1,1,1,1,1,3,2,3,3,2,1,2,2,1,1,1,1
1001,Gampaha,1,2,3,2,4,1,3,3,3,3,3,3,2,2,2,2,3,2,3,3,3,2,3,3,1,1,1,1,1,1,1,1,1,1,1,1,1,3,2,3,1,1,1,1,1,1,1,1,3,1,2,2,2,1,1,1,1,1,1,1,3,2,3,3,2,3,2,2,1,3,3,3,1,1,1,1,2,1,1,1,2,1,1,1,2,1,1,1,3,1,1,1,3,1,2,2,1,3,3,3,3,3,3,3,2,2,2,2,1,1,1,1,1,2,3,3,4,4,4,4,1,1,1,1,1,1,1,1,3,1,3,3,1,1,1,1,1,2,3,3,3,1,3,3,1,1,1,1,1,1,1,1,1,2,2,2,1,1,1,1,3,3,3,3,2,2,2,2,1,1,1,1
1002,Kandy,1,2,2,2,4,1,1,6,3,3,3,3,4,4,4,4,1,1,1,1,1,1,1,1,1,1,1,1,1,1,1,1,4,4,4,4,1,1,1,1,1,1,1,1,1,1,1,1,1,1,1,1,1,1,1,1,1,1,1,1,4,4,4,4,1,1,1,1,1,1,1,1,1,1,1,1,1,1,1,1,1,1,1,1,1,1,1,1,1,1,1,1,1,1,1,1,1,1,1,1,4,4,4,4,1,1,1,1,1,1,1,1,1,1,1,1,2,2,2,2,1,1,1,1,1,1,1,1,1,1,1,1,1,1,1,1,1,1,1,1,1,1,1,1,1,1,1,1,1,1,1,1,1,1,1,1,1,1,1,1,3,3,3,3,1,1,1,1,1,1,1,1
1003,Colombo,1,2,3,2,4,3,10,10,2,1,1,1,1,1,1,1,2,1,2,2,3,1,2,2,1,1,1,1,1,1,1,1,1,1,1,1,1,1,1,1,2,1,1,2,3,1,1,2,1,1,1,1,2,1,1,2,1,1,1,1,1,1,1,1,1,1,1,1,1,1,1,1,1,1,1,1,1,1,1,1,1,1,1,1,2,1,1,1,1,1,1,1,1,1,1,1,1,1,1,1,2,1,2,2,1,1,1,1,1,1,1,1,1,1,1,1,4,1,2,3,1,1,1,1,1,1,1,1,1,1,1,1,1,1,1,1,1,1,1,1,4,1,2,3,1,1,1,1,1,1,1,1,1,1,1,1,4,1,1,2,1,1,1,1,1,1,1,1,1,1,1,1
1004,Kandy,1,2,6,2,4,2,8,9,3,3,3,3,4,3,4,3,1,1,1,1,1,1,1,1,1,4,3,3,1,1,1,1,3,1,1,3,1,1,1,1,1,1,1,1,1,1,1,1,4,3,4,4,1,1,1,1,1,1,1,1,4,4,4,4,1,1,1,1,3,3,3,3,2,2,2,2,2,1,1,1,1,1,1,1,1,1,1,1,4,1,3,3,3,4,4,4,1,1,1,1,1,1,1,1,1,1,1,1,1,1,1,1,1,1,1,1,4,4,4,4,1,1,1,1,1,1,1,1,1,1,1,1,4,4,4,4,1,1,1,1,1,1,1,1,1,1,1,1,1,1,1,1,1,1,1,1,1,1,1,1,4,3,4,4,1,1,1,1,1,1,1,1
1007,Colombo,1,2,5,2,4,3,10,10,2,1,1,1,2,1,1,1,2,2,1,1,2,1,1,1,2,2,3,2,1,1,1,1,1,1,1,1,1,1,1,1,1,1,1,1,2,1,1,1,2,1,1,1,2,1,1,1,1,1,1,1,1,1,1,1,2,2,2,3,1,1,1,1,2,1,1,1,2,1,1,1,2,2,2,2,2,1,1,1,2,1,2,1,2,1,1,1,2,2,2,2,1,1,1,1,1,1,1,1,2,2,2,2,1,1,1,1,1,1,1,1,1,1,1,1,1,1,1,1,1,1,1,1,1,1,1,1,1,1,1,1,1,1,1,1,1,1,1,1,1,1,1,1,1,1,1,1,1,1,1,1,1,1,1,1,1,1,1,1,1,1,1,1
1008,Kandy,1,2,1,2,4,2,10,10,2,1,1,1,4,3,3,3,1,1,1,1,1,1,1,1,1,1,1,1,1,1,1,1,1,1,1,1,1,1,1,1,1,1,1,1,1,1,1,1,2,1,1,1,1,1,1,1,1,1,1,1,1,1,1,1,1,1,1,1,1,1,1,1,1,1,1,1,1,1,1,1,1,1,1,1,4,1,1,1,1,1,1,1,1,1,1,1,1,1,1,1,4,3,3,3,1,1,1,1,4,2,2,2,1,1,1,1,4,1,2,2,1,1,1,1,1,1,1,1,1,1,1,1,1,1,1,1,1,1,1,1,1,1,1,1,1,1,1,1,1,1,1,1,1,1,1,1,4,1,2,2,1,1,1,1,1,1,1,1,1,1,1,1
1012,Kandy,1,2,2,2,4,2,3,4,2,2,2,2,2,2,2,2,1,1,1,1,3,3,3,4,1,3,2,3,1,1,1,1,1,1,1,1,1,1,1,1,2,2,2,2,1,1,1,1,4,4,4,4,1,1,1,1,1,1,1,1,4,4,4,4,1,1,1,1,1,1,1,1,2,2,2,2,1,1,1,1,1,1,1,1,1,1,1,1,3,1,1,3,1,1,1,1,2,3,3,2,1,1,1,1,1,1,1,1,3,3,3,4,1,1,1,1,4,4,4,4,1,1,1,1,1,1,1,1,1,1,1,1,1,1,1,1,2,2,2,2,1,1,1,1,1,1,1,1,4,4,4,4,1,1,1,1,4,4,4,4,1,1,1,1,1,1,1,1,1,1,1,1
1013,Kandy,1,2,2,2,4,1,1,6,3,3,3,3,4,4,4,4,1,1,1,1,1,1,1,1,2,2,2,2,1,1,1,1,4,3,3,3,1,1,1,1,1,1,1,1,1,1,1,1,1,1,1,1,1,1,1,1,1,1,1,1,4,4,4,4,4,4,4,4,1,1,1,1,1,1,1,1,1,1,1,1,1,1,1,1,1,1,1,1,1,1,1,1,1,1,1,1,1,1,1,1,1,1,1,1,1,1,1,1,1,1,1,1,1,1,1,1,1,1,1,1,1,1,1,1,4,4,4,4,1,1,1,1,4,4,4,4,1,1,1,1,1,1,1,1,1,1,1,1,1,1,1,1,1,1,1,1,1,1,1,1,4,4,4,4,1,1,1,1,1,1,1,1
1016,Kandy,1,2,3,2,4,2,10,10,3,2,2,2,4,3,3,3,1,1,1,1,1,1,1,1,1,3,1,1,1,1,1,1,1,1,1,1,1,1,1,1,1,1,1,1,1,1,1,1,2,2,2,2,1,1,1,1,1,1,1,1,2,3,3,3,1,1,1,1,1,1,1,1,3,3,3,3,1,1,1,1,1,1,1,1,1,1,1,1,1,1,1,1,1,1,1,1,1,1,1,1,4,4,4,4,1,1,1,1,1,1,1,1,1,1,1,1,4,1,3,4,1,1,1,1,4,4,4,4,1,1,1,1,1,1,1,1,1,1,1,1,1,1,1,1,1,1,1,1,4,1,2,3,1,1,1,1,4,1,2,2,1,1,1,1,1,1,1,1,1,1,1,1
1017,Colombo,1,2,3,2,4,3,3,7,4,4,4,4,2,1,1,1,2,1,1,1,2,1,1,2,2,2,2,2,1,1,1,1,1,1,1,1,1,1,1,1,1,1,1,1,2,2,2,2,2,2,1,1,2,2,2,2,2,2,1,1,2,2,2,2,2,2,2,2,2,2,2,2,2,1,1,1,2,1,1,1,2,1,1,1,2,1,1,1,2,2,2,2,1,1,1,1,2,2,2,2,1,1,1,1,1,1,1,1,2,2,2,2,1,1,1,1,1,1,1,1,1,1,1,1,1,1,1,1,1,1,1,1,1,1,1,1,1,1,1,1,1,1,1,1,1,1,1,1,1,1,1,1,1,1,1,1,1,1,1,1,1,1,1,1,1,1,1,1,1,1,1,1
1018,Colombo,1,2,3,2,5,3,7,3,3,2,2,2,2,1,1,2,3,1,2,2,2,1,2,2,1,1,1,1,1,1,1,1,1,1,1,1,1,1,1,1,2,1,1,1,1,1,1,1,1,1,1,1,1,1,1,1,1,1,1,1,2,1,1,2,2,1,1,2,1,1,1,1,2,1,1,1,2,1,1,1,2,1,1,1,2,1,1,1,1,1,1,1,1,1,1,1,1,1,1,1,4,1,2,3,1,1,1,1,1,1,1,1,1,1,1,1,4,1,1,2,1,1,1,1,1,1,1,1,1,1,1,1,1,1,1,1,1,1,1,1,4,1,2,2,1,1,1,1,1,1,1,1,1,1,1,1,1,1,1,1,4,1,2,3,1,1,1,1,1,1,1,1
1022,Gampaha,1,2,3,2,4,1,3,10,3,1,1,1,3,2,2,2,1,1,1,1,3,2,2,2,2,2,2,2,1,1,1,1,1,1,1,1,1,1,1,1,1,1,1,1,3,1,1,1,2,1,1,1,1,1,1,1,1,1,1,1,1,1,1,1,1,1,1,1,1,1,1,1,2,1,1,1,2,1,1,1,2,1,1,1,1,1,1,1,3,1,1,1,1,1,1,1,2,1,1,1,1,1,1,1,3,1,1,1,3,2,2,2,1,1,1,1,3,1,1,1,1,1,1,1,1,1,1,1,1,1,1,1,1,1,1,1,1,1,1,1,1,1,1,1,2,1,1,1,2,1,1,1,1,1,1,1,1,1,1,1,1,1,1,1,1,1,1,1,1,1,1,1
1024,Kandy,1,2,2,2,4,1,10,10,2,1,1,1,1,1,1,1,1,1,1,1,3,3,3,3,1,1,1,1,1,1,1,1,1,1,1,1,1,1,1,1,1,1,1,1,1,1,1,1,1,1,1,1,1,1,1,1,1,1,1,1,4,4,4,4,1,1,1,1,1,1,1,1,1,1,1,1,1,1,1,1,1,1,1,1,1,1,1,1,4,2,2,2,1,1,1,1,1,1,1,1,1,1,1,1,1,1,1,1,1,1,1,1,1,1,1,1,3,3,3,3,1,1,1,1,1,1,1,1,1,1,1,1,1,1,1,1,1,1,1,1,1,1,1,1,1,1,1,1,1,1,1,1,1,1,1,1,1,1,1,1,1,1,1,1,1,1,1,1,1,1,1,1
1025,Kandy,1,2,5,2,5,1,10,10,2,1,1,1,1,1,1,1,1,1,1,1,1,1,1,1,2,3,3,3,3,3,3,3,1,1,1,1,1,1,1,1,1,1,1,1,4,1,1,1,4,2,2,2,1,1,1,1,4,2,2,2,1,1,1,1,1,1,1,1,1,1,1,1,3,1,1,1,3,1,1,1,3,1,1,1,4,1,1,1,4,1,1,1,1,1,1,1,1,1,1,1,1,1,1,1,1,1,1,1,4,2,2,2,4,2,2,2,1,1,1,1,1,1,1,1,1,1,1,1,1,1,1,1,1,1,1,1,1,1,1,1,1,1,1,1,1,1,1,1,1,1,1,1,4,2,2,2,4,2,2,2,4,1,1,1,3,1,1,1,1,1,1,1
1026,Kandy,1,2,3,2,4,1,10,10,2,1,1,1,4,2,3,3,1,1,1,1,1,1,1,1,2,3,3,3,1,1,1,1,1,1,1,1,1,1,1,1,1,1,1,1,4,1,1,1,4,2,2,2,1,1,1,1,3,1,1,1,3,1,1,1,3,1,1,1,1,1,1,1,4,1,1,1,4,1,1,1,4,1,1,1,4,1,1,1,4,1,1,1,1,1,1,1,1,1,1,1,1,1,1,1,1,1,1,1,1,1,1,1,4,2,2,2,1,1,1,1,1,1,1,1,1,1,1,1,1,1,1,1,1,1,1,1,1,1,1,1,1,1,1,1,1,1,1,1,1,1,1,1,4,2,2,3,4,1,2,3,1,1,1,1,1,1,1,1,1,1,1,1
1027,Kaluthara,1,1,3,2,5,1,3,3,5,5,5,5,1,2,2,2,2,2,2,2,4,4,4,4,1,1,1,1,1,1,1,1,1,1,1,1,2,2,3,3,1,1,1,1,1,1,1,1,4,4,4,4,1,1,1,1,1,1,1,1,4,4,4,4,1,1,1,1,2,2,2,2,2,1,1,1,1,1,1,1,1,1,1,1,1,1,1,1,4,4,4,4,1,1,1,1,1,1,1,1,1,1,1,1,1,1,1,1,1,1,1,1,1,4,4,4,4,1,1,1,1,1,1,1,1,1,1,2,4,1,1,1,1,1,1,1,1,1,1,1,1,1,1,1,1,1,1,1,1,1,1,1,1,4,4,4,4,1,1,1,1,1,1,1,1,1,1,1,1,1,1,1
1029,Kaluthara,1,2,4,2,4,1,3,1,3,3,3,3,4,4,4,4,1,1,1,1,4,2,2,2,1,2,2,2,1,1,1,1,1,1,1,1,1,1,1,1,2,3,3,3,2,1,1,1,4,2,2,2,1,1,1,1,1,1,1,1,4,4,4,4,4,4,4,4,1,1,1,1,2,1,1,1,1,1,1,1,1,1,1,2,1,1,1,1,3,1,1,1,1,1,1,1,2,1,1,1,4,1,1,1,1,1,1,1,1,1,1,1,1,1,1,1,4,4,4,4,1,1,1,1,1,1,1,1,1,1,1,1,1,4,4,4,2,1,1,1,3,1,1,1,1,1,1,1,1,1,1,1,1,1,1,1,1,1,1,1,1,1,1,1,1,1,1,1,1,1,1,1
1032,Colombo,1,2,3,2,6,2,3,7,3,3,3,3,2,1,1,2,2,1,1,1,2,2,2,1,2,2,2,2,1,1,1,1,3,2,2,3,3,2,2,2,1,1,1,1,3,1,1,2,2,1,1,1,2,1,1,1,1,1,1,1,2,2,2,2,2,2,2,2,1,1,1,1,2,1,1,1,2,1,1,1,2,1,1,1,2,1,1,1,2,2,2,2,1,1,1,1,2,2,2,2,1,1,1,1,1,1,1,1,3,2,1,1,2,3,3,3,3,2,2,2,1,1,1,1,1,1,1,1,1,1,1,1,1,1,1,1,1,1,1,1,1,1,1,1,1,1,1,1,1,1,1,1,1,1,1,1,1,1,1,1,1,1,1,1,1,1,1,1,1,1,1,1
1034,Colombo,1,2,5,2,5,2,10,5,3,3,3,3,1,1,1,1,3,1,1,2,2,1,1,2,1,1,1,1,1,1,1,1,1,1,1,1,1,2,2,1,1,1,1,2,1,1,1,1,2,4,1,2,2,1,1,2,1,1,1,1,2,1,1,2,2,2,2,2,1,1,1,1,1,1,1,1,1,1,1,1,1,1,1,1,1,1,1,1,2,1,1,2,1,1,1,1,3,1,1,2,1,1,1,1,1,1,1,1,2,1,1,2,1,1,1,2,1,1,1,1,1,1,1,1,1,1,1,1,1,1,1,1,1,1,1,1,1,1,1,1,1,1,1,1,1,1,1,1,1,1,1,1,1,1,1,1,1,1,1,1,1,1,1,1,1,1,1,1,1,1,1,1
1037,Gampaha,1,2,2,2,3,3,9,10,2,1,1,2,4,4,4,4,1,1,1,1,1,1,1,1,1,1,1,1,1,1,1,1,1,1,1,1,1,1,1,1,1,1,1,1,1,1,1,1,1,1,1,1,3,3,3,3,1,1,1,1,1,1,1,1,1,1,1,1,1,1,1,1,1,1,1,1,1,1,1,1,1,1,1,1,2,1,2,1,4,1,4,4,1,1,1,1,1,1,1,1,1,1,1,1,1,1,1,1,2,2,2,2,1,1,1,1,4,1,4,4,1,1,1,1,1,1,1,1,3,1,3,3,1,1,1,1,2,1,1,1,1,1,1,1,1,1,1,1,2,2,2,2,1,1,1,1,1,1,1,1,4,1,4,4,1,1,1,1,1,1,1,1
1038,Kandy,1,2,3,2,4,1,3,8,3,1,1,1,4,3,3,3,1,1,1,1,1,1,1,1,1,1,1,1,1,1,1,1,3,2,2,2,1,1,1,1,1,1,1,1,1,1,1,1,3,1,1,1,1,1,1,1,1,1,1,1,3,4,4,4,1,1,1,1,3,3,3,3,1,1,1,1,1,1,1,1,1,1,1,1,1,1,1,1,1,1,1,1,1,1,1,1,1,1,1,1,3,4,4,4,1,1,1,1,1,1,1,1,1,1,1,1,4,1,3,4,1,1,1,1,1,1,1,1,1,1,1,1,1,1,1,1,1,1,1,1,1,1,1,1,1,1,1,1,1,1,1,1,1,1,1,1,4,1,1,3,1,1,1,1,1,1,1,1,1,1,1,1
1041,Gampaha,1,2,2,2,3,3,3,10,2,1,1,1,4,4,4,4,1,1,1,1,1,1,1,1,2,2,2,2,1,1,1,1,1,1,1,1,1,1,1,1,3,4,4,4,1,1,1,1,3,1,1,1,1,1,1,1,2,2,2,2,1,1,1,1,1,1,1,1,1,1,1,1,1,1,1,1,1,1,1,1,1,1,1,1,2,1,1,1,2,1,1,1,1,1,1,1,1,1,1,1,4,4,4,4,1,1,1,1,2,2,2,2,2,2,2,2,4,4,4,4,1,1,1,1,1,1,1,1,1,1,1,1,1,1,1,1,1,1,1,1,1,1,1,1,1,1,1,1,1,1,1,1,2,2,2,2,1,1,1,1,1,1,1,1,1,1,1,1,1,1,1,1
1042,Colombo,1,2,5,2,4,2,10,10,3,1,1,3,2,1,2,2,3,1,2,2,3,1,2,2,2,1,2,2,2,1,1,2,2,1,2,2,1,1,1,1,1,1,1,1,2,1,1,2,2,1,1,1,3,1,1,2,1,1,1,1,2,1,2,2,1,1,2,2,1,1,1,1,2,1,1,2,1,1,1,1,2,1,1,2,1,1,1,1,1,1,1,1,1,1,1,1,1,1,1,1,4,2,3,4,1,1,1,1,1,1,1,1,1,1,1,1,4,1,3,4,1,1,1,1,1,1,1,1,1,1,1,1,1,1,1,1,1,1,1,1,4,2,3,4,1,1,1,1,1,1,1,1,1,1,1,1,1,1,1,1,1,1,1,1,1,1,1,1,1,1,1,1
1044,Kandy,1,2,5,2,4,2,3,3,3,2,2,2,4,3,4,4,1,1,1,1,1,1,1,1,1,3,2,2,1,1,1,1,1,1,1,1,1,1,1,1,1,1,1,1,1,1,1,1,3,2,1,1,1,1,1,1,1,1,1,1,2,1,1,1,1,1,1,1,1,1,1,1,4,4,4,4,1,1,1,1,1,1,1,1,1,1,1,1,4,1,2,3,1,1,1,1,1,1,1,1,1,1,1,1,1,1,1,1,1,1,1,1,4,3,3,4,4,3,3,4,1,1,1,1,1,1,1,1,1,1,1,1,1,1,1,1,1,1,1,1,1,1,1,1,1,1,1,1,4,3,3,4,1,1,1,1,4,3,3,4,1,1,1,1,1,1,1,1,1,1,1,1
1049,Gampaha,1,2,2,2,5,1,10,10,3,3,3,3,1,2,1,1,3,2,3,3,2,1,1,1,1,2,2,2,1,1,1,1,1,1,1,1,1,1,1,1,1,1,1,1,1,1,1,1,3,3,4,3,3,3,3,3,1,1,1,1,3,3,3,3,1,2,2,2,1,1,1,1,1,1,1,1,3,1,1,1,3,1,1,1,2,1,1,1,2,1,1,1,1,1,1,1,2,1,1,1,4,4,4,4,1,1,1,1,1,1,1,1,4,4,4,4,1,1,1,1,1,1,1,1,1,1,1,1,1,1,1,1,1,1,1,1,1,1,1,1,1,1,1,1,1,1,1,1,1,1,1,1,1,1,1,1,4,4,4,4,1,1,1,1,1,1,1,1,1,1,1,1
1051,Gampaha,1,2,3,2,4,1,3,4,3,2,2,2,4,4,4,4,1,1,1,1,1,1,1,1,1,1,1,1,1,1,1,1,1,1,1,1,1,1,1,1,1,1,1,1,1,1,1,1,4,4,4,4,1,1,1,1,1,1,1,1,1,1,1,1,1,1,1,1,1,1,1,1,1,1,1,1,1,1,1,1,1,1,1,1,1,1,1,1,4,4,4,4,1,1,1,1,1,1,1,1,1,1,1,1,1,1,1,1,1,1,2,1,1,1,1,1,1,1,2,2,4,4,4,4,1,1,1,1,4,4,4,4,1,1,1,1,1,1,1,1,1,1,1,1,1,1,1,1,1,1,1,1,1,1,1,1,1,1,1,1,1,1,1,1,1,1,1,1,4,4,4,4
1053,Gampaha,1,2,5,2,5,1,1,6,3,3,3,3,4,4,4,4,1,1,1,1,1,1,1,1,2,2,2,2,1,1,1,1,1,1,1,1,1,1,1,1,2,3,3,3,1,1,1,1,2,1,1,1,1,1,1,1,1,1,1,1,3,3,3,3,3,3,3,3,1,1,1,1,2,1,1,1,1,1,1,1,1,1,1,1,2,1,1,1,1,1,1,1,1,1,1,1,2,2,2,2,4,4,4,4,1,1,1,1,2,2,2,2,1,1,1,1,1,1,1,1,1,1,1,1,1,1,1,1,1,1,1,1,1,1,1,1,1,1,1,1,1,1,1,1,1,1,1,1,1,1,1,1,1,1,1,1,1,1,1,1,1,1,1,1,1,1,1,1,1,1,1,1
1054,Colombo,2,1,2,2,4,2,9,3,2,2,2,2,2,1,1,1,2,1,1,1,1,1,1,1,2,2,2,2,1,1,1,1,1,1,1,1,1,1,1,1,1,1,1,2,1,1,2,1,2,1,1,1,1,1,1,1,1,1,1,1,1,1,1,1,1,1,1,1,1,1,1,1,2,1,1,1,2,1,1,1,2,1,1,1,2,1,1,1,2,2,2,2,1,1,1,1,2,2,1,2,1,1,1,1,1,1,1,1,2,2,2,2,1,1,1,1,1,1,1,1,1,1,1,1,1,1,1,1,1,1,1,1,1,1,1,1,1,1,1,1,1,1,1,1,1,1,1,1,1,1,1,1,1,1,1,1,1,1,1,1,1,1,1,1,1,1,1,1,1,1,1,1
1055,Gampaha,1,2,4,2,4,3,3,8,3,3,3,3,4,4,4,4,1,1,1,1,1,1,1,1,1,1,1,1,1,1,1,1,1,1,1,1,1,1,1,1,1,1,1,1,1,1,1,1,4,4,4,4,1,1,1,1,1,1,1,1,1,1,1,1,1,1,1,1,1,1,1,1,1,1,1,1,3,1,1,1,1,1,1,1,1,1,1,1,4,4,4,4,1,1,1,1,4,4,4,4,1,1,1,1,1,1,1,1,3,3,3,2,1,1,1,1,4,4,4,4,1,1,1,1,1,1,1,1,4,4,4,4,1,1,1,1,1,1,1,1,1,1,1,1,1,1,1,1,1,1,1,1,1,1,1,1,1,1,1,1,2,1,1,1,4,4,4,4,1,1,1,1
1056,Colombo,1,2,2,2,5,2,3,3,3,2,2,2,2,1,2,2,2,1,1,1,1,1,1,1,1,1,1,1,1,1,1,1,1,1,1,1,1,1,1,1,1,1,1,1,2,1,2,2,1,1,1,1,2,1,1,2,1,1,1,1,1,1,1,1,2,1,1,2,1,1,1,1,2,2,1,1,1,1,1,1,1,1,1,1,1,1,1,1,1,1,1,1,1,1,1,1,2,1,1,2,1,1,1,1,1,1,1,1,2,1,1,2,1,1,1,1,4,2,2,2,1,1,1,1,1,1,1,1,1,1,1,1,1,1,1,1,1,1,1,1,1,1,1,1,1,1,1,1,4,1,2,2,1,1,1,1,4,1,2,2,1,1,1,1,1,1,1,1,1,1,1,1
1057,Kaluthara,1,2,3,2,4,3,10,10,1,1,1,1,3,3,3,3,2,1,1,1,3,3,3,3,2,2,2,2,1,1,1,1,2,2,2,2,1,1,1,1,3,3,3,3,1,1,1,1,1,1,1,1,1,1,1,1,1,1,1,1,1,1,1,1,1,1,1,1,4,4,4,4,1,1,1,1,3,1,1,1,3,1,1,1,1,1,1,1,1,1,1,1,1,1,1,1,2,2,2,2,4,4,4,4,1,1,1,1,1,1,1,1,4,4,4,4,1,1,1,1,1,1,1,1,1,1,1,1,1,1,1,1,1,1,1,1,1,1,1,1,4,4,4,4,1,1,1,1,1,1,1,1,4,4,4,4,1,1,1,1,1,1,1,1,1,1,1,1,1,1,1,1
1059,Gampaha,2,1,3,2,7,3,2,10,1,5,5,5,2,2,2,2,4,4,4,4,1,1,1,1,1,2,1,1,1,1,1,1,1,1,1,1,1,1,1,1,1,1,1,1,1,1,1,1,2,2,2,2,1,1,1,1,1,1,1,1,4,4,4,4,2,2,2,2,3,3,3,3,1,1,1,1,3,1,1,1,3,1,1,1,2,1,1,1,2,1,1,1,2,3,3,3,1,1,1,1,3,3,3,3,1,1,1,1,1,1,1,1,1,2,1,2,3,3,4,3,1,1,1,1,1,1,1,1,2,1,1,1,2,3,3,2,1,1,1,1,3,3,3,3,1,1,1,1,1,1,1,1,1,2,1,2,1,1,1,1,3,3,3,3,1,1,1,1,1,1,1,1
1061,Colombo,1,2,2,2,4,2,10,10,2,1,1,1,3,1,1,1,1,1,1,1,2,1,1,2,1,1,1,1,1,1,1,1,1,1,1,1,1,1,1,1,1,1,1,1,1,1,1,1,1,1,1,1,2,1,1,2,1,1,1,1,1,1,1,1,2,1,1,2,1,1,1,1,1,1,1,1,2,1,1,1,2,1,1,1,2,1,1,2,1,1,1,1,1,1,1,1,3,1,1,3,1,1,1,1,1,1,1,1,3,1,2,2,1,1,1,1,4,1,1,2,1,1,1,1,1,1,1,1,1,1,1,1,1,1,1,1,3,1,1,2,1,1,1,1,1,1,1,1,1,1,1,1,1,1,1,1,4,1,1,2,1,1,1,1,1,1,1,1,1,1,1,1
1066,Kandy,1,2,3,2,4,2,9,10,2,1,1,1,2,3,3,3,1,1,1,1,1,1,1,1,1,2,2,2,1,1,1,1,1,1,1,1,1,1,1,1,2,2,2,2,1,1,1,1,1,1,1,1,1,1,1,1,4,2,3,3,1,1,1,1,1,1,1,1,1,1,1,1,1,1,1,1,3,1,1,1,2,1,1,1,4,2,2,3,2,1,1,1,1,1,1,1,1,1,1,1,4,2,3,3,1,1,1,1,1,1,1,1,1,1,1,1,4,2,3,3,1,1,1,1,1,1,1,1,1,1,1,1,1,1,1,1,1,1,1,1,1,1,1,1,1,1,1,1,1,1,1,1,1,1,1,1,4,2,3,3,1,1,1,1,1,1,1,1,1,1,1,1
1067,Gampaha,2,1,2,2,4,1,9,10,3,1,1,1,4,4,4,4,1,1,1,1,1,1,1,1,1,2,1,1,1,1,1,1,1,1,1,1,1,1,1,1,1,1,1,1,1,1,1,1,3,2,2,2,1,1,1,1,1,1,1,1,1,1,1,1,4,4,4,4,1,1,1,1,1,1,1,1,1,1,1,1,1,1,1,1,1,1,1,1,4,1,4,4,1,1,1,1,1,1,1,1,1,1,1,1,2,3,2,2,2,2,2,2,1,1,1,1,4,4,4,4,1,1,1,1,1,1,1,1,1,1,1,1,1,1,1,1,1,1,1,1,1,1,1,1,4,4,4,4,1,1,1,1,1,1,1,1,1,1,1,1,1,1,1,1,3,3,3,3,2,2,2,2
1068,Gampaha,1,1,4,3,4,1,7,10,2,1,1,1,4,4,4,4,1,1,1,1,1,1,1,1,1,2,2,2,2,2,2,2,1,1,1,1,1,1,1,1,2,3,3,3,1,1,1,1,2,2,2,2,1,1,1,1,2,2,2,2,1,1,1,1,1,1,1,1,1,1,1,1,2,1,1,1,1,1,1,1,1,1,1,1,1,1,1,1,1,1,1,1,1,1,1,1,3,3,3,3,1,1,1,1,1,2,1,1,3,3,3,3,4,4,4,4,4,4,4,4,1,1,1,1,1,1,1,1,1,1,1,1,1,1,1,1,1,1,1,1,1,1,1,1,1,1,1,1,1,1,1,1,4,4,4,4,1,1,1,1,1,1,2,1,1,1,1,1,1,1,1,1
1070,Kaluthara,1,2,3,2,4,3,10,10,2,1,1,1,4,4,4,4,1,1,1,1,1,1,1,1,1,1,1,1,1,1,1,1,1,1,1,1,1,1,1,1,3,3,3,3,1,1,1,1,4,4,4,4,1,1,1,1,1,1,1,1,1,1,1,1,1,1,1,1,1,1,1,1,1,1,1,1,1,1,1,1,1,1,1,1,1,1,1,1,1,1,1,1,1,1,1,1,1,1,1,1,1,1,1,1,4,4,4,4,4,4,4,4,1,1,1,1,4,4,4,4,1,1,1,1,1,1,1,1,1,1,1,1,1,1,1,1,1,1,1,1,1,1,1,1,4,4,4,4,4,4,4,4,1,1,1,1,1,1,1,1,4,4,4,4,1,1,1,1,1,1,1,1
1071,Kandy,1,2,1,2,4,2,4,6,2,2,2,2,4,4,4,4,1,1,1,1,1,1,1,1,1,2,2,2,1,1,1,1,1,1,1,1,1,1,1,1,2,2,2,2,1,1,1,1,1,1,1,1,2,2,2,2,1,1,1,1,2,2,2,2,1,1,1,1,1,1,1,1,2,2,2,2,1,1,1,1,1,1,1,1,1,1,1,1,4,1,1,4,1,1,1,1,2,4,4,2,1,1,1,1,1,1,1,1,3,3,3,3,1,1,1,1,4,4,4,4,1,1,1,1,1,1,1,1,1,1,1,1,1,1,1,1,1,1,1,1,1,1,1,1,1,1,1,1,4,4,4,4,1,1,1,1,4,4,4,4,1,1,1,1,1,1,1,1,1,1,1,1
1073,Kandy,1,2,3,2,4,2,3,9,2,1,1,1,4,3,3,4,1,1,1,1,1,1,1,1,1,2,2,1,1,1,1,1,1,1,1,1,1,1,1,1,1,1,1,1,1,1,1,1,2,1,1,2,1,1,1,1,1,1,1,1,3,2,2,2,1,1,1,1,1,1,1,1,4,3,3,3,1,1,1,1,1,1,1,1,1,1,1,1,4,1,2,2,1,1,1,1,1,1,1,1,2,3,3,3,1,1,1,1,1,1,1,1,1,1,1,1,4,1,2,3,1,1,1,1,1,1,1,1,1,1,1,1,1,1,1,1,1,1,1,1,1,1,1,1,1,1,1,1,4,1,2,3,1,1,1,1,4,1,2,3,1,1,1,1,1,1,1,1,1,1,1,1
1074,Gampaha,1,1,3,3,4,1,10,8,3,2,3,3,4,4,4,4,1,1,1,1,1,1,1,1,1,1,1,1,2,2,2,2,1,1,1,1,1,1,1,1,1,1,1,1,1,1,1,1,4,4,4,4,1,1,1,1,1,1,1,1,1,1,1,1,1,1,1,1,1,1,1,1,1,1,1,1,1,1,1,1,1,1,1,1,1,1,1,1,1,1,1,1,1,1,1,1,1,1,1,1,1,1,1,1,4,4,4,4,1,1,1,1,4,4,4,4,1,1,1,1,1,1,1,1,1,1,1,1,1,1,1,1,1,1,1,1,1,1,1,1,1,1,1,1,1,1,1,1,1,1,1,1,4,4,4,4,1,1,1,1,1,1,1,1,1,1,1,1,1,1,1,1
1075,Kaluthara,1,2,4,2,4,3,3,10,3,3,3,3,3,2,2,2,1,1,1,1,2,2,2,2,2,2,2,2,1,2,1,1,2,2,2,2,1,1,1,1,1,1,1,1,1,1,1,1,3,2,2,2,1,1,1,1,1,1,1,1,3,2,2,2,3,2,2,2,2,3,3,3,1,1,1,1,2,1,1,1,2,1,1,1,1,1,1,1,1,1,1,1,3,2,2,2,1,1,1,1,3,2,2,2,1,1,1,1,2,2,2,2,1,1,1,1,3,1,1,1,1,1,1,1,3,3,3,3,1,1,1,1,1,1,1,1,1,1,1,1,3,3,3,3,1,1,1,1,1,1,1,1,1,1,1,1,1,1,1,1,1,1,1,1,1,1,1,1,1,1,1,1
1076,Kandy,1,2,3,2,4,2,3,10,2,1,1,1,4,3,3,3,1,1,1,1,1,1,1,1,1,2,2,2,1,1,1,1,1,1,1,1,1,1,1,1,1,1,1,1,1,1,1,1,2,1,1,1,1,1,1,1,3,2,2,2,1,1,1,1,1,1,1,1,1,1,1,1,1,1,1,1,1,1,1,1,1,1,1,1,4,1,1,1,1,1,1,1,1,1,1,1,1,1,1,1,4,3,3,3,1,1,1,1,1,1,1,1,1,1,1,1,4,1,2,2,1,1,1,1,1,1,1,1,1,1,1,1,1,1,1,1,1,1,1,1,4,1,2,3,1,1,1,1,1,1,1,1,1,1,1,1,4,1,2,3,1,1,1,1,1,1,1,1,1,1,1,1
1079,Kandy,1,2,2,2,4,1,3,10,2,1,1,1,2,2,2,2,1,1,1,1,3,3,3,3,2,2,2,2,1,1,1,1,1,1,1,1,1,1,1,1,1,1,1,1,1,1,1,1,3,3,4,3,1,1,1,1,1,1,1,1,3,3,3,3,1,1,1,1,1,1,1,1,2,2,2,2,1,1,1,1,1,1,1,1,1,1,1,1,4,1,2,4,1,1,1,1,3,3,3,3,1,1,1,1,2,2,2,2,2,2,2,2,1,1,1,1,4,1,3,4,1,1,1,1,1,1,1,1,1,1,1,1,1,1,1,1,1,1,1,1,1,1,1,1,1,1,1,1,3,1,4,4,1,1,1,1,1,1,1,1,1,1,1,1,4,1,3,4,1,1,1,1
1080,Kandy,1,2,3,2,4,2,3,10,3,1,1,1,3,2,2,2,1,1,1,1,4,3,3,3,2,3,3,3,1,1,1,1,1,1,1,1,1,1,1,1,1,1,1,1,1,1,1,1,4,1,1,1,1,1,1,2,1,1,2,1,4,3,3,3,4,3,3,2,1,1,1,1,2,1,1,1,2,1,1,1,2,1,1,1,4,1,1,1,4,1,1,1,1,1,1,1,1,1,1,1,1,1,1,1,1,1,1,1,4,3,3,3,1,1,1,1,4,3,3,3,1,1,1,1,1,1,1,1,1,1,1,1,1,1,1,1,1,1,1,1,1,1,1,1,1,1,1,1,1,1,1,1,1,1,1,1,4,3,3,3,1,1,1,1,1,1,1,1,1,1,1,1
1081,Gampaha,1,2,3,2,3,1,9,10,2,1,1,1,4,4,4,4,1,1,1,1,1,1,1,1,1,1,1,1,1,1,1,1,1,1,1,1,1,1,1,1,2,2,2,2,1,1,1,1,2,1,1,1,1,1,1,1,1,1,1,1,1,1,1,1,1,1,1,1,1,1,1,1,1,1,1,1,1,1,1,1,1,1,1,1,1,1,1,1,4,1,1,1,1,1,1,1,4,4,4,4,4,2,2,2,1,1,1,1,4,4,4,4,1,1,1,1,4,4,4,4,1,1,1,1,1,1,1,1,1,1,1,1,1,1,1,1,2,2,2,2,1,1,1,1,1,1,1,1,3,3,3,3,1,1,1,1,4,4,4,4,2,1,1,1,2,1,1,1,1,1,1,1
1082,Colombo,1,2,2,2,4,3,10,10,3,2,2,2,3,1,2,2,1,1,1,1,2,1,1,2,2,1,1,2,1,1,1,1,1,1,1,1,1,1,1,1,1,1,1,2,4,1,2,2,1,1,1,1,2,1,1,2,1,1,1,1,2,1,1,1,1,1,1,1,1,1,1,1,1,1,1,1,2,1,1,1,3,1,1,1,2,1,1,1,3,1,1,2,1,1,1,1,1,1,1,1,1,1,2,1,1,1,1,1,2,1,1,2,1,1,1,1,4,1,1,3,1,1,1,2,1,1,1,1,1,1,1,1,1,1,1,1,1,1,1,1,4,1,1,2,1,1,1,1,1,1,1,1,1,1,1,1,4,1,1,2,1,1,1,1,1,1,1,1,1,1,1,1
1083,Puttalam,1,2,4,2,4,3,7,3,2,2,2,2,4,1,1,3,2,2,1,2,2,1,2,2,4,2,2,2,2,1,1,2,2,1,1,2,1,1,1,1,2,2,2,2,3,1,2,2,2,1,1,2,3,1,2,2,1,1,1,1,4,1,2,3,4,1,2,2,2,1,2,2,1,1,1,2,4,1,1,1,2,1,1,1,1,1,1,1,1,1,1,1,1,1,1,1,1,1,1,1,2,1,2,2,1,1,1,1,4,1,2,4,1,1,1,1,4,1,2,4,1,1,1,1,1,1,1,1,1,1,1,1,1,1,1,1,2,1,2,2,1,1,1,1,1,1,1,1,4,2,3,4,1,1,1,1,1,1,1,1,1,1,1,1,1,1,1,1,1,1,1,1
1093,Kaluthara,1,2,6,2,7,1,8,10,2,2,2,2,4,4,4,4,1,1,1,1,2,2,2,2,2,2,2,2,1,1,1,1,2,1,1,1,1,1,1,1,2,2,2,2,1,1,1,1,4,2,2,2,1,1,1,1,1,1,1,1,3,2,2,2,4,4,4,4,1,1,1,1,1,1,1,1,1,1,1,1,1,1,1,1,1,1,1,1,3,1,1,1,1,1,1,1,2,2,2,2,1,1,1,1,2,2,2,2,2,2,2,2,1,1,1,1,1,1,1,1,1,1,1,1,1,1,1,1,1,1,1,1,1,1,1,1,1,1,1,1,1,1,1,1,1,1,1,1,1,1,1,1,1,1,1,1,1,1,1,1,1,1,1,1,1,1,1,1,1,1,1,1
1094,Gampaha,1,2,2,2,5,1,3,4,3,3,3,3,4,4,4,4,1,1,1,1,1,1,1,1,1,1,1,1,1,1,1,3,1,1,1,1,1,1,1,1,1,1,1,1,1,1,1,1,4,4,4,4,1,1,1,1,1,1,1,1,4,4,4,4,1,1,1,1,1,1,1,1,1,1,1,1,3,1,1,1,2,1,1,1,2,1,1,1,1,1,1,1,1,1,1,1,1,1,1,1,4,4,4,4,2,1,1,1,1,1,1,1,1,1,1,1,1,1,1,1,4,4,4,4,1,1,1,1,1,1,1,1,1,1,1,1,1,1,1,1,1,1,1,1,1,1,1,1,1,1,1,1,1,1,1,1,1,4,4,4,4,1,1,1,1,1,1,1,1,1,1,1
1095,Gampaha,1,2,2,2,5,1,3,8,3,3,3,3,4,4,4,4,2,2,2,2,2,2,2,2,2,2,2,2,1,1,1,1,2,2,2,2,2,2,2,2,1,1,1,1,1,1,1,1,4,1,1,1,1,1,1,1,1,1,1,1,4,4,4,4,4,4,4,4,2,2,2,2,2,2,2,2,2,1,1,1,2,1,1,1,2,1,1,1,1,1,1,1,1,1,1,1,2,2,2,2,4,4,4,4,1,1,1,1,2,1,1,1,1,1,1,1,4,4,4,4,1,1,1,1,1,1,1,1,1,1,1,1,1,2,2,2,1,1,1,1,4,3,3,3,1,1,1,1,1,1,1,1,1,1,1,1,3,3,3,3,4,4,4,4,2,2,2,2,1,1,1,1
1097,Kaluthara,3,2,1,1,4,1,3,10,5,5,5,5,2,2,2,2,2,2,2,2,3,2,2,2,3,3,3,3,1,1,1,1,2,2,2,2,1,1,1,1,1,1,1,1,3,1,1,1,3,2,2,2,3,2,2,2,1,1,1,1,3,3,3,3,3,3,3,3,3,3,3,3,1,1,1,1,3,1,1,1,3,1,1,1,1,1,1,1,1,1,1,1,1,1,1,1,1,1,1,1,3,2,2,2,3,2,2,2,3,2,2,2,1,1,1,1,3,1,1,1,1,1,1,1,1,1,1,1,1,1,1,1,1,1,1,1,1,1,1,1,1,1,1,1,1,1,1,1,1,1,1,1,1,1,1,1,3,1,1,1,1,1,1,1,1,1,1,1,1,1,1,2
1099,Gampaha,2,1,4,2,4,1,10,4,3,1,1,1,2,2,2,2,1,1,1,1,3,2,2,2,1,2,2,2,1,1,1,1,1,1,1,1,1,1,1,1,1,1,1,1,3,1,1,1,2,1,1,1,2,1,1,1,1,1,1,1,2,2,2,2,2,1,1,1,1,2,1,1,1,1,1,1,1,1,1,1,1,1,1,1,2,1,1,1,3,1,1,1,1,1,1,1,2,1,1,1,3,2,2,2,1,1,1,1,2,1,1,1,1,1,1,1,3,2,2,2,1,1,1,1,1,1,1,1,1,1,1,1,1,1,1,1,1,1,1,1,3,2,2,2,1,1,1,1,1,1,1,1,1,1,1,1,2,1,1,1,1,1,1,1,2,1,1,1,1,1,1,1
1100,Puttalam,1,2,2,2,3,2,3,3,3,3,3,3,4,2,2,4,3,1,2,4,4,1,2,4,1,1,2,1,3,1,1,1,2,1,1,2,1,1,1,1,2,1,1,1,2,1,1,2,2,1,1,2,4,1,2,3,2,1,2,2,4,1,2,2,2,1,2,2,1,1,1,1,1,1,1,1,2,1,1,2,2,1,1,2,1,1,1,1,1,1,1,1,1,1,1,1,1,1,1,1,4,1,2,4,1,1,1,1,1,1,1,1,1,1,1,1,4,2,3,4,1,1,1,1,1,1,1,1,1,1,1,1,1,1,1,1,1,1,1,1,4,2,3,4,1,1,1,1,1,1,1,1,1,1,1,1,1,1,1,1,1,1,1,1,1,1,1,1,1,1,1,1
1104,Gampaha,1,2,4,2,6,1,3,10,5,5,5,5,1,1,1,1,4,4,4,4,1,1,1,1,1,2,1,1,1,1,1,1,1,1,1,1,3,3,3,3,1,1,1,1,1,1,1,1,2,2,2,2,1,1,1,1,1,1,1,1,4,4,4,4,1,1,1,1,3,3,3,3,1,1,1,1,3,1,1,1,3,1,1,1,3,1,1,2,1,1,1,1,1,1,1,1,1,1,1,1,4,4,4,4,1,1,1,1,1,1,1,1,1,1,1,1,4,4,4,4,1,1,1,1,1,1,1,1,1,1,1,1,4,4,4,4,1,1,1,1,3,2,2,2,1,1,1,1,1,1,1,1,1,1,1,1,4,4,4,4,3,3,3,3,3,3,3,3,2,1,1,1
1105,Gampaha,1,2,3,2,4,1,3,3,3,3,3,3,4,4,4,4,1,1,1,1,1,1,1,1,1,1,1,1,1,1,1,1,1,1,1,1,1,1,1,1,1,1,1,1,1,1,1,1,4,4,4,4,1,1,1,1,1,1,1,1,4,4,4,4,1,1,1,1,1,1,1,1,1,1,1,1,2,1,1,1,1,1,1,1,1,1,1,1,1,1,1,1,1,1,1,1,1,1,1,1,1,1,1,1,4,4,4,4,1,1,1,1,1,1,1,1,4,4,4,4,1,1,1,1,1,1,1,1,1,1,1,1,1,1,1,1,1,1,1,1,1,1,1,1,4,4,4,4,1,1,1,1,1,1,1,1,1,1,1,1,4,4,4,4,2,2,2,2,1,1,1,1
1106,Gampaha,1,2,2,2,5,1,1,7,3,3,3,3,2,3,3,3,2,1,1,1,1,1,1,1,1,2,2,2,1,1,1,1,3,3,3,3,1,1,1,1,1,1,1,1,1,1,1,1,3,3,4,3,2,2,2,2,1,1,1,1,3,3,3,3,2,2,2,2,1,1,1,1,1,1,1,1,3,1,1,1,3,1,1,1,2,1,1,1,2,1,2,2,3,2,3,3,2,1,1,1,3,3,3,3,1,1,1,1,2,2,2,2,1,1,1,1,4,4,4,4,1,1,1,1,1,1,1,1,1,1,1,1,4,4,4,4,1,1,1,1,1,1,1,1,1,1,1,1,1,1,1,1,1,1,1,1,1,1,1,1,4,4,4,4,1,1,1,1,1,1,1,1
1108,Kandy,1,2,4,2,4,1,10,10,2,1,1,1,4,2,2,2,1,1,1,1,2,1,1,1,1,3,3,3,1,1,1,1,1,1,1,1,1,1,1,1,1,1,1,1,1,1,1,1,2,1,1,1,1,1,1,1,1,1,1,1,4,3,3,3,4,3,3,3,1,1,1,1,1,1,1,1,2,1,1,1,3,1,1,1,4,1,1,1,3,1,1,1,1,1,1,1,1,1,1,1,4,3,3,3,1,1,1,1,4,3,3,3,1,1,1,1,4,1,2,2,1,1,1,1,1,1,1,1,1,1,1,1,1,1,1,1,1,1,1,1,1,1,1,1,1,1,1,1,1,1,1,1,1,1,1,1,4,1,2,2,4,1,2,2,1,1,1,1,1,1,1,1
1110,Kandy,1,2,4,2,4,1,3,3,3,2,2,3,1,1,1,1,1,1,1,1,4,4,4,4,1,3,3,1,1,1,1,1,1,1,1,1,1,1,1,1,1,1,1,1,1,1,1,1,3,3,3,3,1,1,1,1,1,1,1,1,4,4,4,4,1,1,1,1,1,1,1,1,1,1,1,1,2,1,1,1,2,1,1,1,1,1,1,1,3,3,2,2,1,1,1,1,1,1,1,1,1,1,1,1,1,1,1,1,3,3,3,4,1,1,1,1,3,3,3,3,1,1,1,1,1,1,1,1,1,1,1,1,1,1,1,1,1,1,1,1,1,1,1,1,1,1,1,1,4,4,4,4,1,1,1,1,1,1,1,1,4,2,3,4,1,1,1,1,1,1,1,1
1111,Gampaha,1,2,2,2,5,1,3,4,3,2,2,2,2,2,2,2,1,1,1,1,3,3,3,3,1,2,2,2,1,1,1,1,1,1,1,1,1,1,1,1,1,1,1,1,1,1,1,1,2,2,2,2,3,2,2,2,1,1,1,1,4,4,4,4,2,3,2,2,1,1,1,1,1,1,1,1,2,1,1,1,2,1,1,1,2,1,1,1,3,1,2,2,1,1,1,1,1,1,1,1,2,3,3,3,1,1,1,1,1,1,1,1,1,1,1,1,4,4,4,4,1,1,1,1,1,1,1,1,1,1,1,1,1,1,1,1,1,1,1,1,4,4,4,4,1,1,1,1,1,1,1,1,1,1,1,1,1,1,1,1,4,4,4,4,2,1,2,2,1,1,1,1
1114,Colombo,2,1,3,3,1,2,10,3,2,1,1,2,2,1,1,1,2,1,1,1,1,1,1,1,2,2,2,2,1,1,1,1,2,1,1,1,1,1,1,1,1,1,1,1,1,1,1,1,2,1,1,1,2,1,1,1,1,1,1,1,1,1,1,1,1,1,1,1,1,1,1,1,1,1,1,1,2,1,1,1,3,1,1,1,2,1,1,1,2,2,2,2,1,1,1,1,1,1,1,1,1,1,1,1,1,1,1,1,2,3,3,3,1,1,1,1,1,1,1,1,1,1,1,1,1,1,1,1,1,1,1,1,1,1,1,1,1,1,1,1,1,1,1,1,1,1,1,1,1,1,1,1,1,1,1,1,1,1,1,1,1,1,1,1,1,1,1,1,1,1,1,1
1116,Colombo,1,2,3,2,4,2,9,10,3,1,1,1,4,1,2,2,1,1,1,1,1,1,1,1,2,1,2,3,1,1,1,1,1,1,1,1,1,1,1,1,1,1,1,1,3,1,2,2,1,1,1,1,1,1,1,1,1,1,1,1,1,1,1,1,3,1,2,2,1,1,1,1,1,1,1,1,2,1,1,2,1,1,1,1,1,1,1,1,2,1,1,2,1,1,1,1,2,1,1,2,1,1,1,1,1,1,1,1,4,1,1,3,1,1,1,1,4,1,1,2,1,1,1,1,1,1,1,1,2,1,1,2,1,1,1,1,2,1,1,1,1,1,1,1,1,1,1,1,1,2,2,2,1,1,1,1,3,1,2,2,1,1,1,1,1,1,1,1,1,1,1,1
1118,Kandy,1,2,2,2,5,1,3,10,3,1,2,2,2,1,3,2,3,1,1,3,1,1,1,1,1,1,1,1,1,1,1,1,1,1,1,1,1,1,1,1,1,1,1,1,1,1,1,1,4,1,2,4,1,1,1,1,1,1,1,1,4,3,4,4,1,1,1,1,2,3,3,3,1,1,1,1,1,1,1,1,1,1,1,1,1,1,1,1,1,1,1,1,1,1,1,1,1,1,1,1,3,4,4,4,1,1,1,1,1,1,1,1,1,1,1,1,4,1,2,3,1,1,1,1,1,1,1,1,1,1,1,1,1,1,1,1,1,1,1,1,4,2,3,3,1,1,1,1,1,1,1,1,1,1,1,1,1,1,1,1,4,1,2,3,1,1,1,1,1,1,1,1
1119,Kandy,1,2,5,2,4,2,3,1,3,3,3,3,4,3,3,3,2,1,1,1,4,3,3,3,1,2,2,2,1,1,1,1,1,1,1,1,1,1,1,1,1,1,1,1,2,1,1,1,4,3,4,3,1,1,1,1,1,1,1,1,4,3,3,3,4,3,3,3,1,1,1,1,2,1,1,1,2,1,1,1,2,1,1,1,3,1,1,1,4,2,2,2,1,1,1,1,4,3,3,3,1,1,1,1,1,1,1,1,4,3,3,3,1,1,1,1,4,3,3,3,1,1,1,1,1,1,1,1,1,1,1,1,1,1,1,1,4,3,3,3,1,1,1,1,1,1,1,1,1,1,1,1,1,1,1,1,4,3,3,3,4,3,3,3,1,1,1,1,1,1,1,1
1121,Kandy,1,2,4,2,4,1,1,6,3,2,3,3,1,1,1,1,1,1,1,1,4,4,4,4,1,3,3,2,1,1,1,1,1,1,1,1,1,1,1,1,1,1,1,1,1,1,1,1,4,4,4,4,1,1,1,1,1,1,1,1,3,4,3,3,1,1,1,1,1,1,1,1,1,1,1,1,2,1,1,1,2,1,1,1,2,1,1,1,1,1,1,1,1,1,1,1,4,4,4,4,1,1,1,1,1,1,1,1,1,1,1,1,1,1,1,1,1,1,1,1,1,1,1,1,4,4,4,4,1,1,1,1,4,4,4,4,1,1,1,1,1,1,1,1,1,1,1,1,1,1,1,1,1,1,1,1,1,1,1,1,4,4,4,4,1,1,1,1,1,1,1,1
1123,Gampaha,1,2,3,2,5,1,3,10,3,2,2,3,4,4,4,4,2,1,1,1,1,1,1,1,2,2,2,2,1,1,1,1,2,1,1,1,2,2,2,2,2,2,2,2,1,1,1,1,3,2,2,2,1,1,1,1,1,1,1,1,3,3,3,3,3,3,3,3,1,1,1,1,2,1,1,1,2,1,1,1,2,2,1,1,2,1,1,1,3,1,1,1,1,1,1,1,3,3,3,3,3,3,3,3,1,1,1,1,2,2,2,2,1,1,1,1,4,4,4,4,1,1,1,1,1,1,1,1,1,1,1,1,3,3,3,3,1,1,1,1,2,2,2,2,1,1,1,1,1,1,1,1,1,1,1,1,4,4,4,4,2,2,2,2,2,2,2,2,1,1,1,1
1125,Kandy,1,2,3,2,4,1,10,10,2,1,1,1,4,3,3,3,2,1,1,1,1,1,1,1,1,3,3,3,1,1,1,1,1,1,1,1,1,1,1,1,1,1,1,1,2,1,1,1,3,2,2,2,1,1,1,1,1,1,1,1,4,2,3,3,4,2,3,3,1,1,1,1,2,1,1,1,2,1,1,1,2,1,1,1,3,1,1,1,4,2,2,2,1,1,1,1,1,1,1,1,1,1,1,1,1,1,1,1,4,3,3,3,1,1,1,1,4,3,3,3,1,1,1,1,1,1,1,1,1,1,1,1,1,1,1,1,1,1,1,1,1,1,1,1,1,1,1,1,1,1,1,1,1,1,1,1,4,3,3,3,4,3,3,3,1,1,1,1,1,1,1,1
1127,Colombo,2,1,2,2,4,2,7,3,2,1,1,1,2,1,1,1,2,2,2,2,2,1,1,1,2,1,1,2,1,1,1,1,2,1,1,1,1,1,1,1,1,1,1,1,2,2,2,2,2,1,1,1,1,1,1,1,1,1,1,1,1,1,1,1,2,1,1,1,1,1,1,1,2,1,2,2,2,1,1,1,2,1,1,1,2,1,1,1,2,2,2,2,1,1,1,1,3,1,1,1,1,1,1,1,2,1,2,1,1,1,1,1,1,1,1,1,1,1,1,1,1,1,1,1,1,1,1,1,2,2,2,2,1,1,1,1,2,2,2,2,1,1,1,1,1,1,1,1,2,2,2,2,1,1,1,1,1,1,1,1,1,1,1,1,1,1,1,1,1,1,1,1
1128,Kandy,1,2,4,2,4,1,3,3,2,1,1,1,4,3,3,3,1,1,1,1,3,1,1,1,1,1,1,1,1,1,1,1,1,1,1,1,1,1,1,1,1,1,1,1,1,1,1,1,4,1,2,2,1,1,1,1,1,1,1,1,4,3,3,3,4,3,3,3,1,1,1,1,1,1,1,1,1,1,1,1,1,1,1,1,2,1,1,1,3,1,1,1,1,1,1,1,3,1,2,2,1,1,1,1,1,1,1,1,4,3,3,3,1,1,1,1,1,1,1,1,1,1,1,1,4,1,2,2,1,1,1,1,1,1,1,1,1,1,1,1,1,1,1,1,1,1,1,1,1,1,1,1,1,1,1,1,4,1,2,3,4,1,2,3,1,1,1,1,1,1,1,1
1129,Puttalam,1,2,1,2,4,3,3,3,3,3,2,3,4,1,2,3,4,1,2,2,2,1,1,2,2,1,2,2,2,1,1,2,2,1,2,2,1,1,1,1,2,1,2,2,2,2,2,2,2,1,1,1,3,1,2,2,1,1,1,1,3,2,2,2,2,1,1,1,1,1,1,1,2,1,1,2,1,1,1,1,2,1,1,1,1,1,1,1,1,1,1,1,1,1,1,1,1,1,1,1,4,2,2,3,1,1,1,1,1,1,1,1,1,1,1,1,4,2,3,4,1,1,1,1,1,1,1,1,1,1,1,1,1,1,1,1,1,1,1,1,4,2,3,4,1,1,1,1,1,1,1,1,1,1,1,1,4,1,2,4,1,1,1,1,1,1,1,1,1,1,1,1
1131,Kaluthara,1,2,2,2,4,1,3,7,3,3,3,3,4,4,4,4,3,3,3,3,1,1,1,1,1,1,1,1,1,1,1,1,1,1,1,1,1,1,1,1,1,1,1,1,1,1,1,1,1,1,1,1,4,4,4,4,1,1,1,1,1,1,1,1,4,4,4,4,1,1,1,1,1,1,1,1,3,1,1,1,1,1,1,1,1,1,1,1,1,1,1,1,1,1,1,1,1,1,1,1,1,1,1,1,4,4,4,4,1,1,1,1,1,1,1,1,4,4,4,4,1,1,1,1,1,1,1,1,1,1,1,1,1,1,1,1,1,1,1,1,1,1,1,1,1,1,1,1,1,1,1,1,1,1,1,1,1,1,1,1,4,4,4,4,4,4,4,4,1,1,1,1
1133,Gampaha,1,2,3,2,5,1,10,10,3,2,2,3,4,4,4,4,2,2,2,2,2,2,2,2,1,2,2,1,1,1,1,1,2,1,1,1,1,1,1,1,2,3,3,2,1,1,1,1,3,1,1,1,2,1,1,1,2,2,2,2,4,4,4,4,3,3,3,3,1,1,1,1,2,1,1,1,1,1,1,1,2,1,1,1,2,1,1,1,2,1,1,1,1,1,1,1,2,2,2,2,4,4,4,4,1,1,1,1,2,2,2,2,1,1,1,1,4,4,4,4,1,1,1,1,1,1,1,1,2,1,1,1,1,1,1,1,2,2,2,2,4,4,4,4,1,1,1,1,1,1,1,1,1,1,1,2,4,4,4,4,4,3,3,3,2,2,2,2,2,1,1,1
1135,Gampaha,1,2,4,2,3,1,10,10,2,1,1,2,4,4,4,4,1,1,1,1,1,1,1,1,1,2,2,2,1,1,1,1,1,1,1,1,1,1,1,1,2,2,2,2,2,1,1,1,2,1,1,1,1,1,1,1,2,2,2,2,1,1,1,1,1,1,1,1,1,1,1,1,2,1,1,1,1,1,1,1,1,1,1,1,2,1,1,1,3,1,1,1,1,1,1,1,2,2,2,2,1,1,1,1,2,2,2,2,2,2,2,2,1,2,2,2,4,4,4,4,1,1,1,1,1,1,1,1,1,1,1,1,1,1,1,1,2,2,2,2,1,1,1,1,4,4,4,4,2,2,2,2,2,2,2,2,2,2,2,2,2,2,2,2,2,2,2,2,1,1,1,1
1136,Gampaha,1,2,1,2,4,1,3,8,3,2,2,2,2,2,2,2,2,1,1,1,3,2,2,2,1,2,2,2,1,1,1,1,1,1,1,1,1,1,1,1,1,1,1,1,1,1,1,1,3,2,2,2,1,1,1,1,1,1,1,1,3,2,2,2,3,2,2,2,1,1,2,1,1,1,1,1,2,1,1,1,2,1,1,1,1,1,1,2,2,1,1,1,1,1,1,1,2,2,2,2,2,1,1,1,1,1,1,1,1,1,1,1,1,1,1,1,3,3,3,3,1,1,1,1,1,1,1,1,1,1,1,1,3,3,3,3,2,1,1,1,1,1,1,1,1,1,1,1,1,1,1,1,1,1,1,1,2,2,2,2,1,1,1,1,1,1,1,1,1,1,1,1
1137,Colombo,2,1,3,2,3,2,2,10,2,2,2,2,2,1,1,1,1,1,1,1,2,1,1,1,2,1,1,1,1,1,1,1,2,1,1,1,1,1,1,1,1,1,1,1,2,1,1,1,2,1,1,1,2,1,1,1,1,1,1,1,2,1,1,1,2,1,1,1,1,1,1,1,2,1,1,1,2,1,1,1,2,1,1,1,2,1,1,1,2,1,1,1,1,1,1,1,3,2,2,2,1,1,1,1,1,1,1,1,3,2,2,2,1,1,1,1,1,1,1,1,1,1,1,1,1,1,1,1,1,1,1,1,1,1,1,1,1,1,1,1,1,1,1,1,1,1,1,1,1,1,1,1,1,1,1,1,1,1,1,1,1,1,1,1,1,1,1,1,1,1,1,1
1139,Kandy,1,2,3,2,3,1,9,10,2,1,1,1,4,3,3,3,1,1,1,1,1,1,1,1,1,2,2,2,2,2,3,3,1,1,1,1,1,1,1,1,1,1,1,1,1,1,1,1,3,1,1,1,1,1,1,1,3,3,3,3,1,1,1,1,1,1,1,1,1,1,1,1,2,1,1,1,1,1,1,1,1,1,1,1,2,1,1,1,3,1,1,1,1,1,1,1,1,1,1,2,1,1,1,1,1,1,1,1,4,3,3,3,1,1,1,1,4,1,3,3,1,1,1,1,1,1,1,1,1,1,1,1,1,1,1,1,1,1,1,1,1,1,1,1,1,1,1,1,1,1,1,1,1,1,1,1,4,1,3,3,1,1,1,1,1,1,1,1,1,1,1,1
1141,Gampaha,1,2,4,2,4,1,10,8,3,3,3,3,3,3,3,3,1,1,1,1,3,3,3,3,1,2,2,2,1,1,1,1,1,1,1,1,2,2,2,2,3,3,3,3,1,1,1,1,1,1,1,1,1,1,1,1,2,2,2,2,4,4,4,4,1,1,1,1,1,1,1,1,2,2,2,2,3,1,1,1,3,1,1,1,2,1,1,1,1,1,1,1,1,1,1,1,3,3,3,3,4,4,4,4,1,1,1,1,1,1,1,1,4,4,4,4,2,2,2,2,1,1,1,1,1,1,1,1,1,1,1,1,1,1,1,1,1,1,1,1,1,1,1,1,1,1,1,1,1,1,1,1,4,4,4,4,4,4,4,4,1,1,1,1,1,1,1,1,1,1,1,1
1142,Gampaha,1,2,2,2,4,1,7,10,3,1,1,1,3,2,2,2,2,1,1,1,2,1,1,1,2,2,2,2,1,1,1,1,1,1,1,1,1,1,1,1,1,1,1,1,2,1,1,1,2,1,1,1,1,1,1,1,1,1,1,2,2,1,1,1,2,1,1,1,1,1,1,1,1,1,1,1,2,1,1,1,2,1,1,1,1,1,1,1,2,1,1,1,1,1,1,1,2,1,1,1,3,2,2,2,3,2,2,2,2,2,2,2,1,1,1,1,3,1,1,1,1,1,1,1,1,1,1,1,1,1,1,1,1,1,1,1,2,2,1,1,3,2,2,2,3,2,2,2,2,1,1,1,2,1,1,1,3,1,1,1,2,1,1,1,2,1,1,1,1,1,1,1
1144,Gampaha,1,2,3,2,5,1,3,3,3,3,3,3,4,4,4,4,2,2,2,2,2,2,2,2,2,1,1,1,1,1,1,1,1,1,1,1,1,1,1,1,2,2,2,2,1,1,1,1,4,1,1,1,2,1,1,1,1,1,1,1,4,4,4,4,4,4,4,4,2,2,2,2,2,1,1,1,2,1,1,1,1,1,1,1,2,1,1,1,2,1,1,1,1,1,1,1,2,1,1,1,4,4,4,4,1,1,1,1,2,2,2,2,1,1,1,1,4,4,4,4,1,1,1,1,1,1,1,1,1,1,1,1,2,1,1,1,1,1,1,1,4,4,4,4,1,1,1,1,1,1,1,2,1,2,2,2,4,4,4,4,2,2,2,2,2,2,2,2,1,1,1,1
1147,Kandy,1,1,4,2,4,1,9,4,2,1,1,1,4,3,3,3,1,1,1,1,1,1,1,1,1,3,3,3,1,1,1,1,1,1,1,1,1,1,1,1,1,1,1,1,1,1,1,1,3,1,1,1,1,1,1,1,1,1,1,1,2,2,2,2,2,2,2,2,1,1,1,1,2,1,1,1,2,1,1,1,3,1,1,1,3,1,1,1,3,1,1,1,1,1,1,1,2,1,1,1,4,3,3,3,1,1,1,1,3,2,2,2,1,1,1,1,4,1,2,3,1,1,1,1,1,1,1,1,1,1,1,1,1,1,1,1,1,1,1,1,1,1,1,1,1,1,1,1,1,1,1,1,1,1,1,1,4,1,3,3,1,1,1,1,1,1,1,1,1,1,1,1
1149,Kandy,1,1,3,2,4,1,3,4,3,2,1,1,3,3,3,3,1,1,1,1,2,1,1,1,3,3,3,3,1,1,1,1,1,1,1,1,1,1,1,1,1,1,1,1,1,1,1,1,3,1,1,1,1,1,1,1,1,1,1,1,3,4,4,4,3,3,3,3,1,1,1,1,1,1,1,1,1,1,1,1,1,1,1,1,1,1,1,1,4,1,1,1,1,1,1,1,1,1,1,1,1,1,1,1,3,3,3,3,1,1,1,1,1,1,1,1,4,4,4,4,1,1,1,1,1,1,1,1,1,1,1,1,1,1,1,1,1,1,1,1,1,1,1,1,1,1,1,1,1,1,1,1,1,1,1,1,3,3,3,3,1,1,1,1,1,1,1,1,1,1,1,1
1151,Kandy,1,2,5,2,4,1,9,10,2,1,1,1,4,3,3,3,1,1,1,1,1,1,1,1,1,3,3,3,1,1,1,1,1,1,1,1,1,1,1,1,1,1,1,1,1,1,1,1,4,2,2,2,1,1,1,1,1,1,1,1,4,2,3,3,4,2,3,3,1,1,1,1,2,1,1,1,2,1,1,1,2,1,1,1,3,1,1,1,4,1,1,1,1,1,1,1,3,2,2,2,1,1,1,1,1,1,1,1,4,3,3,3,1,1,1,1,4,2,3,3,1,1,1,1,1,1,1,1,1,1,1,1,1,1,1,1,1,1,1,1,1,1,1,1,1,1,1,1,1,1,1,1,1,1,1,1,4,2,3,3,1,1,1,1,1,1,2,1,1,1,1,1
1155,Kandy,1,2,4,2,5,1,2,3,5,5,5,5,1,1,1,1,4,4,4,4,1,1,1,1,1,1,1,1,1,1,1,1,1,1,1,1,1,1,1,1,1,1,1,1,1,1,1,1,4,4,4,4,1,1,1,1,1,1,1,1,4,4,4,4,1,1,1,1,1,1,1,1,2,2,2,2,3,1,1,2,3,1,1,1,3,1,1,1,2,1,1,2,1,1,1,1,1,1,1,1,4,4,4,4,1,1,1,1,2,2,3,2,1,1,1,1,1,1,1,1,4,4,4,4,1,1,1,1,3,1,1,3,1,1,1,1,1,1,1,1,2,4,4,2,1,1,1,1,1,1,1,1,1,1,1,1,4,4,4,4,1,1,1,1,1,1,1,1,1,1,1,1
1158,Kandy,1,2,4,2,5,1,3,10,3,2,2,2,4,3,3,3,2,1,1,1,1,1,1,1,1,3,3,3,1,1,1,1,1,1,1,1,1,1,1,1,1,2,2,2,1,1,1,1,4,3,4,3,1,1,1,1,1,1,1,1,4,3,3,3,4,3,3,3,1,1,1,1,2,1,1,1,2,1,1,1,2,1,1,1,3,1,1,1,2,1,1,1,1,1,1,1,2,2,2,2,4,3,3,3,1,1,1,1,1,1,1,1,1,1,1,1,4,1,3,3,1,1,1,1,1,1,1,1,1,1,1,1,1,1,1,1,1,1,1,1,1,1,1,1,1,1,1,1,1,1,1,1,1,1,1,1,4,1,3,3,4,1,3,3,1,1,1,1,1,1,1,1
1160,Kandy,1,2,1,2,5,1,1,2,3,3,3,3,4,4,4,4,1,1,1,1,2,2,2,2,2,2,2,2,1,1,1,1,1,1,1,1,1,1,1,1,1,1,1,1,1,1,1,1,3,1,1,1,1,1,1,1,1,1,1,1,4,4,4,4,1,1,1,1,1,1,1,1,1,1,1,1,1,1,1,1,1,1,1,1,1,1,1,1,4,1,1,1,1,1,1,1,1,1,1,1,3,3,3,3,1,1,1,1,1,1,1,1,1,1,1,1,4,4,4,4,1,1,1,1,1,1,1,1,1,1,1,1,1,1,1,1,1,1,1,1,3,3,3,3,1,1,1,1,1,1,1,1,1,1,1,1,3,3,3,3,1,1,1,1,1,1,1,1,1,1,1,1
1162,Kandy,1,2,4,2,4,1,3,4,2,2,2,2,4,4,4,4,1,1,1,1,1,1,1,1,2,2,2,2,1,1,1,1,1,1,1,1,1,1,1,1,1,1,1,1,1,1,1,1,1,1,1,1,1,1,1,1,1,1,1,1,4,4,4,4,1,1,1,1,1,1,1,1,1,1,1,1,1,1,1,1,1,1,1,1,1,1,1,1,4,1,1,1,1,1,1,1,1,1,1,1,1,1,1,1,1,1,1,1,1,1,1,1,1,1,1,1,1,1,1,1,3,3,3,3,1,1,1,1,1,1,1,1,1,1,1,1,1,1,1,1,1,1,1,1,1,1,1,1,1,1,1,1,1,1,1,1,4,4,4,4,1,1,1,1,1,1,1,1,1,1,1,1
1164,Kandy,1,2,3,2,4,1,10,10,3,1,2,2,4,3,3,4,1,1,1,1,1,1,1,1,1,3,2,2,1,1,1,1,1,1,1,1,1,1,1,1,1,1,1,1,1,1,1,1,3,2,2,2,1,1,1,1,1,1,1,1,3,4,4,4,1,1,1,1,1,1,1,1,4,4,4,4,1,1,1,1,1,1,1,1,1,1,1,1,4,1,2,3,1,1,1,1,1,1,1,1,1,1,1,1,1,1,1,1,3,2,3,3,1,1,1,1,4,1,2,3,1,1,1,1,1,1,1,1,3,1,1,1,1,1,1,1,1,1,1,1,1,1,1,1,1,1,1,1,4,1,3,3,1,1,1,1,4,1,2,3,1,1,1,1,1,1,1,1,1,1,1,1
1165,Kaluthara,1,2,5,2,4,3,3,8,3,2,2,2,4,4,4,4,1,1,1,1,1,1,1,1,1,2,2,2,1,1,1,1,2,2,2,2,1,1,1,1,3,3,3,3,3,2,2,2,2,2,2,2,1,1,1,1,4,4,4,4,1,1,1,1,1,1,1,1,1,1,1,1,2,2,2,2,2,1,1,1,2,1,1,1,2,1,1,1,3,2,2,2,1,1,1,1,2,2,2,2,3,3,3,3,1,1,1,1,2,2,2,2,1,1,1,1,4,4,4,4,1,1,1,1,1,1,1,1,3,3,3,3,1,1,1,1,1,1,1,1,1,1,1,1,1,1,1,1,1,1,1,1,1,1,1,1,4,4,4,4,3,2,2,2,1,1,1,1,1,1,1,1
1168,Colombo,1,2,2,2,5,3,10,3,3,1,2,3,4,1,2,3,4,1,2,4,3,1,3,4,1,4,2,2,3,1,1,2,2,1,1,2,2,1,2,2,1,1,1,1,4,1,2,3,2,1,1,2,4,1,1,2,1,1,1,1,4,2,3,4,4,1,3,3,1,1,1,1,2,1,2,2,3,1,2,2,3,1,1,2,1,1,1,1,1,1,1,1,1,1,1,1,3,1,2,3,1,1,1,1,1,1,1,1,1,1,1,1,1,1,1,1,4,1,2,4,1,1,1,1,1,1,1,1,1,1,1,1,1,1,1,1,4,1,2,3,1,1,1,1,1,1,1,1,1,1,1,1,1,1,1,1,1,1,1,1,1,1,1,1,1,1,1,1,1,1,1,1
1169,Kandy,1,2,4,2,4,1,1,10,5,5,5,5,1,1,1,1,4,4,4,4,2,2,2,2,1,1,1,1,1,1,1,1,1,1,1,1,2,2,2,2,1,1,1,1,1,1,1,1,4,4,4,4,1,1,1,1,1,1,1,1,4,4,4,4,1,1,1,1,1,1,1,1,2,2,2,2,2,1,1,1,2,1,1,1,2,1,1,1,2,1,1,2,1,1,1,1,2,2,2,2,1,1,1,1,3,3,3,3,3,3,3,3,1,1,1,1,4,4,4,4,1,1,1,1,1,1,1,1,1,1,1,1,1,1,1,1,1,1,1,1,4,4,4,4,1,1,1,1,1,1,1,1,1,1,1,1,4,4,4,4,1,1,1,1,1,1,1,1,1,1,1,1
1170,Kaluthara,1,2,4,2,4,3,9,9,2,1,1,1,4,4,4,4,1,1,1,1,1,1,1,1,1,1,1,1,1,1,1,1,1,1,1,1,1,1,1,1,1,1,1,1,1,1,1,1,4,4,4,4,1,1,1,1,1,1,1,1,1,1,1,1,1,1,1,1,1,1,1,1,1,1,1,1,1,1,1,1,1,1,1,1,1,1,1,1,4,4,4,4,1,1,1,1,2,2,2,2,1,1,1,1,1,1,1,1,1,1,1,1,1,1,1,1,4,4,4,4,1,1,1,1,1,1,1,1,4,4,4,4,1,1,1,1,1,1,1,1,1,1,1,1,2,2,2,2,1,1,1,1,1,1,1,1,4,4,4,4,3,3,3,3,1,1,1,1,1,1,1,1
1174,Kaluthara,1,2,2,2,4,3,10,10,1,2,5,5,4,4,4,4,1,1,1,1,2,2,2,2,1,1,1,1,1,1,1,1,1,1,1,1,1,1,1,1,1,1,1,1,1,1,1,1,3,3,4,3,1,1,1,1,1,1,1,1,4,4,4,4,2,3,2,2,1,1,1,1,1,1,1,1,2,1,1,1,2,1,1,1,2,1,1,1,2,1,2,2,1,1,1,1,2,2,2,2,3,4,3,3,1,1,1,1,2,2,2,2,1,1,1,1,4,4,4,4,1,1,1,1,1,1,1,1,1,1,1,1,1,1,1,1,1,1,1,1,4,4,4,4,1,1,1,1,1,1,1,1,1,1,1,1,4,4,4,4,1,1,1,1,1,1,1,1,1,1,1,1
1175,Kaluthara,1,2,3,2,4,1,3,4,3,2,2,3,2,2,2,2,4,4,4,4,3,3,3,3,1,1,1,1,1,2,2,1,1,1,1,1,1,1,1,1,1,1,1,1,1,1,1,1,4,4,4,4,1,1,1,1,1,1,1,1,4,4,4,4,1,1,1,1,1,1,1,1,2,1,1,1,2,1,2,1,1,1,1,1,1,1,1,1,1,1,1,1,1,1,1,1,4,4,4,4,1,1,1,1,1,1,1,1,4,4,4,4,1,1,1,1,4,4,4,4,1,1,1,1,1,1,1,1,1,1,1,1,1,1,1,1,1,1,1,1,1,1,1,1,4,4,4,4,2,1,1,1,1,1,1,1,4,4,4,4,1,1,1,1,1,1,1,1,1,1,1,1
1176,Kaluthara,1,1,6,3,3,1,7,4,2,1,1,1,4,4,4,4,1,1,1,1,2,2,2,1,1,2,2,2,1,1,1,1,1,1,1,1,1,1,1,1,2,4,4,4,2,2,2,2,2,1,1,1,1,1,1,1,2,2,2,2,1,1,1,1,1,1,1,1,1,1,1,1,2,1,1,1,1,1,1,1,1,1,1,1,1,1,1,1,2,1,1,1,1,1,1,1,2,2,2,2,1,1,1,1,1,1,1,1,2,2,2,2,2,4,4,4,4,4,4,4,4,1,1,1,1,1,1,1,2,1,1,1,1,1,1,1,2,1,1,1,1,1,1,1,1,1,1,1,4,1,1,1,2,4,4,4,2,2,2,2,1,1,1,1,1,1,1,1,1,1,1,1
1177,Kaluthara,1,1,5,2,4,3,5,2,2,1,1,1,3,2,2,2,1,1,1,1,1,1,1,1,2,3,3,3,1,1,1,1,1,1,1,1,1,1,1,1,1,1,1,1,1,1,1,1,1,1,1,1,1,1,1,1,1,1,1,1,1,1,1,1,1,1,1,1,1,1,1,1,1,1,2,2,1,1,1,1,1,1,1,1,1,1,1,1,2,1,1,1,1,1,1,1,2,1,1,1,1,1,1,2,1,1,1,1,3,2,2,2,1,1,1,1,3,1,1,1,1,1,1,2,1,1,1,1,2,1,2,1,1,1,1,1,1,1,1,1,1,1,1,1,1,1,1,1,3,1,1,1,1,1,1,1,1,1,1,3,2,1,1,1,1,1,1,1,1,1,1,1
1178,Kaluthara,1,2,3,2,4,1,10,4,3,1,2,2,2,2,2,2,1,1,1,1,3,2,3,3,1,1,1,1,1,1,1,1,2,1,2,3,1,1,1,1,1,1,1,1,1,1,1,1,1,1,1,1,3,2,3,3,1,1,1,1,1,1,1,1,1,1,1,1,1,1,1,1,2,2,2,2,1,1,1,1,1,1,1,1,2,1,1,1,3,1,3,3,1,1,1,1,1,1,1,1,3,3,3,3,1,1,1,1,2,2,2,2,1,1,1,1,4,4,4,4,1,1,1,1,1,1,1,1,1,1,1,1,1,1,1,1,1,1,1,1,4,4,4,4,1,1,1,1,1,1,1,1,1,1,1,1,4,4,4,4,1,1,1,1,1,1,1,1,1,1,1,1
1181,Kaluthara,1,1,4,3,4,1,7,10,2,1,1,1,4,4,4,4,1,1,1,1,1,1,1,1,1,1,1,1,1,1,1,1,1,1,1,1,1,1,1,1,2,2,2,2,1,1,1,1,2,1,1,1,1,1,1,1,1,1,1,1,1,1,1,1,1,1,1,1,1,1,1,1,1,1,1,1,1,1,1,1,1,1,1,1,1,1,1,1,2,1,1,1,1,1,1,1,2,2,2,2,1,1,1,1,1,1,1,1,2,2,2,2,4,4,4,4,4,4,4,4,1,1,1,1,1,1,1,1,1,1,1,1,1,1,1,1,1,1,1,1,1,1,1,1,1,1,1,1,1,1,1,1,4,4,4,4,1,1,1,1,1,1,1,1,1,1,1,1,1,1,1,1
1182,Kaluthara,1,2,3,2,7,1,3,10,3,3,3,3,4,4,4,4,2,2,2,2,2,2,2,2,1,2,2,2,1,1,1,1,2,1,1,1,2,2,2,2,2,2,2,2,1,1,1,1,4,1,1,1,1,1,1,1,1,1,1,1,4,4,4,4,4,4,4,4,3,4,4,4,1,1,1,1,4,1,1,1,4,1,1,1,1,1,1,1,1,1,1,1,1,1,1,1,2,2,2,2,4,4,4,4,1,1,1,1,2,2,2,2,1,4,4,4,4,4,4,4,1,1,1,1,1,1,1,1,1,1,1,1,1,1,1,1,2,1,1,1,4,1,1,1,1,1,1,1,1,1,1,1,2,4,4,4,1,1,1,1,4,1,1,1,2,1,1,1,2,1,1,1
1183,Kaluthara,1,2,4,2,4,1,7,4,3,3,3,3,3,2,2,2,1,1,1,1,1,1,1,1,2,2,2,2,4,3,3,3,1,1,1,1,1,1,1,1,1,1,1,1,1,1,1,1,3,2,2,2,1,1,1,1,1,1,2,1,3,2,2,2,3,2,2,2,1,1,2,1,1,1,1,1,1,1,1,1,1,1,1,1,1,2,1,1,1,1,1,1,1,1,1,1,1,1,1,1,3,4,4,4,1,1,1,1,2,2,2,2,1,1,1,1,4,4,4,4,1,1,1,1,1,1,1,1,1,1,1,1,1,1,1,1,1,1,1,1,1,1,1,1,1,1,1,1,1,1,1,1,1,1,1,1,3,2,2,2,4,4,4,4,1,1,1,1,1,1,1,1
1184,Kandy,1,2,3,2,4,2,3,3,3,2,2,3,4,3,3,3,1,1,1,1,1,1,1,1,1,3,3,3,1,1,1,1,1,1,1,1,1,1,1,1,2,2,2,2,1,1,1,1,3,2,2,2,1,1,1,1,1,1,1,1,1,1,1,1,1,1,1,1,1,1,1,1,2,1,1,1,2,1,1,1,2,1,1,1,3,1,1,1,4,2,2,2,1,1,1,1,1,1,1,1,1,1,1,1,1,1,1,1,4,3,3,3,1,1,1,1,1,1,1,1,4,1,3,4,1,1,1,1,1,1,1,1,1,1,1,1,1,1,1,1,2,1,1,1,1,1,1,1,4,1,3,4,1,1,1,1,4,1,3,4,4,1,3,4,1,1,1,1,1,1,1,1
1185,Kaluthara,1,2,3,2,4,1,10,10,1,5,5,5,4,4,4,4,1,1,1,1,1,1,1,1,1,3,3,2,1,1,1,1,1,1,1,1,1,1,1,1,1,1,1,1,1,1,1,1,1,1,1,1,1,1,1,1,1,1,1,1,4,4,4,4,1,1,1,1,1,1,1,1,1,1,1,1,1,1,1,1,1,1,1,1,1,1,1,1,2,2,2,2,1,1,1,1,4,4,4,4,2,2,2,2,1,1,1,1,2,2,2,2,1,1,1,1,1,1,1,1,1,1,1,1,1,1,1,1,1,1,1,1,1,1,1,1,1,1,1,1,1,1,1,1,1,1,1,1,1,1,1,1,4,4,4,4,3,3,3,4,1,1,1,1,1,1,1,1,1,1,1,1
1186,Kaluthara,1,2,3,2,4,1,10,10,2,2,2,2,1,2,1,1,1,1,1,1,4,2,4,4,1,2,2,2,1,1,1,1,1,1,1,1,2,2,1,1,1,1,1,1,1,1,1,1,2,2,2,2,2,2,2,2,1,1,1,1,4,4,4,4,2,3,2,2,1,1,1,1,1,1,1,1,3,1,1,1,3,1,1,1,2,1,1,1,2,1,1,1,1,1,1,1,1,1,1,1,3,4,4,4,1,1,1,1,1,1,1,1,1,1,1,1,4,4,4,4,1,1,1,1,1,1,1,1,1,1,1,1,1,1,1,1,1,1,1,1,3,4,4,4,1,1,1,1,1,1,1,1,1,1,1,1,1,1,1,1,3,3,3,3,1,1,1,1,1,1,1,1
1188,Colombo,1,2,3,2,4,2,3,8,2,1,1,1,3,1,2,2,1,1,1,1,1,1,1,1,1,1,1,1,1,1,1,1,1,1,1,1,1,1,1,1,1,1,1,1,2,1,1,1,2,1,1,2,2,1,1,2,1,1,1,1,2,1,1,1,2,1,1,2,1,1,1,1,1,1,1,1,1,1,1,1,1,1,1,1,1,1,1,1,3,1,1,2,1,1,1,1,1,1,1,1,1,1,1,1,1,1,1,1,2,2,1,2,1,1,1,1,4,1,2,2,1,1,1,1,1,1,1,1,4,1,1,2,1,1,1,1,1,1,1,1,1,1,1,1,1,1,1,1,1,1,1,1,1,1,1,1,4,1,1,3,1,1,1,1,1,1,1,1,1,1,1,1
1189,Kaluthara,1,2,3,2,4,1,10,10,3,1,1,2,3,3,3,3,1,1,1,1,1,1,1,1,1,2,2,2,1,1,1,1,2,2,2,1,1,1,1,1,1,1,1,1,1,1,1,1,2,1,1,1,3,3,3,3,1,1,1,1,1,1,1,1,3,3,3,3,1,1,1,1,1,1,1,1,1,1,1,1,1,1,1,1,2,1,1,1,3,2,3,3,1,1,1,1,1,1,1,1,3,3,3,3,1,1,1,1,2,2,2,2,1,1,1,1,4,4,4,4,1,1,1,1,1,1,1,1,1,1,1,1,1,1,1,1,1,1,1,1,1,1,1,1,1,1,1,1,4,4,4,4,1,1,1,1,4,4,4,4,1,1,1,1,1,1,1,1,1,1,1,1
1190,Colombo,2,1,3,2,5,2,7,3,2,1,1,1,2,1,1,1,2,1,1,1,2,1,1,1,2,1,1,1,1,1,1,1,1,1,1,1,1,2,2,2,1,1,1,1,2,1,1,1,1,1,1,1,2,1,1,1,1,1,1,1,2,1,1,1,2,1,1,1,1,1,1,1,1,1,1,1,1,1,1,1,1,1,1,1,1,1,1,1,3,1,1,2,1,1,1,1,1,1,1,1,1,1,1,1,1,1,1,1,3,1,2,2,1,1,1,1,4,1,1,2,1,1,1,1,1,1,1,1,1,1,1,1,1,1,1,1,1,1,1,1,4,1,1,2,1,1,1,1,1,1,1,1,1,1,1,1,1,1,1,1,1,1,1,1,1,1,1,1,1,1,1,1
1191,Vauniya,1,2,6,2,4,2,10,10,1,1,1,1,3,1,2,2,2,1,2,2,1,1,1,1,2,1,2,2,2,1,1,2,2,1,2,2,1,1,1,1,2,2,2,2,2,1,2,2,1,1,1,1,2,2,2,2,1,1,1,1,1,1,1,1,1,1,1,1,1,1,1,1,2,2,2,2,1,1,1,1,2,1,2,2,2,2,2,2,1,1,1,1,1,1,1,1,1,1,1,1,1,1,1,1,1,1,1,1,2,2,2,2,1,1,1,1,1,1,1,1,1,1,1,1,1,1,1,1,1,1,1,1,1,1,1,1,1,1,1,1,1,1,1,1,1,1,1,1,2,2,2,2,1,1,1,1,1,1,1,1,1,1,1,1,1,1,1,1,1,1,1,1
1192,Vauniya,2,1,3,2,4,2,10,3,2,1,1,1,3,1,2,2,1,1,1,1,2,1,1,1,1,1,1,1,1,1,1,1,2,1,2,2,1,1,1,1,1,1,1,1,2,1,1,1,1,1,1,1,2,1,1,1,1,1,1,1,1,1,1,1,2,1,2,1,1,1,1,1,1,1,1,1,1,1,1,1,1,1,1,1,1,1,1,1,2,1,1,1,1,1,1,1,2,1,1,1,1,1,1,1,4,1,2,2,2,1,2,2,1,1,1,1,4,1,1,2,1,1,1,1,1,1,1,1,1,1,1,1,1,1,1,1,1,1,1,1,1,1,1,1,4,1,1,2,1,1,1,1,1,1,1,1,4,1,1,2,1,1,1,1,1,1,1,1,1,1,1,1
1193,Vauniya,1,2,4,2,4,2,10,10,2,1,1,2,3,1,1,2,3,1,2,2,3,2,2,2,2,2,2,2,1,1,1,1,2,1,1,2,1,1,1,1,1,1,1,1,2,1,1,1,2,1,1,1,2,1,1,1,1,1,1,1,2,1,1,2,2,2,1,1,1,1,1,1,2,1,1,1,2,1,1,1,2,1,1,1,2,1,1,1,2,1,1,2,1,1,1,1,2,2,2,2,1,1,1,1,1,1,1,1,2,2,2,2,1,1,1,1,1,1,1,1,1,1,1,1,1,1,1,1,1,1,1,1,1,1,1,1,1,1,1,1,1,1,1,1,1,1,1,1,1,1,1,1,1,1,1,1,1,1,1,1,1,1,1,1,1,1,1,1,1,1,1,1
1194,Kaluthara,1,2,3,2,4,3,3,10,3,2,2,2,4,4,4,4,1,1,1,1,2,2,2,2,2,2,2,2,1,1,1,1,1,1,1,1,1,1,1,1,2,2,2,2,1,1,2,1,2,1,1,1,1,1,1,1,1,1,1,1,1,1,1,1,1,1,1,1,1,1,1,1,1,1,1,1,1,1,1,1,1,1,1,1,1,1,1,1,4,1,1,1,1,1,1,1,2,2,2,2,1,1,1,1,1,1,1,1,2,2,2,2,1,1,1,1,4,1,1,1,1,4,4,4,1,1,1,1,4,1,1,1,1,1,1,1,3,1,1,1,1,1,1,1,1,1,1,1,2,1,1,1,1,1,1,1,4,4,4,4,4,4,4,4,2,1,1,1,1,1,1,1
1196,Kaluthara,1,2,5,2,4,1,3,10,3,2,2,2,4,4,4,4,1,1,1,1,1,1,1,1,1,1,1,1,1,1,1,1,1,1,1,1,1,1,1,1,2,2,2,2,1,1,1,1,4,4,4,4,1,1,1,1,1,1,1,1,4,4,4,4,1,1,1,1,1,1,1,1,2,1,1,1,2,1,1,1,1,1,1,1,1,1,1,1,4,4,4,4,1,1,1,1,2,2,2,2,1,1,1,1,1,1,1,1,1,1,1,1,1,1,1,1,4,4,4,4,1,1,1,1,1,1,1,1,4,4,4,4,1,1,1,1,1,1,1,1,1,2,1,1,1,1,1,1,1,1,1,1,1,1,1,1,1,1,1,1,2,2,2,2,4,1,4,4,3,2,3,4
1197,Kaluthara,1,2,4,2,4,3,10,10,2,1,1,1,4,4,4,4,1,1,1,1,1,1,1,1,2,2,2,2,1,1,1,1,1,1,1,1,1,1,1,1,2,2,2,2,1,1,1,1,2,1,1,1,1,1,1,1,1,1,1,1,2,2,2,2,2,2,2,2,1,1,1,1,1,1,1,1,1,1,1,1,1,1,1,1,1,1,1,1,3,1,1,1,1,1,1,1,4,3,3,3,1,1,1,1,1,1,1,1,2,2,2,2,4,4,4,4,4,4,4,4,1,1,1,1,1,1,1,1,1,1,1,1,1,1,1,1,1,1,1,1,1,1,1,1,1,1,1,1,1,1,1,1,4,4,4,4,4,4,4,4,1,1,1,1,1,1,1,1,1,1,1,1
1200,Vauniya,1,2,1,2,5,2,7,3,2,1,1,1,1,1,1,1,1,1,1,1,2,1,1,2,3,2,2,2,1,1,1,1,1,1,1,1,1,1,1,1,1,1,1,1,3,1,2,2,1,1,1,1,3,1,1,2,1,1,1,1,1,1,1,1,2,1,1,2,1,1,1,1,1,1,1,1,1,1,1,1,1,1,1,1,2,1,1,2,1,1,1,1,1,1,1,1,1,1,1,1,4,2,2,3,1,1,1,1,1,1,1,1,1,1,1,1,4,1,1,2,1,1,1,1,1,1,1,1,1,1,1,1,1,1,1,1,1,1,1,1,4,1,1,3,1,1,1,1,1,1,1,1,1,1,1,1,2,1,1,2,1,1,1,1,1,1,1,1,1,1,1,1
1202,Kandy,1,2,3,2,4,2,7,3,2,2,2,2,1,1,1,1,1,1,1,1,4,4,4,4,1,2,2,2,1,1,1,1,1,1,1,1,1,1,1,1,1,1,1,1,1,1,1,1,2,2,2,2,1,1,1,1,1,1,1,1,1,1,1,1,1,1,1,1,1,1,1,1,2,2,2,2,1,1,1,1,1,1,1,1,1,1,1,1,3,1,2,3,1,1,1,1,2,3,3,3,1,1,1,1,1,1,1,1,3,3,3,3,4,4,4,4,1,1,1,1,1,1,1,1,1,1,1,1,1,1,1,1,1,1,1,1,1,1,1,1,1,1,1,1,1,1,1,1,1,1,1,1,1,1,1,1,1,1,1,1,1,1,1,1,1,1,1,1,1,1,1,1
1204,Puttalam,1,2,3,2,4,3,10,10,2,1,1,1,3,1,2,2,1,1,1,1,2,1,1,1,3,1,2,2,1,1,1,1,1,1,1,1,1,1,1,1,1,1,1,1,1,1,1,1,1,1,1,1,2,1,1,1,1,1,1,1,1,1,1,1,1,1,1,1,1,1,1,1,2,1,1,2,1,1,1,1,1,1,1,1,1,1,1,1,4,1,1,2,1,1,1,1,2,1,2,2,1,1,1,1,1,1,1,1,2,1,2,2,1,1,1,1,4,1,1,1,1,1,1,1,1,1,1,1,1,1,1,1,1,1,1,1,1,1,1,1,4,1,1,1,1,1,1,1,1,1,1,1,1,1,1,1,4,1,1,1,1,1,1,1,1,1,1,1,1,1,1,1
1207,Kaluthara,1,2,4,2,3,2,3,9,1,1,1,1,4,4,4,4,1,1,1,1,1,1,1,1,1,1,1,1,1,1,1,1,1,1,1,1,1,1,1,1,1,1,1,1,1,1,1,1,1,1,1,1,1,1,1,1,1,1,1,1,1,1,1,1,1,1,1,1,1,1,1,1,3,3,3,3,1,1,1,1,1,1,1,1,2,1,1,1,4,1,3,3,1,1,1,1,2,2,2,2,1,1,1,1,1,1,2,1,3,3,3,3,1,1,1,1,4,4,4,4,1,1,1,1,1,1,1,1,2,2,2,2,1,1,1,1,1,1,1,1,1,1,1,1,1,1,1,1,3,3,3,3,1,1,1,1,1,1,1,1,3,3,3,3,2,2,2,2,1,1,1,1
1208,Kaluthara,1,2,4,2,3,2,4,9,2,1,1,2,4,4,4,4,1,1,1,1,1,1,1,1,1,1,1,1,1,1,1,1,1,1,1,1,1,1,1,1,1,1,1,1,1,1,1,1,4,4,4,4,1,1,1,1,1,1,1,1,1,1,1,1,1,1,1,1,1,1,1,1,4,4,4,4,1,1,1,1,2,1,1,1,4,1,1,1,3,2,2,2,1,1,1,1,2,2,2,2,2,2,2,2,1,1,1,1,1,1,1,1,1,1,1,1,4,4,4,4,1,1,1,1,1,1,1,1,1,1,1,1,1,1,1,1,1,1,1,1,1,1,1,1,1,1,1,1,4,4,4,4,1,1,1,1,1,1,1,1,4,4,4,4,1,1,1,1,1,1,1,1
1209,Kaluthara,1,2,2,2,5,2,10,3,2,1,1,2,4,4,4,4,2,1,1,1,3,1,1,1,1,2,2,1,1,1,1,1,1,2,1,1,1,1,1,1,3,3,3,3,1,1,1,1,3,1,1,3,1,1,1,1,1,1,1,1,3,3,3,3,1,1,1,1,1,1,1,1,2,1,1,1,3,1,1,1,3,1,1,1,2,1,1,1,2,2,2,2,1,1,1,1,4,4,4,4,1,1,1,1,1,1,1,1,2,2,2,2,1,1,1,3,1,1,1,3,1,1,1,1,1,1,1,1,1,1,1,1,1,1,1,1,4,4,4,4,1,1,1,1,1,1,1,1,1,1,1,1,1,1,3,3,1,1,3,3,1,1,1,1,1,1,1,1,1,1,1,1
1210,Kaluthara,3,2,4,4,3,2,10,10,2,1,1,1,3,2,2,2,1,1,1,1,1,1,2,1,2,2,2,2,1,1,1,1,1,1,1,1,1,1,1,1,1,1,1,1,1,1,1,1,1,1,1,1,1,2,1,1,1,1,1,1,1,1,1,1,1,1,1,1,1,1,1,1,1,1,1,1,1,1,1,1,1,1,1,1,1,1,1,1,2,1,1,1,1,1,1,1,2,1,1,1,1,1,1,1,1,1,1,1,2,2,2,2,1,1,1,1,3,1,1,1,1,1,1,1,1,1,1,1,1,1,1,1,1,1,1,1,1,1,1,1,1,1,1,1,1,1,1,1,1,1,1,1,1,1,1,1,2,1,1,1,1,1,1,1,1,1,1,1,1,1,1,1
1214,Kaluthara,3,2,1,1,4,2,10,10,2,1,1,1,2,2,2,2,1,1,1,1,3,2,3,3,1,1,1,1,1,1,1,1,1,2,2,1,1,1,1,1,1,1,1,1,1,1,1,1,1,1,1,1,3,3,3,3,1,1,1,1,1,1,1,1,3,3,3,3,1,1,1,1,2,2,2,2,1,1,1,1,1,1,1,1,2,1,1,1,3,1,2,2,1,1,1,1,1,1,1,1,3,3,3,3,1,1,1,1,2,2,2,2,1,1,1,1,4,4,4,4,1,1,1,1,1,1,1,1,1,1,1,1,1,1,1,1,1,1,1,1,1,1,1,1,3,3,3,3,2,2,2,2,1,1,1,1,1,1,1,1,3,3,3,3,2,2,2,2,1,1,1,1
1215,Kaluthara,1,2,4,2,3,1,7,10,2,2,2,2,4,4,4,4,1,1,1,1,1,1,1,1,4,4,4,4,1,1,1,1,1,1,1,1,1,1,1,1,1,1,1,1,1,1,1,1,1,1,1,1,1,1,1,1,1,1,1,1,4,4,4,4,1,1,1,1,1,1,1,1,1,1,1,1,2,1,1,1,1,1,1,1,2,1,1,1,1,1,1,1,1,1,1,1,4,4,4,4,1,1,1,1,4,4,4,4,1,1,1,1,1,1,1,1,4,4,4,4,1,1,1,1,1,1,1,1,1,1,1,1,1,1,1,1,1,1,1,1,1,1,1,1,4,4,4,4,1,1,1,1,1,1,1,1,4,4,4,4,1,1,1,1,1,1,1,1,1,1,1,1
1219,Kaluthara,1,2,3,2,6,1,2,10,3,3,3,3,4,4,4,4,1,1,1,1,1,1,1,1,1,1,1,1,1,1,1,1,1,1,1,1,1,1,1,1,2,2,2,2,1,1,1,1,2,2,2,2,1,1,1,1,1,1,1,1,4,4,4,4,1,1,1,1,1,1,1,1,1,1,1,1,3,1,1,1,3,1,1,1,1,1,1,1,1,1,1,1,1,1,1,1,2,2,2,2,4,4,4,4,1,1,1,1,1,1,1,1,1,2,2,1,4,4,4,4,1,1,1,1,1,1,1,1,1,1,1,1,1,1,1,1,1,1,1,1,4,4,4,4,1,1,1,1,1,1,1,1,1,1,1,1,4,4,4,4,1,1,1,1,1,1,1,1,1,1,1,1
1220,Kandy,1,2,3,2,4,3,7,3,3,1,2,2,2,1,3,3,4,2,2,2,1,1,1,1,1,2,2,2,1,1,1,1,1,1,1,1,2,2,2,2,1,1,1,1,1,1,1,1,3,3,4,3,1,1,1,1,1,1,1,1,3,3,3,3,1,1,1,1,1,1,1,1,2,2,2,2,2,1,1,1,2,1,1,1,2,1,1,1,4,1,1,4,1,1,1,1,2,4,4,2,1,1,1,1,1,1,1,1,2,2,2,2,1,1,1,1,4,4,4,4,1,1,1,1,1,1,1,1,1,1,1,1,1,1,1,1,1,1,1,1,1,1,1,1,1,1,1,1,4,4,4,4,1,1,1,1,1,1,1,1,1,1,1,1,4,4,4,4,1,1,1,1
1221,Kaluthara,1,2,3,2,4,1,3,10,3,2,2,2,4,4,4,4,1,1,1,1,2,2,2,2,2,2,2,2,1,1,1,1,1,1,1,1,1,1,1,1,2,2,2,2,1,1,1,1,2,1,1,1,1,1,1,1,1,1,1,1,2,2,2,2,2,2,2,2,1,1,1,1,1,1,1,1,1,1,1,1,1,1,1,1,1,1,1,1,3,1,1,1,1,1,1,1,2,2,2,2,4,4,4,4,2,2,2,2,2,2,2,2,1,2,2,2,4,4,4,4,1,1,1,1,1,1,1,1,1,1,1,1,1,1,1,1,2,2,2,2,4,4,4,4,1,1,1,1,1,1,1,1,2,2,2,2,4,4,4,4,2,2,2,2,1,1,1,1,1,1,1,1
1223,Kaluthara,1,2,4,2,5,1,10,10,3,1,1,1,3,3,3,3,1,1,1,1,3,3,3,3,1,2,2,2,3,3,3,3,1,2,2,2,1,1,1,1,1,1,1,1,2,1,1,1,3,2,4,3,3,2,2,2,1,1,1,1,3,1,1,1,3,3,3,3,1,3,3,3,1,1,1,1,2,1,1,1,2,1,1,1,2,1,1,1,2,1,1,1,3,1,1,1,1,1,1,1,3,3,3,3,3,3,3,3,1,1,1,1,1,1,1,1,3,3,3,3,1,1,1,1,1,1,1,1,1,1,1,1,1,1,1,1,1,1,1,1,1,1,1,1,3,3,3,3,1,1,1,1,1,1,1,1,1,1,1,1,3,3,3,3,1,1,1,1,1,1,1,1
1224,Kaluthara,1,2,3,2,4,3,10,10,3,1,1,2,3,3,3,3,1,1,1,1,2,2,2,2,1,2,2,1,1,1,1,1,1,1,1,1,1,1,1,1,1,1,1,1,1,1,1,1,3,3,4,3,1,1,1,1,1,1,1,1,3,3,3,3,1,1,1,1,1,2,3,3,1,1,1,1,1,1,1,1,1,1,1,1,2,1,1,1,2,1,1,1,1,1,1,1,2,3,3,3,3,3,3,3,1,1,1,1,1,1,1,1,1,1,1,1,3,3,3,3,1,1,1,1,1,1,1,1,1,1,1,1,1,1,1,1,1,1,1,1,1,1,1,1,1,1,1,1,1,1,1,1,1,1,1,1,1,1,1,1,3,2,3,3,3,2,2,2,1,1,1,1
1225,Vauniya,2,1,5,3,4,2,10,6,1,1,1,1,2,2,2,2,2,1,1,1,2,1,1,1,2,1,1,1,2,1,1,2,2,1,1,2,1,1,1,1,2,2,2,2,2,2,2,2,1,1,1,1,2,1,2,2,2,2,2,2,1,1,1,1,1,1,1,1,1,1,1,1,2,2,2,2,1,1,1,1,1,1,1,1,2,2,2,2,1,1,1,1,1,1,1,1,1,1,1,1,1,1,1,1,1,1,1,1,2,2,2,2,1,1,1,1,1,1,1,1,1,1,1,1,1,1,1,1,1,1,1,1,1,1,1,1,1,1,1,1,1,1,1,1,1,1,1,1,2,2,2,2,1,1,1,1,1,1,1,1,1,1,1,1,1,1,1,1,1,1,1,1
1226,Kaluthara,2,1,4,2,5,1,3,2,3,2,2,2,2,2,2,2,1,1,1,1,3,2,2,2,2,2,2,2,2,2,2,2,1,1,1,1,1,1,1,1,1,1,1,1,2,1,1,1,2,1,1,1,1,1,1,2,1,1,1,2,1,1,1,2,1,1,1,1,1,1,1,1,1,1,1,1,1,1,1,1,1,1,2,2,1,1,1,1,3,1,1,1,1,1,1,1,2,1,1,2,3,2,2,2,1,1,1,2,3,2,2,2,3,1,1,1,3,1,1,1,1,2,1,1,1,1,1,1,1,1,1,1,1,1,1,1,1,1,1,1,1,1,1,1,1,1,1,1,1,1,1,1,1,1,1,1,3,1,2,1,3,1,1,1,1,1,1,1,1,1,1,1
1228,Kaluthara,1,2,4,2,1,3,10,3,2,2,2,2,4,4,4,4,1,1,1,1,1,1,1,1,1,1,1,1,1,1,1,1,1,1,1,1,1,1,1,1,1,1,1,1,1,1,1,1,4,2,4,4,1,2,1,1,1,1,1,1,3,3,3,3,1,1,1,1,1,3,3,3,1,1,1,1,1,1,1,1,1,1,1,1,2,1,1,1,2,1,1,1,1,1,1,1,3,3,3,3,2,2,2,2,1,1,1,1,2,2,2,2,1,1,1,1,4,4,4,4,1,1,1,1,1,1,1,1,1,1,1,1,1,1,1,1,1,1,1,1,3,3,3,3,1,1,1,1,1,1,1,1,1,1,1,1,1,1,1,1,3,3,3,3,1,1,1,1,1,1,1,1
1230,Vauniya,1,2,2,2,4,2,10,8,2,1,1,2,2,2,2,2,2,2,2,2,1,1,1,1,2,1,2,2,2,1,1,1,2,2,2,2,1,1,1,1,1,1,1,1,2,2,2,2,2,1,1,1,2,1,2,2,2,2,2,2,2,1,2,2,2,1,1,2,1,1,1,1,2,2,2,2,2,1,1,1,2,1,1,1,2,2,2,2,1,1,1,1,1,1,1,1,1,1,1,1,2,2,2,2,1,1,1,1,1,1,1,1,2,2,2,2,2,2,2,2,1,1,1,1,1,1,1,1,1,1,1,1,1,1,1,1,1,1,1,1,2,2,2,2,1,1,1,1,1,1,1,1,2,2,2,2,2,2,2,2,1,1,1,1,1,1,1,1,1,1,1,1
1231,Kaluthara,1,2,4,2,4,3,3,4,3,3,3,3,4,4,4,4,2,1,1,1,2,1,1,1,2,3,3,3,1,1,1,1,1,1,1,1,1,1,1,1,2,2,2,2,1,1,1,1,4,2,2,2,1,1,1,1,1,1,1,1,4,4,4,4,4,4,4,4,1,1,1,1,1,1,1,1,1,1,1,1,1,1,1,1,1,1,1,1,2,1,1,1,1,1,1,1,2,2,2,2,4,4,4,4,1,1,1,1,2,2,2,2,1,2,2,2,4,4,4,4,1,1,1,1,1,1,1,1,2,1,1,1,1,1,1,1,2,1,1,1,4,4,4,4,1,1,1,1,1,1,1,1,1,2,2,2,4,4,4,4,2,2,2,2,2,1,1,1,2,1,1,1
1233,Puttalam,1,2,2,2,4,3,10,10,1,1,1,1,4,1,2,3,2,2,2,2,1,2,2,2,2,1,2,2,1,1,1,1,2,1,2,3,1,1,1,1,2,2,2,2,2,1,2,2,1,1,1,1,1,1,1,1,1,1,1,1,1,2,1,1,1,1,1,1,2,1,1,1,1,1,1,1,1,1,1,1,1,1,1,1,1,1,1,1,1,1,1,1,1,1,1,1,1,1,1,1,1,1,1,1,4,2,3,4,1,1,1,1,4,4,4,4,2,2,2,2,1,1,1,1,1,1,1,1,1,1,1,1,1,1,1,1,1,1,1,1,1,1,1,1,4,2,4,4,1,1,1,1,1,1,1,1,1,1,1,1,1,1,1,1,1,1,1,1,1,1,1,1
1235,Kaluthara,1,2,3,2,4,3,3,10,3,2,2,2,4,4,4,4,1,1,1,1,2,2,2,2,1,2,2,2,1,1,1,1,1,1,1,1,1,1,1,1,2,2,2,2,1,1,1,1,2,1,1,1,1,1,1,1,1,1,1,1,4,3,3,3,3,3,3,3,1,2,2,2,1,1,1,1,1,1,1,1,1,1,1,1,1,2,1,1,3,1,1,1,1,1,1,1,2,2,2,2,1,1,1,1,3,3,3,3,2,2,2,2,1,2,2,2,4,1,4,1,1,1,1,1,1,1,1,1,4,1,1,1,1,1,1,1,2,1,3,3,1,1,1,1,1,1,1,1,1,1,1,1,1,2,2,2,4,1,4,4,2,1,2,2,2,2,2,2,1,1,1,1
1240,Kandy,1,2,4,2,4,1,3,3,3,2,2,2,4,3,3,3,2,1,1,1,1,1,1,1,1,2,2,2,1,1,1,1,1,1,1,1,1,1,1,1,1,1,1,1,1,1,1,1,4,3,4,3,1,1,1,1,1,1,1,1,4,3,3,3,4,3,3,3,1,1,1,1,2,1,1,1,2,1,1,1,2,1,1,1,3,2,2,2,4,2,2,3,1,1,1,1,2,1,1,1,1,1,1,1,1,1,1,1,4,3,3,3,1,1,1,1,4,1,3,3,1,1,1,1,1,1,1,1,4,2,2,3,1,1,1,1,2,2,2,2,1,1,1,1,1,1,1,1,1,1,1,1,1,1,1,1,4,1,2,3,4,1,3,3,1,1,1,1,1,1,1,1
1241,Kaluthara,1,2,3,2,4,3,3,10,3,1,1,1,3,2,2,2,2,1,1,1,3,2,2,2,2,3,3,3,1,1,1,1,3,2,2,2,1,1,2,2,1,1,1,2,1,1,1,1,3,2,2,1,2,1,1,1,2,1,1,1,3,2,2,2,3,2,2,2,1,1,1,2,2,1,2,1,2,1,1,1,2,1,2,1,1,1,1,1,1,1,1,1,1,1,1,1,2,1,2,1,3,2,1,1,2,2,2,2,2,2,2,2,1,1,1,1,3,3,3,3,1,1,1,1,1,1,1,1,1,1,1,1,1,1,1,1,1,1,1,1,1,1,1,1,1,1,1,1,1,1,1,1,1,1,1,1,3,1,2,1,3,1,1,1,3,1,1,1,2,1,1,1
1242,Kandy,1,2,4,2,5,1,1,10,3,3,3,3,1,1,1,1,4,4,4,4,1,1,1,1,1,1,1,1,1,1,1,1,1,1,1,1,3,3,3,3,1,1,1,1,1,1,1,1,4,4,4,4,1,1,1,1,1,1,1,1,4,4,4,4,1,1,1,1,1,1,1,1,3,3,3,3,2,1,1,1,2,1,1,1,2,1,1,1,2,1,1,2,1,1,1,1,2,2,2,2,1,1,1,1,4,4,4,4,3,3,3,3,1,1,1,1,4,4,4,4,1,1,1,1,1,1,1,1,1,1,1,1,1,1,1,1,1,1,1,1,4,4,4,4,1,1,1,1,3,3,3,3,1,1,1,1,4,4,4,4,1,1,1,1,1,1,1,1,1,1,1,1
1243,Kaluthara,1,2,3,2,4,3,10,10,3,1,1,2,4,4,4,4,1,1,1,1,1,1,1,1,1,1,1,1,1,1,1,1,1,1,1,1,1,1,1,1,1,1,1,1,1,1,1,1,1,1,1,1,3,3,3,3,1,1,1,1,1,1,1,1,1,1,1,1,1,1,1,1,1,1,1,1,2,1,1,1,2,1,1,1,2,1,1,1,2,1,1,1,1,1,1,1,1,1,1,1,3,4,4,4,1,1,1,1,2,2,2,2,1,1,1,1,4,4,4,4,1,1,1,1,1,1,1,1,1,1,1,1,1,1,1,1,1,1,1,1,1,1,1,1,1,1,1,1,1,1,1,1,1,1,1,1,1,1,1,1,4,4,4,4,1,1,1,1,1,1,1,1
1245,Kaluthara,1,2,1,2,4,3,3,10,3,2,2,2,4,4,4,4,1,1,1,1,1,1,1,1,1,1,1,1,1,1,1,1,1,1,1,1,1,1,1,1,1,1,1,1,1,1,1,1,4,4,4,4,1,1,1,1,1,1,1,1,4,4,4,4,1,1,1,1,1,1,1,1,2,1,1,1,1,1,1,1,1,1,1,1,1,1,1,1,1,1,1,1,1,1,1,1,2,2,2,2,1,1,1,1,4,4,4,4,1,1,1,1,1,1,1,1,4,4,4,4,1,1,1,1,1,1,1,1,1,1,1,1,1,1,1,1,1,1,1,1,1,1,1,1,4,4,4,4,2,2,2,2,1,1,1,1,4,4,4,4,1,1,1,1,1,1,1,1,1,1,1,1
1247,Kaluthara,1,2,6,3,4,3,7,8,2,1,1,1,4,4,4,4,1,1,1,1,1,1,1,1,1,1,1,1,1,1,1,1,1,1,1,1,1,1,1,1,1,1,1,1,1,1,1,1,4,4,4,4,1,1,1,1,1,1,1,1,1,1,1,1,1,1,1,1,1,1,1,1,1,1,1,1,1,1,1,1,1,1,1,1,1,1,1,1,4,4,4,4,1,1,1,1,2,2,2,2,1,1,1,1,4,4,4,4,1,1,1,1,4,4,4,4,1,1,1,1,1,1,1,1,1,1,1,1,1,1,1,1,1,1,1,1,1,1,1,1,1,1,1,1,4,4,4,4,1,1,1,1,4,4,4,4,1,1,1,1,1,1,1,1,1,1,1,1,1,1,1,1
1248,Kaluthara,1,2,2,2,4,3,3,10,5,5,5,5,4,4,4,4,2,2,2,2,2,2,2,2,1,2,2,2,1,1,1,1,1,2,2,2,1,1,1,1,2,2,2,2,1,1,1,1,4,2,2,2,1,1,1,1,1,1,1,1,4,4,4,4,4,4,4,4,3,3,3,3,1,1,1,1,1,1,1,1,1,1,1,1,1,1,1,1,2,1,1,1,1,1,1,1,2,2,2,2,4,4,4,4,1,1,1,1,2,1,1,1,1,1,1,1,1,1,1,1,1,1,1,1,1,1,1,1,1,1,1,1,1,1,1,1,1,1,1,1,1,1,1,1,1,1,1,1,1,1,1,1,1,1,1,1,4,4,4,4,3,3,3,3,2,2,2,2,2,1,1,1
1250,Kaluthara,2,2,4,2,4,3,10,10,3,2,2,3,4,4,4,4,1,1,1,1,2,2,2,2,1,2,2,2,1,1,1,1,1,1,1,1,1,1,1,1,2,2,2,2,1,1,1,1,2,1,1,1,1,1,1,1,1,1,1,1,1,1,1,1,1,1,1,1,1,1,1,1,1,1,1,1,1,1,1,1,1,1,1,1,1,1,1,1,3,1,1,1,1,1,1,1,2,2,2,2,1,1,1,1,4,4,4,4,2,2,2,2,1,1,1,1,4,4,4,4,1,1,1,1,1,1,1,1,1,1,1,1,1,1,1,1,2,2,2,2,1,1,1,1,4,4,4,4,2,2,2,2,1,1,1,1,4,4,4,4,4,4,4,4,1,1,1,1,1,1,1,1
1251,Kaluthara,1,2,4,2,4,3,10,3,5,5,5,5,4,4,4,4,2,2,2,2,1,1,1,1,1,2,2,2,1,1,1,1,1,1,1,1,1,1,1,1,1,1,1,1,1,1,1,1,4,4,4,4,1,1,1,1,1,1,1,1,3,3,3,3,2,2,2,2,1,1,1,1,1,1,1,1,3,1,1,1,3,1,1,1,3,1,1,1,2,1,1,1,1,1,1,1,3,3,3,3,3,3,3,3,1,1,1,1,2,2,2,2,1,1,1,1,4,4,4,4,1,1,1,1,1,1,1,1,1,1,1,1,1,1,1,1,1,1,1,1,1,1,1,1,1,1,1,1,4,4,4,4,1,1,1,1,1,1,1,1,3,3,3,3,2,2,2,2,1,1,1,1
1252,Kaluthara,1,2,2,2,4,1,10,3,3,3,3,3,4,4,4,4,1,1,1,1,1,1,1,1,1,1,1,1,1,1,1,1,1,1,1,1,1,1,1,1,1,1,1,1,1,1,1,1,4,4,4,4,1,1,1,1,1,1,1,1,4,4,4,4,1,1,1,1,1,1,1,1,2,1,1,1,2,1,1,1,1,1,1,1,1,1,1,1,1,1,1,1,1,1,1,1,1,1,1,1,4,4,4,4,1,1,1,1,1,1,1,1,4,4,4,4,4,4,4,4,1,1,1,1,1,1,1,1,1,1,1,1,1,1,1,1,1,1,1,1,1,1,1,1,1,1,1,1,1,1,1,1,1,1,1,1,2,2,2,2,4,4,4,4,1,1,1,1,1,1,1,1
1253,Kaluthara,1,2,5,2,4,3,10,10,3,2,1,2,4,4,4,4,1,1,1,1,1,1,2,1,1,1,1,1,1,1,1,1,1,1,1,1,1,1,1,1,1,1,1,1,1,1,1,1,4,1,1,1,1,1,1,1,1,1,1,1,4,4,4,4,4,4,4,4,1,1,1,1,1,1,1,1,1,1,1,1,1,1,1,1,1,1,1,1,2,1,1,1,1,1,1,1,2,1,2,1,4,4,4,4,1,1,1,1,2,2,2,2,2,2,2,2,4,4,4,4,1,1,1,1,1,1,1,1,1,1,1,1,1,1,1,1,2,1,1,1,4,4,4,4,1,1,1,1,1,1,1,1,2,2,2,2,1,1,1,1,1,1,1,1,1,1,1,1,1,1,1,1
1254,Kaluthara,2,1,3,2,4,1,3,10,3,3,3,3,4,4,4,4,1,1,1,1,1,1,1,1,1,2,2,2,2,2,2,2,2,2,2,2,1,1,1,1,1,1,1,1,2,1,1,1,2,2,2,2,4,3,3,3,1,1,1,1,1,1,1,1,1,1,1,1,1,1,1,1,1,1,1,1,2,1,1,1,2,1,1,1,2,1,1,1,3,1,1,1,1,1,1,1,2,2,2,2,2,2,2,2,2,2,2,2,2,2,2,2,1,1,1,1,4,4,4,4,1,1,1,1,1,1,1,1,1,1,1,1,1,1,1,1,1,1,1,1,1,1,1,1,4,4,4,4,1,1,1,1,1,1,1,1,1,1,1,1,3,3,3,3,1,1,1,1,1,1,1,1
1255,Kaluthara,1,2,2,2,4,1,3,10,2,1,1,1,4,4,4,4,1,1,1,1,2,2,2,2,1,2,1,1,1,1,1,1,1,1,1,1,1,1,1,1,2,4,4,4,1,1,1,1,2,1,1,1,1,1,1,1,1,1,1,1,2,2,2,2,2,2,2,2,1,1,1,1,1,1,1,1,1,1,1,1,1,1,1,1,2,1,1,1,3,1,1,1,1,1,1,1,1,1,1,1,4,4,4,4,1,1,1,1,2,2,2,2,2,4,4,4,4,4,4,4,1,1,1,1,1,1,1,1,1,1,1,1,1,1,1,1,1,1,1,1,4,4,4,4,1,1,1,1,1,1,1,1,2,4,4,4,1,1,1,1,1,1,1,1,1,1,1,1,1,1,1,1
1257,Kaluthara,1,1,2,4,4,1,3,2,2,2,2,2,1,1,1,1,1,1,1,1,3,2,2,2,2,3,3,2,1,1,1,1,2,2,2,2,1,1,1,1,1,1,1,1,1,1,1,1,2,2,2,2,1,1,1,1,2,1,1,1,1,1,1,1,1,1,1,1,1,1,1,2,1,1,1,1,1,1,1,1,1,1,1,1,1,1,1,1,2,1,1,1,3,3,3,3,2,1,1,1,1,1,1,1,1,1,1,1,2,1,1,1,1,1,1,1,3,3,3,3,1,1,1,1,1,1,1,1,1,1,1,1,1,1,1,1,1,1,1,1,1,1,1,1,1,1,1,1,1,1,1,1,1,1,1,1,3,3,3,3,2,2,2,2,1,1,1,1,1,1,2,1
1259,Matale,1,2,2,2,4,1,3,3,2,1,1,2,3,2,3,4,1,1,1,1,1,1,1,1,1,1,1,1,1,1,1,1,4,3,3,3,1,1,1,1,1,1,1,1,1,1,1,1,3,1,2,3,1,1,1,1,1,1,1,1,3,2,2,3,1,1,1,1,1,1,1,1,4,3,3,4,1,1,1,1,1,1,1,1,3,1,1,1,4,1,1,3,1,1,1,1,1,1,1,1,3,4,4,3,1,1,1,1,1,1,1,1,1,1,1,1,4,1,2,3,1,1,1,1,1,1,1,1,4,1,2,3,1,1,1,1,1,1,1,1,4,1,2,3,1,1,1,1,1,1,1,1,1,1,1,1,4,1,2,3,1,1,1,1,1,1,1,1,1,1,1,1
1260,Matale,1,2,4,2,4,4,3,10,2,2,2,2,4,4,4,4,1,1,1,1,1,1,1,1,1,1,1,1,1,1,1,1,4,4,4,4,1,1,1,1,1,1,1,1,1,1,1,1,1,1,1,1,1,1,1,1,1,1,1,1,4,4,4,4,1,1,1,1,1,1,1,1,1,1,1,1,2,1,1,1,1,1,1,1,1,1,1,1,1,1,1,1,1,1,1,1,1,1,1,1,4,4,4,4,1,1,1,1,1,1,1,1,1,1,1,1,3,3,3,3,1,1,1,1,1,1,1,1,1,1,1,1,1,1,1,1,1,1,1,1,1,1,1,1,1,1,1,1,1,1,1,1,1,1,1,1,1,1,1,1,1,1,1,1,1,1,1,1,1,1,1,1
1263,Vauniya,1,2,2,2,7,2,3,2,2,2,2,2,2,1,1,2,2,1,1,1,2,1,1,1,1,1,1,1,1,1,1,1,1,1,1,1,1,1,1,1,1,1,1,1,2,1,1,1,1,1,1,1,2,1,1,1,1,1,1,1,1,1,1,1,2,1,1,1,1,1,1,1,1,1,1,1,1,1,1,1,1,1,1,1,1,1,1,1,1,1,1,1,1,1,1,1,1,1,1,1,2,1,1,1,1,1,1,1,1,1,1,1,1,1,1,1,4,1,1,2,1,1,1,1,1,1,1,1,1,1,1,1,1,1,1,1,1,1,1,1,4,1,1,2,1,1,1,2,1,1,1,1,1,1,1,1,1,1,1,1,1,1,1,1,1,1,1,1,1,1,1,1
1264,Vauniya,1,2,3,2,5,2,1,1,3,3,3,3,3,2,2,2,3,2,2,2,2,1,2,2,2,2,2,2,2,1,1,1,2,1,2,2,1,1,1,1,2,1,1,2,3,2,2,2,2,1,1,2,2,1,2,2,2,2,2,2,2,2,2,2,2,1,2,2,1,1,1,1,2,1,2,2,2,1,1,1,2,1,2,1,2,1,1,1,1,1,1,1,1,1,1,1,1,1,1,1,4,3,4,4,1,1,1,1,1,1,1,1,1,1,1,1,4,4,4,4,1,1,1,1,1,1,1,1,1,1,1,1,1,1,1,1,4,2,4,4,1,1,1,1,1,1,1,1,1,1,1,1,1,1,1,1,4,2,3,3,1,1,1,1,1,1,1,1,1,1,1,1
1265,Kaluthara,1,2,3,2,5,1,3,10,5,5,5,5,1,2,2,2,1,1,1,1,3,2,2,2,1,2,2,2,1,1,1,1,1,1,1,1,1,1,1,1,1,1,1,1,1,1,1,1,3,2,2,2,1,1,1,1,1,1,1,1,2,3,3,3,2,3,3,3,2,3,3,3,2,1,1,1,3,1,1,1,3,1,1,1,1,1,1,1,1,1,1,1,1,1,1,1,2,1,1,1,3,2,2,2,1,1,2,1,2,2,2,2,1,3,3,3,3,1,1,1,1,1,1,1,1,1,1,1,1,1,1,1,1,1,1,1,2,1,1,1,3,2,2,2,1,1,1,1,2,1,1,1,1,3,3,3,3,3,3,3,3,3,3,3,1,1,1,1,1,1,1,1
1266,Kaluthara,1,2,3,2,4,2,3,8,3,1,1,1,3,2,2,2,1,1,1,1,3,2,2,2,1,2,2,2,1,1,2,1,1,1,1,1,1,1,1,1,1,1,1,1,1,1,1,1,2,2,2,2,1,1,1,1,1,1,1,1,2,2,2,2,2,2,2,2,1,1,1,1,1,1,2,1,2,1,1,1,2,1,1,1,1,1,1,1,3,1,1,1,2,1,1,1,2,1,1,1,1,1,1,1,1,1,1,1,3,2,2,2,1,1,1,1,3,1,1,1,1,1,1,1,1,1,1,1,1,1,1,1,1,1,1,1,1,1,1,1,1,1,1,1,1,1,1,1,1,1,1,1,1,1,1,1,3,1,1,1,2,1,1,1,1,1,1,1,1,1,1,1
1267,Kaluthara,1,2,6,2,4,1,8,10,1,1,1,1,3,2,2,2,1,1,1,1,1,1,1,1,1,2,1,1,1,1,1,1,1,1,1,1,1,1,1,1,1,1,1,1,3,1,1,1,2,1,1,1,1,1,1,1,1,1,1,1,2,1,1,1,2,1,1,1,1,1,1,1,1,1,1,1,2,1,1,1,2,1,1,1,2,1,1,1,3,1,1,1,1,1,1,1,2,1,1,1,3,1,1,1,1,1,1,1,3,2,2,2,1,1,1,1,1,1,1,1,1,1,1,1,1,1,1,1,1,1,1,1,1,1,1,1,1,1,1,1,1,1,1,1,1,1,1,1,1,1,1,1,1,1,1,1,1,1,1,1,1,1,1,1,1,1,1,1,1,1,1,1
1269,Matale,2,1,3,2,4,1,7,9,2,2,2,2,4,4,4,4,1,1,1,1,1,1,1,1,1,1,1,1,1,1,1,1,4,4,4,4,1,1,1,1,1,1,1,1,1,1,1,1,1,1,1,1,1,1,1,1,1,1,1,1,4,4,4,4,1,1,1,1,1,1,1,1,1,1,1,1,1,1,1,1,1,1,1,1,1,1,1,1,4,1,1,1,1,1,1,1,1,1,1,1,3,3,3,3,1,1,1,1,1,1,1,1,4,4,4,4,1,1,1,1,1,1,1,1,1,1,1,1,1,1,1,1,1,1,1,1,1,1,1,1,1,1,1,1,1,1,1,1,4,4,4,4,1,1,1,1,4,4,4,4,1,1,1,1,1,1,1,1,1,1,1,1
1272,Vauniya,1,2,5,2,4,2,10,9,1,1,1,1,3,1,2,2,1,1,1,1,1,1,1,1,1,1,1,1,3,3,3,3,2,1,1,1,1,1,1,1,2,2,2,2,2,2,2,2,1,1,1,1,1,1,1,1,1,1,1,1,1,1,1,1,1,1,1,1,1,1,1,1,2,2,2,2,2,1,1,1,2,2,2,2,3,2,2,2,1,1,1,1,1,1,1,1,1,1,1,1,1,1,1,1,1,1,1,1,1,1,1,1,1,1,1,1,1,1,1,1,1,1,1,1,1,1,1,1,1,1,1,1,1,1,1,1,1,1,1,1,1,1,1,1,1,1,1,1,1,1,1,1,1,1,1,1,1,1,1,1,1,1,1,1,1,1,1,1,1,1,1,1
1275,Vauniya,1,2,3,2,4,2,10,9,2,1,2,2,2,1,1,1,1,1,1,1,2,1,1,1,1,1,1,1,1,1,1,1,2,1,1,1,1,1,1,1,1,1,1,1,2,1,1,1,1,1,1,1,2,1,1,1,1,1,1,1,1,1,1,1,2,1,1,1,1,1,1,1,2,1,1,1,2,1,1,1,2,2,2,2,2,1,1,1,2,2,1,2,1,1,1,1,2,2,1,1,3,2,2,2,1,1,1,1,2,2,2,2,1,1,1,1,1,1,1,1,1,1,1,1,1,1,1,1,1,1,1,1,1,1,1,1,1,1,1,1,1,1,1,1,1,1,1,1,1,1,1,1,1,1,1,1,1,1,1,1,1,1,1,1,1,1,1,1,1,1,1,1
1276,Vauniya,1,2,4,2,4,2,4,9,3,2,2,2,2,1,2,2,2,1,2,2,2,1,2,2,2,1,3,3,1,1,1,1,2,1,2,2,1,1,1,1,2,1,2,2,2,1,2,2,2,1,1,1,2,1,2,2,1,2,2,2,2,1,2,2,2,1,2,2,1,1,1,1,2,1,2,2,2,1,1,1,2,1,1,2,2,1,2,2,1,1,1,1,1,1,1,1,1,1,1,1,4,1,2,3,1,1,1,1,1,1,1,1,4,4,4,4,1,1,1,1,1,1,1,1,1,1,1,1,1,1,1,1,1,1,1,1,1,1,1,1,3,2,3,3,1,1,1,1,1,1,1,1,1,1,1,1,1,1,1,1,1,1,1,1,1,1,1,1,1,1,1,1
1277,Vauniya,1,2,4,2,4,3,9,9,2,2,2,2,2,2,2,2,1,1,1,1,1,1,1,1,1,2,2,1,2,2,2,2,2,1,1,1,1,1,1,1,1,2,2,2,1,1,2,2,1,1,1,1,2,1,1,1,2,1,1,1,1,1,1,1,2,1,1,2,1,1,1,1,3,2,2,2,2,1,1,1,2,2,2,1,2,1,1,1,1,1,1,1,1,1,1,1,2,2,2,2,1,1,1,1,1,1,1,1,3,3,3,3,1,1,1,1,1,1,1,1,1,1,1,1,1,1,1,1,1,1,1,1,1,1,1,1,1,1,1,1,1,1,1,1,1,1,1,1,1,1,1,1,1,1,1,1,1,1,1,1,1,1,1,1,1,1,1,1,1,1,1,1
1278,Vauniya,1,2,5,2,4,2,4,9,2,1,1,1,4,1,2,2,1,1,1,1,1,1,1,1,1,1,1,1,4,1,1,2,1,1,1,1,1,1,1,1,1,1,1,1,1,1,1,1,1,1,1,1,2,1,1,1,1,1,1,1,1,1,1,1,1,1,1,1,1,1,1,1,2,1,1,2,1,1,1,1,1,1,1,1,1,1,1,1,1,1,1,1,1,1,1,1,1,1,1,1,4,1,1,2,1,1,1,1,1,1,1,1,1,1,1,1,4,1,2,2,1,1,1,1,1,1,1,1,1,1,1,1,1,1,1,1,1,1,1,1,1,1,1,1,1,1,1,1,4,1,2,2,1,1,1,1,4,1,2,2,1,1,1,1,1,1,1,1,1,1,1,1
1279,Matale,1,2,4,2,4,1,7,9,2,1,1,1,4,4,4,4,1,1,1,1,1,1,1,1,1,1,1,1,1,1,1,1,4,4,1,1,1,1,1,1,1,1,1,1,1,1,1,1,4,4,4,4,1,1,1,1,1,1,1,1,1,1,1,1,1,1,1,1,1,1,1,1,1,1,1,1,3,2,1,1,1,1,1,1,1,1,1,1,1,1,1,1,1,1,1,1,1,1,1,1,1,1,1,1,1,1,1,1,4,4,4,4,1,1,1,1,1,1,1,1,1,1,1,1,1,1,1,1,1,1,1,1,1,1,1,1,1,1,1,1,1,1,1,1,1,1,1,1,1,1,1,1,1,1,1,1,4,4,4,4,1,1,1,1,1,1,1,1,1,1,1,1
1280,Matale,1,2,6,2,4,1,8,7,2,2,2,2,4,3,3,3,1,1,1,1,1,1,1,1,1,3,2,2,1,1,1,1,1,1,1,1,1,1,1,1,1,1,1,1,3,1,1,1,4,3,4,3,1,1,1,1,1,1,1,1,1,1,1,1,1,1,1,1,1,1,1,1,3,2,2,2,2,1,1,1,2,1,1,1,3,1,1,2,4,3,3,3,1,1,1,1,1,1,1,1,1,1,1,1,1,1,1,1,4,3,3,3,1,1,1,1,1,1,1,1,1,1,1,1,1,1,1,1,1,1,1,1,1,1,1,1,1,1,1,1,1,1,1,1,1,1,1,1,1,1,1,1,1,1,1,1,1,1,1,1,1,1,1,1,1,1,1,1,1,1,1,1
1281,Kaluthara,1,2,5,2,7,1,8,10,3,3,3,3,2,3,3,3,3,1,1,1,2,1,1,1,2,3,3,3,2,2,2,2,2,2,1,2,1,1,1,1,1,1,1,1,1,1,1,1,2,1,1,1,1,1,1,1,1,1,1,1,2,1,1,1,2,1,1,1,1,1,1,1,3,1,1,1,2,1,1,1,2,1,1,1,3,1,1,1,3,1,1,1,1,1,1,1,2,1,1,1,3,2,2,2,1,1,1,1,3,2,2,1,1,1,1,1,3,3,3,3,1,1,1,1,1,1,2,1,3,1,1,1,1,3,3,3,1,1,1,1,1,1,1,1,1,1,1,1,1,1,1,1,1,1,1,1,3,2,2,2,3,2,2,2,1,1,1,1,1,1,1,1
1282,Kaluthara,1,2,2,2,4,3,10,10,3,2,2,2,4,4,4,4,1,1,1,1,1,1,1,1,1,1,1,1,1,1,1,1,1,1,1,1,1,1,1,1,1,1,1,1,1,1,1,1,4,4,4,4,1,1,1,1,1,1,1,1,4,4,4,4,1,1,1,1,1,1,1,1,1,1,1,1,2,1,1,1,1,1,1,1,1,1,1,1,1,1,1,1,1,1,1,1,1,1,1,1,1,1,1,1,4,4,4,4,1,1,1,1,4,4,4,4,4,4,4,4,1,1,1,1,1,1,1,1,1,1,1,1,1,1,1,1,1,1,1,1,1,1,1,1,1,1,1,1,4,4,4,4,4,4,4,4,1,1,1,1,1,1,1,1,1,1,1,1,1,1,1,1
1285,Matale,1,2,3,2,4,1,5,10,3,3,3,3,4,4,4,4,1,1,1,1,1,1,1,1,1,1,1,1,1,1,1,1,1,1,1,1,1,1,1,1,2,2,2,2,1,1,1,1,1,1,1,1,1,1,1,1,1,1,1,1,1,1,1,1,1,1,1,1,1,1,1,1,2,2,2,2,1,1,1,1,1,1,1,1,1,1,1,1,4,1,1,3,1,1,1,1,2,4,4,2,1,1,1,1,1,1,1,1,3,3,3,3,1,1,1,1,1,1,1,1,1,1,1,1,1,1,1,1,1,1,1,1,1,1,1,1,1,1,1,1,1,1,1,1,1,1,1,1,1,1,1,1,1,1,1,1,1,1,1,1,1,1,1,1,1,1,1,1,1,1,1,1
1287,Vauniya,1,2,2,2,4,2,7,9,2,2,2,2,3,2,2,2,3,1,1,1,1,1,1,2,2,2,1,1,3,2,2,2,2,1,1,1,1,1,1,1,2,1,1,2,2,1,1,1,2,1,1,1,2,1,1,1,1,1,1,1,2,1,1,1,2,1,1,1,1,1,1,1,2,1,1,1,3,1,1,1,1,1,1,1,2,1,1,1,2,1,1,1,1,1,1,1,1,1,1,1,3,3,3,3,1,1,1,1,2,1,2,2,1,1,1,1,1,1,1,1,1,1,1,1,1,1,1,1,1,1,1,1,1,1,1,1,1,1,1,1,1,1,1,1,1,1,1,1,1,1,1,1,1,1,1,1,1,1,1,1,1,1,1,1,1,1,1,1,1,1,1,1
1288,Vauniya,2,1,5,2,4,2,10,9,2,1,1,1,4,2,2,2,1,1,1,1,1,1,1,1,2,3,3,2,3,2,2,2,1,1,1,1,1,1,1,1,1,1,1,1,1,1,1,1,1,1,1,1,1,1,1,1,1,1,1,1,1,1,1,1,1,1,1,1,1,1,1,1,2,1,1,2,1,1,1,1,1,1,1,1,3,1,1,1,3,1,1,2,1,1,1,1,1,1,1,1,1,1,1,1,1,1,1,1,3,1,1,2,3,2,2,2,1,1,1,1,1,1,1,1,1,1,1,1,4,1,2,2,1,1,1,1,1,1,1,1,1,1,1,1,1,1,1,1,4,2,2,2,3,2,2,3,2,2,2,2,1,1,1,1,1,1,1,1,1,1,1,1
1289,Matale,1,2,3,2,4,1,10,10,2,1,1,1,4,4,4,4,1,1,1,1,1,1,1,1,1,2,2,2,2,3,3,3,1,1,1,1,1,1,1,1,3,3,3,3,2,1,1,2,1,1,1,1,4,4,4,4,1,1,1,1,1,1,1,1,1,1,1,1,1,1,1,1,2,2,2,2,2,1,1,1,2,1,1,1,2,1,1,1,3,1,1,3,1,1,1,1,1,1,1,1,3,3,3,3,1,1,1,1,3,3,3,3,1,1,1,1,4,1,4,4,1,1,1,1,1,1,1,1,1,1,1,1,1,1,1,1,1,1,1,1,4,2,4,4,1,1,1,1,1,1,1,1,1,1,1,1,1,1,1,1,1,1,1,1,4,4,4,4,1,1,1,1
1290,Kaluthara,1,2,1,2,4,3,10,10,2,2,2,2,4,4,4,4,1,1,1,1,1,1,1,1,1,1,1,1,1,1,1,1,1,1,1,1,1,1,1,1,1,1,1,1,1,1,1,1,4,3,4,3,1,1,1,1,1,1,1,1,3,3,3,3,1,1,1,1,1,1,1,1,1,1,1,1,2,1,2,1,2,1,2,1,2,1,2,2,1,1,1,1,1,1,1,1,4,4,4,4,1,1,1,1,1,1,1,1,2,2,2,2,1,1,1,1,4,4,4,4,1,1,1,1,1,1,1,1,1,1,1,1,1,1,1,1,1,1,1,1,1,1,1,1,1,1,1,1,4,4,4,4,1,1,1,1,1,1,1,1,1,1,1,1,4,4,4,4,1,1,1,1
1291,Vauniya,1,2,5,2,4,2,4,9,2,1,1,1,2,1,1,1,2,1,1,1,2,1,1,3,1,1,1,1,1,1,1,1,2,1,1,2,1,1,1,1,1,1,1,1,2,2,2,2,2,1,1,1,2,1,1,1,1,1,1,1,1,1,1,1,2,1,1,1,1,1,1,1,2,1,1,1,3,1,1,1,3,1,2,1,3,2,1,1,2,2,1,1,1,1,1,1,2,2,2,2,1,1,1,1,1,1,1,1,2,2,2,2,1,1,1,1,1,1,1,1,1,1,1,1,1,1,1,1,1,1,1,1,1,1,1,1,1,1,1,1,1,1,1,1,1,1,1,1,1,1,1,1,1,1,1,1,1,1,1,1,1,1,1,1,1,1,1,1,1,1,1,1
1292,Kaluthara,1,2,6,2,5,1,10,10,2,2,2,2,4,4,4,4,1,1,1,1,1,1,1,1,1,2,2,2,1,1,1,1,1,1,1,1,1,1,1,1,2,2,2,2,1,1,1,1,4,2,2,2,1,1,1,1,1,1,1,1,4,4,4,4,4,4,4,4,1,1,1,1,1,1,1,1,3,1,1,1,4,1,1,1,2,1,1,1,1,1,1,1,1,1,1,1,2,2,2,2,4,4,4,4,1,1,1,1,2,2,2,2,1,2,2,2,4,4,4,4,1,1,1,1,1,1,1,1,1,1,1,1,1,1,1,1,2,1,1,1,4,4,4,4,1,1,1,1,1,1,1,1,2,2,2,2,4,4,4,4,1,1,1,1,1,1,1,1,1,1,1,1
1295,Matale,1,2,3,2,4,1,3,3,3,1,1,1,1,1,1,1,1,1,1,1,1,1,1,1,1,1,1,1,1,1,1,1,4,3,4,4,1,1,1,1,1,4,4,3,1,1,1,1,2,1,1,1,1,1,1,1,1,1,1,1,3,2,2,1,1,1,1,1,1,1,1,1,4,3,3,3,2,1,1,1,1,1,1,1,1,1,1,1,4,1,2,2,1,1,1,1,1,1,1,1,1,1,1,1,1,1,1,1,1,1,1,1,1,1,1,1,4,1,1,1,1,1,1,1,1,1,1,1,4,1,1,1,1,1,1,1,1,1,1,1,1,1,1,1,1,1,1,1,1,1,1,1,1,1,1,1,4,1,1,1,1,1,1,1,1,1,1,1,1,1,1,1
1296,Matale,1,2,3,2,4,1,10,3,5,3,3,5,3,3,3,3,2,2,2,2,1,1,1,1,2,3,2,2,1,1,1,1,1,1,1,1,1,1,1,1,2,2,2,2,1,1,1,1,4,4,4,4,1,1,1,1,1,1,1,1,3,3,3,3,1,1,1,1,1,1,1,1,2,2,2,2,2,1,1,1,2,1,1,1,2,1,1,1,2,1,1,2,1,1,1,1,1,1,1,1,3,4,4,3,1,1,1,1,2,2,2,2,1,3,1,1,4,2,4,4,1,1,1,1,1,1,1,1,3,1,1,3,1,1,1,1,1,1,1,1,3,3,3,3,1,1,1,1,1,1,1,1,1,1,1,1,4,4,4,4,1,1,1,1,4,4,4,4,1,1,1,1
1297,Kaluthara,1,2,3,2,5,3,10,10,2,2,2,2,4,4,4,4,4,1,1,1,2,1,1,1,1,3,3,2,1,1,1,1,1,1,1,1,2,1,1,1,1,1,1,1,1,1,1,1,4,2,2,2,1,1,1,1,1,1,1,1,4,4,4,4,4,4,4,4,2,2,2,2,1,1,1,1,2,1,1,1,2,1,1,1,2,1,1,1,1,1,1,1,1,1,1,1,2,2,2,2,4,4,4,4,1,1,1,1,2,2,2,2,2,4,4,4,4,4,4,4,2,1,1,1,1,1,1,1,1,1,1,1,1,1,1,1,1,1,1,1,4,4,4,4,1,1,1,1,1,1,1,1,2,2,2,2,4,4,4,4,2,2,2,2,2,2,2,2,1,1,1,1
1300,Kaluthara,1,2,2,2,4,3,10,10,3,1,1,2,4,4,4,4,1,1,1,1,1,1,1,1,1,1,1,1,1,1,1,1,1,1,1,1,1,1,1,1,1,1,1,1,1,1,1,1,4,4,4,4,1,1,1,1,1,1,1,1,4,4,4,4,1,1,1,1,1,1,1,1,2,1,1,1,1,1,1,1,1,1,1,1,1,1,1,1,1,1,1,1,1,1,1,1,2,1,1,1,4,4,4,4,1,1,1,1,1,1,1,1,4,4,4,4,4,4,4,4,1,1,1,1,1,1,1,1,1,1,1,1,1,1,1,1,1,1,1,1,4,4,4,4,1,1,1,1,1,1,1,1,1,1,1,1,1,1,1,1,4,2,4,4,3,1,3,3,1,1,1,1
1301,Kaluthara,1,2,4,2,4,3,10,3,2,2,2,2,2,4,4,4,4,1,1,1,2,2,2,2,1,2,2,2,1,1,1,1,1,1,1,1,1,1,1,1,1,1,1,1,1,1,1,1,4,2,2,2,1,1,1,1,1,1,1,1,3,3,3,3,1,1,1,1,1,1,1,1,1,1,1,1,4,1,1,1,4,1,1,1,4,1,1,1,1,1,1,2,3,1,1,1,1,3,3,3,4,4,1,1,1,1,1,1,1,1,1,1,1,1,1,1,1,1,1,1,1,1,1,1,1,1,1,1,1,1,1,1,1,1,1,1,1,1,1,1,1,1,1,1,1,1,1,1,1,1,1,1,1,4,4,4,1,1,1,1,1,1,1,1,4,1,1,1,1,1,1,1
1302,Vauniya,1,1,4,2,4,2,7,3,2,1,1,1,2,1,1,2,1,1,1,1,1,1,1,1,2,1,1,1,1,1,1,1,1,1,1,1,1,1,1,1,1,1,1,1,2,1,1,2,1,1,1,1,1,1,1,2,1,1,1,1,1,1,1,1,1,1,1,1,1,1,1,1,2,2,2,2,1,1,1,1,1,1,1,1,1,1,1,1,4,1,1,2,1,1,1,1,1,1,2,2,1,1,1,1,1,1,1,1,2,1,1,1,4,1,2,2,1,1,1,1,1,1,1,1,1,1,1,1,1,1,1,1,1,1,1,1,1,1,1,1,1,1,1,1,1,1,1,1,4,1,2,2,4,1,2,2,1,1,1,1,1,1,1,1,1,1,1,1,1,1,1,1
1304,Kaluthara,1,2,2,2,4,3,10,10,2,1,1,1,4,4,4,4,1,1,1,1,1,1,1,1,1,2,2,2,1,1,1,1,1,1,1,1,1,1,1,1,2,2,2,2,1,1,1,1,2,1,1,1,1,1,1,1,1,1,1,1,2,2,2,2,2,2,2,2,1,1,1,1,1,1,1,1,1,1,1,1,1,1,1,1,1,1,1,1,2,1,1,1,1,1,1,1,1,1,1,1,4,4,4,4,1,1,1,1,2,2,2,2,2,3,3,3,4,4,4,4,1,1,1,1,1,1,1,1,1,1,1,1,1,1,1,1,1,1,1,1,4,4,4,4,1,1,1,1,1,1,1,1,2,3,3,3,2,2,2,2,1,1,1,1,1,1,1,1,1,1,1,1
1305,Matale,1,2,2,2,4,1,3,8,3,2,2,3,4,2,3,4,1,1,1,1,1,1,1,1,1,1,1,1,1,1,1,1,1,1,1,1,1,1,1,1,2,3,3,3,1,1,1,1,3,2,2,3,1,1,1,1,1,1,1,1,3,2,3,4,1,1,1,1,1,1,2,2,4,3,3,3,2,1,1,1,1,1,1,1,3,1,1,1,3,1,2,3,1,1,1,1,1,1,1,1,3,4,3,3,1,1,1,1,1,1,1,1,1,1,1,1,4,1,2,3,1,1,1,1,1,1,1,1,1,1,1,1,4,1,2,3,1,1,1,1,1,1,1,1,1,1,1,1,1,1,1,1,1,1,1,1,1,1,1,1,4,1,2,3,1,1,1,1,1,1,1,1
1306,Vauniya,1,2,6,2,4,2,7,9,2,2,2,2,2,1,1,1,3,1,1,1,2,1,1,1,2,1,1,2,3,3,3,3,2,1,1,1,1,1,1,1,2,1,1,1,2,2,2,2,1,1,1,1,2,1,1,1,1,1,1,1,2,1,1,1,1,1,1,1,1,1,1,1,2,2,2,2,2,1,1,1,3,2,2,2,2,1,1,1,1,1,1,1,1,1,1,1,1,1,1,1,1,1,1,1,1,1,1,1,1,1,1,1,1,1,1,1,1,1,1,1,1,1,1,1,1,1,1,1,1,1,1,1,1,1,1,1,1,1,1,1,1,1,1,1,1,1,1,1,1,1,1,1,1,1,1,1,1,1,1,1,1,1,1,1,1,1,1,1,1,1,1,1
1307,Kaluthara,1,2,4,3,4,3,10,10,3,2,2,2,4,4,4,4,1,1,1,1,1,1,1,1,1,1,1,1,1,1,1,1,1,1,1,1,1,1,1,1,1,1,1,1,2,1,1,1,4,4,4,4,1,1,1,1,1,1,1,1,4,4,4,4,1,1,1,1,1,1,1,1,2,1,2,2,2,1,1,1,1,1,1,1,1,1,1,1,2,1,1,1,1,1,1,1,3,3,3,3,1,1,1,1,2,2,2,2,2,2,2,2,1,1,1,1,4,4,4,4,1,1,1,1,1,1,1,1,1,1,1,1,1,1,1,1,1,1,1,1,1,1,1,1,4,4,4,4,1,1,1,1,1,1,1,1,4,4,4,4,4,4,4,4,1,1,1,1,1,1,1,1
1309,Matale,1,2,4,2,4,1,10,3,2,1,1,1,4,3,3,3,1,1,1,1,1,1,1,1,1,2,2,2,1,1,1,1,1,1,1,1,1,1,1,1,1,1,1,1,1,1,1,1,3,2,4,3,1,1,1,1,1,1,1,1,1,1,1,1,1,1,1,1,1,1,1,1,2,1,1,1,2,1,1,1,2,1,1,1,3,1,1,2,4,2,3,3,1,1,1,1,1,1,1,1,1,1,1,1,1,1,1,1,4,3,3,3,4,2,3,3,1,1,1,1,1,1,1,1,1,1,1,1,1,1,1,1,1,1,1,1,1,1,1,1,1,1,1,1,1,1,1,1,1,1,1,1,4,2,3,4,4,2,3,3,1,1,1,1,1,1,1,1,1,1,1,1
1311,Kaluthara,1,2,3,2,4,3,10,10,2,2,2,2,4,4,4,4,2,2,2,2,2,2,3,2,1,2,2,2,1,1,1,1,1,1,1,1,1,1,1,1,1,1,1,1,1,1,1,1,4,2,2,2,1,1,1,1,1,1,1,1,4,4,4,4,4,4,4,4,2,2,2,2,1,1,1,1,4,1,1,1,1,1,1,1,1,1,1,1,1,1,1,1,1,1,1,1,2,1,1,1,4,4,4,4,1,1,1,1,2,2,2,2,1,1,1,1,4,4,4,4,1,1,1,1,1,1,1,1,1,1,1,1,1,1,1,1,1,1,1,1,4,4,4,4,1,1,1,1,1,1,1,1,1,1,1,1,4,4,4,4,1,1,1,1,1,1,1,1,1,1,1,1
1312,Matale,1,2,3,2,4,1,10,3,2,1,1,1,2,3,3,3,1,1,1,1,1,1,1,1,1,1,1,1,1,1,1,1,1,1,1,1,1,1,1,1,1,2,2,2,4,1,1,1,2,2,2,2,1,1,1,1,4,3,3,3,1,1,1,1,1,1,1,1,1,1,1,1,3,2,2,2,3,1,1,1,3,1,1,1,3,1,1,1,1,1,1,1,1,1,1,1,1,1,1,1,4,3,3,3,1,1,1,1,1,1,1,1,1,1,1,1,4,1,2,3,1,1,1,1,1,1,1,1,1,1,1,1,1,1,1,1,1,1,1,1,1,1,1,1,1,1,1,1,1,1,1,1,1,1,1,1,4,1,2,2,1,1,1,1,1,1,1,1,1,1,1,1
1315,Matale,1,1,4,2,4,1,3,3,3,3,3,3,3,3,3,3,1,1,1,1,1,1,1,1,1,1,1,1,1,1,1,1,1,1,1,1,1,1,1,1,1,1,1,1,1,1,1,1,1,1,1,1,1,1,1,1,1,1,1,1,3,3,3,3,1,1,1,1,1,1,1,1,1,1,1,1,1,1,1,1,1,1,1,1,1,1,1,1,3,3,3,3,1,1,1,1,1,1,1,1,1,1,1,1,1,1,1,1,1,1,1,1,1,1,1,1,3,3,3,3,1,1,1,1,1,1,1,1,4,1,1,1,1,1,1,1,1,1,1,1,1,1,1,1,1,1,1,1,1,1,1,1,1,1,1,1,1,1,1,1,3,3,3,3,1,1,1,1,1,1,1,1
1317,Matale,1,2,5,2,4,1,10,2,2,1,1,1,1,4,3,1,4,2,3,4,1,1,1,1,1,2,1,1,3,2,2,2,1,1,1,1,1,1,1,1,1,1,1,1,2,1,1,1,2,1,1,1,1,1,1,1,1,1,1,1,1,1,1,1,1,1,1,1,1,1,1,1,1,1,1,1,1,1,1,1,1,1,1,1,3,1,1,1,1,1,1,1,1,1,1,1,1,1,1,1,3,4,3,3,1,1,1,1,3,1,1,1,1,1,1,1,4,1,2,3,1,1,1,1,1,1,1,1,1,1,1,1,1,1,1,1,1,1,1,1,1,1,1,1,1,1,1,1,1,1,1,1,1,1,1,1,4,1,2,2,1,1,1,1,1,1,1,1,1,1,1,1
1318,Matale,1,2,4,2,4,1,9,3,1,1,1,1,4,3,3,3,1,1,1,1,1,1,1,1,1,2,2,2,1,1,1,1,1,1,1,1,1,1,1,1,1,1,1,1,4,1,2,2,2,1,2,2,1,1,1,1,4,3,3,3,4,3,3,3,4,3,3,3,1,1,1,1,4,2,2,2,1,1,1,1,1,1,1,1,1,1,1,1,4,1,2,2,1,1,1,1,1,1,1,1,1,1,1,1,1,1,1,1,4,3,3,3,1,1,1,1,4,3,3,3,1,1,1,1,1,1,1,1,4,3,3,3,1,1,1,1,1,1,1,1,1,1,1,1,1,1,1,1,4,3,3,3,1,1,1,1,4,2,3,3,4,2,2,2,1,1,1,1,1,1,1,1
1319,Matale,1,1,2,2,1,1,10,3,2,1,1,1,3,3,3,3,1,1,1,1,1,1,1,1,1,1,1,1,1,1,1,1,1,1,1,1,1,1,1,1,1,1,1,1,4,2,1,2,3,2,2,2,1,1,1,1,4,3,3,3,1,1,1,1,1,1,1,1,1,1,1,1,2,1,1,1,3,1,1,1,3,1,1,1,3,1,1,1,2,2,2,2,1,1,1,1,1,1,1,1,1,1,1,1,1,1,1,1,4,3,3,3,1,1,1,1,4,1,2,2,1,1,1,1,1,1,1,1,1,1,1,1,1,1,1,1,1,1,1,1,1,1,1,1,1,1,1,1,1,1,1,1,1,1,1,1,1,1,1,1,4,1,2,3,1,1,1,1,1,1,1,1
1320,Matale,1,2,2,2,3,1,9,3,2,1,1,2,2,3,2,2,1,1,1,1,1,1,1,1,1,1,1,1,1,1,1,1,4,3,4,4,1,1,1,1,1,1,1,1,3,1,1,1,2,2,2,2,1,1,1,1,1,1,1,1,1,1,1,1,1,1,1,1,1,1,1,1,3,3,3,3,1,1,1,1,1,1,1,1,3,1,1,1,4,1,2,3,1,1,1,1,3,1,2,3,1,1,1,1,1,1,1,1,1,1,1,1,1,1,1,1,4,1,2,3,1,1,1,1,1,1,1,1,1,1,1,1,1,1,1,1,1,1,1,1,1,1,1,1,1,1,1,1,4,1,2,3,1,1,1,1,1,1,1,1,1,1,1,1,4,1,1,3,1,1,1,1
1323,Matale,1,2,2,2,4,1,10,10,3,3,3,3,4,4,4,4,1,1,1,1,1,1,1,1,1,1,1,1,1,1,1,1,1,1,1,1,1,1,1,1,1,1,1,1,1,1,1,1,4,4,4,4,1,1,1,1,1,1,1,1,4,4,4,4,1,1,1,1,1,1,1,1,1,1,1,1,2,1,1,1,2,1,1,1,2,1,1,1,1,1,1,1,1,1,1,1,1,1,1,1,4,4,4,4,3,3,3,3,1,1,1,1,1,1,1,1,4,4,4,4,1,1,1,1,1,1,1,1,1,1,1,1,1,1,1,1,1,1,1,1,4,4,4,4,1,1,1,1,1,1,1,1,1,1,1,1,4,4,4,4,1,1,1,1,1,1,1,1,1,1,1,1
1324,Matale,1,2,2,2,4,1,1,6,3,2,2,2,1,1,1,1,1,1,1,1,3,3,3,3,1,1,1,1,1,1,1,1,1,1,1,1,1,1,1,1,1,1,1,1,1,1,1,1,1,1,1,1,1,1,1,1,1,1,1,1,1,1,1,1,4,4,4,4,1,1,1,1,1,1,1,1,1,1,1,1,1,1,1,1,1,1,1,1,3,1,1,1,1,1,1,1,1,1,1,1,1,1,1,1,1,1,1,1,1,1,1,1,1,1,1,1,1,1,1,1,1,1,1,1,1,1,1,1,1,1,1,1,3,3,3,3,1,1,1,1,1,1,1,1,1,1,1,1,1,1,1,1,1,1,1,1,1,1,1,1,4,4,4,4,1,1,1,1,1,1,1,1
1326,Kaluthara,1,2,3,2,4,1,1,10,3,3,3,3,4,4,4,4,1,1,1,1,2,2,2,2,1,2,2,2,1,1,1,1,2,1,1,1,1,1,1,1,2,2,2,2,1,1,1,1,2,1,1,1,1,1,1,1,1,1,1,1,4,4,4,4,4,4,4,4,1,1,1,1,1,1,1,1,1,1,1,1,1,1,1,2,2,1,1,1,2,1,1,1,1,1,1,1,2,2,2,2,4,4,4,4,1,1,1,1,2,2,2,2,1,1,1,1,4,4,4,4,1,1,1,1,1,1,1,1,1,1,1,1,4,1,1,1,1,1,1,1,2,4,4,4,1,1,1,1,1,1,1,1,1,1,1,1,4,4,4,4,3,3,3,3,1,1,1,1,1,1,1,1
1327,Matale,1,2,3,2,4,1,3,10,2,2,1,1,4,4,4,4,1,1,1,1,1,1,1,1,1,1,1,1,1,1,1,1,1,1,1,1,1,1,1,1,2,2,2,2,2,2,2,2,2,2,2,2,1,1,1,1,1,1,1,1,1,1,1,1,1,1,1,1,1,1,1,1,2,2,2,2,1,1,1,1,1,1,1,1,1,1,1,1,1,1,1,1,1,1,1,1,1,1,1,1,1,1,1,1,4,4,4,4,2,2,2,2,1,1,1,1,4,4,4,4,1,1,1,1,1,1,1,1,1,1,1,1,1,1,1,1,1,1,1,1,4,4,4,4,1,1,1,1,1,1,1,1,1,1,1,1,1,1,1,1,1,1,1,1,4,4,4,4,1,1,1,1
1328,Kaluthara,1,2,4,2,4,1,8,4,3,2,2,2,4,4,4,4,1,1,1,1,1,1,1,1,1,3,2,1,3,3,3,3,1,1,1,1,1,1,1,1,3,3,3,3,1,1,1,1,4,4,4,4,1,1,1,1,1,1,1,1,1,1,1,1,1,1,1,1,1,1,1,1,1,1,1,1,2,1,1,1,2,1,1,1,2,1,1,1,4,4,4,4,1,1,1,1,2,2,2,2,2,2,2,2,1,1,1,1,3,3,3,3,1,1,1,1,4,4,4,4,1,1,1,1,1,1,1,1,4,4,4,4,1,1,1,1,1,1,1,1,1,1,1,1,1,1,1,1,1,1,1,1,4,4,4,4,3,3,3,3,1,1,1,1,1,1,1,1,1,1,1,1
1329,Kaluthara,1,2,3,2,4,1,10,10,2,1,1,1,4,4,4,4,1,1,1,1,2,1,1,1,1,2,2,2,1,1,1,1,1,1,1,1,1,1,1,1,2,2,2,2,1,1,1,1,2,1,1,1,1,1,1,1,2,2,2,2,2,2,2,2,2,2,2,2,1,1,1,1,1,1,1,1,1,1,1,1,1,1,1,1,1,1,1,1,2,1,1,1,1,1,1,1,2,1,1,1,4,4,4,4,2,2,2,2,2,2,2,2,1,1,1,1,4,4,4,4,1,1,1,1,1,1,1,1,1,1,1,1,1,1,1,1,2,1,1,1,4,4,4,4,2,2,2,2,1,1,1,1,1,1,1,1,4,4,4,4,1,1,1,1,1,1,1,1,1,1,1,1
1332,Kaluthara,1,2,3,2,4,1,3,4,3,2,2,2,4,4,4,4,1,1,1,1,1,1,1,1,1,1,1,1,1,2,2,2,1,1,1,1,1,1,1,1,1,1,1,1,1,1,1,1,4,4,4,4,1,1,1,1,2,2,2,2,1,1,1,1,1,1,1,1,1,1,1,1,2,1,1,1,1,1,1,1,1,1,1,1,2,1,1,1,4,4,4,4,1,1,1,1,1,1,1,1,1,1,1,1,1,1,1,1,2,2,2,2,1,1,1,1,1,1,1,1,4,4,4,4,1,1,1,1,4,4,4,4,1,1,1,1,1,1,1,1,1,1,1,1,1,1,1,1,1,1,1,1,1,1,1,1,4,4,4,4,1,1,1,1,1,1,1,1,1,1,1,1
1333,Kaluthara,2,1,2,2,4,1,3,8,3,2,3,3,2,2,2,2,3,2,2,2,2,1,1,1,2,3,3,3,1,1,1,1,3,2,2,2,1,1,1,1,1,1,1,1,2,1,1,1,3,1,1,1,1,1,1,1,1,1,1,1,3,2,2,2,3,2,2,2,1,1,1,1,1,1,1,1,2,1,1,1,1,1,1,1,1,1,1,1,2,1,1,1,3,1,3,3,2,1,1,1,3,2,2,2,1,1,1,1,2,2,2,2,1,1,1,1,3,1,3,3,1,1,1,1,1,1,1,1,1,1,1,1,1,1,1,1,1,1,1,1,1,1,1,1,1,1,1,1,1,1,1,1,1,1,1,1,3,1,3,3,3,1,3,3,1,1,1,1,1,1,2,1
1334,Kaluthara,1,2,5,2,4,1,7,10,2,1,1,1,4,2,2,2,2,1,1,1,3,2,2,2,1,1,1,1,3,3,3,3,1,1,1,1,1,1,1,1,1,1,1,1,1,1,1,1,2,2,1,2,1,1,1,1,1,1,1,1,2,2,2,2,2,2,2,2,1,1,1,1,1,1,1,1,2,1,1,1,2,1,1,1,1,1,1,1,2,1,1,1,1,1,1,1,2,1,1,1,3,2,2,2,2,2,2,2,2,2,2,2,3,2,2,2,3,2,2,2,1,1,1,1,1,1,1,1,1,1,1,1,1,1,1,1,1,1,1,1,1,1,1,1,1,1,1,1,3,2,2,2,1,1,1,1,3,1,1,1,3,1,1,1,1,1,1,1,1,1,1,1
1335,Matale,1,2,3,2,7,1,2,7,3,3,3,3,3,3,3,3,1,1,1,1,4,4,4,4,1,1,1,1,1,1,1,1,1,1,1,1,1,1,1,1,1,1,1,1,1,1,1,1,4,1,1,1,1,1,1,1,1,1,1,1,4,4,4,4,4,4,4,4,1,1,1,1,1,1,1,1,3,1,1,1,3,1,1,1,1,1,1,1,1,1,1,1,1,1,1,1,1,1,1,1,4,4,4,4,1,1,1,1,1,1,1,1,1,1,1,1,1,1,1,1,4,4,4,4,1,1,1,1,1,1,1,1,1,1,1,1,1,1,1,1,4,4,4,4,1,1,1,1,1,1,1,1,1,1,1,1,4,4,4,4,1,1,1,1,1,1,1,1,1,1,1,1
1336,Kaluthara,1,2,4,2,4,1,10,9,3,3,3,3,2,4,4,4,1,1,1,1,4,2,2,2,1,1,1,1,3,3,3,3,1,1,1,1,1,1,1,1,1,1,1,1,3,1,1,1,2,2,2,2,1,1,1,1,4,4,4,4,1,1,1,1,1,1,1,1,1,1,1,1,2,1,1,1,1,1,1,1,1,1,1,1,1,1,1,1,4,4,4,4,1,1,1,1,2,2,2,2,1,1,1,1,1,1,1,1,1,1,1,1,1,1,1,1,4,2,4,4,1,1,1,1,1,1,1,1,2,2,2,2,4,2,4,4,1,1,1,1,1,1,1,1,1,1,1,1,1,1,1,1,1,1,1,1,4,2,4,4,2,1,1,1,1,1,1,1,1,1,1,1
1338,Kaluthara,1,2,4,2,5,1,4,5,5,5,5,5,2,2,2,2,3,2,2,2,2,2,2,2,1,3,3,3,2,2,2,1,2,1,1,1,1,1,1,1,1,1,1,1,2,1,1,1,3,2,2,2,1,1,1,1,1,1,1,1,3,2,2,2,3,2,2,1,1,1,1,1,1,1,1,1,2,1,1,1,2,1,1,1,1,1,1,1,3,1,1,1,1,2,2,2,2,1,1,1,3,2,2,2,1,1,1,1,2,2,2,2,1,3,3,3,3,1,2,2,1,1,1,1,1,1,1,1,1,1,1,1,1,1,1,1,1,1,1,1,1,1,1,1,1,1,1,1,1,1,1,1,1,3,3,3,3,2,2,2,3,2,2,2,1,1,1,1,1,1,1,1
1339,Matale,1,2,4,2,4,3,3,7,3,3,3,3,4,4,4,4,1,1,1,1,1,1,1,1,1,1,1,1,1,1,1,1,1,1,1,1,3,3,3,4,1,1,1,1,1,1,1,1,1,1,1,1,1,1,1,1,1,1,1,1,4,4,4,4,4,4,4,4,1,1,1,1,1,1,1,1,1,1,1,1,1,1,1,1,1,1,1,1,1,1,1,1,1,1,1,1,1,1,1,1,1,1,1,1,4,4,4,4,1,1,1,1,1,1,1,1,1,1,1,1,1,1,1,1,4,4,4,4,1,1,1,1,1,1,1,1,1,1,1,1,1,1,1,1,1,1,1,1,1,1,1,1,1,1,1,1,4,4,4,4,1,1,1,1,1,1,1,1,1,1,1,1
1340,Matale,1,2,3,2,5,3,1,7,3,3,3,3,4,3,3,3,1,1,1,1,1,1,1,1,1,1,1,1,1,1,1,1,1,1,1,1,1,1,1,1,1,1,1,1,1,1,1,1,3,1,1,1,1,1,1,1,1,1,1,1,3,3,3,3,3,3,3,3,1,1,1,3,3,2,2,2,3,1,1,1,3,1,1,1,3,1,1,2,4,1,1,1,1,1,1,1,3,2,2,2,4,3,3,3,1,1,1,1,1,1,1,1,1,3,3,2,4,1,2,3,1,1,1,1,1,1,1,1,4,1,2,3,1,1,1,1,1,1,1,1,3,3,3,3,1,1,1,1,1,1,1,1,1,4,2,3,4,2,3,3,4,3,3,3,1,1,1,1,1,1,1,1
1341,Kaluthara,3,2,2,1,4,1,3,3,3,2,2,3,3,3,3,3,1,1,1,1,1,1,1,1,1,2,2,1,3,3,3,3,3,2,2,1,1,1,1,1,1,1,1,1,1,1,1,1,1,1,1,1,3,3,3,3,1,1,1,1,1,1,1,1,3,3,3,3,1,1,1,1,2,2,2,2,1,1,1,1,1,1,1,1,1,1,1,1,2,1,1,1,1,1,1,1,2,2,2,2,3,3,3,3,1,1,1,1,1,1,1,1,1,1,1,1,4,4,4,4,1,1,1,1,1,1,1,1,1,1,1,1,1,1,1,1,1,1,1,1,3,3,3,3,1,1,1,1,1,1,1,1,1,1,1,1,1,1,1,1,3,3,3,3,2,2,2,2,1,1,1,1
1345,Matale,1,2,5,2,3,3,3,3,2,1,1,1,4,4,4,4,1,1,1,1,1,1,1,1,1,1,1,1,1,1,1,1,4,4,4,4,1,1,1,1,1,1,1,1,1,1,1,1,1,1,1,1,1,1,1,1,1,1,1,1,4,4,4,4,1,1,1,1,1,1,1,1,1,1,1,1,1,1,1,1,1,1,1,1,1,1,1,1,2,1,1,1,1,1,1,1,1,1,1,1,3,3,3,3,1,1,1,1,1,1,1,1,1,1,1,1,4,4,4,4,1,1,1,1,1,1,1,1,1,1,1,1,1,1,1,1,1,1,1,1,1,1,1,1,1,1,1,1,1,1,1,1,1,1,1,1,1,1,1,1,4,4,4,4,1,1,1,1,1,1,1,1
1346,Matale,1,2,5,2,5,3,3,3,5,1,1,5,4,3,1,4,1,1,1,1,1,1,1,1,1,3,3,1,1,1,1,1,2,1,1,2,1,1,1,1,1,1,1,1,1,1,1,1,3,1,1,1,1,1,1,1,1,1,1,1,3,4,4,4,1,1,1,1,1,1,1,1,1,1,1,1,1,1,1,1,1,1,1,1,1,1,1,1,1,1,1,1,1,1,1,1,1,1,1,1,3,4,4,4,1,1,1,1,1,1,1,1,1,1,1,1,4,1,1,3,1,1,1,1,1,1,1,1,1,1,1,1,1,1,1,1,4,1,1,3,1,1,1,1,1,1,1,1,1,1,1,1,1,4,4,3,1,1,1,1,4,1,1,3,1,1,1,1,1,1,1,1
1347,Kaluthara,1,2,2,2,4,1,10,3,3,1,2,2,3,3,3,3,1,1,1,1,3,3,3,3,1,1,1,1,1,1,1,1,2,2,2,1,1,1,1,1,1,1,1,1,1,1,1,1,1,1,1,1,1,1,1,1,1,1,1,1,1,1,1,1,1,1,1,1,1,1,1,1,2,2,2,2,1,1,1,1,1,1,1,1,2,1,1,1,3,2,2,2,1,1,1,1,1,2,2,2,3,3,3,3,1,1,1,1,2,2,2,2,1,1,1,1,4,3,4,4,1,1,1,1,1,1,1,1,1,1,1,1,1,1,1,1,1,1,1,1,3,3,3,3,1,1,1,1,1,1,1,1,1,1,1,1,1,1,1,1,4,4,4,4,1,1,1,1,1,1,1,1
1348,Kaluthara,1,2,3,2,4,1,1,6,3,2,2,1,2,2,2,2,1,1,1,1,4,2,2,2,1,2,2,2,1,1,1,1,1,1,1,1,1,1,1,1,2,2,2,2,2,1,1,1,2,1,1,1,1,1,1,1,1,1,1,1,4,4,4,4,4,4,4,4,1,1,1,1,1,1,1,1,1,1,1,1,1,1,1,1,2,1,1,1,2,1,1,1,1,1,1,1,2,2,2,2,4,4,4,4,1,1,1,1,2,2,2,2,1,1,1,1,4,4,4,4,1,1,1,1,1,1,1,1,1,1,1,1,1,1,1,1,2,1,1,1,4,4,4,4,1,1,1,1,2,2,2,2,1,1,1,1,4,4,4,4,1,1,1,1,1,1,1,1,1,1,1,1
1349,Matale,1,1,3,2,4,3,3,4,2,1,1,1,4,3,3,3,1,1,1,1,1,1,1,1,1,1,1,1,1,1,1,1,1,1,1,1,1,1,1,1,1,1,1,1,1,1,1,1,4,2,2,2,1,1,1,1,4,3,3,3,1,1,1,1,1,1,1,1,1,1,1,1,1,1,1,1,1,1,1,1,1,1,1,1,3,1,1,1,4,1,1,1,1,1,1,1,1,1,2,2,1,1,1,1,1,1,1,1,4,3,3,3,1,1,1,1,4,2,3,3,1,1,1,1,1,1,1,1,1,1,1,1,1,1,1,1,1,1,1,1,1,1,1,1,1,1,1,1,4,2,2,3,1,1,1,1,4,2,3,3,4,2,3,3,1,1,1,1,1,1,1,1
1350,Kaluthara,3,2,2,2,4,1,10,3,3,1,1,2,3,3,3,3,1,1,1,1,3,3,3,3,1,2,2,2,1,1,1,1,1,1,1,1,1,1,1,1,1,1,1,1,1,1,1,1,3,3,4,3,1,1,1,1,1,1,1,1,3,3,3,3,3,3,3,3,1,1,1,1,1,1,1,1,2,1,1,1,2,1,1,1,1,1,1,1,3,2,2,2,1,1,1,1,1,1,1,1,3,3,3,3,1,1,1,1,1,1,1,1,1,1,1,1,4,4,4,4,1,1,1,1,1,1,1,1,1,1,1,1,1,1,1,1,1,1,1,1,4,4,4,4,1,1,1,1,1,1,1,1,1,1,1,1,1,1,1,1,1,1,1,1,4,4,4,4,2,2,2,2
1352,Kaluthara,1,2,2,2,4,1,10,10,3,2,2,2,4,4,4,4,1,1,1,1,1,1,1,1,2,2,2,2,1,1,1,1,1,1,1,1,1,1,1,1,2,2,2,2,1,1,1,1,2,1,1,1,1,1,1,1,1,1,1,1,2,2,2,2,2,2,2,2,1,1,1,1,1,1,1,1,1,1,1,1,1,1,1,1,1,1,1,1,2,1,1,1,1,1,1,1,2,2,2,2,4,4,4,4,1,1,1,1,2,2,2,2,1,1,1,1,4,4,4,4,1,1,1,1,1,1,1,1,1,1,1,1,1,1,1,1,2,1,1,1,4,4,4,4,1,1,1,1,1,1,1,1,1,1,1,1,4,4,4,4,2,2,2,2,1,1,1,1,1,1,1,1
1353,Kaluthara,1,2,3,2,4,1,10,3,2,1,1,1,3,3,3,3,1,1,1,1,2,2,2,2,1,2,2,2,1,1,1,1,2,2,2,2,1,1,1,1,1,1,1,1,1,1,1,1,1,1,1,1,2,2,2,2,1,1,1,1,1,1,1,1,1,1,1,1,1,1,1,1,1,1,1,1,1,1,1,1,1,1,1,1,1,1,1,1,3,3,3,3,1,1,1,1,2,2,2,2,1,1,1,1,1,1,1,1,1,1,1,1,1,1,1,1,3,3,3,3,1,1,1,1,1,1,1,1,1,1,1,1,1,1,1,1,1,1,1,1,3,3,3,3,3,3,3,3,1,1,1,1,1,1,1,1,1,1,1,1,1,1,1,1,3,3,3,3,1,1,1,1
1355,Kaluthara,1,2,3,2,5,1,3,3,3,3,3,3,2,2,2,2,3,3,3,3,2,2,2,2,1,1,1,1,1,1,1,1,1,1,1,1,1,1,1,1,1,1,1,1,1,1,1,1,3,2,2,2,1,1,1,1,1,1,1,1,3,3,3,3,2,2,2,2,1,1,1,1,1,1,1,1,2,1,1,1,2,1,1,1,1,1,1,1,2,1,1,1,1,1,1,1,1,1,1,1,4,4,4,4,1,1,1,1,1,1,1,1,1,1,1,1,4,4,4,4,1,1,1,1,1,1,1,1,1,1,1,1,1,1,1,1,1,1,1,1,4,4,4,4,1,1,1,1,1,1,1,1,1,1,1,1,1,1,1,1,4,4,4,4,1,1,1,1,1,1,1,1
1356,Kaluthara,1,2,2,2,4,1,3,8,3,3,3,3,2,2,2,2,4,4,4,4,1,1,1,1,1,1,1,1,1,1,1,1,3,1,1,1,1,1,1,1,1,1,1,1,2,1,1,1,1,1,1,1,4,4,4,4,1,1,1,1,1,1,1,1,4,4,4,4,1,1,1,1,2,1,1,1,2,1,1,1,1,1,1,1,1,1,1,1,1,1,1,1,1,1,1,1,1,1,1,1,1,1,1,1,4,4,4,4,1,1,1,1,1,1,1,1,4,4,4,4,1,1,1,1,1,1,1,1,1,1,1,1,1,1,1,1,1,1,1,1,1,1,1,1,1,1,1,1,1,1,1,1,1,1,1,1,4,4,4,4,1,1,1,1,1,1,1,1,1,1,1,1
1357,Matale,1,2,6,2,3,2,3,3,2,1,1,1,4,3,3,3,1,1,1,1,1,1,1,1,1,1,1,1,1,1,1,1,1,2,1,1,1,1,1,1,1,1,1,1,1,1,1,1,2,2,2,2,1,1,1,1,1,1,1,1,1,1,1,1,1,1,1,1,1,1,1,1,1,1,1,1,2,1,1,1,2,1,1,1,3,1,2,2,4,1,1,1,1,1,1,1,2,2,2,2,1,1,1,1,1,1,1,1,1,1,1,1,1,1,1,1,4,1,3,3,1,1,1,1,1,1,1,1,1,1,1,1,1,1,1,1,4,1,3,3,1,1,1,1,1,1,1,1,1,1,1,1,1,1,1,1,4,1,3,3,1,1,1,1,1,1,1,1,1,1,1,1
1359,Kaluthara,1,2,5,2,3,1,10,10,2,1,1,1,4,4,4,4,1,1,1,1,1,1,1,1,1,1,1,1,1,1,1,1,1,1,1,1,1,1,1,1,1,1,1,1,1,1,1,1,2,1,1,1,1,1,1,1,3,3,3,3,1,1,1,1,1,1,1,1,1,1,1,1,1,1,1,1,1,1,1,1,1,1,1,1,2,1,1,1,4,4,4,4,1,1,1,1,2,2,2,2,1,1,1,1,1,1,1,1,1,1,1,1,1,1,1,1,3,3,3,3,1,1,1,1,1,1,1,1,1,1,1,1,1,1,1,1,1,1,1,1,1,1,1,1,1,1,1,1,4,4,4,4,1,1,1,1,2,2,2,2,4,4,4,4,1,1,1,1,1,1,1,1
1360,Kaluthara,1,2,3,2,4,1,3,4,3,1,3,3,3,3,3,3,1,1,1,1,2,2,2,2,1,2,2,2,1,1,1,1,3,3,3,3,1,1,1,1,1,1,1,1,1,1,1,1,2,2,2,2,1,1,1,1,1,1,1,1,3,3,3,3,2,2,2,2,1,1,1,1,1,1,1,1,3,1,1,1,3,1,1,1,2,1,1,1,3,2,2,2,1,1,1,1,2,3,3,3,1,1,1,1,3,3,3,3,2,2,2,2,1,1,1,1,4,4,4,4,1,1,1,1,1,1,1,1,1,1,1,1,1,1,1,1,1,1,1,1,1,1,1,1,4,4,4,4,1,1,1,1,1,1,1,1,3,3,3,3,2,2,2,2,1,1,1,1,1,1,1,1
1361,Kaluthara,2,1,3,2,4,1,1,2,3,3,3,3,3,2,2,2,3,1,1,1,3,2,2,1,1,2,2,2,1,1,1,1,2,1,1,1,1,1,2,1,1,1,1,1,1,1,1,1,3,2,2,2,1,1,1,1,1,1,1,1,2,2,2,2,2,2,2,2,1,1,1,1,2,1,1,1,3,1,1,1,3,1,1,1,1,1,1,1,3,1,1,1,1,1,1,1,1,1,1,1,3,2,2,2,1,1,1,2,4,4,4,4,1,2,3,3,3,1,1,1,1,1,1,1,1,1,1,1,1,1,1,2,1,1,1,1,2,1,1,1,2,1,1,1,1,1,1,1,1,1,1,2,1,2,3,3,3,1,1,1,1,1,1,1,1,1,1,2,1,1,1,1
1363,Kaluthara,1,2,3,2,4,1,10,3,3,3,3,3,3,3,3,3,2,2,2,2,1,1,1,1,4,1,1,1,1,1,1,1,1,2,1,1,1,1,1,1,3,3,3,3,1,1,1,1,1,1,1,1,1,1,1,1,2,2,2,2,3,3,3,3,1,1,1,1,1,1,1,1,1,1,1,1,3,1,1,1,3,1,1,1,2,1,1,1,2,2,2,2,1,1,1,1,2,2,2,2,3,3,3,3,1,1,1,1,2,2,2,2,1,1,1,1,4,4,4,4,1,1,1,1,1,1,1,1,1,1,1,1,1,1,1,1,1,1,1,1,4,4,4,4,1,1,1,1,1,1,1,1,1,1,1,1,4,4,4,4,2,1,1,1,1,1,1,1,1,1,1,1
1364,Ampara,2,1,1,2,4,3,9,8,1,1,1,1,2,2,2,2,2,1,1,1,2,1,1,1,2,2,3,2,2,1,1,1,2,1,1,1,1,1,1,1,4,1,1,1,2,1,1,1,2,1,1,2,2,1,1,1,1,1,1,1,2,1,1,2,2,2,2,2,1,1,1,1,1,1,1,1,2,1,1,1,2,1,1,1,2,1,1,1,1,1,1,1,1,1,1,1,1,1,1,1,1,1,1,1,1,1,1,1,1,1,1,1,1,1,1,1,1,1,1,1,1,1,1,1,1,1,1,1,1,1,1,1,1,1,1,1,1,1,1,1,1,1,1,1,1,1,1,1,1,1,1,1,1,1,1,1,1,1,1,1,1,1,1,1,1,1,1,1,1,1,1,1
1365,Ampara,2,1,2,2,7,3,1,7,3,3,3,3,2,1,1,1,1,1,1,1,2,1,2,2,1,1,1,1,1,1,1,1,2,1,1,1,1,1,1,1,1,1,1,1,1,1,1,1,1,1,1,1,2,1,2,2,1,1,1,1,1,1,1,1,2,1,2,2,1,1,1,1,2,1,2,2,2,1,1,1,2,1,1,1,2,1,1,1,1,1,1,1,1,1,1,1,2,1,1,2,1,1,1,1,1,1,1,1,1,1,1,1,1,1,1,1,4,2,2,2,1,1,1,1,1,1,1,1,4,2,2,2,1,1,1,1,1,1,1,1,1,1,1,1,1,1,1,1,1,1,1,1,1,1,1,1,4,1,2,2,1,1,1,1,1,1,1,1,1,1,1,1
1366,Matale,1,2,6,3,4,1,1,6,5,5,5,5,3,4,3,3,4,2,3,3,1,1,1,1,1,1,1,1,1,1,1,1,1,1,1,1,1,1,1,1,1,1,1,1,1,1,1,1,3,1,2,3,1,1,1,1,1,1,1,1,4,4,4,4,1,1,1,1,1,3,2,2,2,1,2,2,2,1,1,1,1,1,1,1,2,1,1,1,1,1,1,1,1,1,1,1,1,1,1,1,3,1,2,3,1,1,1,1,1,1,1,1,1,4,4,2,4,4,4,4,1,1,1,1,1,1,1,1,4,1,1,3,1,1,1,1,1,1,1,1,4,1,1,3,1,1,1,1,1,1,1,1,1,4,4,2,1,1,1,1,4,1,1,3,1,1,1,1,1,1,1,1
1368,Kaluthara,1,2,5,2,4,1,3,4,1,5,5,5,3,3,3,3,4,4,4,4,1,1,1,1,1,2,1,1,3,3,3,3,1,1,1,1,1,1,1,1,3,3,3,3,1,1,1,1,4,4,4,4,1,1,1,1,1,1,1,1,4,4,4,4,1,1,1,1,1,1,1,1,1,1,1,1,3,1,1,1,3,1,1,1,2,1,1,1,4,4,4,4,1,1,1,1,3,3,3,3,1,1,1,1,1,1,1,1,3,3,3,3,1,1,1,3,4,1,1,4,1,1,1,1,1,1,1,1,4,4,4,4,1,1,1,1,1,1,1,1,1,1,1,1,1,1,1,1,1,1,1,1,2,4,4,4,2,3,3,3,1,1,1,1,1,1,1,1,1,1,1,1
1369,Kaluthara,1,2,4,2,5,1,8,6,5,5,5,5,4,4,4,4,2,2,2,2,2,2,2,2,1,2,2,2,1,1,1,1,2,2,2,2,1,1,1,1,2,2,2,2,1,1,1,1,4,1,1,1,1,1,1,1,1,1,1,1,4,4,4,4,4,4,4,4,1,1,1,1,2,1,1,1,4,1,1,1,4,1,1,1,2,1,1,1,1,1,1,1,1,1,1,1,2,2,2,2,4,4,4,4,1,1,1,1,2,2,2,2,1,1,1,1,2,2,2,2,1,1,1,1,4,4,4,4,1,1,1,1,2,4,4,4,1,1,1,1,1,1,1,1,1,1,1,1,1,1,1,1,1,1,1,1,4,4,4,4,4,4,4,4,3,3,3,3,3,3,3,3
1370,Matale,1,2,2,2,3,2,10,4,3,2,2,2,3,3,3,3,1,1,1,1,3,3,3,3,1,1,1,1,1,1,1,1,1,1,1,1,1,1,1,1,1,1,1,1,1,1,1,1,4,4,4,4,1,1,1,1,2,2,2,2,4,4,4,4,1,1,1,1,1,1,1,1,2,2,2,2,1,1,1,1,1,1,1,1,1,1,1,1,4,1,1,4,1,1,1,1,1,1,1,1,1,1,1,1,1,1,1,1,4,4,4,4,1,1,1,1,4,4,4,4,1,1,1,1,1,1,1,1,1,1,1,1,1,1,1,1,1,1,1,1,1,1,1,1,1,1,1,1,4,4,4,4,1,1,1,1,4,4,4,4,1,1,1,1,1,1,1,1,1,1,1,1
1372,Ampara,1,2,2,2,4,3,9,8,2,2,2,2,2,1,1,1,2,1,2,2,2,1,1,2,2,2,1,2,1,1,1,1,2,1,1,1,2,1,1,1,2,2,2,1,2,2,2,2,1,1,1,1,2,1,1,1,1,1,1,1,2,1,1,1,2,1,2,1,1,1,1,1,2,2,1,2,2,1,1,1,2,1,1,1,2,1,1,1,1,1,1,1,1,1,1,1,1,1,1,1,1,1,1,1,1,1,1,1,1,1,1,1,1,1,1,1,1,1,1,1,1,1,1,1,1,1,1,1,1,1,1,1,1,1,1,1,1,1,1,1,1,1,1,1,1,1,1,1,1,1,1,1,1,1,1,1,1,1,1,1,1,1,1,1,1,1,1,1,1,1,1,1
1373,Ampara,2,1,2,2,5,3,10,8,2,1,1,1,2,1,2,2,1,1,1,1,2,1,2,2,1,1,1,1,1,1,1,1,2,1,1,1,1,1,1,1,1,1,1,1,1,1,1,1,1,1,1,1,2,1,1,1,1,1,1,1,1,1,1,1,1,1,1,1,1,1,1,1,1,1,1,1,2,1,1,1,2,1,1,1,2,1,1,1,1,1,1,1,1,1,1,1,1,1,1,1,4,1,1,2,1,1,1,1,3,1,2,2,1,1,1,1,4,1,2,2,1,1,1,1,1,1,1,1,1,1,1,1,1,1,1,1,1,1,1,1,4,1,2,2,1,1,1,1,1,1,1,1,1,1,1,1,1,1,1,1,1,1,1,1,1,1,1,1,1,1,1,1
1374,Matale,1,2,3,2,4,1,1,6,3,3,3,3,4,3,3,3,2,1,1,1,1,1,1,1,1,1,1,1,1,1,1,1,1,1,1,1,1,1,1,1,1,1,1,1,1,1,1,1,2,2,2,2,1,1,1,1,1,1,1,1,4,3,3,3,4,3,3,3,1,1,1,1,2,1,1,1,2,1,1,1,2,1,1,1,3,1,1,2,4,1,1,2,1,1,1,1,1,1,1,1,4,3,3,3,1,1,1,1,3,3,3,3,1,1,1,1,4,4,4,4,1,1,1,1,1,1,1,1,1,1,1,1,1,1,1,1,1,1,1,1,4,4,4,4,1,1,1,1,1,1,1,1,1,1,1,1,4,4,4,4,4,4,4,4,1,1,1,1,1,1,1,1
1375,Kaluthara,3,2,1,2,4,1,3,10,3,1,1,1,2,2,2,2,1,1,1,1,3,3,3,3,1,2,2,2,1,1,1,1,2,2,2,1,1,1,1,1,1,2,2,1,1,1,1,1,3,3,4,3,1,1,1,1,2,2,2,2,1,1,1,1,3,3,3,3,1,1,1,1,1,1,1,1,2,1,1,1,2,1,1,1,1,1,1,1,3,1,2,2,1,1,1,1,1,1,1,1,3,3,3,3,1,1,1,1,2,2,2,2,1,1,1,1,4,4,4,4,1,1,1,1,1,1,1,1,3,2,3,3,1,1,1,1,1,1,1,1,2,3,3,3,1,1,1,1,1,1,1,1,1,1,1,1,1,1,1,1,4,4,4,4,1,1,1,1,1,1,1,1
1379,Kaluthara,1,2,4,2,3,1,10,10,3,1,2,1,4,4,4,4,1,1,1,1,1,1,1,1,1,1,1,1,1,1,1,1,1,1,1,1,1,1,1,1,1,1,1,1,1,1,1,1,1,1,1,1,2,2,2,2,1,1,1,1,1,1,1,1,1,1,1,1,1,1,1,1,1,1,1,1,1,1,1,1,1,1,1,1,3,1,1,1,3,3,3,3,1,1,1,1,3,3,3,3,1,1,1,1,3,3,3,3,1,1,1,1,1,1,1,1,4,4,4,4,1,1,1,1,1,1,1,1,1,1,1,1,1,1,1,1,1,1,1,1,1,1,1,1,1,1,1,1,1,1,1,1,1,1,1,1,1,1,1,1,1,1,1,1,4,4,4,4,1,1,1,1
1381,Kaluthara,1,2,3,2,4,1,10,10,3,3,3,3,4,4,4,4,1,1,1,1,1,1,1,1,1,1,1,1,1,1,1,1,1,1,1,1,1,1,1,1,1,1,1,1,2,1,1,1,4,4,4,4,1,1,1,1,1,1,1,1,4,4,4,4,1,1,1,1,1,1,1,1,2,1,1,2,2,1,1,1,2,1,1,1,2,1,1,1,1,1,1,1,1,1,1,1,2,2,2,2,4,4,4,4,3,3,3,3,1,1,1,1,1,1,1,1,4,4,4,4,1,1,1,1,1,1,1,1,1,1,1,1,1,1,1,1,1,1,1,1,4,4,4,4,1,1,1,1,1,1,1,1,1,1,1,1,2,1,2,2,4,4,4,4,1,1,1,1,1,1,1,1
1383,Ampara,1,2,2,2,7,3,1,2,5,1,5,5,2,1,1,1,2,1,1,1,2,2,2,2,1,1,1,1,1,1,1,1,2,2,2,2,1,1,1,1,1,1,1,1,1,1,1,1,2,1,1,1,3,2,2,2,1,1,1,1,2,1,1,1,2,2,2,2,1,1,1,1,2,2,2,2,3,2,2,2,1,1,1,1,2,1,1,1,1,1,1,1,1,1,1,1,1,1,1,1,1,1,1,1,1,1,1,1,1,1,1,1,1,1,1,1,1,1,1,1,1,1,1,1,1,1,1,1,1,1,1,1,1,1,1,1,1,1,1,1,1,1,1,1,1,1,1,1,1,1,1,1,1,1,1,1,1,1,1,1,1,1,1,1,1,1,1,1,1,1,1,1
1386,Matale,1,2,6,2,1,3,9,3,2,1,1,1,3,3,3,3,1,1,1,1,1,1,1,1,1,1,1,1,1,1,1,1,4,3,4,4,1,1,1,1,1,1,1,1,1,1,1,1,1,1,1,1,1,1,1,1,1,1,1,1,4,4,4,4,1,1,1,1,1,1,1,1,1,1,1,1,1,1,1,1,1,1,1,1,1,1,1,1,3,3,3,3,1,1,1,1,1,1,1,1,1,1,1,1,1,1,1,1,1,1,1,1,1,1,1,1,1,1,1,1,1,1,1,1,1,1,1,1,1,1,1,1,1,1,1,1,1,1,1,1,1,1,1,1,4,4,4,4,1,1,1,1,1,1,1,1,1,1,1,1,1,1,1,1,1,1,1,1,1,1,1,1
1387,Kaluthara,1,2,3,2,4,1,10,10,3,2,2,2,4,4,4,4,1,1,1,1,2,2,2,2,1,3,3,3,1,1,1,1,1,1,1,1,1,1,1,1,2,2,2,2,1,1,1,1,3,2,2,2,1,1,1,1,1,1,1,1,4,4,4,4,4,4,4,4,1,1,1,1,1,1,1,1,1,1,1,1,1,1,1,1,2,1,1,1,2,1,1,1,1,1,1,1,2,2,2,2,4,4,4,4,3,3,3,3,2,2,2,2,3,3,3,3,4,3,3,3,1,1,1,1,1,1,1,1,1,1,1,1,2,1,1,1,1,1,1,1,4,4,4,4,1,1,1,1,1,1,1,1,4,4,4,4,3,3,3,3,1,1,1,1,1,1,1,1,1,1,1,1
1388,Kaluthara,1,2,2,2,4,1,3,4,3,3,3,3,1,1,1,1,1,1,1,1,3,3,3,3,1,1,1,1,1,1,1,1,2,2,2,2,1,1,1,1,1,1,1,1,1,1,1,1,2,2,2,2,1,1,1,1,1,1,1,1,3,3,3,3,1,2,2,2,1,1,1,1,1,1,1,1,2,1,1,1,2,1,1,1,2,1,1,1,2,1,1,1,1,1,1,1,1,1,1,1,3,3,3,3,1,1,1,1,1,1,1,1,1,1,1,1,4,4,4,4,1,1,1,1,1,1,1,1,1,1,1,1,1,1,1,1,1,1,1,1,4,4,4,4,1,1,1,1,1,1,1,1,1,1,1,1,1,1,1,1,4,4,4,4,1,1,1,1,1,1,1,1
1391,Matale,1,2,5,2,5,3,3,10,3,1,1,1,4,3,3,3,1,1,1,1,1,1,1,1,1,2,2,1,1,1,1,1,1,1,1,1,1,1,1,1,1,1,1,1,1,1,1,1,3,1,1,1,1,1,1,1,1,1,1,1,4,3,3,3,1,1,1,1,1,1,1,1,4,3,3,3,1,1,1,1,1,1,1,1,4,1,1,1,1,1,1,1,1,1,1,1,4,1,2,2,1,1,1,1,1,1,1,1,1,1,1,1,1,1,1,1,4,1,1,4,1,1,1,1,1,1,1,1,1,1,1,1,1,1,1,1,4,1,2,3,1,1,1,1,1,1,1,1,1,1,1,1,1,1,1,1,4,1,1,2,1,1,1,1,1,1,1,1,1,1,1,1
1392,Kaluthara,1,1,5,3,4,1,3,3,3,2,2,2,4,4,4,4,1,1,1,1,1,1,1,1,1,2,1,1,3,3,3,3,2,2,2,2,1,1,1,1,3,3,3,3,3,1,1,1,1,1,1,1,1,1,1,1,2,2,2,2,1,1,1,1,1,1,1,1,1,1,1,1,2,2,2,2,2,1,1,1,2,1,1,1,2,1,1,2,4,4,4,4,1,1,1,1,1,1,1,1,1,1,1,1,1,1,1,1,1,1,1,1,1,1,1,1,4,4,4,4,1,1,1,1,1,1,1,1,1,1,1,1,4,4,4,4,1,1,1,1,1,1,1,1,1,1,1,1,1,1,1,1,1,1,1,1,4,4,4,4,1,1,1,1,1,1,1,1,1,1,1,1
1393,Matale,3,2,1,1,6,3,10,10,5,5,5,5,1,1,1,1,3,3,3,3,3,3,3,3,1,3,3,2,1,1,1,1,1,1,1,1,1,1,1,1,1,1,1,1,3,1,1,1,3,3,3,3,1,1,1,1,3,3,3,3,3,3,3,3,1,1,1,1,1,1,1,1,1,1,1,1,2,1,1,2,1,1,1,1,1,1,1,1,1,1,1,1,1,1,1,1,1,1,1,1,3,3,3,3,3,3,3,3,1,1,1,1,1,1,1,1,4,4,3,3,3,3,3,3,1,1,1,1,4,1,1,4,1,1,1,1,1,1,1,1,4,4,1,1,1,1,1,1,1,1,1,1,1,1,1,1,3,4,1,3,1,1,1,1,1,1,1,1,1,1,1,1
1394,Matale,1,2,3,2,5,1,3,3,2,1,1,1,4,3,3,3,1,1,1,1,1,1,1,1,1,2,2,2,1,1,1,1,1,1,1,1,1,1,1,1,1,1,1,1,1,1,1,1,2,2,2,2,1,1,1,1,1,1,1,1,3,3,3,3,3,3,3,3,1,1,1,1,2,1,1,1,2,1,1,1,2,1,1,1,3,1,1,1,4,2,2,2,1,1,1,1,3,3,3,3,1,1,1,1,1,1,1,1,1,1,1,1,1,1,1,1,4,1,1,3,1,1,1,1,1,1,1,1,1,1,1,1,1,1,1,1,1,1,1,1,1,1,1,1,1,1,1,1,1,1,1,1,1,1,1,1,4,1,1,3,1,1,1,1,1,1,1,1,1,1,1,1
1395,Ampara,2,1,3,2,4,3,10,8,2,1,1,2,2,1,1,1,2,1,1,1,2,1,1,1,2,2,2,2,1,1,1,1,2,1,1,1,1,1,1,1,2,1,1,1,2,2,2,2,2,1,1,1,2,2,2,2,1,1,1,1,2,1,2,2,2,2,2,2,2,2,2,2,2,2,2,2,2,1,1,1,2,1,1,1,2,1,1,1,1,1,1,1,1,1,1,1,1,1,1,1,1,1,1,1,1,1,1,1,1,1,1,1,1,1,1,1,1,1,1,1,1,1,1,1,1,1,1,1,1,1,1,1,1,1,1,1,1,1,1,1,1,1,1,1,1,1,1,1,1,1,1,1,1,1,1,1,1,1,1,1,1,1,1,1,1,1,1,1,1,1,1,1
1397,Matale,1,2,5,2,5,3,8,6,2,2,2,2,4,3,3,3,1,1,1,1,1,1,1,1,1,1,1,1,1,1,1,1,1,2,1,1,1,1,1,1,1,1,1,1,1,1,1,1,2,2,2,2,1,1,1,1,1,1,1,1,1,1,1,1,1,1,1,1,1,1,1,1,2,1,1,1,3,1,1,1,3,1,1,1,1,1,1,1,4,2,2,2,1,1,1,1,1,1,1,1,1,1,1,1,1,1,1,1,1,1,1,1,1,1,1,1,1,1,1,1,1,1,1,1,1,1,1,1,1,1,1,1,1,1,1,1,1,1,1,1,1,1,1,1,1,1,1,1,1,1,1,1,1,1,1,1,1,1,1,1,1,1,1,1,1,1,1,1,1,1,1,1
1398,Matale,1,2,3,2,5,1,3,3,3,1,3,3,4,3,3,4,1,1,1,1,1,1,1,1,1,3,2,1,1,1,1,1,2,1,1,1,1,1,1,1,1,1,1,1,1,1,1,1,3,2,2,2,1,1,1,1,1,1,1,1,3,4,4,4,1,1,1,1,1,1,1,1,1,1,1,1,1,1,1,1,1,1,1,1,2,1,1,1,4,1,2,3,1,1,1,1,1,1,1,1,1,1,1,1,1,1,1,1,4,2,2,3,1,4,4,2,4,1,1,3,1,1,1,1,1,1,1,1,4,1,2,3,1,1,1,1,1,1,1,1,1,1,1,1,1,1,1,1,4,1,2,3,1,4,3,3,1,1,1,1,4,1,1,3,1,1,1,1,1,1,1,1
1399,Kaluthara,1,2,4,2,4,1,10,10,3,2,2,2,3,3,3,3,1,1,1,1,2,2,2,2,1,3,2,1,1,3,1,1,2,2,2,2,1,1,1,1,3,3,3,3,1,1,1,1,2,2,2,2,1,1,1,1,2,2,2,2,1,1,1,1,1,1,1,1,1,1,1,1,2,2,2,2,3,1,1,1,3,1,1,1,3,1,1,1,3,3,3,3,1,1,1,1,3,3,3,3,1,1,1,1,1,1,1,1,2,2,2,2,1,1,1,1,4,4,4,4,1,1,1,1,1,1,1,1,2,2,2,2,3,3,3,3,1,1,1,1,1,1,1,1,1,1,1,1,1,1,1,1,1,1,1,4,3,3,3,3,1,1,1,1,1,1,1,1,1,1,1,1
1400,Matale,1,2,3,2,4,1,10,4,2,1,1,1,4,4,4,4,1,1,1,1,1,1,1,1,1,1,1,1,1,1,1,1,1,1,1,1,1,1,1,1,1,1,1,1,2,1,1,1,1,1,1,1,1,1,1,1,1,1,1,1,1,1,1,1,1,1,1,1,1,1,1,1,2,2,2,2,1,1,1,1,1,1,1,1,1,1,1,1,3,1,1,3,1,1,1,1,1,3,3,1,1,1,1,1,1,1,1,1,3,3,3,3,1,1,1,1,4,4,4,4,1,1,1,1,1,1,1,1,1,1,1,1,1,1,1,1,1,1,1,1,1,1,1,1,1,1,1,1,4,4,4,4,1,1,1,1,4,4,4,4,1,1,1,1,1,1,1,1,1,1,1,1
1402,Matale,1,2,3,2,5,1,3,4,3,3,3,3,2,2,2,2,1,1,1,1,3,3,3,3,1,2,2,2,1,1,1,1,1,1,1,1,1,1,1,1,1,1,1,1,1,1,1,1,3,3,4,3,1,1,1,1,1,1,1,1,3,3,3,3,1,1,1,1,1,1,1,1,2,2,2,2,2,1,1,1,2,1,1,1,2,1,1,1,3,1,1,3,1,1,1,1,1,1,1,1,1,1,1,1,2,4,4,3,3,3,3,3,1,1,1,1,4,4,4,4,1,1,1,1,1,1,1,1,1,1,1,1,1,1,1,1,1,1,1,1,3,3,3,3,1,1,1,1,1,1,1,1,1,1,1,1,4,4,4,4,1,1,1,1,1,1,1,1,1,1,1,1
1403,Kaluthara,1,2,3,2,4,1,3,10,3,3,3,3,3,3,3,3,3,3,3,3,1,1,1,1,1,1,1,1,1,1,1,1,1,1,1,2,1,1,1,1,1,1,1,1,3,1,1,1,2,2,2,2,4,4,4,4,1,1,1,1,1,1,1,1,4,4,4,4,1,1,1,1,2,1,1,1,2,1,1,1,1,1,1,1,1,1,1,1,1,1,1,1,1,1,1,1,1,1,1,1,1,1,1,1,4,4,4,4,1,1,1,1,1,1,1,1,4,4,4,4,1,1,1,1,1,1,1,1,1,1,1,1,1,1,1,1,1,1,1,1,4,4,4,4,1,1,1,1,1,1,1,1,1,1,1,1,4,4,4,4,1,1,1,1,1,1,1,1,1,1,1,1
1406,Matale,1,2,4,2,4,1,10,3,2,1,1,1,4,4,4,4,1,1,1,1,1,1,1,1,1,1,1,1,1,1,1,1,1,1,1,1,1,1,1,1,1,1,1,1,1,1,1,1,1,1,1,1,1,1,1,1,1,1,1,1,1,1,1,1,1,1,1,1,1,1,1,1,2,2,2,2,1,1,1,1,1,1,1,1,1,1,1,1,3,1,1,3,1,1,1,1,1,1,1,1,1,1,1,1,4,4,4,4,3,3,3,3,1,1,1,1,4,2,2,4,1,1,1,1,1,1,1,1,1,1,1,1,1,1,1,1,1,1,1,1,1,1,1,1,3,3,3,3,3,3,3,3,1,1,1,1,1,1,1,1,1,1,1,1,3,3,3,3,1,1,1,1
1407,Kaluthara,1,2,5,2,4,1,9,10,2,1,1,1,4,4,4,4,1,1,1,1,1,1,1,1,1,2,2,2,3,3,3,3,2,2,2,2,1,1,1,1,2,2,2,2,1,1,1,1,2,1,1,1,1,1,1,1,2,2,2,2,2,2,2,2,2,2,2,2,2,2,2,2,1,1,1,1,2,1,1,1,2,1,1,1,2,1,1,1,2,1,1,1,1,1,1,1,2,2,2,2,4,4,4,4,3,3,3,3,2,2,2,2,1,1,1,1,4,4,4,4,1,1,1,1,1,1,1,1,2,1,1,1,1,1,1,1,2,1,1,1,1,1,1,1,3,3,3,3,2,2,2,2,1,1,1,1,4,4,4,4,4,4,4,4,2,2,2,2,1,1,1,1
1411,Kaluthara,1,1,2,4,4,1,7,10,2,1,1,1,3,2,2,2,1,1,1,1,1,1,1,1,1,2,2,2,1,1,1,1,1,1,1,1,1,1,1,1,1,1,1,1,2,1,1,1,2,1,1,1,1,1,1,1,1,1,1,1,1,1,1,1,1,1,1,1,1,2,1,1,1,1,1,1,1,1,1,1,1,1,1,1,1,1,1,1,2,1,1,1,1,1,1,1,2,1,1,2,1,1,1,1,1,1,1,1,3,2,2,2,3,1,1,2,1,1,1,1,1,1,1,1,1,1,1,1,1,1,1,1,1,1,1,1,1,1,1,1,1,1,1,1,1,1,1,1,3,1,1,2,1,1,1,1,3,1,1,2,1,1,1,1,1,1,2,1,1,1,1,1
1412,Matale,1,1,3,2,4,2,3,4,2,1,1,1,4,3,3,3,1,1,1,1,1,1,1,1,1,1,1,1,1,1,1,1,1,1,1,1,1,1,1,1,1,1,1,1,1,1,1,1,3,2,2,2,1,1,1,1,1,1,1,1,1,1,1,1,1,1,1,1,1,1,1,1,1,1,1,1,2,1,1,1,2,1,1,1,3,1,1,2,4,2,3,3,1,1,1,1,1,1,1,1,1,1,1,1,1,1,1,1,4,3,3,3,1,1,1,1,4,2,2,3,1,1,1,1,1,1,1,1,4,2,3,3,1,1,1,1,1,1,1,1,1,1,1,1,1,1,1,1,1,1,1,1,1,1,1,1,4,2,3,3,1,1,1,1,1,1,1,1,1,1,1,1
1414,Kaluthara,1,2,3,2,4,1,9,10,3,1,1,1,3,3,3,3,1,1,1,1,2,2,2,2,1,1,1,1,1,1,1,1,1,1,1,1,1,1,1,1,1,1,1,1,1,1,1,1,2,2,2,2,1,1,1,1,1,1,1,1,3,3,3,3,1,1,1,1,1,1,1,1,1,1,1,1,2,1,1,1,2,1,1,1,2,1,1,1,3,3,3,3,1,1,1,1,2,2,2,2,1,1,1,1,1,1,1,1,2,2,2,2,1,1,1,1,4,4,4,4,1,1,1,1,1,1,1,1,2,1,2,2,1,1,1,1,1,1,1,1,1,1,1,1,1,1,1,1,2,2,2,2,1,1,1,1,1,1,1,1,4,4,4,4,1,1,1,1,1,1,1,1
1415,Batticaloa,1,1,3,2,3,2,10,10,2,1,1,1,3,1,2,2,1,1,1,1,1,1,1,1,4,1,2,2,1,1,1,1,1,1,1,1,1,1,1,1,1,1,1,1,1,1,1,1,1,1,1,1,1,1,1,1,1,1,1,1,1,1,1,1,3,1,2,2,1,1,1,1,1,1,1,1,1,1,1,1,1,1,1,1,3,1,2,2,4,1,1,2,1,1,1,1,3,1,2,2,1,1,1,1,1,1,1,1,3,1,1,2,1,1,1,1,4,1,2,2,1,1,1,1,1,1,1,1,4,1,1,2,1,1,1,1,3,1,1,2,1,1,1,1,1,1,1,1,2,1,2,2,1,1,1,1,4,1,1,2,1,1,1,1,1,1,1,1,1,1,1,1
1416,Batticaloa,1,2,4,2,1,2,10,10,3,3,3,3,2,1,1,1,2,1,1,1,2,1,1,1,2,2,2,2,2,1,1,1,2,2,2,2,1,1,1,1,1,1,1,1,2,2,2,1,2,2,2,1,2,2,2,2,1,1,1,1,1,1,1,1,2,1,1,1,1,1,1,1,2,1,1,1,2,1,2,2,2,1,1,1,2,1,1,1,3,2,2,2,1,1,1,1,2,2,2,2,1,1,1,1,2,2,2,2,2,2,2,2,1,1,1,1,1,1,1,1,1,1,1,1,1,1,1,1,1,1,1,1,1,1,1,1,1,1,1,1,1,1,1,1,1,1,1,1,1,1,1,1,1,1,1,1,1,1,1,1,1,1,1,1,1,1,1,1,1,1,1,1
1418,Kaluthara,1,2,2,2,5,1,1,6,5,5,5,5,3,3,3,3,3,3,3,3,1,1,1,1,1,1,1,1,1,1,1,1,1,1,1,1,3,3,3,3,2,2,2,2,1,1,1,1,2,2,2,2,1,1,1,1,1,1,1,1,3,3,3,3,1,1,1,1,3,3,3,3,1,1,1,1,3,1,1,1,3,1,1,1,3,1,1,1,1,1,1,1,1,1,1,1,3,3,3,3,3,3,3,3,1,1,1,1,1,1,1,1,1,1,1,1,2,2,2,2,1,1,1,1,4,4,4,4,1,1,1,1,1,1,1,1,1,1,1,1,1,1,1,1,1,1,1,1,1,1,1,1,1,1,1,1,4,4,4,4,2,2,2,2,2,2,2,2,3,3,3,3
1420,Kaluthara,1,2,5,2,5,1,8,2,1,5,5,5,3,3,3,3,3,3,3,3,2,2,2,2,1,3,2,1,2,2,2,2,1,1,1,1,3,3,3,3,2,2,2,2,1,1,1,1,3,3,4,3,1,1,1,1,1,1,1,1,3,3,3,3,3,3,3,3,3,3,3,3,1,1,1,1,2,1,1,1,2,1,1,1,2,1,1,2,3,3,3,3,1,1,1,1,3,3,3,3,1,1,1,1,1,1,1,1,2,2,2,2,1,3,3,3,4,1,1,2,1,1,1,1,1,1,1,1,2,2,2,4,3,3,3,1,1,1,1,1,1,1,1,1,1,1,1,1,1,1,1,1,1,3,3,3,4,2,2,3,1,1,1,1,2,1,1,1,1,1,1,1
1422,Colombo,1,2,1,2,5,1,1,6,5,5,5,5,4,4,4,4,1,1,1,1,1,1,1,1,1,1,1,1,1,1,1,1,1,1,1,1,1,1,1,1,1,1,1,1,1,1,1,1,2,2,2,2,1,1,1,1,1,1,1,1,1,1,1,1,3,3,3,3,1,1,1,1,1,1,1,1,2,1,1,1,2,1,1,1,3,1,1,1,3,1,2,2,1,1,1,1,1,1,1,1,3,3,3,3,1,1,1,1,1,1,1,1,1,1,1,1,4,4,4,4,1,1,1,1,1,1,1,1,1,1,1,1,1,1,1,1,1,1,1,1,3,3,3,3,1,1,1,1,1,1,1,1,1,1,1,1,1,1,1,1,1,1,1,1,4,4,4,4,1,1,1,1
1423,Colombo,1,2,2,2,4,1,10,10,3,2,2,2,4,4,4,4,1,1,1,1,2,2,2,2,1,1,1,1,1,1,1,1,2,2,2,2,1,1,1,1,1,1,1,1,1,1,1,1,4,4,4,4,1,1,1,1,1,1,1,1,4,4,4,4,1,1,1,1,1,1,1,1,2,1,1,1,2,1,1,1,1,1,1,1,1,1,1,1,1,1,1,1,1,1,1,1,1,1,1,1,4,4,4,4,1,1,1,1,1,1,1,1,1,1,1,1,4,4,4,4,1,1,1,1,1,1,1,1,1,1,1,1,1,1,1,1,1,1,1,1,4,4,4,4,1,1,1,1,1,1,1,1,1,1,1,1,4,4,4,4,2,2,2,2,1,1,1,1,1,1,1,1
1426,Colombo,2,1,3,2,5,1,8,10,3,1,1,1,1,1,1,1,2,1,1,1,3,2,3,2,1,2,2,2,1,1,1,1,2,2,2,2,1,1,1,1,1,1,1,1,1,1,1,1,2,1,1,1,1,1,1,1,1,1,1,1,2,2,2,2,2,2,2,2,1,1,1,1,1,1,1,1,2,1,1,1,2,1,1,1,1,1,1,1,3,1,1,1,1,1,1,1,2,1,1,1,3,2,2,2,1,1,1,1,3,2,2,2,1,1,1,1,3,1,1,1,1,1,1,1,1,1,1,1,3,1,1,1,1,1,1,1,2,1,1,1,3,2,2,2,3,2,2,2,2,2,2,2,1,1,1,1,3,1,1,1,2,1,1,1,1,1,1,1,1,1,1,1
1428,Kurunegala,1,2,3,2,5,3,10,3,2,1,1,1,4,3,3,3,2,1,1,1,1,1,1,1,1,1,1,1,1,1,1,1,1,1,1,1,1,1,1,1,1,1,1,1,1,1,1,1,3,2,2,2,1,1,1,1,1,1,1,1,4,3,3,3,4,3,3,3,1,1,1,1,2,1,1,1,1,1,1,1,1,1,1,1,4,1,2,2,2,1,1,1,1,1,1,1,4,3,3,3,1,1,1,1,1,1,1,1,1,1,1,1,1,1,1,1,4,1,3,3,1,1,1,1,1,1,1,1,1,1,1,1,1,1,1,1,1,1,1,1,1,1,1,1,1,1,1,1,1,1,1,1,1,1,1,1,4,1,3,3,4,1,3,3,1,1,1,1,1,1,1,1
1430,Ampara,1,1,1,2,4,3,10,3,4,1,1,2,3,1,2,4,3,1,3,4,3,1,2,3,2,1,2,2,1,1,1,1,2,1,2,2,1,1,1,1,2,1,2,2,3,1,2,2,2,1,1,2,2,1,2,2,1,1,1,1,2,2,2,2,2,2,2,2,1,1,1,1,2,1,2,2,3,1,1,1,3,1,2,2,2,1,2,2,1,1,1,1,1,1,1,1,1,1,1,1,3,1,2,4,1,1,1,1,1,1,1,1,1,1,1,1,4,2,3,4,1,1,1,1,1,1,1,1,1,1,1,1,1,1,1,1,1,1,1,1,3,2,3,4,1,1,1,1,1,1,1,1,1,1,1,1,4,1,2,2,1,1,1,1,1,1,1,1,1,1,1,1
1431,Kaluthara,1,2,3,2,4,1,1,10,3,3,3,3,4,4,4,4,1,1,1,1,2,2,2,2,1,2,1,1,1,1,1,1,1,1,1,1,1,1,1,2,2,2,2,2,1,1,1,1,4,1,1,1,1,1,1,1,2,2,2,2,3,3,3,3,4,4,4,4,1,1,1,1,2,1,1,1,2,1,1,1,2,1,1,1,2,1,1,1,2,1,1,1,1,1,1,1,2,2,2,2,4,4,4,4,1,1,1,1,2,2,2,2,2,3,2,2,4,4,4,4,1,1,1,1,1,1,1,1,4,1,1,1,1,2,3,3,1,1,1,1,2,2,2,2,1,1,1,1,1,1,1,1,1,3,2,2,4,2,3,3,4,2,3,3,1,1,1,1,1,1,1,1
1435,Kurunegala,1,2,3,2,5,1,1,6,3,3,3,3,4,3,3,3,2,1,1,1,2,1,1,1,1,1,1,1,1,1,1,1,1,1,1,1,1,1,1,1,1,1,1,1,1,1,1,1,3,2,2,2,1,1,1,1,1,1,1,1,4,3,3,3,4,3,3,3,1,1,1,1,3,2,2,2,3,1,1,1,3,1,1,1,3,1,1,2,3,2,2,2,1,2,2,2,1,1,1,1,1,1,1,1,1,1,1,1,3,3,3,3,1,1,1,1,2,2,2,2,1,1,1,1,3,3,3,3,2,2,2,2,1,2,2,2,1,1,1,1,1,1,1,1,1,1,1,1,4,4,4,4,1,1,1,1,4,4,4,4,4,3,3,3,1,1,1,1,1,1,1,1
1437,Batticaloa,2,1,4,2,4,3,7,3,2,1,1,1,2,1,1,2,1,1,1,1,1,1,1,1,2,1,1,2,1,1,1,1,2,1,1,1,1,1,1,1,1,1,2,2,1,1,1,1,1,1,1,1,2,1,1,2,1,1,1,1,1,1,1,1,1,1,1,1,1,1,1,1,2,1,2,2,1,1,1,1,1,1,1,1,1,1,1,1,2,1,1,1,1,1,1,1,1,2,2,2,1,1,1,1,1,1,1,1,1,1,1,1,4,1,1,2,1,1,1,1,1,1,1,1,1,1,1,1,1,1,1,1,1,1,1,1,1,1,1,1,1,1,1,1,1,1,1,1,4,1,1,2,1,1,1,1,1,1,1,1,1,1,1,1,1,1,1,1,1,1,1,1
1441,Kaluthara,1,2,3,2,4,1,10,10,3,2,2,2,2,2,2,2,4,4,4,4,3,3,3,3,1,2,2,2,1,1,1,1,1,1,1,1,1,1,1,1,1,1,1,1,3,1,1,1,4,4,4,4,1,1,1,1,3,3,3,3,4,4,4,4,1,1,1,1,1,1,1,1,2,2,2,2,2,1,1,1,2,1,1,1,2,1,1,1,1,1,1,1,1,1,1,1,1,1,1,1,4,4,4,4,1,1,1,1,1,1,1,1,4,4,4,4,4,4,4,4,1,1,1,1,1,1,1,1,1,1,1,1,1,1,1,1,1,1,1,1,1,1,1,1,1,1,1,1,4,4,4,4,4,4,4,4,2,2,2,2,1,1,1,1,1,1,1,1,1,1,1,1
1443,Kaluthara,1,2,5,2,5,1,10,4,3,1,1,1,4,4,4,4,1,1,1,1,1,1,1,1,1,1,1,1,1,1,1,1,2,2,2,2,1,1,1,1,1,1,1,1,1,1,1,1,1,1,1,1,2,2,2,2,3,3,3,3,1,1,1,1,1,1,1,1,1,1,1,1,2,2,2,2,2,1,1,1,2,1,1,1,2,1,1,1,2,2,2,2,1,1,1,1,1,1,1,1,3,3,3,3,1,1,1,1,1,1,1,1,1,1,1,1,3,3,3,3,1,1,1,1,1,1,1,1,3,1,1,1,1,1,1,1,1,2,2,2,1,1,1,1,1,1,1,1,1,1,1,1,1,1,1,1,1,1,1,1,4,4,4,4,1,1,1,1,1,1,1,1
1444,Ampara,1,2,5,5,3,3,10,3,2,1,2,2,3,2,2,3,2,1,2,2,2,1,2,2,2,1,2,2,2,2,1,2,2,1,2,2,1,1,1,1,2,2,2,2,2,1,2,2,1,1,1,1,2,1,1,2,1,1,1,1,1,1,1,1,1,1,1,1,1,1,1,1,2,1,2,2,2,1,1,1,2,1,1,2,2,1,1,2,1,1,1,1,1,1,1,1,1,1,1,1,1,1,1,1,4,2,3,4,1,1,1,1,1,1,1,1,3,2,2,4,1,1,1,1,1,1,1,1,1,1,1,1,1,1,1,1,1,1,1,1,1,1,1,1,3,2,3,4,1,1,1,1,1,1,1,1,1,1,1,1,1,1,1,1,1,1,1,1,1,1,1,1
1445,Kurunegala,1,2,4,2,4,1,10,4,3,2,2,2,4,3,3,3,1,1,1,1,1,1,1,1,1,2,2,2,1,1,1,1,1,1,1,1,1,1,1,1,1,1,1,1,1,1,1,1,3,3,4,3,1,1,1,1,1,1,1,1,1,1,1,1,1,1,1,1,1,1,1,1,3,2,3,3,3,1,1,1,3,1,1,1,3,1,1,1,2,1,1,1,1,1,1,1,1,1,1,1,3,3,3,3,1,1,1,1,1,1,1,1,4,3,3,3,1,1,1,1,1,1,1,1,1,1,1,1,1,1,1,1,1,1,1,1,1,1,1,1,1,1,1,1,1,1,1,1,1,1,1,1,4,3,3,3,3,2,2,2,1,1,1,1,1,1,1,1,1,1,1,1
1448,Kurunegala,1,2,2,2,4,1,10,4,2,2,2,2,4,3,3,3,1,1,1,1,2,1,1,1,1,2,2,2,3,3,3,3,2,1,1,1,1,1,1,1,1,1,1,1,1,1,1,1,3,2,4,3,1,1,1,1,3,3,3,3,2,2,2,2,2,2,2,2,1,1,1,1,2,1,1,1,2,1,1,1,2,1,1,1,3,1,1,2,2,1,1,1,1,1,1,1,1,1,1,1,4,3,3,3,1,1,1,1,1,1,1,1,4,3,3,3,3,3,3,3,1,1,1,1,1,1,1,1,1,1,1,1,1,1,1,1,1,1,1,1,1,1,1,1,1,1,1,1,1,1,1,1,1,1,1,1,1,1,1,1,1,1,1,1,1,1,1,1,1,1,1,1
1450,Kaluthara,1,1,5,3,4,1,10,3,3,2,3,3,4,4,4,4,1,1,1,1,1,1,1,1,1,1,1,1,1,1,1,1,1,1,1,1,1,1,1,1,1,1,1,1,1,1,1,1,4,4,4,4,1,1,1,1,4,4,4,4,1,1,1,1,1,1,1,1,1,1,1,1,2,2,2,2,1,1,1,1,1,1,1,1,1,1,1,1,4,4,4,4,1,1,1,1,2,2,2,2,1,1,1,1,1,1,1,1,1,1,1,1,4,4,4,4,4,4,4,4,1,1,1,1,1,1,1,1,1,1,1,1,1,1,1,1,1,1,1,1,1,1,1,1,1,1,1,1,4,4,4,4,4,4,4,4,4,4,4,4,4,4,4,4,2,1,1,1,1,1,1,1
1451,Ampara,1,2,2,2,4,3,10,3,2,2,2,2,3,2,2,3,3,1,3,3,3,1,2,3,4,2,2,2,1,1,1,1,2,1,2,2,1,1,1,1,2,2,2,2,3,1,2,2,2,1,1,2,2,1,2,2,1,1,1,1,2,2,2,2,2,1,2,2,1,1,1,1,2,1,2,2,2,1,1,2,2,2,2,2,2,1,1,2,1,1,1,1,1,1,1,1,1,1,1,1,4,2,2,3,1,1,1,1,1,1,1,1,4,4,4,4,2,1,1,1,1,1,1,1,1,1,1,1,1,1,1,1,1,1,1,1,4,2,3,4,1,1,1,1,1,1,1,1,1,1,1,1,4,4,4,4,1,1,1,1,1,1,1,1,1,1,1,1,1,1,1,1
1452,Kaluthara,1,2,2,2,5,1,3,10,3,3,3,3,2,2,2,2,4,4,4,4,2,2,2,2,1,1,1,1,1,1,1,1,2,2,2,2,1,1,1,1,2,2,2,2,1,1,1,1,4,1,1,1,1,1,1,1,1,1,1,1,3,3,3,3,3,4,4,4,1,1,1,1,2,1,1,1,2,1,1,1,1,1,1,1,1,1,1,1,1,1,1,1,1,1,1,1,2,1,1,1,4,4,4,4,1,1,1,1,2,2,2,2,1,1,1,1,4,3,3,3,3,3,3,3,1,1,1,1,1,1,1,1,3,3,3,3,1,1,1,1,2,2,2,2,1,1,1,1,1,1,1,1,1,1,1,1,4,4,4,4,4,4,4,4,2,2,2,2,2,2,2,2
1453,Ampara,1,2,5,2,4,3,10,8,3,3,3,3,2,2,2,2,2,1,1,1,2,1,1,1,1,2,2,1,1,1,1,1,2,1,1,2,1,1,1,1,1,1,1,1,2,2,2,2,1,1,1,1,2,2,2,2,1,1,1,1,2,1,1,1,2,2,2,2,1,1,1,1,2,1,2,1,2,1,1,1,2,1,1,1,2,1,1,1,1,1,1,1,1,1,1,1,1,1,1,1,1,1,1,1,1,1,1,1,1,1,1,1,1,1,1,1,1,1,1,1,1,1,1,1,1,1,1,1,1,1,1,1,1,1,1,1,1,1,1,1,1,1,1,1,1,1,1,1,1,1,1,1,1,1,1,1,1,1,1,1,1,1,1,1,1,1,1,1,1,1,1,1
1454,Kaluthara,1,2,5,2,4,3,3,3,3,2,2,3,4,4,4,4,1,1,1,1,1,1,1,1,1,1,1,1,1,1,1,1,1,1,1,1,1,1,1,1,1,1,1,1,1,1,1,1,4,4,4,4,1,1,1,1,1,1,1,1,4,4,4,4,1,1,1,1,1,1,1,1,1,1,1,1,2,1,1,1,1,1,1,1,1,1,1,1,1,1,1,1,1,1,1,1,3,3,3,3,1,1,1,1,4,4,4,4,1,1,1,1,1,1,1,1,4,4,4,4,1,1,1,1,1,1,1,1,1,1,1,1,1,1,1,1,1,1,1,1,1,1,1,1,1,1,1,1,1,1,1,1,1,1,1,1,4,4,4,4,1,1,1,1,1,1,1,1,1,1,1,1
1456,Matale,1,2,4,1,4,1,3,3,3,1,1,2,4,3,1,2,1,1,1,1,1,1,1,1,1,1,1,1,3,4,2,3,1,1,1,1,1,1,1,1,1,1,1,1,1,1,1,1,2,1,1,1,1,1,1,1,1,1,1,1,3,2,3,3,1,1,1,1,1,2,3,3,1,1,1,1,1,1,1,1,1,1,1,1,1,1,1,1,4,1,1,3,1,1,1,1,1,1,1,1,1,1,1,1,1,1,1,1,1,1,1,1,1,1,1,1,4,1,1,4,1,1,1,1,1,1,1,1,4,1,1,3,1,1,1,1,1,1,1,1,1,1,1,1,1,1,1,1,1,1,1,1,1,1,1,1,1,1,1,1,1,1,1,1,4,1,1,3,1,1,1,1
1457,Ampara,1,2,3,2,4,3,10,8,4,1,1,4,1,1,1,1,3,2,2,2,2,2,2,2,1,1,2,1,1,1,1,1,2,1,1,1,1,1,1,1,1,1,1,1,2,1,1,2,2,2,2,2,2,2,2,2,1,1,1,1,2,1,1,1,3,2,2,2,1,1,1,1,2,1,1,1,2,1,1,1,2,1,1,1,2,1,1,1,1,1,1,1,1,1,1,1,1,1,1,1,1,1,1,1,1,1,1,1,1,1,1,1,1,1,1,1,1,1,1,1,1,1,1,1,1,1,1,1,1,1,1,1,1,1,1,1,1,1,1,1,1,1,1,1,1,1,1,1,1,1,1,1,1,1,1,1,1,1,1,1,1,1,1,1,1,1,1,1,1,1,1,1
1459,Batticaloa,1,2,4,2,4,3,10,3,1,1,1,1,2,1,1,2,1,1,1,1,1,1,1,1,2,1,1,1,1,1,1,1,1,1,1,1,1,1,1,1,1,1,1,1,2,1,1,1,1,1,1,1,1,1,1,1,1,1,1,1,1,1,1,1,1,1,1,1,1,1,1,1,2,1,2,2,1,1,1,1,2,1,1,1,1,1,1,1,1,1,1,1,1,1,1,1,1,1,1,1,1,1,1,1,4,1,2,2,1,1,1,1,1,1,1,1,1,1,1,1,1,1,1,1,1,1,1,1,1,1,1,1,1,1,1,1,1,1,1,1,1,1,1,1,1,1,1,1,1,1,1,1,1,1,1,1,1,1,1,1,1,1,1,1,1,1,1,1,1,1,1,1
1464,Batticaloa,2,1,2,2,4,3,3,10,2,1,1,1,3,1,1,2,1,1,1,1,1,1,1,1,4,1,1,2,1,1,1,1,1,1,1,1,1,1,1,1,1,1,1,1,1,1,1,1,1,1,1,1,1,1,1,1,1,1,1,1,1,1,1,1,2,1,1,2,1,1,1,1,1,1,1,1,1,1,1,1,1,1,1,1,4,1,1,1,2,1,1,2,1,1,1,1,3,1,2,2,1,1,1,1,1,1,1,1,1,1,1,1,1,1,1,1,1,1,1,1,1,1,1,1,1,1,1,1,1,1,1,1,1,1,1,1,2,1,1,2,1,1,1,1,1,1,1,1,1,1,1,1,1,1,1,1,4,1,1,2,1,1,1,1,1,1,1,1,1,1,1,1
1466,Kurunegala,1,2,3,2,4,1,1,6,5,5,5,5,4,3,3,4,1,1,1,1,1,1,1,1,1,3,2,2,1,1,1,1,1,1,1,1,1,1,1,1,1,1,1,1,1,1,1,1,3,1,1,3,1,1,1,1,1,1,1,1,3,4,4,4,1,1,1,1,1,2,3,4,1,1,1,1,2,1,1,1,1,1,1,1,1,1,1,1,2,1,1,2,1,1,1,1,1,1,1,1,3,4,4,3,1,1,1,1,1,1,1,1,1,1,1,1,1,1,1,1,1,1,1,1,4,4,4,4,1,1,1,1,1,1,1,1,1,1,1,1,1,1,1,1,1,1,1,1,4,4,4,4,1,1,1,1,1,1,1,1,4,4,4,4,1,1,1,1,1,1,1,1
1468,Kurunegala,1,2,3,2,5,1,10,4,2,1,1,1,4,3,3,3,1,1,1,1,1,1,1,1,1,2,2,2,1,1,1,1,1,1,1,1,1,1,1,1,1,1,1,1,1,1,1,1,2,2,2,2,1,1,1,1,1,1,1,1,1,1,1,1,1,1,1,1,1,1,1,1,3,2,2,2,1,1,1,1,1,1,1,1,3,1,1,1,2,1,1,1,1,1,1,1,2,2,2,2,1,1,1,1,3,3,3,3,1,1,1,1,1,1,1,1,3,3,3,3,1,1,1,1,1,1,1,1,1,1,1,1,1,1,1,1,1,1,1,1,1,1,1,1,1,1,1,1,1,1,1,1,1,1,1,1,1,1,1,1,1,1,1,1,1,1,1,1,1,1,1,1
1469,Kaluthara,1,2,5,2,4,3,7,10,3,2,3,3,4,4,4,4,1,1,1,1,1,1,1,1,1,1,1,1,1,1,1,1,1,1,1,1,1,1,1,1,1,1,1,1,1,1,1,1,4,4,4,4,1,1,1,1,1,1,1,1,4,4,4,4,1,1,1,1,1,1,1,1,2,1,1,1,1,1,1,1,1,1,1,1,1,1,1,1,4,4,4,4,1,1,1,1,2,2,2,2,1,1,1,1,1,1,1,1,1,1,1,1,4,4,4,4,4,4,4,4,1,1,1,1,1,1,1,1,1,1,1,1,1,1,1,1,1,1,1,1,1,1,1,1,1,1,1,1,4,4,4,4,4,4,4,4,1,1,1,1,1,1,1,1,1,1,1,1,1,1,1,1
1470,Matale,1,2,6,2,4,1,8,6,3,3,3,3,4,3,3,4,1,1,1,1,1,1,1,1,1,1,1,1,1,1,1,1,1,1,1,1,1,1,1,1,1,1,1,1,1,1,1,1,2,1,1,2,1,1,1,1,1,1,1,1,1,1,1,1,1,1,1,1,1,1,1,1,2,2,2,2,2,1,1,1,1,1,1,1,1,1,1,1,4,1,1,2,1,1,1,1,1,1,1,1,1,1,1,1,1,1,1,1,1,1,1,1,1,1,1,1,1,1,1,1,1,1,1,1,1,1,1,1,1,1,1,1,1,1,1,1,1,1,1,1,1,1,1,1,1,1,1,1,1,1,1,1,1,1,1,1,1,1,1,1,1,1,1,1,1,1,1,1,1,1,1,1
1471,Kurunegala,1,2,3,2,5,1,3,3,3,2,2,2,4,3,3,3,2,1,1,1,1,1,1,1,1,2,2,2,1,1,1,1,1,1,1,1,1,1,1,1,1,1,1,1,1,1,1,1,4,3,4,3,1,1,1,1,1,1,1,1,4,3,3,3,4,3,3,3,1,1,1,1,2,1,1,1,2,1,1,1,2,1,1,1,3,1,1,1,2,1,1,1,1,1,1,1,1,1,1,1,4,3,3,3,1,1,1,1,1,1,1,1,1,1,1,1,4,2,3,3,1,1,1,1,1,1,1,1,1,1,1,1,1,1,1,1,1,1,1,1,1,1,1,1,1,1,1,1,1,1,1,1,1,1,1,1,1,1,1,1,1,1,1,1,1,1,1,1,1,1,1,1
1472,Colombo,1,2,3,2,7,1,3,10,3,3,3,3,2,2,2,2,2,2,2,2,4,4,4,4,1,1,1,1,1,1,1,1,1,1,1,1,1,1,1,1,1,1,1,1,1,1,1,1,4,1,1,1,1,1,1,1,1,1,1,1,4,4,4,4,4,4,4,4,1,1,1,1,1,1,1,1,2,1,1,1,2,1,1,1,2,1,1,1,2,1,1,1,1,1,1,1,2,2,2,2,4,4,4,4,1,1,1,1,2,2,2,2,2,4,4,2,4,4,4,4,1,1,1,1,1,1,1,1,1,1,1,1,1,1,1,1,1,1,1,1,4,4,4,4,1,1,1,1,1,1,1,1,2,4,4,2,4,2,2,4,4,2,2,4,1,1,1,1,1,1,1,1
1473,Kurunegala,1,2,2,2,4,1,3,10,3,1,1,1,4,3,3,3,1,1,1,1,1,1,1,1,1,2,2,1,1,1,1,1,1,1,1,1,1,1,1,1,1,1,1,1,2,1,1,1,3,2,2,2,1,1,1,1,1,1,1,1,3,3,3,3,3,3,3,3,1,1,1,1,2,2,2,2,2,1,1,1,2,1,1,1,3,1,1,1,2,1,1,1,1,1,1,1,1,1,1,1,4,3,3,3,1,1,1,1,1,1,1,1,1,1,1,1,1,1,1,1,4,1,3,3,1,1,1,1,1,1,1,1,1,1,1,1,1,1,1,1,4,1,3,3,1,1,1,1,1,1,1,1,1,1,1,1,4,1,3,3,1,1,1,1,1,1,1,1,1,1,1,1
1475,Kurunegala,1,2,3,2,5,1,1,9,3,3,3,3,4,4,4,4,1,1,1,1,1,1,1,1,2,2,2,2,1,1,1,1,1,1,1,1,1,1,1,1,1,1,1,1,1,1,1,1,1,1,1,1,1,1,1,1,1,1,1,1,4,4,4,4,1,1,1,1,1,1,1,1,1,1,1,1,1,1,1,1,1,1,1,1,1,1,1,1,3,1,1,1,1,1,1,1,3,3,3,3,1,1,1,1,3,3,3,3,1,1,1,1,1,1,1,1,1,1,1,1,1,1,1,1,3,3,3,3,1,1,1,1,1,1,1,1,1,1,1,1,1,1,1,1,1,1,1,1,1,1,1,1,1,1,1,1,1,1,1,1,2,2,2,2,1,1,1,1,1,1,1,1
1476,Colombo,1,2,3,2,5,1,3,5,3,3,3,3,2,2,2,2,2,2,2,2,3,3,3,3,1,2,1,1,2,2,2,2,1,1,1,1,1,1,1,1,2,2,2,2,1,1,1,1,2,2,2,2,1,1,1,1,2,2,2,2,3,3,3,3,1,1,1,1,3,3,3,3,1,1,1,1,3,1,1,1,3,1,1,1,2,1,1,1,2,2,2,2,1,1,1,1,2,2,2,2,3,3,3,3,1,1,1,1,2,2,2,2,1,3,1,1,4,2,4,4,1,1,1,1,1,1,1,1,1,1,1,1,1,1,1,1,1,1,1,1,4,4,4,4,1,1,1,1,1,1,1,1,1,3,1,1,3,3,3,3,3,1,1,1,3,1,1,1,3,1,1,1
1477,Kaluthara,1,2,5,2,1,3,9,10,2,1,1,1,4,4,4,4,1,1,1,1,1,1,1,1,1,1,1,1,1,1,1,1,1,1,1,1,1,1,1,1,1,2,2,2,2,1,1,1,1,1,1,1,1,1,1,1,1,1,1,1,1,1,1,1,1,1,1,1,1,1,1,1,2,1,1,1,1,1,1,1,1,1,1,1,1,1,1,1,3,1,1,1,1,1,1,1,2,2,2,2,1,1,1,1,1,1,1,1,2,2,2,2,1,1,1,1,4,4,4,4,1,1,1,1,1,1,1,1,1,1,1,1,1,1,1,1,2,2,2,2,1,1,1,1,1,1,1,1,2,2,2,2,1,1,1,1,4,4,4,4,2,2,2,2,2,2,2,2,1,1,1,1
1479,Colombo,1,2,2,2,5,1,10,3,2,2,2,2,2,2,2,2,2,2,2,2,2,2,2,2,1,2,1,1,1,1,1,1,1,2,2,2,2,2,2,2,2,2,2,2,2,1,1,1,3,3,4,3,1,1,1,1,2,2,2,2,1,1,2,2,1,1,1,1,1,1,3,3,1,1,1,1,3,1,1,1,3,1,1,1,2,1,1,1,2,2,2,2,1,1,1,1,2,2,2,2,4,4,4,4,1,1,1,1,2,1,1,1,1,1,1,1,4,4,4,4,1,1,1,1,1,1,1,1,1,1,1,1,1,1,1,1,1,1,1,1,1,1,1,1,1,1,1,1,3,3,3,3,1,1,1,1,4,4,4,4,2,2,2,2,2,1,1,2,1,1,1,1
1480,Colombo,1,1,5,3,4,1,3,4,3,1,1,1,2,2,2,2,1,1,1,1,1,1,1,1,1,1,1,1,1,1,1,1,4,4,4,4,1,1,1,1,1,1,1,1,1,1,1,1,2,2,2,2,4,3,3,3,1,1,1,1,1,1,1,1,1,1,1,1,1,1,1,1,2,1,1,1,1,1,1,1,1,1,1,1,1,1,1,1,4,4,4,4,1,1,1,1,2,2,2,2,1,1,1,1,1,1,1,1,2,2,2,2,1,1,1,1,4,1,1,1,1,1,1,1,1,1,1,1,1,1,1,1,1,1,1,1,1,1,1,1,4,4,4,4,1,1,1,1,1,1,1,1,1,1,1,1,4,4,4,4,1,1,1,1,1,1,1,1,1,1,1,1
1484,Ampara,1,2,5,2,7,3,10,2,2,2,2,2,2,1,1,1,3,1,1,1,2,1,1,1,1,1,1,1,1,1,1,1,2,1,1,2,1,1,1,1,2,1,1,1,1,1,1,1,3,2,2,2,2,2,2,2,1,1,1,1,2,2,2,2,2,1,1,1,1,1,1,1,1,1,1,1,3,1,1,1,2,1,1,1,2,1,1,1,1,1,1,1,1,1,1,1,1,1,1,1,1,1,1,1,1,1,1,1,1,1,1,1,1,1,1,1,1,1,1,1,1,1,1,1,1,1,1,1,1,1,1,1,1,1,1,1,1,1,1,1,1,1,1,1,1,1,1,1,1,1,1,1,1,1,1,1,1,1,1,1,1,1,1,1,1,1,1,1,1,1,1,1
1485,Ampara,2,1,5,3,4,3,10,10,1,1,1,1,2,1,1,2,2,1,1,1,1,1,1,1,2,1,1,2,1,1,1,1,1,1,1,1,1,1,1,1,2,2,2,2,2,2,1,1,1,1,1,1,1,1,1,1,1,1,1,1,1,1,1,1,1,1,1,1,1,1,1,1,2,1,2,2,2,1,1,1,2,1,1,1,1,1,2,1,1,1,1,1,1,1,1,1,1,1,1,1,1,1,1,1,1,1,1,1,2,2,2,2,1,1,1,1,1,1,1,1,1,1,1,1,1,1,1,1,1,1,1,1,1,1,1,1,1,1,1,1,1,1,1,1,1,1,1,1,2,2,2,2,1,1,1,1,1,1,1,1,1,1,1,1,1,1,1,1,1,1,1,1
1486,Ampara,2,1,2,2,4,3,1,2,3,3,3,3,2,1,2,2,1,1,1,1,1,1,1,1,1,1,1,2,1,1,1,1,2,1,1,1,1,1,1,1,1,1,2,1,1,1,1,1,1,1,1,1,2,1,2,2,1,1,1,1,1,1,1,1,2,2,2,2,1,1,1,1,1,1,1,1,2,1,1,1,1,1,1,1,1,1,1,1,1,1,1,1,1,1,1,1,2,1,1,1,4,1,2,2,1,1,1,1,1,1,1,1,1,1,1,1,4,1,2,2,1,1,1,1,1,1,1,1,1,1,1,1,1,1,1,1,1,1,1,1,1,1,1,1,1,1,1,1,4,1,2,2,1,1,1,1,4,1,2,2,1,1,1,1,1,1,1,1,1,1,1,1
1487,Colombo,1,2,3,2,4,1,10,3,3,1,1,2,4,4,4,4,1,1,1,1,1,1,1,1,1,1,1,1,1,1,1,1,1,1,1,1,1,1,1,1,1,1,1,1,1,1,1,1,2,2,2,2,1,1,1,1,1,1,1,1,1,1,1,1,1,1,1,1,1,1,1,1,2,2,2,2,1,1,1,1,1,1,1,1,1,1,1,1,4,4,4,4,1,1,1,1,1,1,1,1,1,1,1,1,1,1,1,1,3,3,3,3,1,1,1,1,4,4,4,4,1,1,1,1,1,1,1,1,1,1,1,1,1,1,1,1,1,1,1,1,1,1,1,1,1,1,1,1,4,4,4,4,1,1,1,1,4,2,2,2,4,2,2,2,4,3,3,3,1,1,1,1
1488,Colombo,1,2,2,2,4,1,1,6,3,3,3,3,4,4,4,4,1,1,1,1,2,2,2,2,1,1,1,1,1,1,1,1,1,1,1,1,1,1,1,1,2,2,2,2,1,1,1,1,4,1,1,1,1,1,1,1,1,1,1,1,4,4,4,4,4,4,4,4,1,1,1,1,1,1,1,1,1,1,1,1,1,1,1,1,1,1,1,1,4,1,1,1,1,1,1,1,4,4,4,4,1,1,1,1,1,1,1,1,2,2,2,2,1,1,1,1,2,2,2,2,1,1,1,1,4,4,4,4,2,1,1,1,2,4,4,4,1,1,1,1,1,1,1,1,1,1,1,1,1,1,1,1,1,1,1,1,4,4,4,4,4,4,4,4,2,2,2,2,2,2,2,2
1490,Kaluthara,1,2,4,2,4,1,10,10,3,1,1,1,3,2,2,2,1,1,1,1,1,1,1,1,2,3,3,2,1,1,1,1,1,1,1,1,1,1,1,1,1,1,1,1,2,1,1,1,2,1,1,1,2,2,2,2,1,1,1,1,2,2,2,2,2,2,2,2,1,1,1,1,1,1,1,2,2,1,1,1,2,1,1,1,1,1,1,1,3,1,1,1,1,1,1,1,2,1,1,1,1,1,1,1,1,1,1,1,3,4,4,4,3,3,3,1,3,1,1,1,1,1,1,1,1,1,1,1,1,1,1,1,1,1,1,1,1,1,1,1,1,2,1,2,1,1,1,1,3,2,2,2,3,3,3,3,1,1,1,1,1,1,1,1,1,1,1,1,1,1,1,1
1491,Colombo,1,2,2,2,4,1,3,6,3,2,2,2,4,4,4,4,1,1,1,1,2,2,2,2,1,1,1,1,1,1,1,1,1,1,1,1,1,1,1,1,2,2,2,2,1,1,1,1,4,1,1,1,1,1,1,1,1,1,1,1,3,3,3,3,3,3,3,3,1,1,1,1,1,1,1,1,2,1,1,1,2,1,1,1,1,1,1,1,3,1,1,1,1,1,1,1,2,2,2,2,4,4,4,4,1,1,1,1,2,2,2,2,1,1,1,1,4,4,4,4,1,1,1,1,1,1,1,1,1,1,1,1,1,1,1,1,2,2,2,2,4,4,4,4,1,1,1,1,1,1,1,1,1,1,1,1,4,4,4,4,2,2,2,2,1,1,1,1,1,1,1,1
1493,Ampara,1,2,5,2,7,3,10,2,2,2,2,2,2,1,1,1,2,1,1,1,1,1,1,1,1,1,1,1,1,1,1,1,2,1,1,2,1,1,1,1,1,1,1,1,2,2,2,2,2,1,1,2,2,2,2,2,1,1,1,1,2,2,2,2,1,1,2,2,1,1,1,1,2,2,2,2,2,1,1,1,2,1,1,1,2,1,1,1,1,1,1,1,1,1,1,1,1,1,1,1,1,1,1,1,1,1,1,1,1,1,1,1,1,1,1,1,1,1,1,1,1,1,1,1,1,1,1,1,1,1,1,1,1,1,1,1,1,1,1,1,1,1,1,1,1,1,1,1,1,1,1,1,1,1,1,1,1,1,1,1,1,1,1,1,1,1,1,1,1,1,1,1
1494,Colombo,2,1,3,2,4,1,10,10,3,1,1,2,3,1,1,2,1,2,2,2,3,2,1,2,1,2,2,2,1,1,1,1,1,1,1,1,1,1,1,1,1,1,1,1,1,1,1,1,3,1,2,2,1,2,1,1,1,1,1,1,2,1,2,2,2,1,2,2,1,1,1,1,1,1,1,1,1,1,1,1,1,1,1,1,1,1,1,1,2,1,1,1,1,1,1,1,1,1,1,1,3,2,1,1,1,1,1,1,2,2,1,2,1,1,1,1,3,1,1,1,1,1,1,1,1,1,1,1,1,1,1,1,1,1,1,1,1,1,1,1,2,1,1,1,3,1,1,1,3,1,1,1,1,1,1,1,3,1,1,1,3,1,1,1,1,1,1,1,1,1,1,1
1495,Kurunegala,1,2,3,2,5,2,10,3,3,2,2,2,4,3,3,3,1,1,1,1,2,1,1,1,1,1,1,1,1,1,1,1,2,1,1,1,1,1,1,1,1,1,1,1,2,1,1,1,4,2,2,2,1,1,1,1,1,1,1,1,1,1,1,1,1,1,1,1,1,1,1,1,2,1,1,1,2,1,1,1,2,1,1,1,3,1,1,2,1,1,1,1,1,1,1,1,1,1,1,1,4,4,4,4,1,1,1,1,1,1,1,1,4,2,3,3,1,1,1,1,1,1,1,1,1,1,1,1,1,1,1,1,1,1,1,1,1,1,1,1,1,1,1,1,1,1,1,1,1,1,1,1,4,2,3,3,1,1,1,1,1,1,1,1,1,1,1,1,1,1,1,1
1496,Colombo,1,2,4,2,4,1,3,10,3,2,2,2,4,4,4,4,1,1,1,1,1,1,1,1,2,2,2,2,1,1,1,1,1,1,1,1,1,1,1,1,2,2,2,2,1,1,1,1,4,1,1,1,1,1,1,1,1,1,1,1,2,2,2,2,2,2,2,2,1,1,1,1,1,1,1,1,2,1,1,1,2,1,1,1,2,1,1,1,2,1,1,1,1,1,1,1,2,1,1,1,4,4,4,4,1,1,1,1,2,2,2,2,1,1,1,1,4,4,4,4,1,1,1,1,1,1,1,1,1,1,1,1,1,1,1,1,1,1,1,1,4,4,4,4,1,1,1,1,1,1,1,1,1,1,1,1,4,4,4,4,1,1,1,1,1,1,1,1,1,1,1,1
1498,Kurunegala,1,2,2,2,4,1,10,10,2,2,2,2,3,3,3,3,1,1,1,1,1,1,1,1,2,3,2,2,1,1,1,1,1,1,1,1,1,1,1,1,2,2,2,2,2,1,1,1,1,1,1,1,1,1,1,1,1,1,1,1,1,1,1,1,1,1,1,1,1,1,1,1,2,2,2,2,1,1,1,1,1,1,1,1,1,1,1,1,3,1,1,3,1,1,1,1,1,1,1,1,1,1,1,1,3,3,3,3,3,3,3,3,1,1,1,1,4,4,4,4,1,1,1,1,1,1,1,1,1,1,1,1,1,1,1,1,1,1,1,1,1,1,1,1,3,3,3,3,2,2,2,2,1,1,1,1,1,1,1,1,1,1,1,1,1,1,1,1,1,1,1,1
1499,Kurunegala,1,2,5,2,4,1,3,9,3,3,3,3,3,4,3,3,1,1,1,1,4,2,2,3,1,1,1,1,3,4,3,3,1,1,1,1,1,1,1,1,1,1,1,1,1,1,1,1,3,2,2,2,1,1,1,1,1,1,1,1,4,4,4,4,1,1,1,1,1,2,2,3,1,1,1,1,2,1,1,1,1,1,1,1,1,1,1,1,4,1,2,3,1,1,1,1,1,1,1,1,1,1,1,1,1,1,1,1,1,1,1,1,1,4,4,2,4,1,1,3,1,1,1,1,1,1,1,1,3,1,1,3,1,1,1,1,3,2,2,3,1,1,1,1,1,1,1,1,4,4,4,4,1,1,1,1,4,4,4,4,4,1,1,4,1,1,1,1,1,1,1,1
1501,Colombo,1,2,2,2,4,1,10,10,3,1,1,2,2,4,4,4,1,1,1,1,4,1,1,1,1,1,1,1,2,2,2,2,2,1,2,1,1,1,1,1,1,1,1,1,3,1,1,1,4,4,4,4,1,1,1,1,1,1,1,1,3,3,3,3,1,1,1,1,1,1,1,1,1,1,1,1,1,1,1,1,1,1,1,1,1,1,1,1,1,1,1,1,1,1,1,1,1,1,1,1,4,4,4,4,1,1,1,1,1,1,1,1,1,1,1,1,4,4,4,4,1,1,1,1,1,1,1,1,1,1,1,1,1,1,1,1,1,1,1,1,4,4,4,4,1,1,1,1,1,1,1,1,1,1,1,1,3,3,3,3,4,4,4,4,1,1,1,1,1,1,1,1
1502,Colombo,1,2,3,2,4,1,10,4,2,2,2,2,4,4,4,4,2,2,2,2,2,2,2,2,2,2,2,2,1,1,1,1,1,1,1,1,1,1,1,1,2,2,2,2,1,1,1,1,4,1,1,1,1,1,1,1,1,1,1,1,4,4,4,4,4,4,4,4,1,1,1,1,1,1,1,1,4,1,1,1,3,1,1,1,2,1,1,1,1,1,1,1,1,1,1,1,2,2,2,2,4,4,4,4,1,1,1,1,2,2,2,2,4,4,4,4,1,1,1,1,1,1,1,1,1,1,1,1,1,1,1,1,1,1,1,1,1,1,1,1,1,1,1,1,1,1,1,1,1,1,1,1,2,2,2,2,4,4,4,4,1,1,1,2,2,1,1,1,1,1,1,1
1503,Colombo,1,2,2,2,4,1,3,10,3,3,3,3,2,2,2,2,1,1,1,1,4,4,4,4,2,2,2,2,1,1,1,1,1,1,1,1,1,1,1,1,2,2,2,2,1,1,1,1,4,1,1,1,1,1,1,1,1,1,1,1,3,3,3,3,4,4,4,4,1,1,1,1,1,1,1,1,1,1,1,1,1,1,1,1,2,1,1,1,1,1,1,1,1,1,1,1,2,2,2,2,4,4,4,4,2,2,2,2,2,2,2,2,1,1,1,1,4,4,4,4,1,1,1,1,1,1,1,1,1,1,1,1,1,1,1,1,2,2,2,2,4,4,4,4,1,1,1,1,1,1,1,1,1,1,1,1,4,4,4,4,3,3,3,3,1,1,1,1,1,1,1,1
1504,Kurunegala,1,2,4,2,4,1,10,4,2,1,1,1,4,3,3,3,1,1,1,1,1,1,1,1,1,2,2,2,1,1,1,1,2,1,1,1,1,1,1,1,1,1,1,1,3,1,1,1,2,2,2,2,1,1,2,1,3,3,3,3,1,1,1,1,1,1,1,1,1,1,1,1,2,1,1,1,2,1,1,1,2,1,1,1,3,1,1,1,2,1,1,1,1,1,1,1,1,1,1,1,4,3,3,3,1,1,1,1,1,1,1,1,4,3,3,3,3,1,2,2,1,1,1,1,1,1,1,1,1,1,1,1,1,1,1,1,1,1,1,1,1,1,1,1,1,1,1,1,1,1,1,1,4,3,3,3,1,1,1,1,1,1,1,1,1,1,1,1,1,1,1,1
1505,Kurunegala,1,2,2,2,5,1,10,10,2,2,2,2,2,2,2,2,1,1,1,1,2,2,2,2,1,1,1,1,2,3,2,4,1,1,1,1,1,1,1,1,2,2,2,2,2,1,1,1,2,2,2,2,1,1,1,1,1,1,1,1,2,2,2,2,1,1,1,1,1,1,1,1,2,2,2,2,2,1,1,1,1,1,1,1,2,1,1,1,3,1,1,3,1,1,1,1,1,1,1,1,1,1,1,1,4,4,4,4,2,2,2,2,1,1,1,1,4,4,4,4,1,1,1,1,1,1,1,1,1,1,1,1,1,1,1,1,1,1,1,1,1,1,1,1,1,1,1,1,1,1,1,1,1,1,1,1,3,3,3,3,1,1,1,1,1,1,1,1,1,1,1,1
1506,Kurunegala,1,2,6,2,4,1,3,9,3,3,3,3,3,4,3,3,3,1,2,3,1,1,1,1,1,3,1,1,1,1,1,1,2,2,2,2,1,1,1,1,1,1,1,1,1,1,1,1,3,1,2,2,1,1,1,1,1,1,1,1,3,2,3,3,1,1,1,1,1,2,3,4,1,1,1,1,3,1,1,1,1,1,1,1,1,1,1,1,1,1,1,1,1,1,1,1,1,1,1,1,4,4,4,4,1,1,1,1,1,1,1,1,1,1,1,1,1,1,1,1,1,1,1,1,4,4,4,4,1,1,1,1,1,1,1,1,1,1,1,1,1,1,1,1,1,1,1,1,4,4,4,4,1,1,1,1,4,4,4,4,1,1,1,1,1,1,1,1,1,1,1,1
1507,Kurunegala,1,2,2,2,4,1,9,4,2,1,1,1,4,3,3,3,1,1,1,1,1,1,1,1,1,2,2,2,1,1,1,1,1,1,1,1,1,1,1,1,1,1,1,1,1,1,1,1,2,2,2,2,1,1,1,1,3,3,3,3,2,2,2,2,2,2,2,2,1,1,1,1,2,1,1,1,1,1,1,1,1,1,1,1,2,1,1,1,2,1,2,2,1,1,1,1,2,2,2,2,1,1,1,1,1,1,1,1,1,1,1,1,1,1,1,1,4,2,3,3,1,1,1,1,1,1,1,1,1,1,1,1,1,1,1,1,1,1,1,1,1,1,1,1,1,1,1,1,4,2,3,3,1,1,1,1,4,2,3,3,1,1,1,1,1,1,1,1,1,1,1,1
1508,Kurunegala,1,2,2,2,5,1,1,6,3,3,3,3,4,4,4,4,1,1,1,1,1,1,1,1,2,2,2,1,1,1,1,1,3,3,3,3,1,1,1,1,1,1,1,1,1,1,1,1,4,1,1,1,1,1,1,1,1,1,1,1,4,4,4,4,4,4,4,4,1,1,1,1,1,1,1,1,1,1,1,1,1,1,1,1,1,1,1,1,4,1,1,1,1,1,1,1,1,1,1,1,1,1,1,1,4,4,4,4,1,1,1,1,1,1,1,1,1,1,1,1,1,1,1,1,3,3,3,3,1,1,1,1,4,4,4,4,1,1,1,1,1,1,1,1,1,1,1,1,1,1,1,1,1,1,1,1,1,1,1,1,4,4,4,4,1,1,1,1,1,1,1,1
1509,Kaluthara,1,2,5,2,4,1,4,10,3,2,2,2,4,4,4,4,1,1,1,1,2,2,2,2,1,2,2,2,1,1,1,1,1,1,1,1,1,1,1,1,2,2,2,2,1,1,1,1,2,1,1,1,1,1,1,1,1,1,1,1,2,2,2,2,2,2,2,2,1,1,1,1,1,1,1,1,2,1,1,1,2,1,1,1,2,1,1,1,2,1,1,1,1,1,1,1,2,2,2,2,4,4,4,4,1,1,1,1,2,2,2,2,1,1,1,1,4,4,4,4,1,1,1,1,1,1,1,1,1,1,1,1,1,1,1,1,1,1,1,1,4,4,4,4,1,1,1,1,2,2,2,2,1,1,1,1,4,4,4,4,3,3,3,3,1,1,1,1,1,1,1,1
1510,Matale,1,2,5,2,5,2,3,7,2,2,2,2,4,3,3,3,1,1,1,1,1,1,1,1,1,1,1,1,1,1,1,1,1,1,1,1,1,1,1,1,1,1,1,1,1,1,1,1,4,3,4,3,1,1,1,1,1,1,1,1,2,2,2,2,2,2,2,2,1,1,1,1,1,1,1,1,1,1,1,1,1,1,1,1,2,1,1,1,4,1,2,2,1,1,1,1,2,2,2,2,1,1,1,1,1,1,1,1,3,3,3,3,1,1,1,1,4,1,1,2,1,1,1,1,1,1,1,1,4,1,2,2,1,1,1,1,1,1,1,1,1,1,1,1,1,1,1,1,1,1,1,1,1,1,1,1,4,1,2,3,1,1,1,1,1,1,1,1,1,1,1,1
1513,Kurunegala,1,2,3,2,4,1,10,3,2,2,2,2,1,1,1,1,1,1,1,1,3,3,3,3,1,2,2,2,1,1,1,1,1,1,1,1,1,1,1,1,2,2,2,2,2,1,1,2,1,1,1,1,1,1,1,1,1,1,1,1,1,1,1,1,1,1,1,1,1,1,1,1,2,2,2,2,2,1,1,1,1,1,1,1,1,1,1,1,3,1,1,3,1,1,1,1,1,1,1,1,1,1,1,1,2,2,2,2,3,3,3,3,1,1,1,1,4,4,4,4,1,1,1,1,1,1,1,1,1,1,1,1,1,1,1,1,1,1,1,1,1,1,1,1,1,1,1,1,4,4,4,4,1,1,1,1,1,1,1,1,1,1,1,1,4,4,4,4,1,1,1,1
1516,Matale,1,2,5,2,7,1,8,7,5,5,5,5,2,4,3,2,4,2,3,4,1,1,1,1,1,3,2,1,1,1,1,1,1,1,1,1,1,1,1,1,1,1,1,1,1,1,1,1,4,2,2,3,1,1,1,1,1,1,1,1,3,4,4,4,1,1,1,1,1,1,1,4,1,1,1,1,2,1,1,1,1,1,1,1,1,1,1,1,3,1,1,1,1,1,1,1,1,1,1,1,3,4,4,4,1,1,1,1,1,1,1,1,1,4,4,3,4,1,1,3,4,1,1,4,1,1,1,1,4,1,1,1,1,1,1,1,2,1,1,3,1,1,1,1,1,1,1,1,4,1,1,4,1,1,1,1,4,1,1,3,1,1,1,1,1,1,1,1,1,1,1,1
1517,Matale,1,2,6,2,4,1,8,7,2,2,2,2,4,3,3,3,1,1,1,1,1,1,1,1,1,1,1,1,1,1,1,1,1,1,1,1,1,1,1,1,1,1,1,1,1,1,1,1,3,3,4,3,1,1,1,1,1,1,1,1,1,1,1,1,1,1,1,1,1,1,1,1,2,1,1,1,1,1,1,1,1,1,1,1,2,1,1,1,2,1,1,1,1,1,1,1,3,3,3,3,1,1,1,1,1,1,1,1,1,1,1,1,1,1,1,1,1,1,1,1,1,1,1,1,1,1,1,1,1,1,1,1,1,1,1,1,1,1,1,1,1,1,1,1,1,1,1,1,1,1,1,1,1,1,1,1,1,1,1,1,1,1,1,1,1,1,1,1,1,1,1,1
1519,Colombo,1,2,2,2,5,1,3,4,3,2,2,2,2,2,2,2,1,1,1,1,4,4,4,4,1,1,1,1,1,2,2,2,1,1,1,1,1,1,1,1,1,2,2,2,1,1,1,1,4,1,1,1,2,1,1,1,1,1,1,1,3,3,3,3,4,4,4,4,1,1,1,1,2,2,2,2,1,1,1,1,1,1,1,1,1,1,1,1,2,1,1,1,1,1,1,1,2,2,2,2,4,4,4,4,1,1,1,1,2,2,2,2,1,1,1,1,4,4,4,4,1,1,1,1,1,1,1,1,1,1,1,1,1,1,1,1,1,1,1,1,4,4,4,4,1,1,1,1,1,1,1,1,1,1,1,1,4,4,4,4,2,2,2,2,1,1,1,1,1,1,1,1
1522,Matale,1,1,6,2,4,1,8,2,2,2,2,2,4,3,3,3,1,1,1,1,1,1,1,1,1,1,1,1,1,1,1,1,1,1,1,1,1,1,1,1,1,1,1,1,1,1,1,1,3,3,4,3,1,1,1,1,1,1,1,1,1,1,1,1,1,1,1,1,1,1,1,1,2,1,1,1,1,1,1,1,1,1,1,1,3,1,1,1,1,1,1,1,1,1,1,1,4,3,3,3,1,1,1,1,1,1,1,1,1,1,1,1,1,1,1,1,1,1,1,1,1,1,1,1,1,1,1,1,1,1,1,1,1,1,1,1,1,1,1,1,1,1,1,1,1,1,1,1,1,1,1,1,1,1,1,1,1,1,1,1,1,1,1,1,1,1,1,1,1,1,1,1
1523,Colombo,1,2,2,2,5,1,3,3,3,2,2,3,4,4,4,4,1,1,1,1,2,2,2,2,1,2,2,2,1,1,1,1,1,1,1,1,1,1,1,1,2,2,2,2,1,1,1,1,4,1,1,1,1,1,1,1,1,1,1,1,3,3,3,3,4,4,4,4,1,1,1,1,1,1,1,1,1,1,1,1,1,1,1,1,1,1,1,1,2,1,1,1,1,1,1,1,2,2,2,2,4,4,4,4,1,1,1,1,2,2,2,2,1,1,1,1,4,4,4,4,1,1,1,1,1,1,1,1,1,1,1,1,1,1,1,1,1,1,1,1,4,4,4,4,1,1,1,1,1,1,1,1,1,1,1,1,4,4,4,4,2,2,2,2,2,2,2,2,1,1,1,1
1525,Kaluthara,1,2,2,2,4,1,10,10,2,1,1,1,3,3,3,3,1,1,1,1,2,1,1,1,1,2,2,2,1,1,1,1,2,2,2,1,1,1,1,1,1,2,2,2,1,1,1,1,2,2,2,2,1,1,1,1,1,1,1,1,3,3,3,3,2,2,2,2,1,1,1,1,1,1,1,1,2,1,1,1,2,1,1,1,2,1,1,1,3,1,1,1,1,1,1,1,1,1,1,1,3,3,3,3,1,1,1,1,1,1,1,1,1,1,1,1,4,4,4,4,1,1,1,1,1,1,1,1,1,1,1,1,1,1,1,1,1,1,1,1,4,4,4,4,1,1,1,1,1,1,1,1,1,1,1,1,1,1,1,1,4,4,4,4,1,1,1,1,1,1,1,1
1526,Jaffna,1,1,3,5,3,2,10,3,2,1,1,1,2,1,2,2,1,1,1,1,1,1,1,1,1,1,1,1,1,1,1,1,1,1,1,1,1,1,1,1,1,1,2,2,1,1,1,1,1,1,1,1,1,1,1,1,1,1,1,1,1,1,1,1,1,1,1,1,1,1,1,1,2,1,1,2,1,1,1,1,1,1,1,1,1,1,1,1,1,1,1,1,1,1,1,1,1,1,1,1,1,1,1,1,1,1,1,1,2,1,1,2,1,1,1,1,4,1,1,2,1,1,1,1,1,1,1,1,1,1,1,1,1,1,1,1,1,1,1,1,1,1,1,1,1,1,1,1,4,1,1,2,1,1,1,1,4,1,1,2,1,1,1,1,1,1,1,1,1,1,1,1
1527,Kurunegala,1,2,3,2,4,1,3,10,3,3,3,3,2,3,3,2,4,1,2,3,1,1,1,1,1,3,2,1,1,1,1,1,1,1,1,1,1,1,1,1,1,1,1,1,3,1,1,1,4,2,4,3,1,1,1,1,1,1,1,1,4,4,4,4,1,1,1,1,1,3,3,3,1,1,1,1,3,1,1,1,1,1,1,1,3,1,1,1,1,1,1,1,1,1,1,1,3,1,1,1,3,4,4,4,1,1,1,1,1,1,1,1,1,1,1,1,4,1,1,3,1,1,1,1,1,1,1,1,1,1,1,1,1,1,1,1,1,1,1,1,4,1,1,3,1,1,1,1,1,1,1,1,1,1,1,1,1,1,1,1,4,1,1,3,1,1,1,1,1,1,1,1
1529,Kurunegala,1,2,3,2,4,1,10,10,3,2,2,2,3,3,3,3,1,1,1,1,1,1,1,1,1,3,3,3,2,2,2,2,2,1,1,1,1,1,1,1,1,1,1,1,3,1,1,1,2,2,2,2,1,1,1,1,3,3,3,3,1,1,1,1,1,1,1,1,1,1,1,1,2,2,2,2,2,1,1,1,2,1,1,1,3,1,1,1,1,1,1,1,1,1,1,1,1,1,1,1,4,3,4,4,1,1,1,1,1,1,1,1,1,1,1,1,4,2,3,3,1,1,1,1,1,1,1,1,1,1,1,1,1,1,1,1,1,1,1,1,1,1,1,1,1,1,1,1,1,1,1,1,1,1,1,1,1,1,1,1,1,1,1,1,1,1,1,1,1,1,1,1
1530,Kurunegala,1,2,3,2,4,1,10,4,2,1,1,2,1,1,1,1,1,1,1,1,4,4,4,4,1,2,2,2,1,1,1,1,1,1,1,1,1,1,1,1,2,1,1,2,1,1,1,1,1,1,1,1,1,1,1,1,1,1,1,1,1,1,1,1,1,1,1,1,1,1,1,1,2,2,2,2,1,1,1,1,2,1,1,1,2,1,1,1,3,1,1,2,1,1,1,1,2,2,2,2,1,1,1,1,3,3,3,3,2,2,2,2,3,3,3,3,1,1,1,1,1,1,1,1,1,1,1,1,1,1,1,1,1,1,1,1,1,1,1,1,1,1,1,1,1,1,1,1,3,3,3,3,1,1,1,1,4,4,4,4,1,1,1,1,1,1,1,1,1,1,1,1
1531,Kaluthara,1,2,3,2,3,1,10,10,3,1,1,2,4,4,4,4,1,1,1,1,1,1,1,1,1,1,1,1,1,1,1,1,1,1,1,1,1,1,1,1,1,1,1,1,1,1,1,1,1,1,1,1,1,1,1,1,1,1,1,1,1,1,1,1,1,1,1,1,1,1,1,1,2,2,2,2,1,1,1,1,1,1,1,1,1,1,1,1,4,2,3,3,1,1,1,1,2,2,2,2,1,1,1,1,1,1,1,1,3,3,3,3,1,1,1,1,4,4,4,4,1,1,1,1,1,1,1,1,1,1,1,1,1,1,1,1,2,2,2,2,1,1,1,1,1,1,1,1,3,3,3,3,1,1,1,1,1,1,1,1,3,3,3,3,2,2,2,2,1,1,1,1
1533,Matale,1,2,4,2,3,2,4,9,3,3,3,3,4,3,3,4,1,1,1,1,1,1,1,1,1,2,2,1,1,1,1,1,1,1,1,1,1,1,1,1,1,1,1,1,1,1,1,1,2,1,1,1,1,1,1,1,1,1,1,1,2,1,1,1,1,1,1,1,1,1,1,1,4,3,3,3,1,1,1,1,1,1,1,1,1,1,1,1,4,1,2,3,1,1,1,1,1,1,1,1,1,1,1,1,1,1,1,1,1,1,1,1,1,1,1,1,4,1,2,3,1,1,1,1,1,1,1,1,1,1,1,1,1,1,1,1,1,1,1,1,1,1,1,1,1,1,1,1,4,1,2,3,1,1,1,1,4,1,2,3,1,1,1,1,1,1,1,1,1,1,1,1
1534,Kaluthara,1,2,4,3,4,1,1,10,2,2,2,2,4,4,4,4,1,1,1,1,3,2,2,3,1,2,2,1,3,3,3,3,2,2,2,2,1,1,1,1,1,1,1,1,2,1,1,1,3,3,4,3,1,1,1,1,1,1,1,1,3,3,3,3,1,1,1,1,1,1,1,1,3,3,3,3,2,1,1,1,2,1,1,1,3,1,1,1,1,1,1,1,1,1,1,1,1,1,1,1,4,4,4,4,1,1,1,1,2,2,2,2,1,1,1,1,1,1,1,1,1,1,1,1,1,1,1,1,1,1,1,1,1,1,1,1,1,1,1,1,1,1,1,1,1,1,1,1,1,1,1,1,1,1,1,1,1,1,1,1,1,1,1,1,1,1,1,1,1,1,1,1
1535,Matale,1,1,5,2,3,2,9,9,2,1,1,1,4,3,3,3,1,1,1,1,1,1,1,1,1,1,1,1,1,1,1,1,1,1,1,1,1,1,1,1,1,1,1,1,1,1,1,1,2,1,1,1,1,1,1,1,1,1,1,1,1,1,1,1,1,1,1,1,1,1,1,1,1,1,1,1,2,1,1,1,2,1,1,1,3,1,1,2,4,2,2,2,1,1,1,1,1,1,1,1,1,1,1,1,1,1,1,1,4,3,3,3,1,1,1,1,4,1,3,3,1,1,1,1,1,1,1,1,1,1,1,1,1,1,1,1,1,1,1,1,1,1,1,1,1,1,1,1,1,1,1,1,1,1,1,1,1,1,1,1,1,1,1,1,1,1,1,1,1,1,1,1
1537,Kurunegala,1,2,2,2,4,1,10,4,3,1,2,2,3,3,3,3,2,1,1,1,1,1,1,1,1,3,3,3,1,1,1,1,1,1,1,1,1,1,1,1,1,1,1,1,1,1,1,1,4,2,4,3,1,1,1,1,1,1,1,1,4,3,3,3,4,3,3,3,1,1,1,1,2,2,2,2,1,1,1,1,1,1,1,1,3,1,1,2,1,1,1,1,1,1,1,1,1,1,1,1,4,3,3,3,1,1,1,1,4,3,3,3,1,1,1,1,4,2,3,3,1,1,1,1,1,1,1,1,1,1,1,1,1,1,1,1,1,1,1,1,1,1,1,1,1,1,1,1,4,2,3,3,1,1,1,1,1,1,1,1,1,1,1,1,1,1,1,1,1,1,1,1
1538,Kaluthara,1,2,1,2,5,1,3,10,3,1,1,1,3,2,2,2,1,1,1,1,2,1,2,2,1,2,2,2,1,1,1,1,1,1,1,1,1,1,1,1,1,1,1,1,1,1,1,1,2,2,2,2,1,1,1,1,1,1,1,1,2,2,2,2,2,2,2,2,1,1,1,1,1,1,1,1,2,1,1,1,2,1,1,1,1,2,2,1,2,1,1,1,1,1,1,1,1,1,1,1,3,1,2,2,1,1,2,1,1,1,1,1,1,1,1,1,3,1,2,2,1,4,1,1,1,1,1,1,1,1,1,2,1,1,1,1,1,1,1,1,3,1,2,2,1,1,1,1,1,1,1,1,1,1,1,2,3,1,2,2,1,1,2,2,1,1,1,1,1,1,1,1
1539,Kaluthara,1,2,2,2,4,1,9,10,2,1,1,1,2,2,2,2,1,1,1,1,4,4,4,4,1,2,2,2,1,1,1,1,1,1,1,1,1,1,1,1,2,2,2,2,1,1,1,1,2,1,1,1,1,1,1,1,2,2,2,2,1,1,1,1,1,1,1,1,1,1,1,1,1,1,1,1,1,1,1,1,1,1,1,1,1,1,1,1,2,1,1,1,1,1,1,1,2,2,2,2,1,1,1,1,1,1,1,1,2,2,2,2,1,1,1,1,4,4,4,4,1,1,1,1,1,1,1,1,1,1,1,1,1,1,1,1,2,2,2,2,1,1,1,1,2,2,2,2,3,3,3,3,1,1,1,1,4,4,4,4,2,2,2,2,1,1,1,1,1,1,1,1
1542,Matale,2,1,1,2,3,2,3,8,2,2,2,2,4,4,4,4,1,1,1,1,1,1,1,1,1,1,1,1,1,1,1,1,1,1,1,1,1,1,1,1,2,2,2,2,1,1,1,1,3,3,4,3,1,1,1,1,1,1,1,1,3,3,3,3,1,1,1,1,1,1,1,1,2,2,2,2,1,1,1,1,1,1,1,1,1,1,1,1,4,1,1,4,1,1,1,1,1,2,2,1,1,1,1,1,1,1,1,1,1,1,1,1,1,1,1,1,4,4,4,4,1,1,1,1,1,1,1,1,1,1,1,1,4,4,4,4,1,1,1,1,1,1,1,1,1,1,1,1,1,1,1,1,1,1,1,1,4,4,4,4,1,1,1,1,1,1,1,1,1,1,1,1
1544,Kaluthara,1,2,5,2,5,1,8,10,2,2,2,2,2,2,2,2,1,1,1,1,2,1,1,1,1,1,1,1,1,1,1,1,1,1,1,1,1,1,1,1,1,1,1,1,1,1,1,1,1,1,1,1,1,1,1,1,2,1,1,1,1,1,1,1,1,1,1,1,1,1,1,1,1,1,1,2,2,1,1,1,2,1,1,1,1,1,1,1,2,1,1,1,1,1,1,1,2,1,1,1,1,1,1,1,1,1,1,1,2,1,1,1,1,1,1,1,1,1,1,1,1,1,1,1,1,1,1,1,1,1,1,1,1,1,1,1,1,1,1,1,1,1,1,1,1,1,1,1,1,1,1,1,1,1,1,1,1,1,1,1,1,1,1,1,1,1,1,1,1,1,1,1
1546,Batticaloa,1,2,4,2,4,2,10,10,1,1,1,1,2,1,1,2,2,1,1,2,2,1,2,2,2,1,2,2,1,1,1,1,2,1,1,2,1,1,1,1,2,2,2,2,2,1,1,2,2,1,1,1,2,1,1,1,1,1,1,1,1,1,1,1,1,1,1,1,1,1,1,1,1,1,1,1,2,1,1,1,2,1,1,1,2,1,1,1,1,1,1,1,1,1,1,1,1,1,1,1,2,1,2,2,1,1,1,1,1,1,1,1,1,1,1,1,1,1,1,1,1,1,1,1,1,1,1,1,1,1,1,1,1,1,1,1,1,1,1,1,2,1,1,2,1,1,1,1,1,1,1,1,1,1,1,1,1,1,1,1,1,1,1,1,1,1,1,1,1,1,1,1
1549,Colombo,1,2,2,2,4,1,10,10,3,1,1,2,4,4,4,4,1,1,1,1,3,3,3,3,1,1,1,1,1,1,1,1,3,3,3,3,1,1,1,1,1,1,1,1,1,1,1,1,4,4,4,4,1,1,1,1,1,1,1,1,4,4,4,4,1,1,1,1,1,1,1,1,2,2,2,2,3,1,1,1,2,1,1,2,1,1,1,1,1,1,1,1,1,1,1,1,2,2,2,2,4,4,4,4,1,1,1,1,2,2,2,2,1,1,1,1,4,4,4,4,1,1,1,1,1,1,1,1,1,1,1,1,1,1,1,1,1,1,1,1,4,4,4,4,1,1,1,1,1,1,1,1,1,1,1,1,2,2,2,2,4,2,2,2,4,2,2,2,3,1,1,1
1552,Colombo,1,2,3,2,5,1,10,10,3,2,2,2,4,4,4,4,1,1,1,1,2,2,2,2,1,2,2,2,1,1,1,1,1,1,1,1,1,1,1,1,1,2,2,2,1,1,1,1,2,1,1,1,1,1,1,1,4,1,1,1,2,2,2,2,2,2,2,2,1,1,1,1,1,1,1,1,2,1,1,1,2,1,1,1,2,1,1,1,4,1,1,1,1,1,1,1,2,2,2,2,3,3,3,3,1,1,1,1,2,2,2,2,1,3,3,3,4,4,4,4,1,1,1,1,1,1,1,1,2,1,1,1,1,1,1,1,2,2,2,2,3,3,3,3,2,2,2,2,2,2,2,2,1,1,1,1,2,2,2,2,1,1,1,1,1,1,1,1,1,1,1,1
1553,Kurunegala,1,2,3,2,4,1,3,3,3,3,3,3,2,3,2,2,4,2,3,4,1,1,1,1,2,3,2,2,1,1,1,1,1,1,1,1,1,1,1,1,1,1,1,1,2,1,1,1,4,2,2,3,1,1,1,1,1,1,1,1,4,4,4,4,1,1,1,1,1,2,3,3,1,1,1,1,2,1,1,1,1,1,1,1,3,1,1,1,1,1,1,1,1,1,1,1,1,1,1,1,4,4,4,4,1,1,1,1,1,1,1,1,1,1,1,1,4,4,4,4,1,1,1,1,1,1,1,1,1,1,1,1,1,1,1,1,1,1,1,1,4,4,4,4,1,1,1,1,1,1,1,1,1,1,1,1,1,1,1,1,4,4,4,4,1,1,1,1,1,1,1,1
1554,Matale,2,1,2,2,3,2,5,10,2,2,2,2,4,4,4,4,1,1,1,1,1,1,1,1,1,1,1,1,1,1,1,1,1,1,1,1,1,1,1,1,2,2,2,2,1,1,1,1,1,1,1,1,1,1,1,1,1,1,1,1,1,1,1,1,1,1,1,1,1,1,1,1,2,2,2,2,1,1,1,1,1,1,1,1,1,1,1,1,4,1,3,4,1,1,1,1,1,4,1,1,1,1,1,1,1,1,1,1,3,3,3,3,1,1,1,1,4,4,4,4,1,1,1,1,1,1,1,1,3,2,3,3,1,1,1,1,1,1,1,1,1,1,1,1,1,1,1,1,1,1,1,1,1,1,1,1,4,4,4,4,1,1,1,1,1,1,1,1,1,1,1,1
1556,Kaluthara,1,2,2,2,4,1,3,4,3,2,3,3,2,2,2,2,1,1,1,1,4,4,4,4,1,1,1,1,1,1,1,1,2,2,2,2,1,1,1,1,1,1,1,1,1,1,1,1,4,4,4,4,1,1,1,1,1,1,1,1,4,4,4,4,1,1,1,1,1,1,1,1,2,1,1,1,2,1,1,1,1,1,1,1,2,1,1,1,4,4,4,4,1,1,1,1,2,2,2,2,1,1,1,1,4,4,4,4,1,1,1,1,1,1,1,1,4,4,4,4,1,1,1,1,1,1,1,1,1,1,1,1,1,1,1,1,1,1,1,1,1,1,1,1,1,1,1,1,1,1,1,1,1,1,1,1,4,4,4,4,4,4,4,4,1,1,1,1,1,1,1,1
1558,Kaluthara,1,2,2,2,4,1,3,8,3,2,2,2,2,2,2,2,3,3,3,3,1,1,1,1,1,2,1,1,2,2,2,2,1,2,1,1,1,1,1,1,2,2,2,2,1,1,1,1,2,2,2,2,1,1,1,1,3,3,3,3,3,3,3,3,1,1,1,1,1,1,1,1,3,3,3,3,2,1,1,1,2,1,1,1,2,1,1,2,2,2,2,2,1,1,1,1,1,1,1,1,3,2,2,2,1,1,1,1,3,3,3,3,1,1,1,1,4,4,4,4,1,1,1,1,1,1,1,1,1,1,1,1,1,1,1,1,1,1,1,1,4,4,4,4,1,1,1,1,1,1,1,1,1,2,2,1,3,3,3,3,1,1,1,1,1,1,1,1,1,1,1,1
1559,Kurunegala,1,2,3,2,7,1,1,2,5,5,5,5,4,3,4,4,1,1,1,1,1,1,1,1,1,1,1,1,1,1,1,1,1,1,1,1,1,1,1,1,1,1,1,1,1,1,1,1,4,1,2,3,1,1,1,1,1,1,1,1,4,4,4,4,1,1,1,1,1,1,1,1,1,1,1,1,2,1,1,1,1,1,1,1,1,1,1,1,1,1,1,1,1,1,1,1,1,1,1,1,4,3,4,4,1,1,1,1,1,1,1,1,1,1,1,1,4,4,4,4,1,1,1,1,1,1,1,1,1,1,1,1,1,1,1,1,1,1,1,1,4,4,4,4,1,1,1,1,1,1,1,1,1,3,3,1,1,1,1,1,4,1,1,3,1,1,1,1,1,1,1,1
1561,Matale,1,2,5,2,1,2,9,10,2,1,1,1,4,4,4,4,1,1,1,1,1,1,1,1,1,1,1,1,1,1,1,1,1,1,1,1,1,1,1,1,1,1,1,1,1,1,1,1,4,1,1,1,1,1,1,1,1,1,1,1,1,1,1,1,1,1,1,1,1,1,1,1,1,1,1,1,1,1,1,1,1,1,1,1,1,1,1,1,4,1,1,1,1,1,1,1,1,1,1,1,1,1,1,1,1,1,1,1,1,1,1,1,1,1,1,1,1,1,1,1,1,1,1,1,1,1,1,1,1,1,1,1,1,1,1,1,1,1,1,1,1,1,1,1,1,1,1,1,1,1,1,1,1,1,1,1,3,3,3,3,1,1,1,1,1,1,1,1,1,1,1,1
1562,Kaluthara,1,2,4,2,4,1,4,10,3,2,2,2,4,4,4,4,1,1,1,1,3,3,3,3,1,2,2,2,2,2,2,2,1,1,1,1,1,1,1,1,1,1,1,1,1,1,1,1,2,1,1,1,1,1,1,1,2,2,2,2,2,2,2,2,2,2,2,2,1,1,1,1,1,1,1,1,1,1,1,1,1,1,1,1,2,1,1,1,2,1,1,1,1,1,1,1,2,2,2,2,1,1,1,1,4,4,4,4,2,2,2,2,4,4,4,4,4,4,4,4,2,1,1,1,1,1,1,1,2,1,1,1,1,1,1,1,2,2,2,2,1,1,1,1,3,3,3,3,2,2,2,2,4,4,4,4,2,2,2,2,2,2,2,2,2,2,2,2,1,1,1,1
1564,Colombo,1,2,3,2,5,1,10,10,3,1,1,2,4,4,4,4,1,1,1,1,1,1,1,1,1,1,1,1,1,1,1,1,1,1,1,1,1,1,1,1,1,1,1,1,1,1,1,1,2,2,2,2,1,1,1,1,1,1,1,1,1,1,1,1,3,3,3,3,1,1,1,1,1,1,1,1,1,1,1,1,1,1,1,1,2,1,1,1,3,2,2,2,1,1,1,1,1,2,1,1,3,3,3,3,1,1,1,1,2,2,2,2,1,1,1,1,4,4,4,4,1,1,1,1,1,1,1,1,1,1,1,1,1,1,1,1,1,1,1,1,1,1,1,1,1,1,1,1,1,1,1,2,1,1,1,1,1,1,1,1,1,1,1,1,4,4,4,4,1,1,1,1
1566,Colombo,1,2,2,2,5,1,3,4,3,3,3,3,2,2,2,2,1,1,1,1,4,4,4,4,1,1,1,1,1,1,1,1,1,1,1,1,1,1,1,1,2,2,2,2,1,1,1,1,4,1,1,1,1,1,1,1,1,1,1,1,4,4,4,4,4,4,4,4,3,3,3,3,2,1,1,1,2,1,1,1,2,1,1,1,2,1,1,1,2,1,1,1,1,1,1,1,2,2,2,2,4,4,4,4,1,1,1,1,2,2,2,2,1,4,3,2,4,1,4,4,1,1,1,1,1,1,1,1,1,1,1,1,1,1,1,1,1,1,1,1,4,2,4,4,1,1,1,1,1,1,1,1,1,1,3,3,4,3,3,3,4,1,2,3,2,1,1,2,1,1,1,1
1567,Batticaloa,2,1,4,2,4,2,10,10,3,1,1,3,3,1,3,3,3,1,1,2,3,1,2,2,2,1,2,2,2,1,1,2,2,1,2,2,1,1,1,1,2,1,1,2,2,1,2,2,2,1,1,2,2,1,2,2,2,1,2,2,2,1,2,2,2,2,2,2,2,1,1,1,2,1,1,2,2,1,1,1,2,1,1,1,2,1,1,1,1,1,1,1,1,1,1,1,1,1,1,1,4,1,2,4,1,1,1,1,1,1,1,1,1,1,1,1,1,1,1,1,1,1,1,1,1,1,1,1,1,1,1,1,1,1,1,1,1,1,1,1,1,1,1,1,1,1,1,1,1,1,1,1,1,1,1,1,1,1,1,1,1,1,1,1,1,1,1,1,1,1,1,1
1570,Kurunegala,1,2,2,2,4,1,1,6,5,5,5,5,2,3,3,2,4,1,2,2,1,1,1,1,1,2,2,2,1,1,1,1,1,1,1,1,1,1,1,1,1,1,1,1,1,1,1,1,3,1,2,1,1,1,1,1,1,1,1,1,4,4,4,2,1,1,1,1,1,2,2,4,1,1,1,1,2,1,1,1,1,1,1,1,1,1,1,1,1,1,1,1,1,1,1,1,4,2,3,2,3,2,3,2,1,1,1,1,1,1,1,1,1,1,1,1,1,1,1,1,1,1,1,1,4,4,4,4,1,1,1,1,1,1,1,1,1,1,1,1,1,1,1,1,1,1,1,1,4,4,4,4,1,1,1,1,1,1,1,1,4,4,4,4,1,1,1,1,1,1,1,1
1572,Kaluthara,1,2,2,2,4,1,10,10,3,3,3,3,3,3,3,3,1,1,1,1,2,2,2,2,1,2,2,2,2,2,2,2,1,1,1,1,1,1,1,1,2,2,2,2,1,1,1,1,2,1,1,1,1,1,1,1,1,1,1,1,2,2,2,2,2,2,2,2,1,1,1,1,1,1,1,1,2,1,1,1,2,1,1,1,2,1,1,1,2,1,1,1,1,1,1,1,2,2,2,2,4,4,4,4,2,2,2,2,2,2,2,2,1,1,1,1,4,4,4,4,1,1,1,1,1,1,1,1,1,1,1,1,1,1,1,1,1,1,1,1,1,1,1,1,4,4,4,4,2,2,2,2,1,1,1,1,4,4,4,4,2,2,3,2,1,1,1,1,1,1,1,1
1573,Matale,1,2,4,5,1,2,4,10,2,1,1,1,4,4,4,4,1,1,1,1,1,1,1,1,1,1,1,1,1,1,1,1,1,1,1,1,1,1,1,1,2,2,2,2,1,1,1,1,1,1,1,1,1,1,1,1,1,1,1,1,1,1,1,1,1,1,1,1,1,1,1,1,2,2,2,2,1,1,1,1,1,1,1,1,1,1,1,1,4,1,1,4,1,1,1,1,1,2,2,1,1,1,1,1,1,1,1,1,3,3,3,3,1,1,1,1,4,4,4,4,1,1,1,1,1,1,1,1,1,1,1,1,1,1,1,1,1,1,1,1,1,1,1,1,1,1,1,1,4,4,4,4,1,1,1,1,4,4,4,4,1,1,1,1,1,1,1,1,1,1,1,1
1574,Kaluthara,1,2,1,2,5,1,3,3,3,2,2,2,3,3,3,3,2,2,2,2,1,1,1,1,1,2,2,2,1,3,3,2,1,2,1,1,1,1,1,1,3,3,3,3,1,1,1,1,2,2,2,2,1,1,1,1,2,2,2,2,3,3,3,3,1,1,1,1,1,1,1,1,1,1,1,1,3,1,1,1,3,1,1,1,2,1,1,1,4,4,4,4,1,1,1,1,2,2,2,2,1,1,1,1,1,1,1,1,3,3,3,3,1,1,1,1,4,4,4,4,1,1,1,1,1,1,1,1,4,4,4,4,1,1,1,1,1,1,1,1,1,1,1,1,1,1,1,1,1,1,1,1,1,3,2,2,4,2,3,3,2,1,1,1,1,1,1,1,1,1,1,1
1575,Matale,1,2,1,2,4,2,3,3,2,1,1,1,4,3,3,3,1,1,1,1,1,1,1,1,1,1,1,1,1,1,1,1,1,1,1,1,1,1,1,1,1,1,1,1,1,1,1,1,2,1,1,1,1,1,1,1,1,1,1,1,1,1,1,1,1,1,1,1,1,1,1,1,2,1,1,1,2,1,1,1,2,1,1,1,3,1,1,1,4,2,3,3,1,1,1,1,1,1,1,1,1,1,1,1,1,1,1,1,4,3,3,3,1,1,1,1,4,1,3,3,1,1,1,1,1,1,1,1,4,1,3,3,1,1,1,1,1,1,1,1,1,1,1,1,1,1,1,1,1,1,1,1,1,1,1,1,4,1,3,3,1,1,1,1,1,1,1,1,1,1,1,1
1577,Batticaloa,1,2,1,2,4,2,3,7,3,2,2,3,4,1,2,3,2,1,1,2,3,1,1,2,2,1,2,2,2,1,1,2,2,1,1,2,1,1,1,1,2,1,1,2,2,1,2,2,2,1,1,1,2,1,2,2,1,1,1,2,2,2,2,2,2,2,2,2,1,1,1,2,2,1,2,2,2,1,1,1,2,1,2,2,2,1,1,1,1,1,1,1,1,1,1,1,1,1,1,1,4,1,2,4,1,1,1,1,1,1,1,1,1,1,2,2,3,1,1,4,1,1,1,1,1,1,1,1,1,1,1,1,1,1,1,1,1,1,1,1,4,1,2,4,1,1,1,1,1,1,1,1,1,1,2,1,1,1,1,1,1,1,1,1,1,1,1,1,1,1,1,1
1578,Matale,1,2,2,2,4,2,4,9,2,1,1,1,4,2,3,3,1,1,1,1,1,1,1,1,1,3,2,1,1,1,1,1,1,1,1,1,1,1,1,1,1,1,1,1,1,1,1,1,2,1,1,1,1,1,1,1,1,1,1,1,1,1,1,1,1,1,1,1,1,1,1,1,4,2,2,3,1,1,1,1,1,1,1,1,1,1,1,1,4,1,2,3,1,1,1,1,2,1,3,2,1,1,1,1,1,1,1,1,1,1,1,1,1,1,1,1,4,1,2,3,1,1,1,1,1,1,1,1,1,1,1,1,1,1,1,1,1,1,1,1,1,1,1,1,1,1,1,1,4,1,2,3,1,1,1,1,4,1,2,3,1,1,1,1,1,1,1,1,1,1,1,1
1579,Kurunegala,1,2,3,2,4,1,3,3,3,1,2,2,3,3,3,3,2,1,1,1,1,1,1,1,1,1,1,1,1,1,1,1,1,1,1,1,1,1,1,1,1,2,2,1,1,1,1,1,3,2,2,2,1,1,1,1,1,1,1,1,3,3,3,3,3,3,3,3,1,1,1,1,2,1,1,1,1,1,1,1,1,1,1,1,3,1,1,1,1,1,1,1,1,1,1,1,1,1,1,1,4,3,3,3,1,1,1,1,1,1,1,1,1,1,1,1,4,2,3,3,1,1,1,1,1,1,1,1,1,1,1,1,1,1,1,1,1,1,1,1,4,2,3,3,1,1,1,1,1,1,1,1,1,1,1,1,4,2,3,3,1,1,1,1,1,1,1,1,1,1,1,1
1582,Colombo,1,2,3,2,4,1,1,10,3,3,3,3,4,4,4,4,2,2,2,2,2,2,2,2,1,2,1,1,1,1,1,1,1,1,1,1,1,1,1,1,2,2,2,2,2,1,1,1,4,1,1,1,1,1,1,1,1,1,1,1,3,3,3,3,4,4,4,4,1,1,1,1,1,1,1,1,2,1,1,1,2,1,1,1,4,1,1,1,2,1,1,1,1,1,1,1,2,2,2,2,4,4,4,4,1,1,1,1,2,2,2,2,1,1,1,1,4,4,4,4,1,1,1,1,1,1,1,1,1,1,1,1,1,1,1,1,1,1,1,1,4,4,4,4,1,1,1,1,1,1,1,1,1,1,1,1,4,4,4,4,3,3,3,3,2,2,2,2,2,1,1,1
1583,Colombo,1,2,3,2,4,1,1,7,3,3,3,3,3,3,3,3,1,1,1,1,2,2,2,2,1,1,1,1,1,1,1,1,1,1,1,1,1,1,1,1,1,1,1,1,1,1,1,1,4,4,4,4,1,1,1,1,1,1,1,1,1,1,1,1,1,1,1,1,1,1,1,1,1,1,1,1,2,1,1,1,2,1,1,1,2,1,1,1,3,1,2,2,1,1,1,1,1,1,1,1,3,4,3,4,1,1,1,1,2,2,2,2,1,1,1,1,4,4,4,4,1,1,1,1,1,1,1,1,1,1,1,1,1,1,1,1,1,1,1,1,4,4,4,4,1,1,1,1,1,1,1,1,1,1,1,1,1,1,1,1,3,3,3,3,2,2,2,2,1,1,1,1
1587,Colombo,1,2,4,2,4,1,10,3,3,2,2,2,4,4,4,4,1,1,1,1,1,1,1,1,1,1,1,1,1,1,1,1,2,3,3,3,1,1,1,1,1,1,1,1,1,1,1,1,4,4,4,4,1,1,1,1,1,1,1,1,1,1,1,1,4,4,4,4,1,1,1,1,2,2,2,2,3,1,1,1,2,1,1,1,2,1,1,1,1,1,1,1,1,1,1,1,1,1,1,1,4,4,4,4,1,1,1,1,1,1,1,1,1,1,1,1,4,4,4,4,1,1,1,1,1,1,1,1,1,1,1,1,1,1,1,1,2,2,2,2,4,4,4,4,1,1,1,1,2,2,2,2,1,1,1,1,3,3,3,3,3,2,2,2,1,1,1,1,1,1,1,1
1588,Kurunegala,1,1,3,2,4,3,10,3,2,1,1,1,4,2,3,3,1,1,1,1,1,1,1,1,1,2,2,2,1,1,1,1,1,1,1,1,1,1,1,1,1,1,1,1,1,1,1,1,2,2,2,2,1,1,1,1,1,1,1,1,1,1,1,1,1,1,1,1,1,1,1,1,2,2,2,2,1,1,1,1,1,1,1,1,2,1,1,1,2,1,1,1,1,1,1,1,1,1,1,1,4,3,3,3,1,1,1,1,1,1,1,1,4,3,3,3,1,1,1,1,1,1,1,1,1,1,1,1,1,1,1,1,1,1,1,1,1,1,1,1,1,1,1,1,1,1,1,1,1,1,1,1,4,3,3,3,1,1,1,1,1,1,1,1,1,1,1,1,1,1,1,1
1590,Colombo,1,2,3,2,4,1,10,10,3,2,2,2,2,2,2,2,1,1,1,1,3,3,3,3,1,1,1,1,1,1,1,1,2,2,2,2,1,1,1,1,1,1,1,1,1,1,1,1,4,4,4,4,1,1,1,1,1,1,1,1,1,1,1,1,1,1,1,1,1,1,1,1,1,1,1,1,2,1,1,1,2,1,1,1,2,1,1,1,2,1,1,1,1,1,1,1,1,1,1,1,3,4,4,4,1,1,1,1,1,1,1,1,1,1,1,1,1,1,1,1,1,3,3,3,1,1,1,1,4,3,3,4,1,1,1,1,1,1,1,1,1,1,1,1,1,1,1,1,1,1,1,1,1,1,1,1,1,1,1,1,1,1,1,1,1,1,1,1,1,1,1,1
1596,Jaffna,2,1,3,3,1,2,2,7,2,1,1,2,2,2,2,2,2,1,1,1,2,2,2,2,2,2,2,2,1,1,1,1,3,1,1,2,1,1,1,1,1,1,1,1,2,2,2,2,1,1,1,1,2,1,1,1,1,1,1,1,1,1,1,1,2,1,1,1,1,1,1,1,2,2,1,1,2,1,1,1,2,1,1,1,2,1,1,1,2,1,1,2,1,1,1,1,2,1,1,1,1,1,1,1,1,1,1,1,3,3,3,3,1,1,1,1,1,1,1,1,1,1,1,1,1,1,1,1,1,1,1,1,1,1,1,1,1,1,1,1,1,1,1,1,1,1,1,1,1,1,1,1,1,1,1,1,1,1,1,1,1,1,1,1,1,1,1,1,1,1,1,1
1598,Colombo,1,1,5,3,4,1,10,10,3,1,1,2,2,2,2,2,2,2,2,2,4,4,4,4,2,2,2,2,1,1,1,1,3,3,3,3,1,1,1,1,1,1,1,1,1,1,1,1,4,4,4,4,1,1,1,1,1,1,1,1,3,3,3,3,1,1,1,1,1,1,1,1,2,2,2,2,2,1,1,1,1,1,1,1,1,1,1,1,1,1,1,1,1,1,1,1,1,1,1,1,4,4,4,4,1,1,1,1,2,2,2,2,1,1,1,1,4,2,2,4,1,1,1,1,1,1,1,1,1,1,1,1,1,1,1,1,1,1,1,1,4,4,4,4,1,1,1,1,1,1,1,1,1,1,1,1,4,4,4,4,1,1,1,1,1,1,1,1,1,1,1,1
1599,Colombo,1,2,2,2,5,1,3,10,3,2,2,2,2,4,4,4,2,1,1,1,4,2,2,2,1,2,1,1,1,1,1,1,1,1,1,1,1,1,1,1,2,2,2,2,1,1,1,1,4,1,1,1,1,1,1,1,1,1,1,1,4,2,2,2,4,2,2,2,2,3,3,3,1,1,1,1,1,1,1,1,1,1,1,1,1,1,1,1,2,1,1,1,1,1,1,1,1,1,1,1,4,4,4,4,1,1,1,1,2,2,2,2,2,4,2,2,4,4,4,4,1,1,1,1,1,1,1,1,1,1,1,1,1,1,1,1,1,1,1,1,4,4,4,4,1,1,1,1,1,1,1,1,1,1,1,1,2,2,2,2,2,2,2,2,3,3,3,3,1,1,1,1
1601,Kurunegala,1,2,2,2,4,3,10,10,3,2,2,2,1,1,1,1,1,1,1,1,4,4,4,4,1,1,1,1,1,1,1,1,1,1,1,1,1,1,1,1,1,1,1,1,1,1,1,1,1,1,1,1,1,1,1,1,1,1,1,1,1,1,1,1,1,1,1,1,1,1,1,1,2,2,2,2,1,1,1,1,1,1,1,1,1,1,1,1,3,1,1,3,1,1,1,1,1,1,1,1,1,1,1,1,3,3,3,3,2,2,2,2,1,1,1,1,4,4,4,4,1,1,1,1,1,1,1,1,1,1,1,1,1,1,1,1,1,1,1,1,1,1,1,1,1,1,1,1,1,1,1,1,1,1,1,1,4,4,4,4,1,1,1,1,1,1,1,1,1,1,1,1
1603,Colombo,1,2,5,2,4,1,10,10,3,2,2,2,2,1,1,1,2,1,1,1,2,1,1,1,1,1,1,1,1,1,1,1,1,1,1,1,1,1,1,1,1,1,1,1,1,1,1,1,3,1,1,1,1,1,1,1,3,1,1,2,3,3,3,3,3,3,3,3,1,1,1,1,1,1,1,1,2,1,1,1,2,1,1,1,2,1,1,1,4,1,1,1,1,1,1,1,2,2,2,2,3,3,3,3,1,1,1,1,2,2,2,2,1,4,4,4,4,4,4,4,1,1,1,1,1,1,1,1,1,1,1,1,1,1,1,1,1,1,1,1,4,4,4,4,1,1,1,1,1,1,1,1,2,2,2,2,4,4,4,4,1,1,1,1,1,1,1,1,1,1,1,1
1605,Colombo,1,2,3,2,4,1,10,10,5,5,5,5,1,1,1,1,3,3,3,3,2,2,2,2,1,1,1,1,1,1,1,1,2,2,2,1,1,1,1,1,1,1,1,1,1,1,1,1,2,2,2,2,1,1,1,1,1,1,1,1,3,3,3,3,2,2,2,2,1,1,1,1,1,1,1,1,3,1,1,1,3,1,1,1,3,1,1,1,1,1,1,1,1,1,1,1,2,2,2,2,4,4,4,4,1,1,1,1,1,1,1,1,1,1,1,1,4,4,4,4,1,1,1,1,1,1,1,1,1,1,1,1,1,1,1,1,1,1,1,1,4,4,4,4,1,1,1,1,1,1,1,1,1,1,1,1,1,1,1,1,4,4,4,4,2,2,2,2,1,1,1,1
1606,Kurunegala,1,2,3,2,4,3,3,10,2,2,2,2,4,4,4,4,1,1,1,1,1,1,1,1,1,1,1,1,1,1,1,1,1,1,1,1,1,1,1,1,2,2,2,2,1,1,1,1,1,1,1,1,3,3,3,3,1,1,1,1,1,1,1,1,1,1,1,1,1,1,1,1,2,2,2,2,2,1,1,1,2,1,1,1,2,1,1,1,4,1,1,4,1,1,1,1,1,1,1,1,1,1,1,1,4,4,4,4,2,2,2,2,1,1,1,1,4,4,4,4,1,1,1,1,1,1,1,1,1,1,1,1,1,1,1,1,1,1,1,1,1,1,1,1,1,1,1,1,1,1,1,1,1,1,1,1,1,1,1,1,1,1,1,1,4,4,4,4,1,1,1,1
1607,Colombo,2,1,3,2,4,1,10,10,3,1,1,1,3,2,2,2,2,1,1,1,3,2,2,2,1,2,2,2,1,1,1,1,2,1,2,2,1,1,2,1,1,1,1,1,1,2,1,2,2,1,1,1,1,1,1,1,2,1,1,2,1,1,1,1,1,1,1,1,1,1,1,1,1,1,1,1,2,1,1,1,2,1,1,1,2,1,1,1,2,1,1,1,1,1,1,1,1,1,1,1,3,2,2,2,1,1,1,1,2,1,2,2,1,2,2,1,3,2,2,3,1,1,1,1,1,1,1,1,1,1,1,1,1,2,2,3,1,1,1,1,3,2,2,2,1,1,1,1,2,1,2,2,1,1,1,1,3,1,1,1,3,1,1,1,1,1,1,1,1,1,1,1
1608,Colombo,1,2,4,2,4,1,10,10,2,1,1,2,3,3,3,3,1,1,1,1,2,2,2,2,1,2,1,1,1,1,1,1,2,2,2,2,1,1,1,1,1,1,1,1,1,1,1,1,2,2,2,2,1,1,1,1,3,3,3,3,3,3,3,3,1,1,1,1,1,1,1,1,1,1,1,1,3,1,1,1,3,1,1,1,2,1,1,1,3,1,2,2,1,1,1,1,2,3,2,2,1,1,1,1,1,1,1,1,2,2,2,2,1,1,1,1,4,4,4,4,1,1,1,1,1,1,1,1,4,4,4,4,1,1,1,1,1,1,1,1,1,1,1,1,1,1,1,1,2,2,1,1,1,1,1,1,1,1,1,1,1,1,1,1,1,1,1,1,1,1,1,1
1609,Jaffna,2,1,1,2,4,2,10,3,2,1,1,1,2,1,2,2,1,1,1,1,1,1,1,1,2,1,2,2,1,1,1,1,2,1,1,1,1,1,1,1,1,1,1,1,1,1,1,1,1,1,1,1,1,1,1,1,1,1,1,1,1,1,1,1,1,1,1,1,1,1,1,1,2,1,2,2,1,1,1,1,1,1,1,1,1,1,1,1,2,1,1,2,1,1,1,1,1,1,1,1,2,1,1,2,1,1,1,1,2,1,2,2,1,1,1,1,4,1,2,2,1,1,1,1,1,1,1,1,1,1,1,1,1,1,1,1,1,1,1,1,4,1,2,2,1,1,1,1,1,1,1,1,1,1,1,1,4,1,2,2,1,1,1,1,1,1,1,1,1,1,1,1
1611,Colombo,2,2,3,2,4,1,10,10,1,1,1,1,2,2,2,2,4,4,4,4,3,3,3,3,1,1,1,1,1,1,1,1,3,2,2,3,1,1,1,1,1,1,1,1,1,1,1,1,4,4,4,4,1,1,1,1,2,2,2,2,3,3,3,3,1,1,1,1,1,1,1,1,1,1,1,2,1,1,1,1,1,1,1,1,1,1,1,1,1,1,1,1,1,1,1,1,2,2,2,2,4,4,4,4,1,1,1,1,3,3,3,3,1,1,1,1,4,4,4,4,1,1,1,1,1,1,1,1,1,1,1,1,1,1,1,1,1,1,1,1,4,4,4,4,1,1,1,1,1,1,1,1,1,1,1,1,3,3,3,3,4,4,4,4,4,2,2,2,1,1,1,1
1612,Colombo,1,2,4,2,4,1,9,10,3,1,1,2,4,4,4,4,1,1,1,1,1,1,1,1,1,2,2,1,1,1,1,1,1,1,1,1,1,1,1,1,2,2,2,2,1,1,1,1,2,1,1,1,1,1,1,1,2,2,2,2,2,2,2,2,2,2,2,2,1,1,1,1,1,1,1,1,2,1,1,1,1,1,1,1,1,1,1,1,2,1,1,1,1,1,1,1,1,1,1,1,4,4,4,4,1,1,1,1,2,2,2,2,2,2,2,2,4,4,4,4,1,1,1,1,1,1,1,1,3,1,1,1,1,1,1,1,2,1,1,1,4,4,4,4,1,1,1,1,1,1,1,1,1,2,2,2,4,3,3,3,4,3,3,3,2,2,2,2,1,1,1,1
1614,Colombo,1,2,3,2,4,1,10,10,3,1,1,2,4,4,4,4,1,1,1,1,1,1,1,1,1,2,2,2,1,1,1,1,3,3,3,3,1,1,1,1,1,1,1,1,3,1,1,1,4,4,4,4,1,1,1,1,2,2,2,2,1,1,1,1,1,1,1,1,1,1,1,1,1,1,1,1,1,1,1,1,1,1,1,1,1,1,1,1,1,1,1,1,1,1,1,1,1,1,1,1,4,4,4,4,1,1,1,1,3,3,3,3,1,1,1,1,4,4,4,4,1,1,1,1,1,1,1,1,1,1,1,1,1,1,1,1,1,1,1,1,4,4,4,4,1,1,1,1,2,2,2,2,1,1,1,1,4,2,2,3,4,2,2,3,1,1,1,1,1,1,1,1
1619,Colombo,1,2,3,2,4,1,10,10,3,1,1,3,4,4,4,4,1,1,1,1,2,2,2,2,1,1,1,1,1,1,1,1,1,1,1,1,1,1,1,1,1,1,1,1,1,1,1,1,2,1,1,1,1,1,1,1,1,1,1,1,2,2,2,2,2,2,2,2,1,1,1,1,1,1,1,1,1,1,1,1,1,1,1,1,1,1,1,1,2,1,1,1,1,1,1,1,2,2,2,2,4,4,4,4,1,1,1,1,2,2,2,2,1,1,1,1,4,2,2,1,1,1,1,1,1,1,1,1,1,1,1,1,1,1,1,1,1,1,1,1,4,4,4,4,1,1,1,1,1,1,1,1,1,1,1,1,4,4,4,4,4,4,4,4,4,2,2,2,2,1,1,1
1620,Batticaloa,1,2,2,2,4,3,10,3,3,1,1,3,2,1,2,2,2,1,2,2,2,1,2,2,2,2,2,2,2,1,2,2,2,1,2,2,1,1,1,1,2,2,2,2,2,1,2,3,2,1,1,2,2,1,2,2,1,1,1,1,2,2,2,2,2,2,2,2,1,1,1,1,2,1,2,2,2,1,1,1,2,1,1,2,2,1,1,2,1,1,1,1,1,1,1,1,1,1,1,1,4,2,3,4,1,1,1,1,1,1,1,1,1,1,1,1,4,1,2,2,1,1,1,1,1,1,1,1,1,1,1,1,1,1,1,1,1,1,1,1,3,2,2,4,1,1,1,1,1,1,1,1,1,1,1,1,1,1,1,1,1,1,1,1,1,1,1,1,1,1,1,1
1621,Kaluthara,1,2,5,2,3,1,10,10,3,2,2,2,4,4,4,4,1,1,1,1,2,2,2,2,1,1,1,1,3,3,3,3,1,1,1,1,1,1,1,1,2,2,2,2,1,1,1,1,2,1,1,1,1,1,1,1,2,2,2,2,2,2,2,2,2,2,2,2,1,1,1,1,1,1,1,1,2,1,1,1,2,1,1,1,2,1,1,1,2,1,1,1,1,1,1,1,2,2,2,2,4,4,4,4,1,1,1,1,2,2,2,2,4,4,4,4,4,4,4,4,1,1,1,1,1,1,1,1,1,1,1,1,1,1,1,1,1,1,1,1,4,4,4,4,1,1,1,1,1,1,1,1,2,2,2,2,4,4,4,4,2,2,2,2,2,2,2,2,2,1,1,1
1622,Kaluthara,1,2,6,2,4,1,8,10,5,5,5,5,2,2,2,2,2,2,2,2,4,4,4,4,1,1,1,1,1,1,1,1,1,1,1,1,1,1,1,1,1,1,1,1,1,1,1,1,4,4,4,4,1,1,1,1,1,1,1,1,4,4,4,4,1,1,1,1,1,1,1,1,2,2,2,2,3,1,1,1,1,1,1,1,1,1,1,1,2,2,2,2,1,1,1,1,3,3,3,3,3,3,3,3,1,1,1,1,1,1,1,1,1,1,1,1,1,1,1,1,1,1,1,1,4,4,4,4,1,1,1,1,1,1,1,1,1,1,1,1,4,4,4,4,1,1,1,1,1,1,1,1,1,1,1,1,1,1,1,1,4,4,4,4,2,2,2,2,2,2,2,2
1624,Jaffna,1,2,2,2,4,2,10,10,3,2,2,1,2,2,2,2,2,1,1,1,2,1,1,1,2,1,2,2,1,1,1,1,2,1,1,1,1,1,1,1,1,1,1,1,2,2,2,2,1,1,1,1,2,1,1,1,1,1,1,1,2,1,1,1,2,1,1,1,1,1,1,1,2,1,1,1,2,1,1,1,2,1,1,1,2,1,1,1,2,1,2,2,1,1,1,1,2,1,1,1,1,1,1,1,3,3,3,3,3,3,3,3,2,2,2,2,2,2,2,2,3,3,3,3,1,1,1,1,1,1,1,1,1,1,1,1,1,1,1,1,1,1,1,1,1,1,1,1,1,1,1,1,1,1,1,1,1,1,1,1,1,1,1,1,1,1,1,1,1,1,1,1
1627,Colombo,1,2,4,2,4,1,3,10,3,2,2,2,2,2,2,2,1,1,1,1,3,3,3,3,1,1,1,1,1,3,1,1,1,2,2,2,1,1,1,1,1,1,1,1,1,1,1,1,4,4,4,4,1,1,1,1,2,2,2,2,1,1,1,1,1,1,1,1,1,1,1,1,2,2,2,2,1,1,1,1,1,1,1,1,1,1,1,1,3,3,3,3,1,1,1,1,1,1,1,1,3,3,3,3,1,1,1,1,2,2,2,2,1,1,1,1,4,4,4,4,1,1,1,1,1,1,1,1,3,3,3,3,3,3,3,3,1,1,1,1,3,3,3,3,1,1,1,1,1,1,1,1,1,1,1,1,4,4,4,4,1,1,1,1,1,1,1,1,1,1,1,1
1629,Kaluthara,1,2,2,2,4,1,1,6,5,5,5,5,2,2,2,2,4,4,4,4,3,3,3,3,1,1,1,1,1,1,1,1,2,2,2,2,1,1,1,1,1,1,1,1,1,1,1,1,4,4,4,4,1,1,1,1,1,1,1,1,4,4,4,4,3,3,3,3,1,1,1,1,2,1,1,1,2,1,1,1,1,1,1,1,1,1,1,1,1,1,1,1,1,1,1,1,1,1,1,1,4,4,4,4,1,1,1,1,1,1,1,1,1,3,3,3,1,1,1,1,1,1,1,1,1,1,1,1,1,1,1,1,1,1,1,1,1,1,1,1,4,4,4,4,1,1,1,1,1,1,1,1,1,1,3,3,4,4,3,3,3,3,3,3,3,3,3,3,1,1,1,1
1630,Colombo,1,2,3,2,4,1,3,4,3,3,3,3,1,1,1,1,1,1,1,1,4,4,4,4,2,2,2,2,3,3,3,3,3,3,3,3,1,1,1,1,1,1,1,1,2,2,2,2,4,4,4,4,1,1,1,1,1,1,1,1,4,4,4,4,1,1,1,1,1,1,1,1,2,2,2,2,1,1,1,1,1,1,1,1,1,1,1,1,4,4,4,4,1,1,1,1,1,1,1,1,3,3,3,3,1,1,1,1,2,2,2,2,1,1,1,1,4,4,4,4,1,1,1,1,1,1,1,1,1,1,1,1,1,1,1,1,1,1,1,1,4,4,4,4,1,1,1,1,1,1,1,1,1,1,1,1,4,4,4,4,4,1,1,1,1,1,1,1,1,1,1,1
1632,Colombo,1,2,4,2,4,1,1,6,5,5,5,5,2,2,2,2,1,1,1,1,3,3,3,3,1,2,1,1,1,1,1,1,2,2,2,2,1,1,1,1,1,1,1,1,3,1,3,3,2,2,2,2,1,1,1,1,1,1,1,1,3,3,3,3,1,1,1,1,1,3,3,3,1,1,1,1,3,1,2,1,2,1,2,1,2,1,2,1,2,1,1,1,1,1,1,1,1,1,1,1,4,4,4,4,1,1,1,1,1,1,1,1,1,3,1,1,4,3,4,4,1,1,1,1,1,1,1,1,1,1,1,1,1,1,1,1,1,1,1,1,4,4,4,4,1,1,1,1,1,1,1,1,1,1,1,1,1,1,1,1,1,1,1,1,1,1,1,1,1,1,1,1
1634,Colombo,1,2,3,2,4,1,10,10,3,1,2,2,2,2,2,2,1,1,1,1,3,3,3,3,1,2,1,1,1,1,1,1,2,2,2,2,1,1,1,1,1,1,1,1,3,2,2,2,3,3,4,3,1,1,1,1,3,3,3,3,2,3,3,3,1,1,1,1,1,1,1,1,1,1,1,1,2,1,1,1,2,1,1,1,2,1,1,1,3,1,1,1,1,1,1,1,1,1,1,1,3,3,3,3,1,1,1,1,1,1,1,1,1,1,1,1,4,4,4,4,1,1,1,1,1,1,1,1,1,1,1,1,1,1,1,1,1,1,1,1,1,1,1,1,1,1,1,1,1,1,1,1,1,1,1,1,1,1,1,1,3,3,3,3,3,3,3,3,1,1,1,1
1636,Kurunegala,1,2,1,2,5,3,3,3,2,1,1,1,4,3,3,3,2,1,1,1,1,1,1,1,1,1,1,1,1,1,1,1,1,1,1,1,1,1,1,1,1,1,1,1,1,1,1,1,3,2,2,2,1,1,1,1,1,1,1,1,4,3,3,3,3,3,3,3,1,1,1,1,3,2,2,2,2,1,1,1,2,1,1,1,3,1,1,1,3,1,2,2,1,1,1,1,3,2,2,2,1,1,1,1,1,1,1,1,1,1,1,1,1,1,1,1,4,2,3,3,1,1,1,1,1,1,1,1,1,1,1,1,1,1,1,1,1,1,1,1,1,1,1,1,1,1,1,1,1,1,1,1,1,1,1,1,4,2,3,3,4,2,3,3,1,1,1,1,1,1,1,1
1637,Colombo,1,2,4,2,4,1,2,10,5,5,5,5,2,2,2,2,4,4,4,4,1,1,1,1,2,2,2,2,1,1,1,1,2,2,2,2,1,1,1,1,1,1,1,1,1,1,1,1,4,4,4,4,1,1,1,1,1,1,1,1,4,4,4,4,1,1,1,1,1,1,1,1,2,2,2,2,3,1,1,1,2,1,1,1,2,1,1,1,1,1,1,1,1,1,1,1,3,3,3,3,2,2,2,2,1,1,1,1,2,2,2,2,1,1,1,1,4,4,4,4,1,1,1,1,1,1,1,1,4,4,4,4,1,1,1,1,1,1,1,1,1,1,1,1,1,1,1,1,1,1,1,1,1,1,1,1,3,3,3,3,4,4,4,4,1,1,1,1,1,1,1,1
1638,Colombo,1,2,3,2,4,1,10,10,2,2,2,2,3,3,3,3,2,2,2,2,1,1,1,1,1,3,1,1,1,1,1,1,1,1,1,1,1,1,1,1,2,2,2,2,1,1,1,1,3,3,4,3,1,1,1,1,1,1,1,1,3,3,3,3,1,1,1,1,1,1,1,1,2,2,2,2,2,1,1,1,2,1,1,1,1,1,1,1,2,2,2,2,1,1,1,1,2,2,2,2,3,3,3,3,1,1,1,1,2,2,2,2,1,1,1,1,4,4,4,4,1,1,1,1,1,1,1,1,1,1,1,1,1,1,1,1,1,1,1,1,4,4,4,4,1,1,1,1,1,1,1,1,2,3,3,3,2,2,1,1,1,1,1,1,1,1,1,1,1,1,1,1
1639,Kurunegala,1,2,4,2,5,3,10,3,3,3,3,3,1,3,2,3,4,1,2,3,1,1,1,1,1,1,1,1,1,1,1,1,1,1,1,1,1,1,1,1,1,1,1,1,1,1,1,1,4,1,2,3,1,1,1,1,1,1,1,1,3,2,3,4,1,1,1,1,1,2,2,3,1,1,1,1,1,1,1,1,1,1,1,1,1,1,1,1,1,1,1,1,1,1,1,1,1,1,1,1,4,2,2,3,1,1,1,1,1,1,1,1,1,1,1,1,4,2,3,4,1,1,1,1,1,1,1,1,1,1,1,1,1,1,1,1,3,1,2,4,1,1,1,1,1,1,1,1,3,2,2,3,1,1,1,1,1,1,1,1,4,1,2,3,1,1,1,1,1,1,1,1
1642,Colombo,1,2,3,2,5,1,3,4,5,5,5,5,2,2,2,2,4,4,4,4,1,1,1,1,2,2,2,2,1,1,1,1,1,1,1,1,1,1,1,1,1,1,1,1,1,1,1,1,4,4,4,4,1,1,1,1,1,1,1,1,4,4,4,4,1,1,1,1,1,1,1,1,2,2,2,2,4,1,1,1,2,1,1,1,2,1,1,1,1,1,1,1,1,1,1,1,1,1,1,1,4,4,4,4,1,1,1,1,1,1,1,1,1,1,1,1,4,4,4,4,1,1,1,1,1,1,1,1,1,1,1,1,1,1,1,1,1,1,1,1,4,4,4,4,1,1,1,1,1,1,1,1,1,1,1,1,4,4,4,4,1,1,1,1,1,1,1,1,1,1,1,1
1643,Colombo,1,2,4,2,6,1,8,6,5,3,5,5,2,2,2,2,3,2,2,2,3,3,3,3,1,2,1,2,1,1,1,1,2,2,1,1,1,1,1,1,1,1,1,1,1,1,1,1,3,2,2,2,1,1,1,1,1,1,1,1,3,3,3,3,1,1,1,1,1,1,1,1,1,1,1,1,2,1,1,1,2,1,1,1,2,1,1,1,2,1,1,1,1,1,1,1,1,1,1,1,1,1,1,1,1,1,1,1,1,2,2,2,1,1,1,1,4,4,4,4,1,1,1,1,1,1,1,1,1,1,1,1,1,1,1,1,1,1,1,1,4,4,4,4,1,1,1,1,1,1,1,1,1,1,1,1,1,1,1,1,4,4,4,4,1,1,1,1,1,1,1,1
1645,Colombo,1,2,4,2,4,1,3,4,5,5,5,5,2,2,2,2,4,4,4,4,1,1,1,1,2,2,2,2,1,1,1,1,1,1,1,1,1,1,1,1,1,1,1,1,1,1,1,1,4,4,4,4,1,1,1,1,3,3,3,3,4,4,4,4,1,1,1,1,2,2,2,2,1,1,1,1,3,1,1,1,2,1,1,1,1,1,1,1,1,1,1,1,1,1,1,1,3,3,3,3,1,1,1,1,1,1,1,1,3,3,3,3,1,1,1,1,1,1,1,1,1,1,1,1,1,1,1,1,1,1,1,1,1,1,1,1,1,1,1,1,1,1,1,1,1,1,1,1,1,1,1,1,1,1,1,1,4,4,4,4,1,1,1,1,1,1,1,1,1,1,1,1
1646,Batticaloa,3,2,1,2,7,3,3,2,3,1,1,1,2,1,1,2,2,1,2,2,1,1,1,1,3,1,1,1,1,1,1,1,1,1,1,1,1,1,1,1,1,1,1,1,1,1,1,1,1,1,1,1,2,1,1,2,1,1,1,1,1,1,1,1,3,1,2,2,1,1,1,1,1,1,1,1,2,1,1,2,2,1,1,2,3,1,1,2,1,1,1,1,1,1,1,1,1,1,1,1,4,1,1,1,1,1,1,1,1,1,1,1,1,1,1,1,4,1,1,2,1,1,1,1,1,1,1,1,1,1,1,1,1,1,1,1,1,1,1,1,4,1,2,2,1,1,1,1,1,1,1,1,1,1,1,1,4,1,1,2,1,1,1,1,1,1,1,1,1,1,1,1
1647,Nuwera Eliya,1,2,6,2,1,2,4,10,1,1,1,1,2,1,2,2,1,1,1,1,1,1,1,1,2,1,2,2,1,1,1,1,2,1,1,1,1,1,1,1,1,1,1,1,1,1,1,1,1,1,1,1,1,1,1,1,1,1,1,1,1,1,1,2,1,1,1,1,1,1,1,1,2,1,2,2,1,1,1,1,1,1,1,1,2,1,1,1,2,1,1,1,1,1,1,1,1,1,1,1,1,1,1,1,1,1,1,1,2,1,1,2,2,1,1,1,1,1,1,1,1,1,1,1,1,1,1,1,1,1,1,1,1,1,1,1,1,1,1,1,1,1,1,1,1,1,1,1,2,1,1,1,2,1,1,1,1,1,1,1,1,1,1,1,1,1,1,1,1,1,1,1
1648,Batticaloa,1,2,2,2,4,3,3,10,3,1,1,2,3,1,2,2,1,1,1,1,1,1,1,1,3,1,1,2,1,1,1,1,1,1,1,1,1,1,1,1,1,1,1,1,1,1,1,1,1,1,1,1,2,1,1,2,1,1,1,1,1,1,1,1,2,1,1,2,1,1,1,1,1,1,1,1,2,1,1,1,2,1,1,2,2,1,1,2,3,1,1,2,1,1,1,1,1,1,1,1,2,1,1,2,1,1,1,1,1,1,1,1,1,1,1,1,4,1,1,2,1,1,1,1,1,1,1,1,2,1,1,2,1,1,1,1,1,1,1,1,3,1,1,2,1,1,1,1,1,1,1,1,1,1,1,1,4,1,1,2,1,1,1,1,1,1,1,1,1,1,1,1
1649,Colombo,1,2,2,2,5,1,10,10,3,2,1,2,1,1,1,1,1,1,1,1,1,1,1,1,1,1,1,1,1,1,1,1,1,1,1,1,1,1,1,1,2,2,2,2,1,1,1,1,4,1,1,1,1,1,1,1,2,2,2,2,4,1,1,1,4,4,4,4,1,1,1,1,1,1,1,1,1,1,1,1,1,1,1,1,1,1,1,1,2,1,1,1,1,1,1,1,1,1,1,1,4,4,4,4,1,1,1,1,2,2,2,2,2,4,1,4,4,3,1,4,1,1,1,1,1,1,1,1,1,1,1,1,1,1,1,1,1,1,1,1,4,4,4,4,1,1,1,1,1,1,1,1,2,2,1,2,4,4,1,2,4,2,1,2,4,2,1,2,1,1,1,1
1650,Kurunegala,1,2,2,2,3,1,9,10,3,1,1,2,4,3,3,4,1,1,1,1,1,1,1,1,1,2,1,1,1,1,1,1,1,1,1,1,1,1,1,1,1,1,1,1,1,1,1,1,2,1,1,1,1,1,1,1,1,1,1,1,1,1,1,1,1,1,1,1,1,1,1,1,4,2,3,3,1,1,1,1,1,1,1,1,1,1,1,1,1,1,1,1,1,1,1,1,1,1,1,1,4,2,2,2,1,1,1,1,3,3,3,3,1,1,1,1,4,4,4,4,1,1,1,1,1,1,1,1,1,1,1,1,1,1,1,1,1,1,1,1,1,1,1,1,1,1,1,1,4,2,3,3,1,1,1,1,1,1,1,1,4,1,2,3,1,1,1,1,1,1,1,1
1651,Colombo,1,2,3,2,4,1,3,4,3,1,2,2,4,4,4,4,1,1,1,1,2,2,2,2,1,2,2,2,1,1,1,1,1,1,1,1,1,1,1,1,1,1,1,1,1,1,1,1,2,2,2,2,1,1,1,1,3,3,3,3,1,1,1,1,1,1,1,1,1,1,1,1,2,2,2,2,3,1,1,1,2,1,1,1,2,1,1,1,1,1,1,1,1,1,1,1,2,2,2,2,1,1,1,1,1,1,1,1,4,4,4,4,1,1,1,1,3,3,3,2,1,1,1,4,1,1,1,1,4,4,4,4,1,1,1,1,1,1,1,1,1,1,1,1,1,1,1,1,3,3,3,2,1,1,1,1,3,3,3,3,4,4,4,4,1,1,1,1,1,1,1,1
1652,Colombo,1,2,2,2,4,1,3,10,2,2,2,2,2,2,2,2,1,1,1,1,1,1,1,1,1,2,1,2,1,1,1,1,4,3,3,3,1,1,1,1,1,1,1,1,1,1,1,1,3,3,4,3,1,1,1,1,2,2,2,2,3,3,3,3,1,1,1,1,1,1,1,1,1,1,1,1,1,1,1,1,1,1,1,1,1,1,1,1,3,3,3,3,1,1,1,1,2,2,2,2,1,1,1,1,1,1,1,1,2,2,2,2,1,1,1,1,4,4,4,4,1,1,1,1,1,1,1,1,3,3,3,3,1,1,1,1,1,1,1,1,1,1,1,1,1,1,1,1,1,1,1,1,1,1,1,1,1,1,1,1,4,4,4,4,2,2,2,2,1,1,1,1
1653,Kaluthara,1,2,1,2,5,1,10,10,3,2,2,2,4,4,4,4,1,1,1,1,1,1,1,1,1,1,1,1,2,2,2,2,1,1,1,1,1,1,1,1,2,2,2,2,2,1,1,1,2,1,1,1,1,1,1,1,2,2,2,2,2,2,2,2,2,2,2,2,1,1,1,1,1,1,1,1,2,1,1,1,2,1,1,1,2,1,1,1,2,1,1,1,1,1,1,1,2,2,2,2,4,4,4,4,1,1,1,1,2,2,2,2,1,1,1,1,4,4,4,4,1,1,1,1,1,1,1,1,1,1,1,1,1,1,1,1,1,1,1,1,4,4,4,4,1,1,1,1,1,1,1,1,1,1,1,1,4,4,4,4,2,2,2,2,1,1,1,1,1,1,1,1
1654,Colombo,1,2,2,2,4,1,3,10,5,5,5,5,3,3,3,3,1,1,1,1,2,2,2,2,1,2,1,2,1,1,1,1,2,2,2,2,1,1,1,1,1,1,1,1,1,1,1,1,2,2,2,2,1,1,1,1,1,1,1,1,3,3,3,3,1,1,1,1,1,1,1,1,1,1,1,1,2,1,1,1,2,1,1,1,2,1,1,1,2,1,1,1,1,1,1,1,2,2,2,2,3,3,3,3,1,1,1,1,1,1,1,1,1,1,1,1,4,4,4,4,1,1,1,1,1,1,1,1,1,1,1,1,1,1,1,1,1,1,1,1,4,4,4,4,1,1,1,1,1,1,1,1,1,1,1,1,1,1,1,1,4,4,4,4,1,1,1,1,1,1,1,1
1655,Kaluthara,1,2,5,2,5,1,8,7,3,3,3,3,2,2,2,2,3,3,3,3,2,2,2,2,1,1,1,1,2,2,2,2,1,1,1,1,1,1,1,1,1,1,1,1,1,1,1,1,3,3,4,3,1,1,1,1,2,2,2,2,3,3,3,3,1,1,1,1,1,1,1,1,1,1,1,1,2,1,1,1,2,1,1,1,2,1,1,1,1,1,1,1,1,1,1,1,1,1,1,1,4,4,4,4,1,1,1,1,2,2,2,2,1,1,1,1,1,1,1,1,1,1,1,1,1,1,1,1,3,1,1,1,1,1,1,1,1,1,1,1,3,1,1,1,1,1,1,1,1,1,1,1,1,1,1,1,4,4,4,4,1,1,1,1,1,1,1,1,1,1,1,1
1656,Colombo,1,2,2,2,4,1,1,6,3,3,3,3,3,3,3,3,2,2,2,2,2,2,2,2,1,3,3,1,1,1,1,1,1,1,1,1,1,1,1,1,3,3,3,3,2,1,1,2,3,3,4,3,1,1,1,1,1,1,1,1,3,3,3,3,1,1,1,1,1,1,1,1,3,2,2,2,2,1,1,1,3,1,1,1,2,1,1,1,3,3,3,3,1,1,1,1,2,2,2,2,1,1,1,1,1,1,1,1,3,3,3,3,1,1,1,1,2,2,2,2,1,1,1,1,3,3,3,3,2,2,2,2,1,3,3,1,1,1,1,1,1,1,1,1,1,1,1,1,1,1,1,1,1,1,1,1,3,3,3,3,3,3,3,3,2,2,2,2,3,3,3,3
1659,Kaluthara,5,2,1,2,4,1,9,10,3,2,2,2,4,4,4,4,1,1,1,1,1,1,1,1,1,1,1,1,1,1,1,1,1,1,1,1,1,1,1,1,2,3,3,3,1,1,1,1,4,4,4,4,1,1,1,1,3,3,3,3,1,1,1,1,1,1,1,1,1,1,1,1,2,2,2,2,2,1,1,1,2,1,1,1,1,1,1,1,4,4,4,4,1,1,1,1,1,1,1,1,3,3,3,3,1,1,1,1,1,1,1,1,1,1,1,1,4,4,3,3,1,1,1,1,1,1,1,1,1,1,1,1,1,1,1,1,1,1,1,1,1,1,1,1,1,1,1,1,1,1,1,1,1,1,1,1,1,1,1,1,4,2,3,3,1,1,3,3,1,1,1,3
1660,Kaluthara,1,2,2,2,5,1,1,6,5,5,5,5,2,2,2,2,4,4,4,4,3,3,3,3,1,2,2,2,1,1,1,1,1,1,1,1,1,1,1,1,2,2,2,2,1,1,1,1,4,1,1,1,1,1,1,1,1,1,1,1,4,4,4,4,3,3,3,3,1,1,1,1,2,1,1,1,2,1,1,1,2,1,1,1,2,1,1,1,2,1,1,1,1,1,1,1,2,2,2,2,4,4,4,4,1,1,1,1,2,2,2,2,1,1,1,1,4,4,4,4,1,1,1,1,1,1,1,1,1,1,1,1,1,1,1,1,1,1,1,1,1,1,1,1,1,1,1,1,1,1,1,1,1,1,1,1,4,4,4,4,4,4,4,4,3,3,3,3,2,2,2,2
1661,Kurunegala,1,2,4,2,7,3,1,2,3,3,3,3,4,3,3,3,1,1,1,1,1,1,1,1,2,2,2,2,2,2,2,2,1,1,1,1,1,1,1,1,1,1,1,1,1,1,1,1,3,2,2,2,1,1,1,1,1,1,1,1,1,1,1,1,1,1,1,1,1,1,1,1,2,2,2,2,2,1,1,1,2,1,1,1,3,1,2,2,2,1,1,1,1,1,1,1,1,1,1,1,4,3,3,3,1,1,1,1,1,1,1,1,1,2,2,2,4,1,2,3,1,1,1,1,1,1,1,1,1,1,1,1,1,1,1,1,1,1,1,1,4,1,2,3,1,1,1,1,1,1,1,1,1,2,2,1,4,2,2,2,1,1,1,1,1,1,1,1,1,1,1,1
1665,Nuwera Eliya,2,1,2,2,4,2,3,10,3,3,3,3,2,1,2,2,2,1,1,1,2,1,1,2,2,1,2,2,1,1,1,1,2,1,2,2,1,1,1,1,2,1,2,2,1,1,1,1,1,1,1,1,2,1,2,2,1,1,1,1,1,1,1,1,2,1,2,2,1,1,1,1,2,1,2,2,2,1,1,1,2,1,1,1,2,1,1,2,2,1,1,1,1,1,1,1,1,1,1,1,1,1,1,1,1,1,1,1,2,1,2,2,1,1,1,1,4,1,2,2,1,1,1,1,1,1,1,1,4,1,2,2,1,1,1,1,1,1,1,1,1,1,1,1,1,1,1,1,1,1,1,1,1,1,1,1,4,1,2,3,1,1,1,1,1,1,1,1,1,1,1,1
1666,Kaluthara,1,2,5,2,4,1,10,3,3,3,3,3,2,2,2,2,2,2,2,2,3,3,3,3,3,3,3,3,1,3,3,2,1,1,1,1,1,1,1,1,2,2,2,2,1,1,1,1,2,2,2,2,1,1,1,1,1,1,1,1,3,3,3,3,2,2,2,2,1,1,1,1,1,1,1,1,2,1,1,1,2,1,1,1,2,1,1,1,3,3,3,3,1,1,1,1,2,2,2,2,3,3,3,3,3,3,3,3,2,2,2,2,1,1,1,1,4,1,1,4,1,1,1,1,1,1,1,1,1,1,1,1,1,1,1,1,1,1,1,1,1,1,1,1,1,1,1,1,1,1,1,1,1,3,2,2,3,3,3,3,1,1,1,1,1,1,1,1,1,1,1,1
1667,Kurunegala,1,2,2,2,4,3,3,4,5,5,5,3,4,4,4,4,1,1,1,1,1,1,1,1,1,1,1,1,1,1,1,1,4,4,4,4,1,1,1,1,1,1,1,1,1,1,1,1,4,1,1,1,1,1,1,1,1,1,1,1,4,4,4,4,1,1,1,1,1,1,1,1,1,1,1,1,2,1,1,1,3,1,1,1,2,1,1,1,1,1,1,1,1,1,1,1,1,1,1,1,4,4,4,4,1,1,1,1,1,1,1,1,1,1,1,1,4,4,4,4,1,1,1,1,1,1,1,1,1,1,1,1,1,1,1,1,1,1,1,1,4,4,4,4,1,1,1,1,1,1,1,1,1,1,1,1,4,4,4,4,1,1,1,1,1,1,1,1,1,1,1,1
1668,Kurunegala,1,2,2,2,5,3,10,9,3,1,1,1,4,3,3,3,1,1,1,1,1,1,1,1,1,1,1,1,1,1,1,1,1,1,1,1,1,1,1,1,1,1,1,1,1,1,1,1,2,2,2,2,1,1,1,1,1,1,1,1,2,2,2,2,2,2,2,2,1,1,1,1,1,1,1,1,1,1,1,1,1,1,1,1,2,1,1,1,2,1,1,1,1,1,1,1,1,1,1,1,4,3,3,3,1,1,1,1,1,1,1,1,4,2,3,3,1,1,1,1,1,1,1,1,1,1,1,1,1,1,1,1,1,1,1,1,1,1,1,1,1,1,1,1,1,1,1,1,1,1,1,1,1,1,1,1,1,1,1,1,1,1,1,1,1,1,1,1,1,1,1,1
1669,Kurunegala,1,2,6,2,4,3,10,9,2,2,2,2,4,4,4,4,1,1,1,1,1,1,1,1,1,2,2,2,1,1,1,1,1,1,1,1,1,1,1,1,2,2,2,2,1,1,1,1,1,1,1,1,1,1,1,1,1,1,1,1,1,1,1,1,1,1,1,1,1,1,1,1,2,2,2,2,1,1,1,1,1,1,1,1,1,1,1,1,3,1,1,3,1,1,1,1,2,2,2,2,1,1,1,1,3,3,3,3,2,2,2,2,1,1,1,1,3,3,3,3,1,1,1,1,1,1,1,1,1,1,1,1,1,1,1,1,1,1,1,1,1,1,1,1,1,1,1,1,4,4,4,4,1,1,1,1,4,4,4,4,1,1,1,1,1,1,1,1,1,1,1,1
1670,Kurunegala,1,2,3,2,3,3,9,10,3,2,2,2,4,4,4,4,1,1,1,1,1,1,1,1,1,2,2,2,1,1,1,1,1,1,1,1,1,1,1,1,2,2,2,2,1,1,1,1,1,1,1,1,1,1,1,1,1,1,1,1,1,1,1,1,1,1,1,1,1,1,1,1,2,2,2,2,2,1,1,1,2,1,1,1,2,1,1,1,3,1,1,3,1,1,1,1,2,2,2,2,1,1,1,1,3,3,3,3,2,2,2,2,1,1,1,1,4,4,4,4,1,1,1,1,1,1,1,1,1,1,1,1,1,1,1,1,1,1,1,1,1,1,1,1,4,4,4,4,1,1,1,1,1,1,1,1,4,4,4,4,1,1,1,1,1,1,1,1,1,1,1,1
1671,Kurunegala,1,2,4,2,4,3,8,4,2,2,2,2,3,3,3,3,1,1,1,1,1,1,1,1,1,1,1,1,1,1,1,1,1,1,1,1,1,1,1,1,1,1,1,1,1,1,1,1,2,2,2,2,1,1,1,1,1,1,1,1,1,1,1,1,1,1,1,1,1,1,1,1,2,2,2,2,2,1,1,1,1,1,1,1,1,1,1,1,3,1,1,3,1,1,1,1,2,2,2,2,1,1,1,1,2,2,2,2,2,2,2,2,1,1,1,1,1,1,1,1,1,1,1,1,1,1,1,1,1,1,1,1,1,1,1,1,1,1,1,1,1,1,1,1,1,1,1,1,1,1,1,1,1,1,1,1,1,1,1,1,1,1,1,1,1,1,1,1,1,1,1,1
1672,Kurunegala,1,2,3,2,5,3,1,2,3,3,3,3,4,3,3,3,1,1,1,1,1,1,1,1,1,1,1,1,2,2,2,2,1,1,1,1,1,1,1,1,1,1,1,1,1,1,1,1,2,2,2,2,1,1,1,1,1,1,1,1,1,1,1,1,2,2,2,2,1,1,1,1,2,1,1,1,1,1,1,1,1,1,1,1,3,1,1,1,2,1,1,1,1,1,1,1,1,1,1,1,1,1,1,1,1,1,1,1,1,1,1,1,1,1,1,1,4,2,3,3,1,1,1,1,1,1,1,1,4,1,1,1,1,1,1,1,1,1,1,1,1,1,1,1,1,1,1,1,1,1,1,1,1,1,1,1,4,2,3,3,1,1,1,1,1,1,1,1,1,1,1,1
1673,Kurunegala,1,2,1,2,5,3,1,2,3,3,3,3,3,3,3,3,4,2,2,2,1,1,1,1,1,2,3,1,1,1,1,1,1,1,1,1,1,1,1,1,1,1,1,1,1,1,1,1,3,1,2,2,1,1,1,1,1,1,1,1,3,3,3,3,1,1,1,1,2,3,3,4,1,1,1,1,2,1,1,1,1,1,1,1,1,1,1,1,1,1,1,1,1,1,1,1,1,1,1,1,4,1,2,3,1,1,1,1,1,1,1,1,1,1,1,1,4,1,2,3,1,1,1,1,1,1,1,1,1,1,1,1,1,1,1,1,1,1,1,1,4,1,2,3,1,1,1,1,1,1,1,1,1,1,1,1,1,1,1,1,4,1,2,3,1,1,1,1,1,1,1,1
1674,Kurunegala,1,2,3,2,5,3,10,10,2,2,2,2,4,4,4,4,1,1,1,1,1,1,1,1,1,2,2,2,1,1,1,1,1,1,1,1,1,1,1,1,2,2,2,2,1,1,1,1,3,3,4,3,1,1,1,1,1,1,1,1,1,1,1,1,1,1,1,1,1,1,1,1,2,2,2,2,2,1,1,1,1,1,1,1,2,1,1,1,3,1,1,3,1,1,1,1,2,2,2,2,4,4,4,4,2,2,2,2,1,1,1,1,1,1,1,1,3,3,3,3,1,1,1,1,1,1,1,1,1,1,1,1,1,1,1,1,1,1,1,1,1,1,1,1,1,1,1,1,1,1,1,1,1,1,1,1,4,4,4,4,1,1,1,1,1,1,1,1,1,1,1,1
1676,Kurunegala,1,2,2,2,7,1,3,3,3,3,3,3,3,4,3,3,4,2,2,3,1,1,1,1,1,3,3,2,1,1,1,1,1,1,1,1,1,1,1,1,1,1,1,1,1,1,1,1,4,2,4,3,1,1,1,1,1,1,1,1,4,4,4,4,1,1,1,1,2,4,4,4,1,1,1,1,3,1,1,1,1,1,1,1,3,1,1,1,2,1,1,1,1,1,1,1,2,1,1,1,3,4,4,4,1,1,1,1,1,1,1,1,1,4,4,2,4,1,3,3,1,1,1,1,1,1,1,1,1,1,1,1,1,1,1,1,3,1,1,1,4,1,3,4,1,1,1,1,1,1,1,1,1,1,1,1,1,1,1,1,4,1,2,4,1,1,1,1,1,1,1,1
1680,Kurunegala,1,2,2,2,4,3,10,4,2,2,2,2,3,3,3,3,1,1,1,1,1,1,1,1,1,2,2,2,1,1,1,1,1,1,1,1,1,1,1,1,2,2,2,2,1,1,1,1,1,1,1,1,3,3,3,3,1,1,1,1,2,2,2,2,1,1,1,1,1,1,1,1,2,2,2,2,2,1,1,1,2,1,1,1,2,1,1,1,3,1,1,3,1,1,1,1,2,2,2,2,1,1,1,1,3,3,3,3,2,2,2,2,1,1,1,1,4,4,4,4,1,1,1,1,1,1,1,1,1,1,1,1,1,1,1,1,1,1,1,1,1,1,1,1,1,1,1,1,1,1,1,1,1,1,1,1,3,3,3,3,1,1,1,1,1,1,1,1,1,1,1,1
1681,Batticaloa,1,2,5,2,4,3,10,10,1,1,1,1,2,1,2,2,2,1,2,2,1,1,1,1,2,1,2,2,1,1,1,1,2,1,1,2,1,1,1,1,2,2,2,2,2,1,1,1,1,1,1,1,2,1,1,1,1,2,1,1,1,1,1,1,1,1,1,1,1,1,1,1,2,1,1,1,2,1,1,1,2,1,1,1,1,1,1,1,1,1,1,1,1,1,1,1,1,1,1,1,2,1,2,2,1,1,1,1,1,1,1,1,1,1,1,1,1,1,1,1,1,1,1,1,1,1,1,1,1,1,1,1,1,1,1,1,1,1,1,1,2,1,2,2,1,1,1,1,1,1,1,1,1,1,1,1,1,1,1,1,1,1,1,1,1,1,1,1,1,1,1,1
1682,Kurunegala,1,2,4,2,5,1,3,4,3,3,3,3,4,3,3,3,1,1,1,1,2,1,1,1,1,1,1,1,1,1,1,1,2,1,1,1,1,1,1,1,1,1,1,1,1,1,1,1,3,2,2,2,1,1,1,1,1,1,1,1,4,3,3,3,4,3,3,3,1,1,1,1,3,2,2,2,1,1,1,1,1,1,1,1,2,1,1,1,3,2,2,2,1,1,1,1,2,2,2,2,1,1,1,1,1,1,1,1,1,1,1,1,1,1,1,1,1,1,1,1,4,4,4,4,1,1,1,1,1,1,1,1,1,1,1,1,1,1,1,1,1,1,1,1,1,1,1,1,4,4,4,4,1,1,1,1,4,4,4,4,4,4,4,4,1,1,1,1,1,1,1,1
1683,Kurunegala,1,2,4,2,5,3,10,10,2,1,1,1,4,3,3,3,1,1,1,1,1,1,1,1,1,2,2,2,1,1,1,1,1,1,1,1,1,1,1,1,1,1,1,1,1,1,1,1,2,2,2,2,1,1,1,1,1,1,1,1,1,1,1,1,1,1,1,1,1,1,1,1,2,1,1,1,1,1,1,1,1,1,1,1,3,1,1,1,1,1,1,1,1,1,1,1,1,1,1,1,4,3,3,3,1,1,1,1,1,1,1,1,1,1,1,1,4,2,3,3,1,1,1,1,1,1,1,1,1,1,1,1,1,1,1,1,1,1,1,1,1,1,1,1,1,1,1,1,1,1,1,1,1,1,1,1,1,1,1,1,1,1,1,1,1,1,1,1,1,1,1,1
1685,Colombo,1,2,2,2,4,1,3,8,3,3,3,3,4,4,4,4,1,1,1,1,1,1,1,1,1,2,2,2,2,2,2,2,1,1,1,1,1,1,1,1,1,1,1,1,1,1,1,1,4,4,4,4,1,1,1,1,2,2,2,2,4,4,4,4,1,1,1,1,1,1,1,1,2,2,2,2,1,1,1,1,1,1,1,1,1,1,1,1,4,4,4,4,1,1,1,1,2,2,2,2,3,3,3,3,1,1,1,1,2,2,2,2,1,1,1,1,4,4,4,4,1,1,1,1,1,1,1,1,2,2,2,2,4,4,4,4,1,1,1,1,2,2,2,2,1,1,1,1,1,1,1,1,1,1,1,1,3,3,3,3,3,3,3,3,1,1,1,1,1,1,1,1
1688,Colombo,1,1,3,2,5,1,3,10,1,1,1,1,2,4,4,4,1,1,1,1,4,2,2,2,1,2,2,2,1,1,1,1,1,1,1,1,1,1,1,1,1,1,1,1,1,1,1,1,4,4,4,4,1,1,1,1,1,1,1,1,1,1,1,1,1,1,1,1,1,1,1,1,2,2,2,2,1,1,1,1,1,1,1,1,1,1,1,1,4,4,4,4,1,1,1,1,2,2,2,2,1,1,1,1,1,1,1,1,3,3,3,3,1,1,1,1,1,1,1,2,1,1,1,1,1,1,1,1,1,1,1,1,1,1,1,1,1,1,1,1,1,1,1,1,1,1,1,1,1,1,1,3,1,1,1,1,1,1,1,3,1,1,1,3,1,1,1,1,1,1,1,1
1689,Colombo,1,2,3,2,4,1,2,3,3,2,2,2,3,4,4,4,2,1,1,1,2,1,1,1,1,2,2,2,2,2,2,2,1,1,1,1,1,1,1,1,2,4,2,2,1,1,1,1,4,2,2,2,1,1,1,1,1,1,1,1,3,3,3,3,4,4,4,4,1,1,1,1,1,1,1,1,2,1,1,1,2,1,1,1,2,1,1,1,4,1,1,1,1,1,1,1,2,2,2,2,1,1,1,1,1,1,1,1,2,2,2,2,1,1,1,1,3,3,3,3,2,2,2,2,1,1,1,1,4,1,1,1,2,3,3,3,1,1,1,1,1,1,1,1,1,1,1,1,1,1,1,1,1,1,1,1,4,4,4,4,2,2,2,2,2,2,2,2,2,1,1,1
1690,Kurunegala,1,2,6,2,1,1,10,4,1,1,1,1,4,3,3,3,1,1,1,1,1,1,1,1,1,1,1,1,1,1,1,1,1,1,1,1,1,1,1,1,1,1,1,1,1,1,1,1,1,1,1,1,1,1,1,1,3,3,3,3,1,1,1,1,1,1,1,1,1,1,1,1,2,2,2,2,1,1,1,1,1,1,1,1,2,1,1,1,3,1,1,1,1,1,1,1,2,1,1,1,1,1,1,1,1,1,1,1,1,1,1,1,2,2,2,2,1,1,1,1,1,1,1,1,1,1,1,1,1,1,1,1,1,1,1,1,1,1,1,1,1,1,1,1,1,1,1,1,1,1,1,1,1,1,1,1,1,1,1,1,1,1,1,1,1,1,1,1,1,1,1,1
1692,Kurunegala,1,2,4,2,4,1,3,10,3,3,3,3,4,4,4,4,1,1,1,1,1,1,1,1,1,1,1,1,1,1,1,1,1,1,1,1,1,1,1,1,1,1,1,1,1,1,1,1,4,1,1,1,1,1,1,1,1,1,1,1,1,1,1,1,1,1,1,1,1,1,1,1,1,1,1,1,1,1,1,1,1,1,1,1,1,1,1,1,4,1,1,1,1,1,1,1,1,1,1,1,1,1,1,1,1,1,1,1,1,1,1,1,1,1,1,1,1,1,1,1,1,1,1,1,1,1,1,1,4,4,4,4,1,1,1,1,1,1,1,1,1,1,1,1,1,1,1,1,1,1,1,1,1,1,1,1,4,4,4,4,1,1,1,1,1,1,1,1,1,1,1,1
1693,Kurunegala,1,2,3,2,4,1,1,6,3,3,3,3,3,3,3,3,4,1,2,3,1,1,1,1,1,1,1,1,1,1,1,1,1,1,1,1,1,1,1,1,1,1,1,1,1,1,1,1,3,1,2,2,1,1,1,1,1,1,1,1,4,4,4,4,1,1,1,1,1,1,1,1,1,1,1,1,3,1,1,1,1,1,1,1,1,1,1,1,3,1,1,3,1,1,1,1,1,1,1,1,3,2,3,3,1,1,1,1,1,1,1,1,1,1,1,1,4,4,4,4,1,1,1,1,1,1,1,1,1,1,1,1,1,1,1,1,1,1,1,1,4,4,4,4,1,1,1,1,1,1,1,1,1,1,1,1,1,1,1,1,4,4,4,4,1,1,1,1,1,1,1,1
1698,Kurunegala,1,2,3,2,5,1,1,6,3,3,3,3,1,1,1,1,1,1,1,1,4,4,4,4,1,1,1,1,1,1,1,1,1,1,1,1,1,1,1,1,1,1,1,1,2,1,1,2,1,1,1,1,3,3,3,3,1,1,1,1,3,3,3,3,1,1,1,1,1,1,1,1,2,2,2,2,3,3,3,1,1,1,1,1,1,1,1,1,1,1,1,1,1,1,1,1,1,1,1,1,2,2,2,2,3,3,3,3,2,2,2,2,1,1,1,1,4,4,4,4,1,1,1,1,1,1,1,1,1,1,1,1,1,1,1,1,1,1,1,1,1,1,1,1,1,1,1,1,1,1,1,1,1,1,1,1,3,3,3,3,1,1,1,1,1,1,1,1,1,1,1,1
1701,Kurunegala,1,2,4,2,4,1,9,4,2,1,1,1,3,3,3,3,1,1,1,1,1,1,1,1,1,2,2,2,1,1,1,1,1,1,1,1,1,1,1,1,1,1,1,1,1,1,1,1,1,1,1,1,1,1,1,1,1,1,1,1,1,1,1,1,1,1,1,1,1,1,1,1,2,1,1,1,2,1,1,1,2,1,1,1,3,1,1,1,1,1,1,1,1,1,1,1,1,1,1,1,4,3,3,3,1,1,1,1,1,1,1,1,1,1,1,1,4,1,2,3,1,1,1,1,1,1,1,1,1,1,1,1,1,1,1,1,1,1,1,1,1,1,1,1,1,1,1,1,1,1,1,1,1,1,1,1,4,1,2,3,1,1,1,1,1,1,1,1,1,1,1,1
1703,Kurunegala,1,2,3,2,4,1,10,9,3,2,2,2,3,3,3,3,1,1,1,1,1,1,1,1,2,2,2,2,1,1,1,1,1,1,1,1,1,1,1,1,2,3,3,3,2,1,1,1,2,2,2,2,1,1,1,1,1,1,1,1,2,2,2,2,2,2,2,2,1,1,1,1,2,1,1,1,2,1,1,1,2,1,1,1,3,1,1,1,1,1,1,1,1,1,1,1,1,1,1,1,4,3,3,3,1,1,1,1,1,1,1,1,1,1,1,1,4,2,2,3,2,1,1,1,1,1,1,1,1,1,1,1,1,1,1,1,1,1,1,1,1,1,1,1,1,1,1,1,1,1,1,1,1,1,1,1,4,2,3,3,1,1,1,1,1,1,1,1,1,1,1,1
1706,Colombo,1,2,2,2,4,3,4,10,3,2,2,3,2,2,2,2,1,1,1,1,4,4,4,4,1,1,1,1,1,1,1,1,1,1,1,1,1,1,1,1,2,2,2,2,1,1,1,1,2,1,1,1,1,1,1,1,1,1,1,1,1,1,1,1,1,1,1,1,1,1,1,1,2,1,1,1,1,1,1,1,1,1,1,1,3,1,1,1,4,1,1,1,1,1,1,1,3,1,1,1,1,1,1,1,2,2,2,2,2,3,3,3,1,1,1,1,4,4,4,4,1,1,1,1,1,1,1,1,1,1,1,1,1,1,1,1,2,2,2,2,1,1,1,1,2,2,2,2,4,4,4,4,1,1,1,1,4,4,4,4,2,2,2,2,1,1,2,1,1,1,1,1
1707,Kurunegala,1,2,3,2,4,1,1,6,2,2,2,2,2,4,3,3,4,1,2,3,1,1,1,1,1,2,1,1,1,1,1,1,1,1,1,1,1,1,1,1,1,1,1,1,2,1,1,1,3,1,2,2,1,1,1,1,1,1,1,1,3,3,3,3,1,1,1,1,1,4,4,4,1,1,1,1,3,1,1,1,1,1,1,1,4,1,1,1,3,1,1,1,1,1,1,1,1,1,1,1,3,4,4,4,1,1,1,1,1,1,1,1,1,1,1,1,1,1,1,1,1,1,1,1,4,4,4,4,1,1,1,1,1,1,1,1,1,1,1,1,1,1,1,1,1,1,1,1,4,4,4,4,1,1,1,1,1,1,1,1,4,4,4,4,1,1,1,1,1,1,1,1
1708,Colombo,1,1,5,3,4,1,10,10,2,1,1,1,4,4,4,4,1,1,1,1,1,1,1,1,1,1,1,1,1,1,1,1,1,2,2,1,1,1,1,1,1,1,1,1,1,1,1,1,1,1,1,1,3,3,3,3,1,1,1,1,1,1,1,1,1,1,1,1,1,1,1,1,1,1,1,1,1,1,1,1,1,1,1,1,1,1,1,1,3,1,1,3,1,1,1,1,1,1,1,1,1,1,1,1,1,1,1,1,1,1,1,1,1,1,1,1,4,4,4,4,1,1,1,1,1,1,1,1,1,1,1,1,1,1,1,1,1,1,1,1,1,1,1,1,1,1,1,1,3,3,3,3,1,1,1,1,1,1,1,1,1,1,1,1,1,1,1,1,1,1,1,1
1709,Kurunegala,1,2,4,2,4,1,10,10,2,1,1,1,4,3,3,3,1,1,1,1,1,1,1,1,2,2,2,2,2,2,2,2,2,2,2,2,1,1,1,1,1,1,1,1,1,1,1,1,2,2,2,2,1,1,1,1,2,2,2,2,1,1,1,1,1,1,1,1,1,1,1,1,2,1,1,1,2,1,1,1,2,1,1,1,3,1,1,1,2,1,1,1,1,1,1,1,1,1,1,1,4,3,3,3,1,1,1,1,1,1,1,1,1,1,1,1,4,2,3,3,1,1,1,1,1,1,1,1,1,1,1,1,1,1,1,1,1,1,1,1,1,1,1,1,1,1,1,1,1,1,1,1,1,1,1,1,1,1,1,1,1,1,1,1,1,1,1,1,1,1,1,1
1710,Colombo,1,2,4,3,4,2,10,10,2,1,1,2,4,4,4,4,1,1,1,1,1,1,1,1,1,2,2,1,1,1,1,1,1,1,1,1,1,1,1,1,2,2,2,2,1,1,1,1,2,1,1,1,1,1,1,1,1,1,1,1,2,2,2,2,2,2,2,2,1,1,1,1,1,1,1,1,1,1,1,1,1,1,1,1,1,1,1,1,1,1,1,1,1,1,1,1,1,1,1,1,4,4,4,4,1,1,1,1,2,2,2,2,2,4,4,2,4,4,4,4,1,1,1,1,1,1,1,1,1,1,1,1,1,1,1,1,1,1,1,1,4,4,4,4,1,1,1,1,1,1,1,1,1,1,1,1,2,2,2,2,3,3,3,3,4,4,4,4,1,1,1,1
1711,Colombo,1,2,2,2,4,1,1,1,3,2,2,3,2,2,2,2,1,1,1,1,1,1,1,1,1,1,1,1,1,1,1,1,4,4,4,4,1,1,1,1,1,1,1,1,1,1,1,1,2,2,2,2,1,1,1,1,1,1,1,1,3,3,3,3,1,1,1,1,1,1,1,1,2,2,2,2,1,1,1,1,1,1,1,1,1,1,1,1,1,1,1,1,1,1,1,1,1,1,1,1,4,4,4,4,1,1,1,1,2,2,2,2,1,1,1,1,4,4,4,4,1,1,1,1,1,1,1,1,1,1,1,1,1,1,1,1,1,1,1,1,4,4,4,4,1,1,1,1,1,1,1,1,1,1,1,1,4,4,4,4,4,4,4,4,1,1,1,1,1,1,1,1
1713,Colombo,1,2,4,2,7,1,3,4,3,1,1,1,4,4,4,4,1,1,1,1,1,1,1,1,2,2,2,2,1,1,1,1,1,1,1,1,1,1,1,1,2,2,2,3,1,1,1,1,4,1,1,1,1,1,1,1,1,1,1,1,3,3,3,3,3,3,3,3,1,1,1,1,1,1,1,1,2,1,1,1,2,1,1,1,2,1,1,1,1,1,1,1,1,1,1,1,2,2,2,2,4,4,4,4,1,1,1,1,2,2,2,2,1,2,2,2,4,4,4,4,1,1,1,1,1,1,1,1,1,1,1,1,1,1,1,1,1,1,1,1,4,1,1,1,1,1,1,1,1,1,1,1,1,1,3,3,4,1,1,1,4,1,1,1,1,1,1,1,1,1,1,1
1714,Colombo,1,2,2,2,4,1,1,7,2,2,2,2,4,4,4,4,1,1,1,1,1,1,1,1,1,2,1,1,1,1,1,1,1,1,1,1,1,1,1,1,1,1,1,1,1,1,1,1,2,2,2,2,1,1,1,1,1,1,1,1,3,3,3,3,1,1,1,1,1,1,1,1,1,1,1,1,2,1,1,1,2,1,1,1,2,1,1,1,1,1,1,1,1,1,1,1,2,1,1,1,3,3,3,3,1,1,1,1,2,2,2,2,1,1,1,1,4,4,4,4,1,1,1,1,1,1,1,1,1,1,1,1,1,1,1,1,1,1,1,1,4,4,4,4,1,1,1,1,1,1,1,1,1,1,1,1,1,1,1,1,4,4,4,4,1,1,1,1,1,1,1,1
1717,Colombo,1,2,4,2,4,1,2,10,3,3,3,3,4,4,4,4,1,1,1,1,2,2,2,2,1,2,2,2,1,1,1,1,1,1,1,1,1,1,1,1,2,2,2,2,1,1,1,1,4,1,1,1,1,1,1,1,1,1,1,1,4,4,4,4,3,3,3,3,1,1,1,1,1,1,1,1,1,1,1,1,1,1,1,1,2,1,1,1,2,1,1,1,1,1,1,1,2,2,2,2,4,4,4,4,1,1,1,1,3,3,3,3,1,1,1,1,4,4,4,4,1,1,1,1,1,1,1,1,1,1,1,1,1,1,1,1,1,1,1,1,4,4,4,4,1,1,1,1,1,1,1,1,1,1,1,1,4,4,4,4,2,2,2,2,2,2,2,2,1,1,1,1
1718,Colombo,3,2,3,1,4,1,3,10,5,5,5,5,1,2,2,2,4,4,4,4,1,1,1,1,1,2,1,1,1,1,1,1,1,1,1,1,1,1,1,1,1,1,1,1,1,1,1,1,2,2,2,2,1,1,1,1,1,1,1,1,4,4,4,4,1,1,1,1,1,3,3,3,1,1,1,1,2,1,1,1,2,1,1,1,3,1,1,1,1,1,1,1,1,1,1,1,1,1,1,1,4,4,4,4,1,1,1,1,1,1,1,1,1,1,1,1,4,4,4,4,1,1,1,1,1,1,1,1,1,1,1,1,1,1,1,1,1,1,1,1,4,1,1,1,1,1,1,1,1,1,1,1,1,1,1,1,3,3,3,3,1,1,1,1,1,1,1,1,1,1,1,1
1719,Colombo,1,1,5,3,4,1,3,10,3,2,2,3,4,4,4,4,1,1,1,1,1,1,1,1,1,1,1,1,1,1,1,1,1,1,1,1,1,1,1,1,1,1,1,1,1,1,1,1,4,4,4,4,1,1,1,1,1,1,1,1,4,4,4,4,1,1,1,1,1,1,1,1,1,1,1,1,1,1,1,1,1,1,1,1,1,1,1,1,3,3,3,3,1,1,1,1,2,2,2,2,1,1,1,1,1,1,1,1,3,3,3,3,1,1,1,1,4,4,4,4,1,1,1,1,1,1,1,1,2,2,2,2,1,1,1,1,3,3,3,3,1,1,1,1,1,1,1,1,3,3,3,3,1,1,1,1,4,4,4,4,4,4,4,4,4,2,2,2,1,1,1,1
1720,Colombo,1,2,3,2,4,1,10,10,3,1,1,1,3,2,2,2,2,1,1,1,2,2,2,2,1,2,2,2,1,1,1,1,1,1,1,1,1,1,1,1,1,1,1,1,1,1,1,1,2,1,1,2,1,1,1,1,1,1,2,1,2,1,1,1,2,1,1,1,1,1,1,1,1,1,1,1,1,1,1,1,2,1,1,1,1,1,1,1,3,1,1,1,1,1,1,1,2,1,1,1,1,1,1,1,1,1,1,1,3,2,2,2,1,1,1,1,2,1,1,1,1,1,1,1,1,1,1,1,1,1,1,1,1,1,1,1,1,1,1,1,1,1,1,1,1,1,1,1,1,1,1,1,1,1,1,1,3,1,1,1,3,1,1,1,1,1,1,1,1,1,1,1
1721,Colombo,1,2,5,2,4,1,8,10,3,2,2,2,2,2,2,2,3,2,2,2,2,2,2,2,3,3,3,3,3,3,3,3,1,1,1,1,1,1,1,1,2,2,2,2,2,2,2,2,2,2,2,2,1,1,1,1,2,2,2,2,3,3,3,3,1,1,1,1,1,1,1,1,1,1,1,1,3,1,1,1,3,1,1,1,3,1,1,1,1,1,1,1,1,1,1,1,2,2,2,2,4,4,4,4,1,1,1,1,2,2,2,2,1,1,1,1,4,4,4,4,1,1,1,1,1,1,1,1,1,1,1,1,1,1,1,1,1,1,1,1,4,4,4,4,1,1,1,1,1,1,1,1,3,3,3,3,3,3,3,3,1,1,1,1,1,1,1,1,1,1,1,1
1722,Colombo,2,1,2,2,5,3,3,2,3,1,1,1,3,3,3,3,1,1,1,1,2,2,2,2,1,2,1,1,1,1,1,1,1,1,1,1,2,2,2,2,1,1,1,1,1,1,1,1,2,2,2,2,1,1,1,1,1,1,1,1,3,3,3,3,1,1,1,1,1,1,1,1,1,1,1,1,2,1,2,1,2,1,2,1,2,1,2,1,3,2,3,3,1,1,1,1,2,2,2,2,3,3,3,3,1,1,1,1,1,1,1,1,4,1,1,1,1,1,1,1,1,1,1,1,1,1,1,1,1,1,1,1,1,1,1,1,1,1,1,1,1,1,1,1,1,1,1,1,1,1,1,1,1,1,1,1,4,1,1,1,1,1,1,1,1,1,1,1,1,1,1,1
1723,Colombo,1,2,2,2,4,1,10,10,3,1,2,2,3,3,3,3,1,1,1,1,1,1,1,1,1,1,1,1,1,1,1,1,2,2,2,2,1,1,1,1,1,1,1,1,1,1,1,1,3,2,2,2,1,1,1,1,1,1,1,1,3,3,3,3,2,2,2,2,1,1,1,1,1,1,1,1,2,1,1,1,2,1,1,1,2,1,1,1,3,2,2,2,1,1,1,1,2,3,2,2,1,1,1,1,1,1,1,1,2,2,2,2,1,1,1,1,4,4,4,4,1,1,1,1,1,1,1,1,2,2,2,2,1,1,1,1,1,1,1,1,1,1,1,1,1,1,1,1,3,3,3,3,1,1,1,1,1,1,1,1,4,4,4,4,1,1,1,1,1,1,1,1
1725,Colombo,1,1,4,2,4,1,8,4,3,2,2,2,2,2,2,1,1,1,1,1,4,4,4,1,1,2,2,2,1,1,1,1,1,1,1,1,1,1,1,1,2,2,2,4,1,1,1,1,4,2,2,2,1,1,1,1,2,2,2,1,4,4,4,4,4,4,4,4,2,2,2,2,1,1,1,1,2,1,1,1,1,1,1,1,1,1,1,1,2,1,1,1,1,1,1,1,2,2,2,2,4,4,4,4,1,1,1,1,1,1,1,1,1,1,1,1,4,4,4,2,1,1,1,1,1,1,1,1,1,1,1,1,1,2,2,1,1,1,1,1,4,2,2,1,1,1,1,1,1,1,1,1,1,1,1,1,4,4,4,2,4,2,2,1,1,1,1,1,1,1,1,1
1726,Colombo,1,2,3,2,4,3,10,10,3,2,2,2,3,3,3,3,1,1,1,1,2,2,2,2,1,2,1,1,1,1,1,1,1,1,1,1,1,1,1,1,1,1,1,1,1,1,1,1,2,2,2,2,1,1,1,1,1,1,1,1,3,3,3,3,1,1,1,1,1,1,1,1,1,1,1,1,2,1,2,1,2,1,2,1,2,1,2,1,1,1,1,1,1,1,1,1,2,2,2,2,4,4,4,4,1,1,1,1,2,2,2,2,1,1,1,1,1,1,1,1,1,1,1,1,1,1,1,1,1,1,1,1,1,1,1,1,1,1,1,1,1,1,1,1,1,1,1,1,1,1,1,1,1,1,1,1,1,1,1,1,1,1,1,1,1,1,1,1,4,4,4,4
1730,Colombo,1,2,1,2,4,1,10,10,2,1,1,1,3,2,2,2,1,1,1,1,2,1,1,1,1,2,2,2,1,1,1,1,1,1,1,1,1,1,1,1,1,1,1,1,1,1,1,1,1,1,1,1,1,1,1,1,1,1,1,2,1,1,1,1,1,1,1,1,1,1,1,1,1,1,1,1,1,1,1,1,1,1,1,1,1,1,1,1,2,1,1,1,1,1,1,1,1,1,1,1,1,1,1,1,1,1,1,1,3,2,2,2,1,1,1,1,3,1,1,1,1,1,1,1,1,1,1,1,1,1,1,1,1,1,1,1,1,1,1,1,1,1,1,1,1,1,1,1,2,2,2,3,1,1,1,1,3,1,1,1,2,1,1,1,1,1,1,1,1,1,1,1
1731,Colombo,1,2,2,2,5,1,3,10,3,3,3,3,2,2,2,2,1,1,1,1,4,4,4,4,2,2,2,2,1,1,1,1,1,1,1,1,1,1,1,1,2,2,2,2,1,1,1,1,4,1,1,1,1,1,1,1,2,2,2,2,4,4,4,4,3,3,3,3,1,1,1,1,1,1,1,1,1,1,1,1,1,1,1,1,1,1,1,1,1,1,1,1,1,1,1,1,2,2,2,2,4,4,4,4,1,1,1,1,2,1,1,1,1,1,1,1,1,1,1,1,1,1,1,1,1,1,1,1,1,1,1,1,4,4,4,4,1,1,1,1,2,2,2,2,1,1,1,1,1,1,1,1,1,1,1,1,4,4,4,4,1,1,1,1,1,1,1,1,1,1,1,1
1733,Puttalam,1,2,3,2,3,1,10,9,2,1,1,1,4,3,3,3,1,1,1,1,1,1,1,1,1,2,2,2,2,2,2,2,1,1,1,1,1,1,1,1,1,1,1,1,3,1,1,1,2,2,2,2,1,1,1,1,1,1,1,1,1,1,1,1,1,1,1,1,1,1,1,1,2,2,2,2,2,1,1,1,1,1,1,1,3,1,1,1,2,1,1,1,1,1,1,1,2,1,1,1,4,3,3,3,1,1,1,1,1,1,1,1,4,3,3,1,1,1,2,3,1,1,1,1,1,1,1,1,1,1,1,1,1,1,1,1,1,1,1,1,1,1,1,3,1,1,1,1,1,1,1,1,4,3,3,1,1,1,1,3,1,1,1,1,1,1,1,1,1,1,1,1
1734,Nuwera Eliya,1,2,2,2,4,2,10,3,3,2,2,2,2,1,2,2,1,1,1,1,2,1,1,1,1,2,2,2,1,1,1,1,1,1,1,1,1,1,1,1,1,1,1,1,1,1,1,1,2,1,1,1,2,1,2,2,1,1,1,1,1,1,1,1,1,1,1,1,1,1,1,1,2,1,1,1,2,1,1,1,2,1,1,1,1,1,1,1,4,1,2,2,1,1,1,1,1,1,1,1,1,1,1,1,1,1,1,1,4,1,1,2,1,1,1,1,4,1,1,4,1,1,1,1,1,1,1,1,4,1,1,4,1,1,1,1,1,1,1,1,1,1,1,1,1,1,1,1,1,1,1,1,1,1,1,1,4,1,1,4,1,1,1,1,1,1,1,1,1,1,1,1
1735,Puttalam,1,2,4,2,5,1,3,10,5,5,5,5,4,4,4,4,1,1,1,1,4,4,4,4,1,1,1,1,1,1,1,1,1,1,1,1,2,2,2,2,1,1,1,1,1,1,1,1,1,1,1,1,1,1,1,1,1,1,1,1,4,4,4,4,1,1,1,1,1,1,1,1,1,1,1,1,3,1,1,1,1,1,1,1,1,1,1,1,4,4,4,4,1,1,1,1,1,1,1,1,1,1,1,1,1,1,1,1,1,1,1,1,1,1,1,1,4,4,4,4,1,1,1,1,1,1,1,1,4,4,4,4,1,1,1,1,1,1,1,1,1,1,1,1,1,1,1,1,1,1,1,1,1,1,1,1,4,4,4,4,1,1,1,1,1,1,1,1,1,1,1,1
1737,Colombo,1,2,4,2,5,1,1,10,3,3,3,3,2,2,2,2,2,2,2,3,3,3,3,3,2,2,2,2,1,1,1,1,2,2,2,2,1,1,1,1,1,1,1,1,1,1,1,1,4,4,4,4,1,1,1,1,1,1,1,1,4,4,4,4,1,1,1,1,1,1,1,1,2,2,2,2,2,1,1,1,2,1,1,1,1,1,1,1,2,2,2,2,1,1,1,1,2,2,2,2,4,4,4,4,1,1,1,1,2,2,2,2,1,1,1,1,4,2,4,4,1,1,1,1,1,1,1,1,1,1,1,1,1,1,1,1,1,1,1,1,4,4,4,4,1,1,1,1,1,1,1,1,1,1,1,1,4,4,4,4,4,2,3,3,2,1,1,1,1,1,1,1
1740,Colombo,1,2,4,2,4,1,10,10,3,1,2,2,3,3,3,3,1,1,1,1,1,1,1,1,1,2,1,1,1,1,2,1,2,3,3,3,1,1,1,1,1,1,1,1,1,1,1,1,3,3,4,3,1,1,1,1,1,1,1,1,3,3,3,3,1,1,1,1,1,1,1,1,1,1,1,1,2,1,1,1,2,1,1,1,2,1,1,1,1,1,1,1,1,1,1,1,1,1,1,1,1,1,1,1,1,1,1,1,4,4,4,4,1,1,1,1,4,4,4,4,1,1,1,1,1,1,1,1,1,1,1,1,1,1,1,1,1,1,1,1,1,1,1,1,1,1,1,1,4,4,4,4,1,1,1,1,1,1,1,1,1,1,1,1,1,1,1,1,4,4,4,4
1741,Kurunegala,1,2,3,2,4,1,7,3,3,3,3,2,4,4,4,4,1,1,1,1,1,1,1,1,1,1,1,1,1,1,1,1,1,1,1,1,1,1,1,1,1,1,1,1,1,1,1,1,1,1,1,1,1,1,1,1,1,1,1,1,4,4,4,4,1,1,1,1,1,1,1,1,1,1,1,1,1,1,1,1,1,1,1,1,1,1,1,1,4,1,1,1,1,1,1,1,1,1,1,1,1,1,1,1,4,4,4,4,1,1,1,1,4,4,4,4,1,1,1,1,1,1,1,1,1,1,1,1,1,1,1,1,1,1,1,1,1,1,1,1,1,1,1,1,1,1,1,1,4,4,4,4,1,1,1,1,1,1,1,1,4,4,4,4,1,1,1,1,1,1,1,1
1742,Puttalam,1,2,2,2,4,1,10,10,3,2,2,2,3,3,3,3,1,1,1,1,2,2,2,2,1,2,2,2,1,1,1,1,1,1,1,1,1,1,1,1,2,2,2,2,1,1,1,1,1,1,1,1,1,1,1,1,1,1,1,1,1,1,1,1,1,1,1,1,1,1,1,1,2,2,2,2,2,1,1,1,2,1,1,1,2,1,1,1,2,1,1,2,1,1,1,1,2,2,2,2,1,1,1,1,3,3,3,3,2,2,2,2,1,1,1,1,4,4,4,4,1,1,1,1,1,1,1,1,1,1,1,1,1,1,1,1,1,1,1,1,1,1,1,1,1,1,1,1,1,1,1,1,1,1,1,1,1,1,1,1,1,1,1,1,4,4,4,4,1,1,1,1
1743,Kurunegala,1,2,5,2,3,1,7,9,3,3,2,1,4,4,4,4,1,1,1,1,1,1,1,1,2,2,2,2,1,1,1,1,1,1,1,1,1,1,1,1,1,1,1,1,1,1,1,1,1,1,1,1,1,1,1,1,4,1,1,1,1,1,1,1,1,1,1,1,1,1,1,1,2,1,1,1,1,1,1,1,1,1,1,1,1,1,1,1,4,1,1,1,1,1,1,1,1,1,1,1,1,1,1,1,1,1,1,1,1,1,1,1,4,4,4,4,1,1,1,1,1,1,1,1,1,1,1,1,1,1,1,1,1,1,1,1,1,1,1,1,1,1,1,1,4,4,4,4,1,1,1,1,1,1,1,1,4,4,4,4,1,1,1,1,1,1,1,1,1,1,1,1
1744,Colombo,1,2,4,2,4,1,10,10,3,2,3,3,4,4,4,4,1,1,1,1,1,1,1,1,1,1,1,1,1,1,1,1,1,1,1,1,1,1,1,1,1,1,1,1,1,1,1,1,4,4,4,4,1,1,1,1,1,1,1,1,2,2,2,2,1,1,1,1,1,1,1,1,2,2,2,2,1,1,1,1,1,1,1,1,1,1,1,1,2,2,2,2,1,1,1,1,1,1,1,1,4,4,4,4,1,1,1,1,2,2,2,2,1,1,1,1,4,4,4,4,1,1,1,1,1,1,1,1,1,1,1,1,1,1,1,1,1,1,1,1,4,4,4,4,1,1,1,1,1,1,1,1,1,1,1,1,4,4,4,4,4,4,4,4,4,2,2,2,1,1,1,1
1745,Puttalam,1,2,4,2,4,1,10,9,2,1,1,1,3,3,3,3,1,1,1,1,1,1,1,1,1,2,2,2,2,2,2,2,2,1,1,1,1,1,1,1,1,2,3,2,2,1,1,1,2,2,2,2,1,1,1,1,1,1,1,1,1,1,1,1,1,1,1,1,1,1,1,1,1,1,1,1,1,1,1,1,1,1,1,1,3,1,1,1,2,1,1,1,1,1,1,1,1,1,1,1,1,1,1,1,4,3,3,3,3,3,3,3,1,1,1,1,4,2,3,3,1,1,1,1,1,1,1,1,1,1,1,1,1,1,1,1,1,1,1,1,1,1,1,1,1,1,1,1,1,1,1,1,1,1,1,1,4,2,3,3,1,1,1,1,1,1,1,1,1,1,1,1
1748,Colombo,1,1,5,2,4,1,10,10,3,3,3,3,3,3,3,3,1,1,1,1,2,2,2,2,1,1,1,1,1,1,1,1,1,1,1,1,1,1,1,1,1,1,1,1,1,1,1,1,2,2,2,2,1,1,1,1,1,1,1,1,3,3,3,3,2,2,2,2,2,3,3,3,1,1,1,1,2,1,1,1,2,1,1,1,1,1,1,1,2,1,1,1,1,1,1,1,1,1,1,1,3,4,4,4,1,1,1,1,1,1,1,1,1,1,1,1,4,4,4,4,1,1,1,1,1,1,1,1,4,3,3,3,1,1,1,1,1,2,2,2,1,1,1,1,1,1,1,1,1,1,1,1,1,1,1,1,1,1,1,1,4,4,4,4,1,1,1,1,1,1,1,1
1750,Colombo,1,2,5,2,5,1,3,4,3,3,3,3,2,2,2,2,3,2,2,2,1,1,1,1,1,2,2,2,1,1,1,1,2,1,1,1,1,1,1,1,1,1,1,1,1,1,1,1,2,1,1,1,1,1,1,1,1,1,1,1,4,4,4,4,1,1,1,1,1,2,2,2,1,1,1,1,2,1,1,1,1,1,1,1,2,1,1,1,2,1,1,1,1,1,1,1,2,1,1,1,4,4,4,4,2,2,2,2,1,1,1,1,1,4,4,1,4,1,1,4,1,1,1,1,1,1,1,1,1,1,1,1,1,1,1,1,1,1,1,1,4,1,1,4,1,1,1,1,1,1,1,1,1,1,1,1,4,1,1,4,1,1,1,1,1,1,1,1,1,1,1,1
1753,Colombo,1,2,5,2,4,1,3,4,2,1,1,1,3,3,3,3,1,1,1,1,2,2,2,2,1,2,2,2,1,1,1,1,1,1,1,1,1,1,1,1,1,1,1,1,1,1,1,1,2,2,2,2,1,1,1,1,1,1,1,1,4,4,4,4,1,1,1,1,1,1,1,1,1,1,1,1,2,1,1,1,1,1,1,1,2,1,2,2,3,3,3,3,1,1,1,1,2,2,2,2,1,1,1,1,1,1,1,1,1,1,1,1,1,1,1,1,4,2,2,1,1,1,1,1,1,1,1,1,4,4,2,1,1,1,1,1,1,1,1,1,1,1,1,1,1,1,1,1,1,1,1,1,1,1,1,1,4,3,3,3,1,1,1,1,1,1,1,1,1,1,1,1
1754,Kandy,1,2,3,2,4,3,10,3,2,1,1,1,3,1,2,2,1,1,1,1,1,1,1,1,1,2,2,1,1,1,1,1,1,1,1,1,1,1,1,1,1,1,1,1,1,1,1,1,1,1,1,1,1,1,1,1,1,1,1,1,1,1,1,1,1,1,1,1,1,1,1,1,2,1,2,2,1,1,1,1,1,1,1,1,1,1,1,1,1,1,1,1,1,1,1,1,4,1,1,2,1,1,1,1,1,1,1,1,2,1,2,2,1,1,1,1,4,1,1,2,1,1,1,1,1,1,1,1,1,1,1,1,1,1,1,1,4,1,1,2,1,1,1,1,1,1,1,1,1,1,1,1,1,1,1,1,4,1,1,2,1,1,1,1,1,1,1,1,1,1,1,1
1755,Galle,1,2,3,2,4,3,10,10,2,1,1,1,4,4,4,4,1,1,1,1,1,1,1,1,1,2,1,1,1,1,1,1,2,2,2,2,1,1,1,1,1,1,1,1,1,1,1,1,2,2,2,2,1,1,1,1,1,1,1,1,3,3,3,3,1,1,1,1,1,1,1,1,1,1,1,1,1,1,1,1,1,1,1,1,1,1,1,1,2,2,2,2,1,1,1,1,1,1,1,1,3,3,3,3,1,1,1,1,2,2,2,2,1,1,1,1,4,4,4,4,1,1,1,1,1,1,1,1,1,1,1,1,1,1,1,1,1,1,1,1,1,1,1,1,1,1,1,1,1,1,1,1,1,1,1,1,1,1,1,1,1,1,1,1,1,1,1,1,4,4,4,4
1756,Kurunegala,1,2,3,2,5,1,1,6,3,3,3,3,4,3,3,3,1,1,1,1,1,1,1,1,1,2,2,2,1,1,1,1,2,1,1,1,1,1,1,1,1,1,1,1,2,1,1,1,3,2,2,2,1,1,1,1,1,1,1,1,1,1,1,1,1,1,1,1,1,1,1,1,2,1,1,1,2,1,1,1,2,1,1,1,3,1,1,1,2,1,1,1,1,1,1,1,1,1,1,1,4,4,4,4,1,1,1,1,1,1,1,1,1,1,1,1,1,1,1,1,1,1,1,1,4,4,4,4,1,1,1,1,4,4,4,4,1,1,1,1,1,1,1,1,1,1,1,1,1,1,1,1,1,1,1,1,4,4,4,4,4,4,4,4,1,1,1,1,1,1,1,1
1757,Kurunegala,1,2,6,2,4,1,3,9,2,2,2,2,4,4,4,4,1,1,1,1,1,1,1,1,1,1,1,1,1,1,1,1,4,4,4,4,1,1,1,1,1,1,1,1,1,1,1,1,1,1,1,1,1,1,1,1,1,1,1,1,1,1,1,1,1,1,1,1,1,1,1,1,4,4,4,4,1,1,1,1,1,1,1,1,1,1,1,1,4,2,2,2,1,1,1,1,1,1,1,1,1,1,1,1,1,1,1,1,1,1,1,1,1,1,1,1,1,1,1,1,1,1,1,1,1,1,1,1,1,1,1,1,1,1,1,1,1,1,1,1,1,1,1,1,4,4,4,4,1,1,1,1,1,1,1,1,4,4,4,4,1,1,1,1,1,1,1,1,1,1,1,1
1760,Colombo,2,1,5,2,4,1,1,7,3,3,3,3,4,4,4,4,2,1,1,1,1,1,1,1,1,2,2,2,1,1,1,1,2,1,1,1,1,1,1,1,1,1,1,1,2,1,1,1,3,1,1,1,1,1,1,1,1,1,1,1,4,4,4,4,1,1,1,1,1,2,2,2,1,1,1,1,2,1,1,1,2,1,1,1,2,1,1,1,4,2,2,2,1,1,1,1,3,3,3,3,2,2,2,2,1,1,1,1,1,1,1,1,1,4,4,1,4,1,1,4,1,1,1,1,1,1,1,1,1,1,1,1,1,1,1,1,1,1,1,1,4,1,1,4,1,1,1,1,1,1,1,1,1,4,4,1,4,1,1,4,1,1,1,1,1,1,1,1,1,1,1,1
1761,Galle,1,2,2,2,4,3,7,10,3,1,1,2,4,4,4,4,1,1,1,1,1,1,1,1,1,1,1,1,3,3,3,3,2,1,1,1,1,1,1,1,1,3,3,3,1,1,1,1,2,2,2,2,1,1,1,1,1,1,1,1,1,1,1,1,1,1,1,1,1,1,1,1,2,2,2,2,1,1,1,1,1,1,1,1,1,1,1,1,2,2,2,2,1,1,1,1,2,2,2,2,4,4,4,4,1,1,1,1,2,2,2,2,1,1,1,1,4,1,1,3,1,1,1,1,1,1,1,1,1,1,1,1,1,1,1,1,1,1,1,1,4,2,2,4,1,1,1,1,1,1,1,1,1,1,1,1,4,2,2,4,4,2,2,3,4,1,1,3,1,1,1,1
1762,Galle,1,2,3,2,5,1,10,10,3,3,3,3,2,2,2,2,1,1,1,1,4,4,4,4,1,1,1,1,1,1,1,1,1,1,1,1,1,1,1,1,1,1,1,1,1,1,1,1,4,1,1,1,1,1,1,1,1,1,1,1,4,4,4,4,3,3,3,3,1,1,1,1,1,1,1,1,2,1,1,1,2,1,1,1,2,1,1,1,2,1,1,1,1,1,1,1,2,2,2,2,4,4,4,4,2,2,2,2,2,2,2,2,2,2,2,2,4,4,4,4,1,1,1,1,1,1,1,1,1,1,1,1,1,1,1,1,1,1,1,1,4,4,4,4,1,1,1,1,1,1,1,1,2,2,2,2,2,2,2,2,3,3,3,3,4,4,4,4,2,2,2,2
1763,Galle,1,2,2,2,3,3,9,10,3,1,1,1,3,3,3,3,1,1,1,1,1,1,1,1,1,2,2,2,1,1,1,1,1,1,1,1,1,1,1,1,1,1,1,1,1,1,1,1,2,2,2,2,1,1,1,1,3,3,3,3,1,1,1,1,1,1,1,1,1,1,1,1,1,1,1,1,1,1,1,1,1,1,1,1,2,1,1,1,3,3,3,3,1,1,1,1,2,2,2,2,1,1,1,1,1,1,1,1,2,2,2,2,1,1,1,1,4,4,4,4,1,1,1,1,1,1,1,1,3,1,1,1,1,1,1,1,1,1,1,1,3,1,1,1,1,1,1,1,2,4,4,4,1,1,1,1,1,1,1,1,2,4,4,4,1,1,1,1,2,1,1,1
1764,Colombo,1,2,2,2,5,1,1,2,3,3,3,3,2,2,2,2,1,1,1,1,4,4,4,4,1,2,2,2,1,1,1,1,1,1,1,1,1,1,1,1,2,2,2,1,1,1,1,1,4,1,1,1,1,1,1,1,1,1,1,1,3,3,3,3,4,4,4,4,1,1,1,1,2,1,1,1,2,1,1,1,2,1,1,1,2,1,1,1,1,1,1,1,1,1,2,1,3,2,2,2,4,4,4,4,1,1,1,1,1,1,1,1,1,1,1,1,4,4,4,4,1,1,1,1,1,1,1,1,1,1,1,1,1,1,1,1,1,1,1,1,4,4,4,4,1,1,1,1,1,1,1,1,1,1,1,1,4,4,4,4,3,3,3,3,1,1,1,1,1,1,1,1
1766,Colombo,1,2,3,2,5,1,10,10,3,1,2,2,1,2,2,2,1,1,1,1,3,3,3,3,1,2,1,1,1,1,1,1,1,1,1,1,1,1,1,1,1,1,1,1,1,1,1,1,3,3,4,3,1,1,1,1,3,3,3,3,1,1,1,1,1,1,1,1,1,1,1,1,1,1,1,1,1,1,1,1,1,1,1,1,2,1,1,1,3,2,3,3,1,1,1,1,2,2,2,2,3,3,3,3,1,1,1,1,2,2,2,2,1,1,1,1,4,4,4,4,1,1,1,1,1,1,1,1,2,2,2,2,1,1,1,1,1,1,1,1,1,1,1,1,1,1,1,1,3,3,3,3,1,1,1,1,1,1,1,1,4,4,4,4,1,1,1,1,1,1,1,1
1769,Puttalam,1,2,4,2,5,1,7,3,3,3,3,3,3,4,4,4,1,1,1,1,1,1,1,1,1,1,1,1,2,3,3,3,1,1,1,1,1,1,1,1,1,1,1,1,1,1,1,1,1,1,1,1,1,1,1,1,1,1,1,1,1,1,1,1,4,4,4,4,1,1,1,1,1,1,1,1,1,1,1,1,1,1,1,1,1,1,1,1,1,1,1,1,1,1,1,1,1,1,1,1,4,4,4,4,1,1,1,1,1,1,1,1,4,4,4,4,1,1,1,1,1,1,1,1,1,1,1,1,1,1,1,1,1,1,1,1,1,1,1,1,1,1,1,1,1,1,1,1,4,4,4,4,1,1,1,1,4,4,4,4,1,1,1,1,1,1,1,1,1,1,1,1
1772,Puttalam,1,1,6,2,4,1,7,4,3,3,2,2,4,4,4,4,1,1,1,1,1,1,1,1,2,2,2,2,1,1,1,1,1,1,1,1,1,1,1,1,1,1,1,1,1,1,1,1,1,1,1,1,1,1,1,1,1,1,1,1,4,4,4,4,4,4,4,4,1,1,1,1,1,1,1,1,1,1,1,1,1,1,1,1,1,1,1,1,1,1,1,1,1,1,1,1,1,1,1,1,1,1,1,1,1,1,1,1,4,4,4,4,1,1,1,1,4,4,4,4,1,1,1,1,1,1,1,1,1,1,1,1,1,1,1,1,1,1,1,1,4,4,4,4,1,1,1,1,1,1,1,1,1,1,1,1,1,1,1,1,1,1,1,1,4,4,4,4,1,1,1,1
1773,Colombo,3,1,5,4,4,1,3,7,2,1,1,1,4,4,4,4,1,1,1,1,1,1,1,1,1,1,1,1,1,1,1,1,1,1,1,1,1,1,1,1,2,2,2,2,1,1,1,1,3,3,4,3,1,1,1,1,1,1,1,1,3,3,3,3,1,1,1,1,1,1,1,1,1,1,1,1,1,1,1,1,1,1,1,1,1,1,1,1,1,1,1,1,1,1,1,1,4,4,4,4,1,1,1,1,1,1,1,1,1,1,1,1,1,1,1,1,1,1,1,1,4,1,1,1,1,1,1,1,4,1,1,1,1,1,1,1,1,1,1,1,1,1,1,1,1,1,1,1,2,1,1,1,1,1,1,1,4,1,1,1,4,1,1,1,1,1,1,1,1,1,1,1
1774,Colombo,1,2,1,2,4,2,9,10,3,1,1,2,4,4,4,4,1,1,1,1,1,1,1,1,1,1,1,1,1,1,1,1,1,1,1,1,1,1,1,1,1,1,1,1,1,1,1,1,1,1,1,1,1,1,1,1,2,2,2,2,1,1,1,1,1,1,1,1,1,1,1,1,1,1,1,1,1,1,1,1,1,1,1,1,2,1,1,1,4,4,4,4,1,1,1,1,1,2,2,2,1,1,1,1,1,1,1,1,2,2,2,2,1,1,1,1,4,4,4,4,1,1,1,1,1,1,1,1,3,3,3,3,1,1,1,1,1,1,1,1,1,1,1,1,1,1,1,1,2,2,2,2,1,1,1,1,1,1,1,1,2,2,2,2,3,3,3,3,2,2,2,2
1776,Colombo,1,2,3,2,4,1,3,9,3,3,3,3,1,1,1,1,4,4,4,4,1,1,1,1,1,2,2,2,1,1,1,1,1,1,1,1,1,1,1,1,1,1,1,1,2,1,1,2,4,4,4,4,1,1,1,1,1,1,1,1,2,2,2,2,1,1,1,1,1,1,1,1,1,1,1,1,3,1,1,1,2,1,1,1,3,1,1,1,4,2,2,4,1,1,1,1,3,3,3,3,2,3,3,3,1,1,1,1,2,2,2,2,1,1,1,1,4,4,4,4,1,1,1,1,1,1,1,1,1,1,1,1,1,1,1,1,1,1,1,1,1,1,1,1,1,1,1,1,1,1,1,1,1,1,1,1,1,1,1,1,4,4,4,4,1,1,1,1,1,1,1,1
1781,Kurunegala,1,2,5,2,5,1,1,6,5,5,5,5,3,2,3,3,4,2,2,3,1,1,1,1,1,1,1,1,3,4,3,3,1,1,1,1,1,1,1,1,1,1,1,1,1,1,1,1,4,2,2,3,1,1,1,1,1,1,1,1,4,4,4,4,1,1,1,1,1,2,2,3,1,1,1,1,2,1,1,1,1,1,1,1,1,1,1,1,2,1,1,2,1,1,1,1,1,1,1,1,4,4,4,4,1,1,1,1,1,1,1,1,1,4,4,2,4,1,1,3,1,1,1,1,1,1,1,1,1,1,1,1,1,1,1,1,1,1,1,1,4,1,1,3,1,1,1,1,1,1,1,1,1,4,4,3,1,1,1,1,4,1,1,3,1,1,1,1,1,1,1,1
1782,Kurunegala,1,2,2,2,5,1,10,4,2,1,1,1,4,3,3,3,1,1,1,1,1,1,1,1,1,1,1,1,1,1,1,1,1,1,1,1,1,1,1,1,1,1,1,1,1,1,1,1,2,2,2,2,1,1,1,1,3,3,3,3,2,2,2,2,2,2,2,2,1,1,1,1,2,1,1,1,2,1,1,1,2,1,1,1,3,1,1,1,2,1,1,1,1,1,1,1,1,1,1,1,4,3,3,3,1,1,1,1,1,1,1,1,1,1,1,1,4,1,3,3,1,1,1,1,1,1,1,1,1,1,1,1,1,1,1,1,1,1,1,1,4,1,3,3,1,1,1,1,1,1,1,1,1,1,1,1,4,1,3,3,1,1,1,1,1,1,1,1,1,1,1,1
1784,Kurunegala,1,2,3,2,3,1,10,10,2,1,1,2,4,4,4,4,1,1,1,1,1,1,1,1,1,1,1,1,2,2,2,2,1,1,1,1,1,1,1,1,2,2,2,2,1,1,1,1,1,1,1,1,1,1,1,1,1,1,1,1,1,1,1,1,1,1,1,1,1,1,1,1,2,2,2,2,1,1,1,1,1,1,1,1,1,1,1,1,4,2,3,4,1,1,1,1,1,1,1,1,1,1,1,1,3,3,3,3,3,3,3,3,1,1,1,1,4,4,4,4,1,1,1,1,1,1,1,1,1,1,1,1,1,1,1,1,1,1,1,1,1,1,1,1,3,3,3,3,3,3,3,3,1,1,1,1,4,4,4,4,1,1,1,1,1,1,1,1,1,1,1,1
1785,Galle,1,2,2,2,4,3,9,10,3,2,3,3,4,4,4,4,1,1,1,1,1,1,1,1,1,1,1,1,1,1,1,1,1,1,1,1,1,1,1,1,1,1,1,1,1,1,1,1,2,2,2,2,1,1,1,1,2,2,2,2,1,1,1,1,1,1,1,1,1,1,1,1,2,2,2,2,1,1,1,1,1,1,1,1,1,1,1,1,1,1,1,1,1,1,1,1,3,3,3,3,1,1,1,1,1,1,1,1,2,2,2,2,1,1,1,1,4,4,4,4,1,1,1,1,1,1,1,1,1,1,1,1,1,1,1,1,1,1,1,1,1,1,1,1,2,2,2,2,4,4,4,4,1,1,1,1,4,4,4,4,4,4,4,4,2,1,1,1,1,1,1,1
1786,Galle,1,2,2,2,4,3,9,10,2,1,1,1,4,4,4,4,1,1,1,1,1,1,1,1,1,1,1,1,1,1,1,1,1,1,1,1,1,1,1,1,2,4,4,4,1,1,1,1,1,1,1,1,1,1,1,1,2,2,2,2,1,1,1,1,1,1,1,1,1,1,1,1,1,1,1,1,1,1,1,1,1,1,1,1,1,1,1,1,4,1,1,1,1,1,1,1,2,2,2,2,1,1,1,1,1,1,1,1,3,3,3,3,1,1,1,1,4,1,2,4,1,1,1,1,1,1,1,1,2,1,1,1,1,1,1,1,2,1,1,2,1,1,1,1,1,1,1,1,2,2,2,2,1,1,1,1,4,1,1,2,3,1,1,2,2,1,1,1,1,1,1,1
1788,Kurunegala,1,2,5,2,4,1,8,10,2,2,2,2,3,3,3,3,1,1,1,1,1,1,1,1,1,2,2,2,1,1,1,1,2,1,1,1,1,1,1,1,1,1,1,1,1,1,1,1,3,3,4,3,1,1,1,1,1,1,1,1,3,3,3,3,3,3,3,3,1,1,1,1,2,1,1,1,1,1,1,1,1,1,1,1,3,1,1,1,1,1,1,1,1,1,1,1,2,2,2,2,4,3,3,3,1,1,1,1,1,1,1,1,1,1,1,1,1,1,1,1,1,1,1,1,1,1,1,1,1,1,1,1,1,1,1,1,1,1,1,1,1,1,1,1,1,1,1,1,1,1,1,1,1,1,1,1,1,1,1,1,1,1,1,1,1,1,1,1,1,1,1,1
1789,Galle,1,2,5,2,3,3,10,10,2,1,2,2,4,4,4,4,1,1,1,1,1,1,1,1,1,2,1,1,1,1,1,1,2,3,3,1,1,1,1,1,1,1,1,1,1,1,1,1,3,3,4,3,1,1,1,1,3,3,3,3,1,1,1,1,1,1,1,1,1,1,1,1,1,1,1,1,2,1,1,1,2,1,1,1,4,2,3,3,3,3,3,3,1,1,1,1,2,2,2,2,1,1,1,1,1,1,1,1,3,2,3,3,1,1,1,1,4,4,4,4,1,1,1,1,1,1,1,1,1,1,1,1,1,1,1,1,1,1,1,1,1,1,1,1,1,1,1,1,4,4,4,4,1,1,1,1,1,1,1,1,3,3,3,3,1,1,1,1,2,2,2,2
1792,Kurunegala,1,2,5,2,4,1,1,3,3,3,3,3,1,1,1,1,4,1,2,3,1,1,1,1,1,2,3,1,1,1,1,1,1,1,1,1,1,1,1,1,1,1,1,2,1,1,1,1,3,1,2,2,1,1,1,1,1,1,1,1,3,4,4,4,1,1,1,1,1,4,3,3,1,1,1,1,2,1,1,1,1,1,1,1,1,1,1,1,1,1,1,1,1,1,1,1,1,1,1,1,4,4,4,4,1,1,1,1,1,1,1,1,1,1,1,1,1,1,1,1,1,1,1,1,4,4,4,3,1,1,1,1,4,4,4,3,1,1,1,1,1,1,1,1,1,1,1,1,1,1,1,1,1,1,1,1,1,1,1,1,1,1,1,1,4,4,4,3,1,1,1,1
1793,Galle,1,2,2,2,4,1,3,10,2,2,2,2,2,2,2,2,1,1,1,1,3,3,3,3,1,2,2,1,1,1,1,1,2,2,2,2,1,1,1,1,1,1,1,1,1,1,1,1,2,2,2,2,1,1,1,1,1,1,1,1,3,3,3,3,1,1,1,1,1,1,1,1,1,1,1,1,2,1,1,1,2,1,1,1,3,1,1,1,2,1,1,1,1,1,1,1,1,1,1,1,3,4,4,4,1,1,1,1,1,1,1,1,1,1,1,1,4,4,4,4,1,1,1,1,1,1,1,1,1,1,1,1,1,1,1,1,1,1,1,1,3,3,3,3,1,1,1,1,1,1,1,1,1,1,1,1,1,1,1,1,2,2,2,2,1,1,1,1,4,4,4,4
1795,Kurunegala,1,2,2,2,4,1,10,10,2,1,1,1,4,4,4,4,1,1,1,1,1,1,1,1,1,2,2,2,1,1,1,1,1,1,1,1,1,1,1,1,1,1,1,1,1,1,1,1,1,1,1,1,1,1,1,1,1,1,1,1,1,1,1,1,1,1,1,1,1,1,1,1,2,2,3,2,1,1,1,1,1,1,1,1,1,1,1,1,3,1,1,3,1,1,1,1,1,1,1,1,1,1,1,1,3,3,3,3,3,3,3,3,1,1,1,1,4,4,4,4,1,1,1,1,1,1,1,1,1,1,1,1,1,1,1,1,1,1,1,1,1,1,1,1,1,1,1,1,1,1,1,1,1,1,1,1,3,3,3,3,1,1,1,1,1,1,1,1,1,1,1,1
1797,Galle,1,2,2,2,4,1,3,10,3,1,1,3,2,4,4,4,1,1,1,1,4,2,2,2,1,1,1,1,1,1,1,1,1,1,1,1,1,1,1,1,2,4,4,2,1,1,1,1,4,1,1,1,1,1,1,1,1,1,1,1,2,2,2,2,4,4,4,4,1,1,1,1,1,1,1,1,4,1,1,1,4,1,1,1,2,1,1,1,4,1,1,1,1,1,1,1,2,2,2,2,1,1,1,1,1,1,1,1,3,3,3,3,1,1,1,1,4,1,1,3,1,1,1,1,1,1,1,1,4,1,1,2,1,1,1,1,2,1,1,2,1,1,1,1,1,1,1,1,1,1,1,1,1,1,1,1,4,1,1,4,1,1,1,1,1,1,1,1,1,1,1,1
1799,Galle,1,2,2,2,4,1,10,10,2,2,2,3,2,4,4,4,4,1,1,1,1,1,1,1,1,2,2,2,1,1,1,1,1,1,1,1,1,1,1,1,2,2,2,2,1,1,1,1,4,1,1,1,1,1,1,1,2,2,2,2,2,2,2,2,4,4,4,4,2,2,2,2,1,1,1,1,4,1,1,1,4,1,1,1,2,1,1,1,2,1,1,1,1,1,1,1,2,2,2,2,4,4,4,4,1,1,1,1,2,2,2,2,1,1,1,1,4,4,4,4,1,1,1,1,1,1,1,1,1,1,1,1,1,1,1,1,1,1,1,1,4,4,4,4,1,1,1,1,1,1,1,1,1,1,1,1,2,2,2,2,3,3,3,3,4,4,4,4,2,2,2,2
1800,Colombo,1,2,4,2,5,1,8,4,5,5,5,5,2,2,2,2,3,3,3,3,1,1,1,1,1,2,1,1,1,1,1,1,1,2,2,2,1,1,1,1,1,1,1,1,1,1,1,1,2,2,2,2,1,1,1,1,1,1,1,1,3,3,3,3,1,1,1,1,3,3,3,3,1,1,1,1,2,1,1,1,2,1,1,1,2,1,1,1,2,1,1,1,1,1,1,1,1,1,1,1,3,3,3,3,1,1,1,1,1,1,1,1,1,3,3,3,4,2,2,2,1,1,1,1,1,1,1,1,3,1,3,3,1,1,1,1,1,1,1,1,1,2,1,1,1,1,1,1,1,1,1,1,1,3,3,3,1,1,1,1,3,1,2,2,1,1,1,1,1,1,1,1
1804,Puttalam,1,2,2,2,4,1,10,4,2,1,1,1,3,3,3,3,1,1,1,1,1,1,1,1,2,2,2,2,1,1,1,1,1,1,1,1,1,1,1,1,1,1,1,1,3,1,1,1,2,1,1,1,1,1,1,1,1,1,1,1,1,1,1,1,1,1,1,1,1,1,1,1,2,1,1,1,1,1,1,1,1,1,1,1,2,1,1,1,2,1,1,1,1,1,1,1,1,1,1,1,1,1,1,1,4,3,3,3,3,3,3,3,1,1,1,1,4,2,3,3,1,1,1,1,1,1,1,1,1,1,1,1,1,1,1,1,1,1,1,1,1,1,1,1,1,1,1,1,1,1,1,1,1,1,1,1,4,2,3,3,1,1,1,1,1,1,1,1,1,1,1,1
1809,Galle,1,2,3,2,4,1,10,10,5,3,5,5,2,2,2,2,1,1,1,1,3,3,3,3,1,2,1,1,1,1,1,1,3,3,3,3,1,1,1,1,1,1,1,1,1,1,1,1,2,2,2,2,1,1,1,1,2,2,2,2,3,3,3,3,1,1,1,1,1,1,1,1,2,2,2,2,2,1,1,1,1,1,1,1,1,1,1,1,2,2,2,2,1,1,1,1,2,2,2,2,4,4,4,4,1,2,1,1,2,2,2,2,1,1,1,1,4,4,4,4,1,1,1,1,1,1,1,1,1,1,1,1,1,1,1,1,4,4,4,4,1,1,1,1,1,1,1,1,1,1,1,1,1,1,1,1,4,4,4,4,1,1,1,1,1,1,1,1,1,1,1,1
1810,Galle,1,2,3,2,7,1,1,2,5,5,5,5,2,2,2,2,4,4,4,4,1,1,1,1,1,1,1,1,1,1,1,1,3,3,3,3,1,1,1,1,1,1,1,1,1,1,1,1,4,4,4,4,1,1,1,1,1,1,1,1,4,4,4,4,1,1,1,1,2,2,2,2,2,2,2,2,2,1,1,1,2,1,1,1,2,1,1,1,1,1,1,1,1,1,1,1,1,1,1,1,4,4,4,4,1,1,1,1,1,1,1,1,1,1,1,1,4,4,4,4,1,1,1,1,1,1,1,1,1,1,1,1,1,1,1,1,1,1,1,1,4,4,4,4,1,1,1,1,1,1,1,1,1,1,1,1,4,4,4,4,1,1,1,1,1,1,1,1,1,1,1,1
1811,Galle,1,2,3,2,4,1,1,6,3,3,3,3,2,2,2,2,4,4,4,4,1,1,1,1,2,2,2,2,1,1,1,1,1,1,1,1,1,1,1,1,1,1,1,1,1,1,1,1,4,4,4,4,1,1,1,1,1,1,1,1,3,3,3,3,1,1,1,1,1,1,1,1,2,2,2,2,1,1,1,1,1,1,1,1,1,1,1,1,1,1,1,1,1,1,1,1,2,2,2,2,4,4,4,4,1,1,1,1,1,1,1,1,1,1,1,1,2,2,2,2,1,1,1,1,4,4,4,4,4,4,4,4,1,2,2,2,1,1,1,1,1,1,1,1,1,1,1,1,1,1,1,1,1,1,1,1,4,4,4,4,4,1,1,1,3,1,1,1,4,1,1,1
1812,Colombo,1,2,2,2,5,1,10,10,5,2,5,5,2,2,2,2,3,3,3,3,2,2,2,2,1,1,1,1,1,1,1,1,1,2,1,1,1,1,1,1,1,1,1,1,1,1,1,1,2,2,2,2,1,1,1,1,1,1,1,1,3,3,3,3,1,1,1,1,3,3,3,3,1,1,1,1,2,1,1,1,2,1,1,1,2,1,1,1,2,1,1,1,1,1,1,1,2,1,2,1,3,4,4,4,1,1,1,1,1,1,1,1,1,1,1,1,4,4,4,4,1,1,1,1,1,1,1,1,1,1,1,1,1,1,1,1,1,1,1,1,4,4,4,4,1,1,1,1,1,1,1,1,1,1,1,1,1,1,1,1,4,4,4,4,1,1,1,1,1,1,1,1
1813,Colombo,1,2,4,2,4,1,10,10,3,3,3,3,4,4,4,4,1,1,1,1,1,1,1,1,1,1,1,1,2,2,2,2,1,1,1,1,1,1,1,1,1,1,1,1,2,1,1,1,2,2,2,2,1,1,1,1,3,3,3,3,2,2,2,2,1,1,1,1,1,1,1,1,2,1,1,1,1,1,1,1,1,1,1,1,1,1,1,1,4,4,4,4,1,1,1,1,1,1,1,1,1,1,1,1,2,2,2,2,2,2,2,2,1,1,1,1,4,4,4,4,1,1,1,1,1,1,1,1,1,1,1,1,1,1,1,1,1,1,1,1,3,3,3,3,1,1,1,1,3,3,3,3,1,1,1,1,3,3,3,3,3,3,3,3,3,3,3,3,1,1,1,1
1814,Galle,1,2,3,2,4,1,10,10,3,2,2,3,2,4,4,4,4,1,1,1,2,1,1,1,1,2,2,2,1,1,1,1,1,1,1,1,1,1,1,1,1,1,1,1,1,1,1,1,4,2,2,2,1,1,1,1,2,2,2,2,3,3,3,3,4,4,4,4,1,1,1,1,1,1,1,1,4,1,1,1,1,1,1,1,2,1,1,1,4,1,1,1,1,1,1,1,2,2,2,2,4,4,4,4,1,1,1,1,2,2,2,2,1,1,1,1,4,4,4,4,1,1,1,1,1,1,1,1,1,1,1,1,1,1,1,1,1,1,1,1,4,4,4,4,1,1,1,1,1,1,1,1,1,1,1,1,4,4,4,4,2,2,2,2,2,2,2,2,2,2,2,2
1816,Galle,1,2,3,2,4,1,1,1,3,3,3,3,4,4,4,4,1,1,1,1,1,1,1,1,2,2,2,2,1,1,1,1,1,1,1,1,1,1,1,1,1,1,1,1,1,1,1,1,4,4,4,4,1,1,1,1,2,2,2,2,3,3,3,3,1,1,1,1,1,1,1,1,2,2,2,2,1,1,1,1,1,1,1,1,1,1,1,1,2,2,2,2,1,1,1,1,1,1,1,1,4,4,4,4,1,1,1,1,1,1,1,1,1,1,1,1,4,4,4,4,1,1,1,1,1,1,1,1,1,1,1,1,1,1,1,1,1,1,1,1,4,4,4,4,1,1,1,1,1,1,1,1,1,1,1,1,4,4,4,4,4,1,1,1,1,1,1,1,1,1,1,1
1817,Galle,1,2,3,2,5,1,8,6,3,3,3,3,2,2,2,2,3,3,3,3,3,3,3,3,1,3,2,1,1,3,2,1,1,1,1,1,1,1,1,1,3,3,3,3,1,1,1,1,3,3,4,3,1,1,1,1,1,1,1,1,3,3,3,3,2,1,1,1,3,3,3,3,1,1,1,1,3,1,1,1,3,1,1,1,3,1,1,2,2,2,2,2,1,1,1,1,3,3,3,3,3,3,3,3,3,3,3,3,3,3,3,3,4,4,4,4,1,1,1,1,1,1,1,1,1,1,1,1,1,1,1,1,1,1,1,1,1,1,1,1,1,1,1,1,1,1,1,1,1,1,1,1,2,2,2,2,3,3,3,3,1,1,1,1,1,1,1,1,1,1,1,1
1818,Galle,1,2,2,2,4,1,9,10,3,3,3,3,2,2,2,2,2,2,2,2,2,2,2,2,1,2,2,2,1,1,1,1,1,1,1,2,1,1,1,1,1,1,1,1,1,1,1,1,2,2,2,2,1,1,1,1,1,1,1,1,2,2,2,2,2,2,2,2,1,1,1,1,1,1,1,1,1,1,1,1,1,1,1,1,1,1,1,1,2,1,1,1,1,1,1,2,1,1,1,1,3,2,2,2,1,1,1,1,2,1,2,2,1,1,1,1,3,1,1,1,1,1,1,1,1,1,1,1,1,1,1,1,1,2,1,1,1,1,1,1,3,3,3,3,1,1,1,1,1,1,1,1,1,1,1,1,3,3,3,3,3,3,3,3,1,1,1,1,1,1,1,1
1819,Galle,1,2,3,2,4,1,10,10,3,1,1,1,2,2,2,2,3,2,2,2,2,2,2,2,1,2,2,2,1,1,1,1,1,1,1,1,1,1,1,1,1,1,1,1,1,1,1,1,2,2,2,2,1,1,1,1,1,1,1,1,1,1,1,1,1,1,1,1,1,1,1,1,1,1,1,1,2,1,1,1,2,1,1,1,1,1,1,1,2,1,1,1,1,1,1,1,2,1,1,1,1,1,1,1,1,1,1,1,3,2,2,2,1,1,1,1,3,1,1,1,1,1,1,1,1,1,1,1,1,1,1,1,3,2,2,2,1,1,1,1,1,1,1,1,1,1,1,2,1,1,1,1,1,1,1,1,3,1,1,2,1,1,1,1,1,1,1,1,1,1,1,1
1820,Colombo,1,2,3,2,4,1,1,6,3,3,3,3,3,3,3,3,1,1,1,1,1,1,1,1,1,2,1,1,1,1,1,1,1,1,1,1,1,1,1,1,3,3,3,3,1,1,1,1,1,1,1,1,1,1,1,1,3,3,3,3,3,3,3,3,1,1,1,1,1,1,1,1,1,1,1,1,2,1,1,1,2,1,1,1,1,1,1,1,2,2,2,2,1,1,1,1,2,2,2,2,3,3,3,3,1,1,1,1,2,2,2,2,1,1,1,1,2,2,2,2,1,1,1,1,4,4,4,4,1,1,1,1,4,4,4,4,1,1,1,1,1,1,1,1,1,1,1,1,1,1,1,1,1,1,1,1,3,3,3,3,3,3,3,3,1,1,1,1,3,3,3,3
1822,Galle,2,2,6,2,7,1,8,2,5,5,5,5,2,2,2,2,4,2,2,2,4,4,4,4,2,2,2,2,2,2,2,2,1,1,1,1,1,1,1,1,1,1,1,1,1,1,1,1,4,1,1,1,2,1,1,1,1,1,1,1,3,3,3,3,4,4,4,4,1,1,1,1,1,1,1,1,4,1,1,1,2,1,1,1,1,1,1,1,2,1,1,1,1,1,1,1,2,2,2,2,4,4,4,4,1,1,1,1,1,1,1,1,1,1,1,1,4,4,4,4,1,1,1,1,1,1,1,1,1,1,1,1,1,1,1,1,1,1,1,1,4,4,4,4,1,1,1,1,1,1,1,1,1,1,1,1,3,3,3,3,2,2,2,2,2,2,2,2,2,2,2,2
1824,Jaffna,1,2,1,2,4,2,10,3,2,1,1,2,2,1,1,1,2,1,1,1,1,1,1,1,2,2,2,2,1,1,1,1,2,1,1,1,1,1,1,1,1,1,1,1,2,2,2,2,1,1,1,1,2,1,1,1,2,1,1,1,2,1,1,1,2,1,1,1,1,1,1,1,2,1,1,1,2,1,1,1,2,1,1,1,2,1,1,1,2,2,2,2,1,1,1,1,2,2,1,1,1,1,1,1,2,2,2,2,1,1,1,1,1,1,1,1,1,1,1,1,1,1,1,1,1,1,1,1,1,1,1,1,1,1,1,1,1,1,1,1,1,1,1,1,1,1,1,1,1,1,1,1,1,1,1,1,1,1,1,1,1,1,1,1,1,1,1,1,1,1,1,1
1825,Jaffna,2,2,3,2,4,2,1,7,3,2,3,3,3,1,2,2,2,1,1,2,2,1,1,2,2,2,2,2,1,1,1,1,2,1,2,2,1,1,1,1,2,1,1,1,3,1,1,3,1,1,1,1,2,1,2,2,1,1,1,1,2,2,2,2,2,2,2,2,1,1,1,1,2,1,1,1,2,1,1,1,2,1,1,2,2,1,1,1,1,1,1,1,1,1,1,1,1,1,1,1,1,1,1,1,4,2,3,4,1,1,1,1,1,1,1,1,4,2,3,4,1,1,1,1,1,1,1,1,1,1,1,1,1,1,1,1,1,1,1,1,1,1,1,1,4,2,3,4,1,1,1,1,1,1,1,1,4,2,3,4,1,1,1,1,1,1,1,1,1,1,1,1
1827,Galle,1,2,2,2,4,1,4,10,3,1,1,1,4,4,4,4,1,1,1,1,1,1,1,1,1,1,1,1,1,1,1,1,2,2,2,2,1,1,1,1,1,1,1,1,1,1,1,1,2,2,2,2,1,1,1,1,1,1,1,1,1,1,1,1,1,1,1,1,1,1,1,1,2,2,2,2,1,1,1,1,1,1,1,1,1,1,1,1,1,1,1,1,1,1,1,1,1,1,1,1,4,4,4,4,1,1,1,1,1,1,1,1,1,1,1,1,4,4,4,4,1,1,1,1,1,1,1,1,1,1,1,1,1,1,1,1,1,1,1,1,4,4,4,4,1,1,1,1,1,1,1,1,1,1,1,1,2,2,2,2,1,1,1,1,1,1,1,1,1,1,1,1
1828,Kurunegala,1,2,5,2,4,1,9,4,2,1,1,1,4,3,3,3,1,1,1,1,1,1,1,1,1,3,3,3,3,3,3,3,1,1,1,1,1,1,1,1,1,1,1,1,2,1,1,1,2,2,2,2,1,1,1,1,3,3,3,3,1,1,1,1,1,1,1,1,1,1,1,1,1,1,1,1,2,1,1,1,2,1,1,1,3,1,1,1,1,1,1,1,1,1,1,1,1,1,1,1,4,3,3,3,1,1,1,1,3,3,3,3,1,1,1,1,4,2,2,3,1,1,1,1,1,1,1,1,1,1,1,1,1,1,1,1,1,1,1,1,1,1,1,1,1,1,1,1,4,2,3,3,1,1,1,1,4,2,3,3,1,1,1,1,1,1,1,1,1,1,1,1
1829,Galle,1,2,3,2,4,1,10,10,3,1,1,2,3,3,3,3,1,1,1,1,3,3,3,3,1,2,1,1,2,3,3,3,1,1,1,1,1,1,1,1,3,3,3,3,1,1,1,1,3,3,4,3,1,1,1,1,3,3,3,3,1,1,1,1,1,1,1,1,1,1,1,1,1,1,1,1,2,1,1,1,3,1,1,2,3,1,3,3,1,1,1,2,1,1,1,1,2,2,2,2,4,4,4,4,1,1,1,1,3,3,3,3,1,1,1,1,4,4,4,4,1,1,1,1,1,1,1,1,1,1,1,1,1,1,1,1,1,1,1,1,4,4,4,4,1,1,1,1,1,1,1,1,1,3,2,2,4,2,2,2,1,1,1,1,1,1,1,1,1,1,1,1
1830,Kegalle,1,2,2,2,4,3,3,10,3,1,1,2,3,3,3,3,2,2,2,2,1,1,1,1,1,3,2,1,1,1,1,1,1,2,2,2,1,1,1,1,3,3,3,3,3,2,2,2,3,3,4,3,1,1,1,1,1,1,1,1,3,3,3,3,1,1,1,1,1,1,1,1,1,1,1,1,3,1,1,1,3,1,1,1,3,2,2,2,3,3,3,3,1,1,1,1,3,3,3,3,2,2,2,2,1,1,1,1,3,3,3,3,1,1,1,1,4,4,4,4,1,1,1,1,1,1,1,1,1,1,1,1,1,1,1,1,1,1,1,1,4,4,4,4,1,1,1,1,1,1,1,1,1,1,1,1,3,3,3,3,3,3,3,3,1,1,1,1,1,1,1,1
1831,Kegalle,1,2,2,2,5,3,10,10,2,2,2,3,2,2,2,2,1,1,1,1,4,4,4,4,1,2,2,2,1,1,1,1,1,1,1,1,1,1,1,1,1,1,1,1,1,1,1,1,4,1,1,1,1,1,1,1,1,1,1,1,3,3,3,3,4,4,4,4,2,2,2,2,1,1,1,1,4,1,1,1,4,1,1,1,4,1,1,1,1,1,1,1,1,1,1,1,2,2,2,2,4,4,4,4,1,1,1,1,2,2,2,2,2,2,2,2,4,4,4,4,2,2,2,2,1,1,1,1,1,1,1,1,1,1,1,1,1,1,1,1,4,4,4,4,1,1,1,1,1,1,1,1,2,2,2,2,2,2,2,2,4,3,3,3,4,2,2,2,4,1,1,1
1832,Kegalle,1,2,3,2,5,3,7,10,3,2,2,2,2,2,2,2,1,1,1,1,4,4,4,4,1,1,1,1,1,1,1,1,2,2,2,2,1,1,1,1,1,1,1,1,1,1,1,1,4,4,4,4,1,1,1,1,1,1,1,1,4,4,4,4,1,1,1,1,1,1,1,1,2,2,2,2,1,1,1,1,1,1,1,1,1,1,1,1,2,2,2,2,1,1,1,1,1,1,1,1,4,4,4,4,1,1,1,1,1,1,1,1,4,4,4,4,4,4,4,4,1,1,1,1,1,1,1,1,1,1,1,1,1,1,1,1,1,1,1,1,3,3,3,3,1,1,1,1,4,4,4,4,4,4,4,4,4,2,2,2,1,1,1,1,1,1,1,1,1,1,1,1
1835,Kegalle,1,2,3,2,5,3,10,9,5,5,5,5,4,4,4,4,1,1,1,1,1,1,1,1,1,1,1,1,1,1,1,1,1,1,1,1,1,1,1,1,1,1,1,1,1,1,1,1,4,4,4,4,1,1,1,1,2,2,2,2,4,4,4,4,1,1,1,1,1,1,1,1,2,2,2,2,2,1,1,1,2,1,1,1,2,1,1,1,1,1,1,1,1,1,1,1,1,1,1,1,4,4,4,4,1,1,1,1,1,1,1,1,1,1,1,1,4,4,4,4,1,1,1,1,1,1,1,1,1,1,1,1,1,1,1,1,1,1,1,1,4,4,4,4,1,1,1,1,1,1,1,1,1,1,1,1,4,4,4,4,4,4,4,4,1,1,1,1,1,1,1,1
1837,Kurunegala,1,2,5,2,4,1,10,3,2,1,1,1,3,3,3,3,1,1,1,1,1,1,1,1,1,3,3,3,1,1,1,1,2,1,1,1,1,1,1,1,1,1,1,1,1,1,1,1,1,1,1,1,1,1,1,1,1,1,1,1,1,1,1,1,1,1,1,1,1,1,1,1,2,2,2,2,2,1,1,1,2,1,1,1,3,1,1,1,1,1,1,1,1,1,1,1,1,1,1,1,4,3,3,3,1,1,1,1,1,1,1,1,4,3,3,3,1,1,1,1,1,1,1,1,1,1,1,1,1,1,1,1,1,1,1,1,1,1,1,1,1,1,1,1,1,1,1,1,1,1,1,1,1,1,1,1,1,1,1,1,1,1,1,1,1,1,1,1,1,1,1,1
1838,Kegalle,1,2,3,2,5,3,10,10,3,3,3,3,2,2,2,2,2,2,2,2,2,2,2,2,1,2,2,2,1,1,1,1,1,1,1,1,1,1,1,1,1,1,1,1,1,1,1,1,3,2,2,2,1,1,1,1,1,1,1,1,3,2,2,2,3,2,2,2,1,1,1,1,1,1,1,1,1,1,1,1,1,1,1,1,1,1,1,1,2,1,1,1,1,1,1,1,1,1,1,1,3,2,2,2,1,1,1,1,2,1,1,1,1,1,1,1,1,1,1,1,1,1,1,1,1,1,1,1,1,1,1,1,1,1,1,1,1,1,1,1,1,1,1,1,1,1,1,1,1,1,1,1,1,1,1,1,3,1,1,1,2,1,1,1,1,1,1,1,1,1,1,1
1839,Anuradhapura,1,2,3,2,4,1,3,3,2,1,1,1,3,3,3,3,1,1,1,1,1,1,1,1,1,3,2,2,1,1,1,1,1,1,1,1,1,1,1,1,1,2,2,2,1,1,1,1,2,2,2,2,1,1,1,1,3,2,2,2,1,1,1,1,1,1,1,1,1,1,1,1,2,1,1,1,2,1,1,1,1,1,1,1,3,1,1,1,1,1,1,1,1,1,1,1,2,2,2,2,3,3,3,3,1,1,1,1,1,1,1,1,1,1,1,1,4,2,3,3,1,1,1,1,1,1,1,1,1,1,1,1,1,1,1,1,1,1,1,1,4,2,3,3,1,1,1,1,1,1,1,1,1,1,1,1,4,2,3,3,1,1,1,1,1,1,1,1,1,1,1,1
1840,Colombo,1,2,2,2,5,1,10,10,3,3,3,3,2,3,2,2,2,1,2,2,3,1,2,2,1,1,1,1,1,1,1,1,1,1,1,1,1,1,1,1,1,1,1,1,1,1,1,1,2,2,2,2,1,1,1,1,1,1,1,1,3,3,3,3,1,1,1,1,1,2,2,2,1,1,1,1,2,1,1,1,2,1,1,1,2,1,1,1,3,1,2,2,1,1,1,1,2,3,2,2,3,3,3,3,1,1,1,1,1,1,1,1,1,1,1,1,4,4,4,4,1,1,1,1,1,1,1,1,1,1,1,1,1,1,1,1,1,1,1,1,2,2,2,2,1,1,1,1,3,3,3,3,1,1,1,1,1,1,1,1,1,1,1,1,4,4,4,4,1,1,1,1
1841,Kegalle,1,2,4,2,4,3,3,10,3,3,3,3,3,2,2,2,1,1,1,1,2,1,1,1,1,2,2,2,1,1,1,1,1,1,1,1,1,1,1,1,1,1,1,1,1,1,1,1,3,1,1,2,1,1,1,1,1,1,1,1,2,2,2,2,2,2,2,2,1,1,1,1,1,1,1,1,1,1,1,1,1,1,1,1,1,1,1,1,2,1,1,1,1,1,1,1,3,1,1,1,1,1,2,1,1,1,1,1,2,1,1,2,1,1,1,1,1,1,1,1,1,1,1,1,1,1,1,1,1,1,1,1,1,1,1,1,1,1,1,1,1,1,1,1,1,1,1,1,1,1,1,1,1,1,1,1,1,1,1,1,1,1,1,1,1,1,1,1,1,1,1,1
1843,Kegalle,1,2,4,2,4,3,7,10,3,2,1,2,2,2,2,2,1,1,1,1,1,1,1,1,1,1,1,1,1,1,1,1,1,1,1,1,1,1,1,1,1,1,1,1,1,1,1,1,4,1,1,1,1,1,1,1,1,1,1,1,2,2,2,2,4,4,4,4,1,1,1,1,1,1,1,1,2,1,1,1,2,1,1,1,2,1,1,1,2,1,1,1,1,1,1,1,1,1,1,1,4,4,4,4,1,1,1,1,1,1,1,1,2,2,1,2,4,4,1,4,1,1,1,1,1,1,1,1,1,1,1,1,1,1,1,1,1,1,1,1,4,4,1,4,1,1,1,1,1,1,1,1,2,2,1,2,2,2,1,2,2,2,1,2,4,4,1,4,2,2,1,2
1844,Anuradhapura,1,2,4,2,5,1,1,6,5,5,5,5,4,4,4,4,1,1,1,1,1,1,1,1,1,1,1,1,1,1,1,1,1,1,1,1,2,2,2,2,1,1,1,1,1,1,1,1,4,4,4,4,1,1,1,1,1,1,1,1,3,3,3,3,4,4,3,4,1,1,1,1,1,1,1,1,4,4,4,4,1,1,1,1,1,1,1,1,4,1,1,1,1,1,1,1,1,1,1,1,4,4,4,4,1,1,1,1,1,1,1,1,1,1,1,1,4,4,4,4,1,1,1,1,1,1,1,1,1,1,1,1,4,4,4,4,1,1,1,1,1,1,1,1,1,1,1,1,1,1,1,1,1,1,1,1,1,1,1,1,4,4,4,4,1,1,1,1,1,1,1,1
1848,Anuradhapura,1,2,4,2,7,1,1,2,3,3,3,3,3,3,3,3,2,1,1,1,1,1,1,1,1,2,2,2,2,2,2,2,2,1,1,1,1,1,1,1,1,2,1,1,1,1,1,1,3,3,4,3,1,1,1,1,1,1,1,1,3,3,3,3,3,3,3,3,1,1,1,1,2,1,1,1,2,1,1,1,2,1,1,1,3,1,1,2,1,1,1,1,1,1,1,1,1,1,1,1,4,3,3,3,1,1,1,1,1,1,1,1,1,2,1,1,4,2,3,3,1,1,1,1,1,1,1,1,1,1,1,1,1,1,1,1,1,1,1,1,4,2,3,3,1,1,1,1,1,1,1,1,1,2,1,1,4,2,3,3,1,1,1,1,1,1,1,1,1,1,1,1
1849,Anuradhapura,1,2,2,2,4,1,7,3,2,2,2,2,3,3,3,3,1,1,1,1,1,1,1,1,2,2,2,2,1,1,1,1,1,1,1,1,1,1,1,1,2,2,2,2,1,1,1,1,3,2,2,2,1,1,1,1,1,1,1,1,3,2,2,2,1,1,1,1,1,1,1,1,2,2,2,2,2,1,1,1,2,1,1,1,2,1,1,1,1,1,1,1,1,1,1,1,1,1,1,1,4,4,4,4,1,1,1,1,2,2,2,2,1,1,1,1,4,4,4,4,1,1,1,1,1,1,1,1,1,1,1,1,1,1,1,1,1,1,1,1,4,4,4,4,1,1,1,1,1,1,1,1,1,1,1,1,1,1,1,1,1,1,1,1,4,4,4,4,1,1,1,1
1853,Colombo,1,2,5,2,4,1,10,10,3,3,3,3,1,1,1,1,1,1,1,1,1,1,1,1,1,1,1,1,1,1,1,1,1,1,1,1,1,1,1,1,1,1,1,1,1,1,1,1,4,1,1,1,1,1,1,1,1,1,1,1,2,2,2,2,4,4,4,4,1,1,1,1,1,1,1,1,1,1,1,1,1,1,1,1,1,1,1,1,2,1,1,1,1,1,1,1,2,2,2,2,4,4,4,4,1,1,1,1,2,2,2,2,4,4,4,4,4,4,4,4,1,1,1,1,1,1,1,1,1,1,1,1,1,1,1,1,1,1,1,1,1,1,1,1,1,1,1,1,1,1,1,1,1,1,1,1,2,2,2,2,3,3,3,3,3,3,3,3,1,1,1,1
1854,Kegalle,1,2,3,2,5,1,1,6,3,3,3,3,3,3,3,3,1,1,1,1,1,1,1,1,1,1,1,1,3,3,3,3,1,1,1,1,1,1,1,1,3,3,3,3,1,1,1,1,3,3,4,3,1,1,1,1,1,1,1,1,3,3,3,3,3,3,3,3,1,1,1,1,1,1,1,1,3,1,1,1,3,1,1,1,3,1,1,2,3,3,3,3,1,1,1,1,3,3,3,3,3,3,3,3,1,1,1,1,3,3,3,3,1,1,1,1,3,1,1,1,1,1,1,1,2,4,4,4,1,1,1,1,1,1,1,1,1,1,1,1,4,4,4,4,1,1,1,1,1,1,1,1,1,1,1,1,4,4,4,4,1,1,1,1,3,3,3,3,3,3,3,3
1857,Jaffna,1,2,4,2,4,2,10,10,3,1,2,2,3,1,2,2,1,1,1,1,1,1,1,1,3,1,2,2,1,1,1,1,1,1,1,1,1,1,1,1,1,1,1,1,2,1,1,1,1,1,1,1,2,1,2,2,1,1,1,1,1,1,1,1,3,1,2,2,1,1,1,1,1,1,1,1,1,1,1,1,1,1,1,1,3,1,2,2,2,1,1,1,1,1,1,1,1,1,1,1,1,1,1,1,3,1,2,2,4,1,2,2,1,1,1,1,4,1,2,2,1,1,1,1,1,1,1,1,3,1,1,2,1,1,1,1,1,1,1,1,1,1,1,1,4,1,2,2,3,1,1,2,1,1,1,1,4,1,2,2,1,1,1,1,1,1,1,1,1,1,1,1
1858,Anuradhapura,1,2,3,2,5,1,1,4,3,3,3,3,3,4,4,4,1,1,1,1,1,1,1,1,1,1,1,1,1,1,1,1,4,4,4,4,1,1,1,1,1,1,1,1,1,1,1,1,4,1,1,1,1,1,1,1,1,1,1,1,2,4,4,4,4,4,4,4,1,1,1,1,1,1,1,1,1,1,1,1,1,1,1,1,1,1,1,1,4,1,1,1,1,1,1,1,1,1,1,1,4,4,4,4,1,1,1,1,1,1,1,1,1,1,1,1,4,4,4,4,1,1,1,1,1,1,1,1,1,1,1,1,1,1,1,1,1,1,1,1,4,4,4,4,1,1,1,1,1,1,1,1,1,1,1,1,4,4,4,4,1,1,1,1,1,1,1,1,1,1,1,1
1860,Jaffna,2,1,2,2,5,2,10,3,2,1,1,1,2,1,1,2,1,1,1,1,1,1,1,1,2,1,1,2,1,1,1,1,2,1,1,1,1,1,1,1,1,2,1,1,1,1,1,1,1,1,1,1,1,1,1,1,1,1,1,1,1,1,1,1,1,1,1,1,1,1,1,1,2,1,1,2,1,1,1,1,1,1,1,1,1,1,1,1,1,1,1,1,1,1,1,1,1,1,1,1,1,1,1,1,4,1,1,2,2,1,2,2,1,1,1,1,4,1,1,1,1,1,1,1,1,1,1,1,4,1,1,1,1,1,1,1,1,1,1,1,1,1,1,1,1,1,1,1,1,1,1,1,1,1,1,1,4,1,1,1,1,1,1,1,1,1,1,1,1,1,1,1
1861,Jaffna,1,2,1,2,5,2,10,10,2,1,1,1,2,2,2,2,2,1,1,1,2,1,1,1,2,2,2,2,1,1,1,1,2,1,1,1,1,1,1,1,1,1,1,1,2,2,1,1,2,1,1,1,2,1,1,1,1,1,1,1,2,1,1,1,2,1,1,1,1,1,1,1,2,1,1,1,2,1,1,1,2,1,1,1,2,1,1,1,3,2,2,2,1,1,1,1,2,1,1,2,1,1,1,1,3,2,2,2,2,2,2,2,1,1,1,1,1,1,1,1,1,1,1,1,1,1,1,1,1,1,1,1,1,1,1,1,1,1,1,1,1,1,1,1,1,1,1,1,1,1,1,1,1,1,1,1,1,1,1,1,1,1,1,1,1,1,1,1,1,1,1,1
1862,Jaffna,1,2,1,2,5,2,3,3,3,1,2,3,2,1,2,2,2,1,2,2,2,1,2,2,2,2,2,2,1,1,1,1,2,1,2,2,1,1,1,1,2,1,2,2,2,1,2,2,2,1,1,1,2,1,2,2,2,1,1,2,2,1,2,2,2,1,2,2,1,1,1,1,2,1,2,2,2,1,1,1,2,1,1,2,2,1,1,2,1,1,1,1,1,1,1,1,1,1,1,1,4,2,3,4,1,1,1,1,1,1,1,1,1,1,1,1,4,1,3,4,1,1,1,1,1,1,1,1,1,1,1,1,1,1,1,1,1,1,1,1,4,2,4,4,1,1,1,1,1,1,1,1,1,1,1,1,1,1,1,1,1,1,1,1,1,1,1,1,1,1,1,1
1864,Kegalle,2,1,4,2,4,1,7,10,3,1,1,1,3,2,2,2,1,1,1,1,2,1,1,1,1,1,1,1,1,1,1,1,1,1,1,1,1,1,1,1,1,1,1,1,1,1,1,1,2,2,2,2,1,1,1,1,1,1,1,1,1,1,1,1,1,1,1,1,1,1,1,1,1,1,1,1,2,1,1,1,2,1,1,1,1,1,1,1,1,1,1,2,1,1,1,1,1,1,1,1,3,1,1,1,1,1,1,1,1,1,1,1,1,1,1,1,3,1,1,1,1,1,1,1,1,1,1,1,1,1,1,1,1,1,1,1,1,1,1,1,1,1,1,1,1,1,1,1,1,1,1,1,1,1,1,1,3,1,1,2,2,1,1,2,1,1,1,1,1,1,1,1
1865,Jaffna,2,1,2,3,4,2,3,3,1,1,1,1,2,1,2,2,2,1,1,1,2,1,1,1,2,1,2,2,1,1,1,1,2,1,2,2,1,1,1,1,2,1,2,2,2,1,1,2,4,4,4,4,2,1,1,1,2,1,2,2,1,1,2,2,1,1,1,1,1,1,1,1,2,1,1,2,1,1,1,1,1,1,1,1,2,1,1,1,1,1,1,1,1,1,1,1,1,1,1,1,1,1,1,1,4,1,2,3,1,1,1,1,1,1,1,1,4,1,2,3,1,1,1,1,1,1,1,1,1,1,1,1,1,1,1,1,1,1,1,1,1,1,1,1,3,2,3,3,1,1,1,1,1,1,1,1,1,1,1,1,1,1,1,1,1,1,1,1,1,1,1,1
1866,Jaffna,1,2,5,2,4,2,10,10,3,2,2,2,2,2,2,3,2,1,1,2,2,1,1,2,2,2,2,2,1,1,1,1,2,1,1,1,1,1,1,1,1,1,1,1,2,2,2,2,2,1,1,1,2,1,1,1,1,1,1,1,2,1,1,1,2,1,1,1,1,1,1,1,2,1,1,1,3,1,1,1,2,1,1,1,2,1,1,1,1,1,1,1,1,1,1,1,1,1,1,1,1,1,1,1,1,1,1,1,1,1,1,1,1,1,1,1,1,1,1,1,1,1,1,1,1,1,1,1,1,1,1,1,1,1,1,1,1,1,1,1,1,1,1,1,1,1,1,1,1,1,1,1,1,1,1,1,1,1,1,1,1,1,1,1,1,1,1,1,1,1,1,1
1869,Anuradhapura,1,2,5,2,4,1,8,6,2,2,2,2,3,3,3,3,1,1,1,1,1,1,1,1,1,2,2,2,1,1,1,1,1,1,1,1,1,1,1,1,1,1,1,1,1,1,1,1,3,2,2,3,1,1,1,1,1,1,1,1,1,1,1,1,1,1,1,1,1,1,1,1,2,1,1,1,1,1,1,1,1,1,1,1,3,1,1,1,2,1,1,1,1,1,1,1,2,2,2,2,1,1,1,1,1,1,1,1,4,3,3,3,1,1,1,1,1,1,1,1,1,1,1,1,1,1,1,1,1,1,1,1,1,1,1,1,1,1,1,1,1,1,1,1,1,1,1,1,1,1,1,1,1,1,1,1,1,1,1,1,1,1,1,1,1,1,1,1,1,1,1,1
1871,Anuradhapura,1,2,4,2,4,1,10,10,3,1,1,1,3,3,3,3,1,1,1,1,1,1,1,1,1,2,2,2,3,3,3,3,1,1,1,1,1,1,1,1,1,1,1,1,1,1,1,1,3,2,2,2,1,1,1,1,1,1,1,1,2,2,2,2,2,2,2,2,1,1,1,1,2,1,1,1,2,1,1,1,2,1,1,1,3,1,1,1,1,1,1,1,1,1,1,1,1,1,1,1,4,3,3,3,1,1,1,1,1,1,1,1,1,1,1,1,4,2,3,3,1,1,1,1,1,1,1,1,1,1,1,1,1,1,1,1,1,1,1,1,1,1,1,1,1,1,1,1,1,1,1,1,1,1,1,1,4,2,3,3,1,1,1,1,1,1,1,1,1,1,1,1
1874,Kegalle,1,1,4,3,5,1,8,7,5,5,5,5,2,2,2,2,2,1,1,1,3,3,3,3,1,2,1,1,1,1,1,1,1,1,1,1,1,1,1,1,1,1,1,1,1,1,1,1,2,2,2,2,1,1,1,1,1,1,1,1,3,3,3,3,1,1,1,1,1,1,1,1,1,1,1,1,2,1,1,1,2,1,1,1,2,1,1,1,2,1,2,2,1,1,1,1,2,3,2,3,1,1,1,1,1,1,1,1,2,3,3,3,1,1,1,1,1,1,1,1,1,1,1,1,1,1,1,1,1,1,1,1,1,1,1,1,1,1,1,1,1,1,1,1,1,1,1,1,1,1,1,1,1,1,1,1,1,1,1,1,1,1,1,1,1,1,1,1,1,1,1,1
1875,Jaffna,1,2,2,2,5,2,1,2,3,3,3,3,3,1,2,2,1,1,1,1,2,1,1,2,4,2,2,2,1,1,1,1,1,1,1,1,1,1,1,1,1,1,1,1,3,1,1,1,1,1,1,1,3,1,2,2,1,1,1,1,1,1,1,1,3,1,2,2,1,1,1,1,1,1,1,1,1,1,1,1,3,1,1,1,2,1,1,2,1,1,1,1,1,1,1,1,1,1,1,1,4,1,2,2,1,1,1,1,2,1,1,2,1,1,1,1,4,1,1,2,1,1,1,1,1,1,1,1,1,1,1,1,1,1,1,1,1,1,1,1,4,1,2,2,1,1,1,1,1,1,1,1,1,1,1,1,4,1,2,2,1,1,1,1,1,1,1,1,1,1,1,1
1877,Kegalle,2,1,3,2,5,1,1,2,2,1,2,2,1,1,1,1,1,1,1,1,3,2,2,2,1,2,2,2,1,1,1,1,2,1,1,1,1,1,1,1,1,1,1,1,1,1,1,1,3,2,2,2,1,1,1,1,1,1,1,1,2,2,2,2,2,2,2,2,1,1,1,1,1,1,1,1,2,1,1,1,2,1,1,1,1,1,1,1,1,1,1,1,1,1,1,1,1,1,1,1,3,2,2,2,1,1,1,1,2,1,1,2,1,3,1,1,3,1,1,1,1,1,1,1,1,1,1,1,3,1,1,1,1,1,1,1,1,1,1,2,3,1,1,2,1,1,1,1,1,1,1,1,1,1,1,1,3,1,1,1,1,1,1,1,1,1,1,1,1,1,1,1
1879,Kegalle,1,2,3,2,5,1,1,1,5,5,5,5,1,2,2,2,4,4,4,4,1,1,1,1,1,2,2,2,1,1,1,1,1,1,1,1,1,1,1,1,1,1,1,1,2,1,1,1,2,1,1,1,1,1,1,1,1,1,1,1,4,4,4,4,1,1,1,1,3,3,3,3,1,1,1,1,1,1,1,1,2,1,1,1,3,1,1,1,1,1,1,1,1,1,1,1,2,2,2,2,3,4,4,4,1,1,1,1,1,1,1,2,1,1,1,1,4,1,1,1,1,1,1,1,1,1,1,1,1,1,1,1,1,1,1,1,3,1,1,1,4,1,1,1,1,1,1,1,1,1,1,1,1,1,1,1,1,1,1,1,1,1,1,1,1,1,1,1,4,1,1,1
1880,Kegalle,1,2,3,2,4,1,1,10,3,3,3,3,2,2,2,2,4,4,4,4,1,1,1,1,1,1,1,1,1,1,1,1,1,1,1,1,1,1,1,1,3,3,3,3,1,1,1,1,2,2,2,2,1,1,1,1,1,1,1,1,3,3,3,3,1,1,1,1,3,3,3,3,1,1,1,1,3,1,1,1,3,1,1,1,2,1,1,1,3,3,3,3,1,1,1,1,2,2,2,2,3,3,3,3,1,1,1,1,3,3,3,3,1,1,1,1,4,4,4,4,1,1,1,1,1,1,1,1,1,1,1,1,3,3,3,3,1,1,1,1,3,3,3,3,1,1,1,1,1,1,1,1,1,1,1,1,3,3,3,3,1,1,1,1,1,1,1,1,1,1,1,1
1881,Colombo,1,2,2,2,5,1,3,7,3,1,2,2,3,3,3,3,1,1,1,1,2,2,2,2,1,1,1,1,1,1,1,1,2,2,2,2,2,1,1,1,1,1,1,1,1,1,1,1,2,2,2,2,1,1,1,1,1,1,1,1,2,2,2,2,1,1,1,1,3,3,3,3,1,1,1,1,1,1,1,1,1,1,1,1,1,1,1,1,3,2,2,2,1,1,1,1,2,3,3,3,1,1,1,1,1,1,1,1,1,1,1,1,1,3,2,2,4,4,4,4,1,1,1,1,1,1,1,1,4,3,3,3,1,1,1,1,1,1,1,1,1,1,1,1,1,1,1,1,1,1,1,1,1,3,2,2,1,1,1,1,4,4,4,4,1,1,1,1,1,1,1,1
1882,Kegalle,1,2,4,2,4,1,9,10,3,1,1,1,4,4,4,4,1,1,1,1,1,1,1,1,1,1,1,1,1,1,1,1,1,1,1,1,1,1,1,1,1,1,1,1,1,1,1,1,2,2,2,2,1,1,1,1,2,2,2,2,1,1,1,1,1,1,1,1,1,1,1,1,2,2,2,2,1,1,1,1,1,1,1,1,1,1,1,1,4,3,3,3,1,1,1,1,2,2,2,2,1,1,1,1,1,1,1,1,3,3,3,3,1,1,1,1,4,4,4,4,1,1,1,1,1,1,1,1,1,1,1,1,1,1,1,1,1,1,1,1,1,1,1,1,1,1,1,1,4,4,4,4,1,1,1,1,4,4,4,4,1,1,1,1,1,1,1,1,1,1,1,1
1883,Anuradhapura,1,2,2,2,4,1,3,10,2,1,1,1,3,3,3,3,1,1,1,1,1,1,1,1,1,2,2,2,2,2,2,2,1,1,1,1,1,1,1,1,2,2,2,2,1,1,1,1,2,2,2,2,1,1,1,1,3,1,1,1,1,1,1,1,1,1,1,1,1,1,1,1,1,1,1,1,2,1,1,1,2,1,1,1,3,1,1,2,3,1,1,1,1,1,1,1,2,1,1,1,1,1,1,1,1,1,1,1,4,3,3,3,1,1,1,1,4,2,3,3,1,1,1,1,1,1,1,1,2,1,1,1,1,1,1,1,1,1,1,1,3,1,1,1,1,1,1,1,1,1,1,1,1,1,1,1,4,2,3,3,1,1,1,1,1,1,1,1,1,1,1,1
1884,Anuradhapura,1,2,1,2,4,1,3,10,2,2,2,2,4,4,4,4,1,1,1,1,2,2,2,2,1,1,1,1,1,1,1,1,1,1,1,1,1,1,1,1,2,2,2,2,1,1,1,1,3,3,4,3,1,1,1,1,1,1,1,1,3,3,3,3,1,1,1,1,4,4,4,4,1,1,1,1,3,1,1,1,3,1,1,1,3,1,1,1,1,1,1,1,1,1,1,1,1,1,1,1,3,3,3,3,4,4,4,4,2,2,2,2,1,1,1,1,4,4,4,4,1,1,1,1,1,1,1,1,1,1,1,1,1,1,1,1,1,1,1,1,3,2,2,2,1,1,1,1,2,2,2,2,1,1,1,1,1,1,1,1,1,1,1,1,4,4,4,4,1,1,1,1
1885,Kurunegala,1,2,4,2,4,1,10,4,2,1,1,1,4,3,3,3,1,1,1,1,1,1,1,1,1,3,3,3,1,2,2,2,1,1,1,1,1,1,1,1,1,1,1,2,1,1,1,1,3,2,2,2,1,1,1,1,3,3,3,3,1,1,1,1,1,1,1,1,1,1,1,1,2,1,2,2,2,1,1,1,2,1,1,1,3,1,1,1,3,1,1,1,1,1,1,1,1,1,1,1,3,3,3,3,1,1,1,1,1,1,1,1,4,2,3,3,1,1,1,1,1,1,1,1,1,1,1,1,1,1,1,1,1,1,1,1,1,1,1,1,1,1,1,1,1,1,1,1,1,1,1,1,1,1,1,1,1,1,1,1,1,1,1,1,1,1,1,1,1,1,1,1
1886,Colombo,1,1,6,3,3,2,10,10,3,1,1,2,4,4,4,4,1,1,1,1,1,1,1,1,1,1,1,1,1,1,1,1,2,2,2,2,1,1,1,1,1,1,1,1,1,1,1,1,2,2,2,2,2,2,2,2,2,2,2,2,1,1,1,1,1,1,1,1,1,1,1,1,2,2,2,2,1,1,1,1,1,1,1,1,1,1,1,1,1,1,1,1,1,1,1,1,1,1,1,1,4,4,4,4,1,1,1,1,3,3,3,3,1,1,1,1,4,4,4,4,1,1,1,1,1,1,1,1,1,1,1,1,1,1,1,1,1,1,1,1,4,4,4,4,1,1,1,1,1,1,1,1,1,1,1,1,3,3,3,3,4,2,2,4,2,1,1,1,1,1,1,1
1887,Colombo,1,2,5,2,5,1,8,7,2,1,1,2,4,4,4,4,1,1,1,1,1,1,1,1,1,1,1,1,1,1,1,1,3,2,3,3,1,1,1,1,1,1,1,1,1,1,1,1,4,4,4,4,1,1,1,1,1,1,1,1,1,1,1,1,1,1,1,1,1,1,1,1,1,1,1,1,1,1,1,1,1,1,1,1,2,1,1,1,3,1,1,2,1,1,1,1,1,1,1,1,3,3,3,3,1,1,1,1,2,2,2,2,1,1,1,1,4,4,4,4,1,1,1,1,1,1,1,1,1,1,1,1,1,1,1,1,1,1,1,1,1,1,1,1,1,1,1,1,1,1,1,1,1,1,1,1,1,1,1,1,1,1,1,1,4,4,4,4,1,1,1,1
1888,Kegalle,1,2,5,2,5,1,8,5,5,5,5,5,1,1,1,1,2,2,2,2,1,1,1,1,1,2,2,2,1,1,1,1,1,1,1,1,1,1,1,1,2,2,2,2,1,1,1,1,4,1,1,1,2,1,1,1,1,1,1,1,2,2,2,2,2,2,2,2,2,2,2,2,1,1,1,1,2,1,1,1,2,1,1,1,2,1,1,1,2,1,1,1,1,1,1,1,2,2,2,2,4,4,4,4,1,1,1,1,2,2,2,2,2,2,2,2,4,4,4,4,1,1,1,1,1,1,1,1,1,1,1,1,1,1,1,1,1,1,1,1,4,4,4,4,1,1,1,1,1,1,1,1,2,2,2,2,2,2,2,2,2,2,2,2,2,2,2,2,2,1,1,1
1889,Kurunegala,1,2,5,2,4,1,9,10,3,3,3,3,4,4,4,4,1,1,1,1,1,1,1,1,1,1,1,1,1,1,1,1,1,1,1,1,1,1,1,1,1,1,1,1,1,1,1,1,4,1,1,1,1,1,1,1,1,1,1,1,4,4,4,4,1,1,1,1,1,1,1,1,1,1,1,1,1,1,1,1,1,1,1,1,1,1,1,1,4,1,1,2,1,1,1,1,1,1,1,1,1,1,1,1,1,1,1,1,1,1,1,1,1,1,1,1,4,4,4,3,1,1,1,1,1,1,1,1,1,1,1,1,4,4,4,4,1,1,1,1,1,1,1,1,4,4,4,4,1,1,1,1,1,1,1,1,1,1,1,1,1,1,1,1,1,1,1,1,1,1,1,1
1890,Kegalle,1,2,3,2,5,1,1,6,5,5,5,5,2,2,2,2,3,3,3,3,1,1,1,1,1,1,1,1,2,2,2,2,1,1,1,1,1,1,1,1,1,1,1,1,1,1,1,1,4,4,4,4,1,1,1,1,1,1,1,1,3,3,3,3,1,1,1,1,1,1,1,1,1,1,1,1,2,1,1,1,2,1,1,1,1,1,1,1,2,2,2,2,1,1,1,1,2,2,2,2,4,4,4,4,1,1,1,1,2,2,2,2,1,1,1,1,4,4,4,4,1,1,1,1,2,2,2,2,1,1,1,1,1,1,1,1,1,1,1,1,3,3,3,3,1,1,1,1,1,1,1,1,1,1,1,1,4,4,4,4,2,2,2,2,2,1,1,1,1,1,1,1
1893,Kegalle,1,2,2,2,4,1,10,10,3,3,3,3,2,2,2,2,1,1,1,1,3,3,3,3,1,1,1,1,1,1,1,1,2,2,2,1,1,1,1,1,1,1,1,1,1,1,1,1,2,2,2,2,1,1,1,1,1,1,1,1,3,3,3,3,1,1,1,1,3,3,3,3,1,1,1,1,1,1,1,1,1,1,1,1,2,1,1,1,1,1,1,1,1,1,1,1,1,1,1,1,4,4,4,4,1,1,1,1,1,1,1,1,1,1,1,1,4,4,4,4,1,1,1,1,1,1,1,1,1,1,1,1,1,1,1,1,1,1,1,1,4,4,4,4,1,1,1,1,1,1,1,1,1,1,1,1,1,1,1,1,1,1,1,1,4,4,4,4,1,1,1,1
1894,Kurunegala,1,2,2,2,4,1,3,3,2,2,2,2,3,3,3,3,1,1,1,1,1,1,1,1,1,1,1,1,1,1,1,1,1,1,1,1,1,1,1,1,1,1,1,1,1,1,1,1,1,1,1,1,1,1,1,1,1,1,1,1,1,1,1,1,1,1,1,1,1,1,1,1,2,2,2,2,1,1,1,1,1,1,1,1,1,1,1,1,3,1,1,3,1,1,1,1,1,1,1,1,3,3,3,3,1,1,1,1,2,2,2,2,1,1,1,1,4,4,4,4,1,1,1,1,1,1,1,1,1,1,1,1,1,1,1,1,1,1,1,1,1,1,1,1,1,1,1,1,1,1,1,1,1,1,1,1,4,4,4,4,1,1,1,1,1,1,1,1,1,1,1,1
1895,Anuradhapura,1,2,2,2,6,3,1,2,3,3,3,3,4,4,4,4,4,4,4,4,1,1,1,1,1,1,1,1,1,1,1,1,4,4,4,4,1,1,1,1,1,1,1,1,1,1,1,1,4,1,1,1,1,1,1,1,1,1,1,1,4,4,4,4,4,4,4,4,1,1,1,1,1,1,1,1,4,4,4,4,4,4,4,4,4,4,4,4,4,4,4,4,1,1,1,1,1,1,1,1,1,1,1,1,1,1,1,1,1,1,1,1,1,1,1,1,4,4,4,4,1,1,1,1,1,1,1,1,1,1,1,1,1,1,1,1,1,1,1,1,4,4,4,4,1,1,1,1,1,1,1,1,1,1,1,1,4,4,4,4,1,1,1,1,1,1,1,1,1,1,1,1
1896,Kurunegala,1,2,1,2,7,1,3,8,3,2,2,2,4,3,3,3,2,1,1,1,1,1,1,1,1,1,1,1,1,1,1,1,1,1,1,1,1,1,1,1,1,1,1,1,1,1,1,1,2,2,2,2,1,1,1,1,2,2,2,2,4,3,3,3,4,3,3,3,4,4,4,4,2,1,1,1,2,1,1,1,2,1,1,1,3,1,1,1,1,1,1,1,1,1,1,1,1,1,1,1,4,3,3,3,1,1,1,1,1,1,1,1,1,3,2,2,4,2,3,3,1,1,1,1,1,1,1,1,1,1,1,1,1,1,1,1,1,1,1,1,4,2,3,3,1,1,1,1,1,1,1,1,1,3,2,2,4,2,3,3,1,1,1,1,1,1,1,1,1,1,1,1
1897,Kegalle,1,2,3,2,5,1,10,10,3,3,3,3,2,2,2,2,3,3,3,3,2,2,2,2,1,2,1,1,1,1,1,1,2,2,2,2,1,1,1,1,1,1,1,1,1,1,1,1,2,2,2,2,1,1,1,1,1,1,1,1,3,3,3,3,1,1,1,1,1,1,1,1,1,1,1,1,2,1,1,1,2,1,1,1,3,1,1,1,3,2,2,2,1,1,1,1,2,3,3,3,3,3,3,3,1,1,1,1,2,2,2,2,1,1,1,1,4,4,4,4,1,1,1,1,1,1,1,1,1,1,1,1,1,1,1,1,1,1,1,1,3,3,3,3,1,1,1,1,1,1,1,1,1,1,1,1,1,1,1,1,4,4,4,4,1,1,1,1,3,3,3,3
1899,Kegalle,1,2,3,2,4,1,3,3,3,3,3,3,3,3,3,3,1,1,1,1,1,1,1,1,1,1,1,1,2,2,2,2,1,2,2,1,1,1,1,1,3,3,3,3,1,1,1,1,3,3,4,3,1,1,1,1,1,1,1,1,3,3,3,3,1,1,1,1,1,1,1,1,1,1,1,1,3,1,1,1,3,1,1,1,1,1,1,1,3,3,3,3,1,1,1,1,2,2,2,2,3,3,3,3,1,1,1,1,1,1,1,1,1,1,1,1,1,1,1,1,4,4,4,4,1,1,1,1,1,1,1,1,1,1,1,1,1,1,1,1,4,4,4,4,1,1,1,1,1,1,1,1,1,1,1,1,3,3,3,3,1,1,1,1,1,1,1,1,1,1,1,1
1900,Anuradhapura,1,2,4,2,5,3,1,2,3,3,3,3,3,3,3,3,1,1,1,1,1,1,1,1,1,2,2,2,2,2,2,2,1,1,1,1,1,1,1,1,1,1,1,1,1,1,1,1,3,2,2,2,1,1,1,1,1,1,1,1,3,2,3,3,3,3,3,3,1,1,1,1,2,1,1,1,2,1,1,1,2,1,1,1,4,1,2,2,2,1,1,1,1,1,1,1,2,1,1,1,4,3,3,3,1,1,1,1,1,1,1,1,1,3,2,2,4,2,2,2,1,1,1,1,1,1,1,1,1,1,1,1,1,1,1,1,1,1,1,1,4,2,2,2,1,1,1,1,1,1,1,1,1,3,2,2,4,1,2,3,1,1,1,1,1,1,1,1,1,1,1,1
1902,Anuradhapura,1,2,3,2,4,3,1,6,3,3,3,3,3,3,3,3,1,1,1,1,1,1,1,1,1,1,1,1,1,1,1,1,1,1,1,1,1,1,1,1,2,2,2,2,1,1,1,1,2,2,2,2,1,1,1,1,1,1,1,1,2,2,2,2,2,2,2,2,1,1,1,1,2,2,2,2,2,1,1,1,2,1,1,1,2,1,1,1,3,1,1,3,1,1,1,1,1,1,1,1,1,1,1,1,4,4,4,4,2,2,2,2,1,1,1,1,4,4,4,4,1,1,1,1,1,1,1,1,1,1,1,1,1,1,1,1,1,1,1,1,1,1,1,1,1,1,1,1,1,1,1,1,1,1,1,1,1,1,1,1,4,4,4,4,1,1,1,1,1,1,1,1
1903,Colombo,3,1,1,2,5,1,10,8,3,2,2,3,3,3,3,3,2,2,2,2,1,1,1,1,1,1,1,1,1,1,1,1,1,1,1,1,2,2,2,2,1,1,1,1,1,1,1,1,2,2,2,2,1,1,1,1,1,1,1,1,3,3,3,3,1,1,1,1,3,3,3,3,1,1,1,1,2,1,1,1,2,1,1,1,2,1,1,1,3,2,2,2,1,1,1,1,3,3,3,3,3,3,3,3,1,1,1,1,1,1,1,1,4,4,4,4,1,1,1,1,1,1,1,1,1,1,1,1,1,1,1,1,1,1,1,1,1,1,1,1,4,4,4,4,1,1,1,1,1,1,1,1,1,1,1,1,1,1,1,1,4,4,4,4,1,1,1,1,1,1,1,1
1904,Anuradhapura,1,2,3,2,4,1,10,9,2,2,2,2,4,4,4,4,1,1,1,1,2,2,2,2,1,2,2,2,1,1,1,1,1,1,1,1,1,1,1,1,2,2,2,1,1,1,1,1,2,2,2,2,1,1,1,1,1,1,1,1,1,1,1,1,1,1,1,1,1,1,1,1,2,2,2,2,1,1,1,1,1,1,1,1,1,1,1,1,2,1,1,2,1,1,1,1,1,1,1,1,1,1,1,1,4,4,4,4,3,2,3,2,1,1,1,1,4,4,4,4,1,1,1,1,1,1,1,1,3,1,1,3,1,1,1,1,1,1,1,1,1,1,1,1,1,1,1,1,1,1,1,1,1,1,1,1,4,4,4,4,1,1,1,1,1,1,1,1,1,1,1,1
1905,Anuradhapura,1,2,3,2,4,1,8,6,3,3,3,3,3,3,3,3,1,1,1,1,1,1,1,1,1,2,2,2,2,2,2,2,1,1,1,1,1,1,1,1,1,3,2,2,1,1,1,1,2,2,2,2,1,1,1,1,1,1,1,1,1,1,1,1,1,1,1,1,1,1,1,1,2,1,1,1,2,1,1,1,2,1,1,1,3,1,1,2,2,1,1,1,1,1,1,1,1,1,1,1,4,3,3,4,1,1,1,1,1,1,1,1,1,1,1,1,1,1,1,1,1,1,1,1,1,1,1,1,1,1,1,1,1,1,1,1,1,1,1,1,1,1,1,1,1,1,1,1,1,1,1,1,1,1,1,1,1,1,1,1,1,1,1,1,1,1,1,1,1,1,1,1
1906,Anuradhapura,1,2,3,2,4,1,2,6,3,3,3,3,4,4,4,4,1,1,1,1,1,1,1,1,1,1,1,1,1,1,1,1,1,1,1,1,1,1,1,1,1,1,1,1,1,1,1,1,4,1,1,1,1,1,1,1,1,1,1,1,4,4,4,4,1,1,1,1,1,1,1,1,1,1,1,1,3,1,1,1,1,1,1,1,1,1,1,1,4,1,1,1,1,1,1,1,1,1,1,1,1,1,1,1,4,4,4,4,1,1,1,1,1,1,1,1,4,4,4,4,1,1,1,1,1,1,1,1,4,1,1,1,1,1,1,1,1,1,1,1,4,4,4,4,1,1,1,1,1,1,1,1,1,1,1,1,4,4,4,4,1,1,1,1,1,1,1,1,1,1,1,1
1907,Anuradhapura,1,2,3,2,4,1,10,9,3,3,3,3,2,2,2,2,1,1,1,1,4,4,4,4,1,1,1,1,1,1,1,1,1,1,1,1,1,1,1,1,2,2,2,2,1,1,1,1,1,1,1,1,3,3,3,3,1,1,1,1,1,1,1,1,1,1,1,1,1,1,1,1,2,2,2,2,2,1,1,1,2,1,1,1,2,1,1,1,3,1,1,3,1,1,1,1,1,1,1,1,1,1,1,1,3,3,3,3,2,2,2,2,1,1,1,1,4,4,4,4,1,1,1,1,1,1,1,1,1,1,1,1,1,1,1,1,1,1,1,1,1,1,1,1,1,1,1,1,4,4,4,4,1,1,1,1,4,4,4,4,1,1,1,1,1,1,1,1,1,1,1,1
1909,Jaffna,1,2,1,2,1,2,9,9,2,1,1,2,2,1,1,1,3,2,1,2,2,1,1,2,2,2,2,2,1,1,1,1,2,1,1,1,1,1,1,1,1,1,1,1,2,1,1,2,1,1,1,1,2,1,1,2,2,1,1,2,2,1,1,1,1,1,1,1,1,1,1,1,2,1,1,1,2,1,1,1,2,1,1,1,2,1,1,1,2,1,2,2,1,1,1,1,2,1,1,2,1,1,1,1,3,2,2,2,2,2,2,2,1,1,1,1,1,1,1,1,1,1,1,1,1,1,1,1,1,1,1,1,1,1,1,1,1,1,1,1,1,1,1,1,1,1,1,1,1,1,1,1,1,1,1,1,1,1,1,1,1,1,1,1,1,1,1,1,1,1,1,1
1911,Anuradhapura,1,2,2,2,5,1,3,10,2,1,1,1,3,3,3,3,1,1,1,1,1,1,1,1,1,1,1,1,1,1,1,1,1,1,1,1,1,1,1,1,1,1,1,1,3,1,1,1,2,2,2,2,1,1,1,1,1,1,1,1,2,2,2,2,2,2,2,2,1,1,1,1,1,1,1,1,2,1,1,1,2,1,1,1,3,1,1,1,3,1,1,1,1,1,1,1,1,2,2,2,1,1,1,1,1,1,1,1,4,3,3,3,1,1,1,1,4,2,3,3,1,1,1,1,1,1,1,1,1,1,1,1,1,1,1,1,1,1,1,1,1,1,1,1,1,1,1,1,4,2,3,3,1,1,1,1,1,1,1,1,1,1,1,1,1,1,1,1,1,1,1,1
1912,Anuradhapura,1,2,4,2,4,1,10,9,2,1,1,1,3,3,3,3,1,1,1,1,1,1,1,1,1,1,1,1,3,3,3,3,1,1,1,1,1,1,1,1,1,1,1,1,3,1,1,1,2,2,2,2,1,1,1,1,1,1,1,1,2,2,2,2,2,2,2,2,1,1,1,1,2,2,2,2,2,1,1,1,2,1,1,1,3,1,1,2,3,1,1,1,1,1,1,1,2,2,2,2,1,1,1,1,1,1,1,1,3,3,3,3,4,2,3,3,1,1,1,1,1,1,1,1,1,1,1,1,1,1,1,1,1,1,1,1,1,1,1,1,1,1,1,1,1,1,1,1,1,1,1,1,4,2,3,3,1,1,1,1,1,1,1,1,1,1,1,1,1,1,1,1
1913,Anuradhapura,1,2,2,2,4,1,1,1,3,3,3,3,3,3,3,3,1,1,1,1,1,1,1,1,1,2,2,2,1,1,1,1,1,1,1,1,1,1,1,1,1,1,1,1,3,1,1,1,3,2,2,2,1,1,1,1,1,1,1,1,2,2,2,2,2,2,2,2,1,1,1,1,2,1,1,1,2,1,1,1,2,1,1,1,3,1,1,2,1,1,1,1,1,1,1,1,1,1,1,1,4,3,3,4,1,1,1,1,1,1,1,1,1,1,1,1,4,3,3,3,1,1,1,1,1,1,1,1,1,1,1,1,1,1,1,1,1,1,1,1,4,3,3,3,1,1,1,1,1,1,1,1,1,1,1,1,4,3,3,3,4,3,3,3,1,1,1,1,1,1,1,1
1915,Anuradhapura,1,2,3,2,4,1,8,6,3,3,3,3,3,3,3,3,1,1,1,1,1,1,1,1,1,1,1,1,1,3,3,3,2,1,1,1,1,1,1,1,1,1,1,1,2,1,1,1,3,2,2,2,1,1,1,1,1,1,1,1,3,2,2,2,3,2,2,2,1,1,1,1,2,2,2,2,2,1,1,1,2,1,1,1,3,1,1,2,1,1,1,1,1,1,1,1,1,1,1,1,4,3,4,4,1,1,1,1,1,1,1,1,1,1,1,1,1,1,1,1,1,1,1,1,1,1,1,1,1,1,1,1,1,1,1,1,1,1,1,1,1,1,1,1,1,1,1,1,1,1,1,1,1,1,1,1,1,1,1,1,1,1,1,1,1,1,1,1,1,1,1,1
1916,Matara,1,2,3,2,4,1,7,10,3,1,1,2,4,4,4,4,1,1,1,1,1,1,1,1,1,1,1,1,2,2,2,2,1,1,1,1,1,1,1,1,2,2,2,2,3,1,1,1,2,1,1,1,1,1,1,1,1,1,1,1,2,2,2,2,2,2,2,2,1,1,1,1,1,1,1,1,1,1,1,1,1,1,1,1,1,1,1,1,2,1,1,1,1,4,4,1,2,1,1,1,4,1,1,4,1,1,1,1,2,2,2,2,1,1,1,1,4,1,1,4,1,1,1,1,1,1,1,1,2,1,1,1,1,1,1,1,2,1,1,1,4,1,1,4,1,1,1,1,1,1,1,1,1,1,1,1,4,1,1,2,2,1,1,2,2,1,1,2,2,1,1,1
1917,Matara,1,2,2,2,4,1,10,10,3,2,2,2,4,4,4,4,1,1,1,1,1,1,1,1,1,1,1,1,1,1,1,1,1,1,1,1,1,1,1,1,1,1,1,1,3,1,1,1,2,2,2,2,1,1,1,1,1,1,1,1,1,1,1,1,1,1,1,1,1,1,1,1,2,2,2,2,1,1,1,1,1,1,1,1,1,1,1,1,2,2,2,2,1,1,1,1,1,1,1,1,4,4,4,4,1,1,1,1,2,2,2,2,1,1,1,1,4,4,4,4,1,1,1,1,1,1,1,1,1,1,1,1,1,1,1,1,1,1,1,1,4,4,4,4,1,1,1,1,1,1,1,1,1,1,1,1,4,4,4,4,4,1,1,1,1,1,1,1,1,1,1,1
1919,Matara,1,2,2,2,4,1,3,3,3,2,2,2,4,4,4,4,1,1,1,1,1,1,1,1,1,2,2,2,1,1,1,1,1,1,1,1,1,1,1,1,1,2,2,2,1,1,1,1,1,1,1,1,1,1,1,1,4,2,2,2,1,1,1,1,1,1,1,1,1,1,1,1,1,1,1,1,1,1,1,1,1,1,1,1,1,1,1,1,4,1,1,1,1,1,1,1,1,1,1,1,3,3,3,3,1,1,1,1,2,2,2,2,2,2,2,2,2,2,2,2,4,4,4,4,1,1,1,1,1,1,1,1,1,1,1,1,1,1,1,1,4,4,4,4,1,1,1,1,2,2,2,2,2,2,2,2,4,4,4,4,2,2,2,2,1,1,1,1,1,1,1,1
1920,Jaffna,1,2,1,2,5,2,10,3,2,2,2,1,2,2,2,2,2,1,1,1,2,2,2,1,2,2,2,2,1,1,1,1,2,1,1,1,1,1,1,1,2,1,1,1,2,2,2,2,2,1,1,1,2,1,1,1,1,1,1,1,2,1,1,1,2,1,1,1,1,1,1,1,2,1,1,1,2,1,1,1,2,1,1,1,2,1,1,1,2,1,1,1,1,1,1,1,1,1,1,1,1,1,1,1,1,1,1,1,3,3,3,3,1,1,1,1,1,1,1,1,1,1,1,1,1,1,1,1,1,1,1,1,1,1,1,1,1,1,1,1,1,1,1,1,1,1,1,1,1,1,1,1,1,1,1,1,1,1,1,1,1,1,1,1,1,1,1,1,1,1,1,1
1921,Jaffna,1,2,4,2,4,2,10,10,3,1,2,2,2,1,2,2,2,1,1,2,1,1,1,1,2,1,2,2,1,1,1,1,2,1,1,2,1,1,1,1,2,1,1,2,2,1,1,2,1,1,1,1,1,1,1,1,1,1,1,1,1,1,1,1,1,1,1,1,1,1,1,1,2,1,1,2,1,1,1,1,2,1,1,1,2,1,1,2,1,1,1,1,1,1,1,1,1,1,1,1,4,1,3,4,1,1,1,1,1,1,1,1,1,1,1,1,4,1,2,4,1,1,1,1,1,1,1,1,1,1,1,1,1,1,1,1,1,1,1,1,4,2,3,4,1,1,1,1,1,1,1,1,1,1,1,1,4,2,3,4,1,1,1,1,1,1,1,1,1,1,1,1
1922,Colombo,1,2,4,2,4,1,10,10,3,3,3,3,4,4,4,4,1,1,1,1,1,1,1,1,1,1,1,1,1,1,1,1,1,1,1,1,1,1,1,1,1,1,1,1,4,1,1,1,4,1,1,1,1,1,1,1,1,1,1,1,4,4,4,4,4,4,4,4,1,1,1,1,1,1,1,1,2,1,1,1,2,1,1,1,2,1,1,1,2,1,1,1,1,1,1,1,2,2,2,2,4,4,4,4,2,2,2,2,2,2,2,2,1,2,2,2,4,4,4,4,1,1,1,1,1,1,1,1,1,1,1,1,1,1,1,1,1,1,1,1,4,4,4,4,1,1,1,1,1,1,1,1,4,1,4,4,4,1,3,3,4,1,3,3,3,1,3,3,3,1,2,2
1923,Jaffna,1,1,1,2,4,2,3,3,3,1,1,1,3,1,1,2,1,1,1,1,1,1,1,1,3,1,1,2,1,1,1,1,1,1,1,1,1,1,1,1,2,2,2,2,1,1,1,1,1,1,1,1,2,1,2,2,1,1,1,1,1,1,1,1,3,1,1,2,1,1,1,1,1,1,1,1,1,1,1,1,2,1,1,2,2,1,2,2,2,1,2,2,1,1,1,1,2,1,1,1,1,1,1,1,3,2,2,2,2,1,2,2,1,1,1,1,4,1,2,2,1,1,1,1,1,1,1,1,1,1,1,1,1,1,1,1,1,1,1,1,1,1,1,1,2,1,1,2,4,1,2,2,1,1,1,1,4,1,2,2,1,1,1,1,1,1,1,1,1,1,1,1
1924,Matara,1,2,3,2,4,1,10,10,3,1,1,2,4,4,4,4,1,1,1,1,1,1,1,1,2,2,2,2,1,1,1,1,2,2,2,2,1,1,1,1,1,1,1,1,2,1,1,1,2,2,2,2,1,1,1,1,3,3,3,3,1,1,1,1,1,1,1,1,1,1,1,1,2,2,2,2,1,1,1,1,1,1,1,1,1,1,1,1,3,3,3,3,1,1,1,1,1,1,1,1,3,3,3,3,1,1,1,1,2,2,2,2,1,1,1,1,4,4,4,4,1,1,1,1,1,1,1,1,1,1,1,1,1,1,1,1,1,1,1,1,4,4,4,4,1,1,1,1,2,2,2,2,1,1,1,1,4,4,4,4,4,1,1,1,1,1,1,1,1,1,1,1
1925,Jaffna,2,1,1,2,5,2,3,10,2,2,2,2,2,1,1,2,1,1,1,1,2,1,1,2,1,1,1,1,1,1,1,1,2,1,1,1,1,1,1,1,1,1,1,1,2,1,1,2,1,1,1,1,2,1,1,1,1,1,1,1,1,1,1,1,1,1,1,1,1,1,1,1,1,1,1,1,1,1,1,1,2,1,1,1,1,1,1,1,1,1,1,1,1,1,1,1,1,1,1,1,4,1,1,2,1,1,1,1,1,1,1,1,1,1,1,1,4,1,3,4,1,1,1,1,1,1,1,1,1,1,1,1,1,1,1,1,1,1,1,1,1,1,1,1,1,1,1,1,1,1,1,1,1,1,1,1,4,3,3,3,1,1,1,1,1,1,1,1,1,1,1,1
1926,Vauniya,1,2,3,2,4,1,1,6,3,3,3,3,3,3,3,3,1,1,1,1,1,1,1,1,1,1,1,1,2,2,2,2,1,1,1,1,1,1,1,1,1,2,2,2,1,1,1,1,3,2,2,2,1,1,1,1,1,1,1,1,2,2,2,2,2,2,2,2,1,1,1,1,2,1,1,1,2,1,1,1,2,1,1,1,3,1,1,1,1,1,1,1,1,1,1,1,1,1,1,1,4,3,3,4,1,1,1,1,1,1,1,1,1,1,1,1,1,1,1,1,1,1,1,1,1,1,1,1,1,1,1,1,1,1,1,1,1,1,1,1,1,1,1,1,1,1,1,1,1,1,1,1,1,1,1,1,1,1,1,1,1,1,1,1,1,1,1,1,1,1,1,1
1927,Jaffna,2,1,6,3,1,2,10,10,5,5,5,5,2,2,2,2,1,1,1,1,1,1,1,1,2,2,2,2,1,1,1,1,2,1,1,1,1,1,1,1,2,2,2,2,2,2,2,2,1,1,1,1,2,1,1,1,1,1,1,1,1,1,1,1,1,1,1,1,1,1,1,1,2,2,2,2,1,1,1,1,2,1,1,1,2,1,1,1,1,1,1,1,1,1,1,1,1,1,1,1,1,1,1,1,1,1,1,1,1,1,1,1,1,1,1,1,1,1,1,1,1,1,1,1,1,1,1,1,1,1,1,1,1,1,1,1,1,1,1,1,1,1,1,1,1,1,1,1,1,1,1,1,1,1,1,1,1,1,1,1,1,1,1,1,1,1,1,1,1,1,1,1
1928,Vauniya,1,2,3,2,4,1,7,9,3,3,3,3,4,4,4,4,1,1,1,1,1,1,1,1,1,1,1,1,1,1,1,1,4,4,4,4,1,1,1,1,1,1,1,1,1,1,1,1,4,4,1,1,1,1,1,1,1,1,1,1,4,4,4,4,1,1,1,1,1,1,1,1,1,1,1,1,1,1,1,1,1,1,1,1,1,1,1,1,4,4,4,4,1,1,1,1,1,1,1,1,1,1,1,1,1,1,1,1,1,1,1,1,4,4,4,4,1,1,1,1,1,1,1,1,1,1,1,1,1,1,1,1,1,1,1,1,1,1,1,1,1,1,1,1,1,1,1,1,4,4,4,4,1,1,1,1,4,4,4,4,1,1,1,1,1,1,1,1,1,1,1,1
1929,Kurunegala,1,2,5,2,4,3,3,9,3,1,2,3,4,3,3,3,1,1,1,1,1,1,1,1,1,1,1,1,3,2,2,2,1,1,1,1,1,1,1,1,1,2,2,1,1,1,1,1,2,1,1,1,1,1,1,1,1,1,1,1,3,2,1,1,1,1,1,1,1,1,1,1,4,2,3,3,1,1,1,1,1,1,1,1,1,1,1,1,3,1,2,3,1,1,1,1,1,1,1,1,3,2,3,4,4,4,4,4,1,1,1,1,1,1,1,1,4,1,4,3,1,1,1,1,1,1,1,1,1,1,1,1,4,1,2,3,1,1,1,1,1,1,1,1,4,4,4,4,1,1,1,1,1,1,1,1,4,4,4,4,4,1,2,3,1,1,1,1,1,1,1,1
1931,Kurunegala,1,2,4,2,4,3,10,9,2,1,1,1,4,3,3,3,1,1,1,1,1,1,1,1,1,1,1,1,1,2,1,1,1,1,1,1,1,1,1,1,1,1,1,1,1,1,1,1,1,1,1,1,1,1,1,1,4,2,3,3,1,1,1,1,1,1,1,1,1,1,1,1,3,2,2,2,2,1,1,1,2,1,1,1,3,1,1,1,2,1,1,1,1,1,1,1,1,1,1,1,4,3,3,3,1,1,1,1,3,3,3,3,4,3,3,3,1,1,1,1,1,1,1,1,1,1,1,1,1,1,1,1,1,1,1,1,1,1,1,1,1,1,1,1,1,1,1,1,1,1,1,1,4,3,3,3,1,1,1,1,1,1,1,1,1,1,1,1,1,1,1,1
1934,Vauniya,1,2,3,2,5,1,10,4,3,2,2,2,3,3,3,3,1,1,1,1,1,1,1,1,1,2,2,2,3,3,3,3,2,1,1,1,1,1,1,1,1,1,1,1,1,1,1,1,3,2,2,2,1,1,1,1,1,1,1,1,3,2,2,2,3,2,2,2,1,1,1,1,2,2,2,2,2,1,1,1,2,1,1,1,2,1,1,2,1,1,1,1,1,1,1,1,1,1,1,1,4,3,3,3,1,1,1,1,1,1,1,1,1,1,1,1,4,2,3,3,1,1,1,1,1,1,1,1,1,1,1,1,1,1,1,1,1,1,1,1,4,2,3,3,1,1,1,1,1,1,1,1,1,1,1,1,1,1,1,1,1,1,1,1,1,1,1,1,1,1,1,1
1935,Colombo,1,2,6,2,5,1,10,10,2,1,1,2,2,2,2,2,1,1,1,1,2,2,2,2,1,1,1,1,1,1,1,1,1,1,1,1,1,1,1,1,2,2,2,2,1,1,1,1,1,1,1,1,1,1,1,1,2,2,2,2,1,1,1,1,1,1,1,1,1,1,1,1,1,1,1,1,1,1,1,1,1,1,1,1,4,1,1,1,4,1,1,1,1,1,1,1,2,2,2,2,1,1,1,1,1,1,1,1,2,2,2,2,1,1,1,1,1,1,1,1,1,1,1,1,1,1,1,1,1,1,1,1,1,1,1,1,1,1,1,1,1,1,1,1,1,1,1,1,1,1,1,1,2,2,2,2,2,2,2,2,2,2,2,2,2,2,2,2,1,1,1,1
1936,Vauniya,1,2,4,2,4,1,1,1,3,3,3,3,3,3,3,3,1,1,1,1,1,1,1,1,1,1,1,1,3,3,3,3,1,1,1,1,1,1,1,1,1,1,1,1,1,1,1,1,3,2,4,3,1,1,1,1,1,1,1,1,3,2,2,2,3,2,2,2,1,1,1,1,2,2,2,2,2,1,1,1,2,1,1,1,3,1,1,2,1,1,1,1,1,1,1,1,1,1,1,1,4,3,3,3,1,1,1,1,1,1,1,1,1,1,1,1,4,3,3,4,1,1,1,1,1,1,1,1,1,1,1,1,1,1,1,1,1,1,1,1,4,3,3,4,1,1,1,1,1,1,1,1,1,1,1,1,4,3,3,3,1,1,1,1,1,1,1,1,1,1,1,1
1939,Matara,1,2,2,2,4,1,10,10,3,2,3,3,2,2,2,2,1,1,1,1,3,3,3,3,1,2,2,1,1,1,1,1,2,2,2,2,1,1,1,1,1,1,1,1,1,1,1,1,3,3,4,3,1,1,1,1,1,1,1,1,3,3,3,3,1,1,1,1,1,1,1,1,1,1,1,1,2,1,1,1,2,1,1,1,2,1,1,1,2,2,2,2,1,1,1,1,2,2,2,2,3,3,3,3,1,1,1,1,1,1,1,1,1,1,1,1,4,4,4,4,1,1,1,1,1,1,1,1,1,1,1,1,1,1,1,1,3,3,3,3,1,1,1,1,1,1,1,1,1,1,1,1,1,1,1,1,4,4,4,4,1,1,1,1,1,1,1,1,1,1,1,1
1940,Matara,1,2,3,2,5,1,10,10,3,3,3,3,2,2,2,2,1,1,1,1,4,4,4,4,2,2,2,2,1,1,1,1,2,2,2,2,1,1,1,1,1,1,1,1,1,1,1,1,2,2,2,2,1,1,1,1,2,2,2,2,1,1,1,1,1,1,1,1,1,1,1,1,2,2,2,2,1,1,1,1,1,1,1,1,1,1,1,1,1,1,1,1,1,1,1,1,2,2,2,2,4,4,4,4,1,1,1,1,3,3,3,3,1,1,1,1,4,4,4,4,1,1,1,1,1,1,1,1,1,1,1,1,1,1,1,1,3,3,3,3,1,1,1,1,1,1,1,1,1,1,1,1,1,1,1,1,4,4,4,4,4,1,1,1,1,1,1,1,1,1,1,1
1941,Matara,1,2,3,2,4,1,3,10,3,2,2,3,2,2,2,2,1,1,1,1,4,4,4,4,1,1,1,1,1,1,1,1,1,1,1,1,1,1,1,1,2,2,2,2,1,1,1,1,2,1,1,1,1,1,1,1,1,1,1,1,1,1,1,1,1,1,1,1,1,1,1,1,1,1,1,1,1,1,1,1,1,1,1,1,1,1,1,1,3,1,1,1,1,1,1,1,2,2,2,2,1,1,1,1,1,1,1,1,4,4,4,4,1,1,1,1,4,4,4,4,1,1,1,1,1,1,1,1,2,1,1,1,1,1,1,1,2,2,2,2,1,1,1,1,1,1,1,1,1,1,1,1,1,1,1,1,2,1,3,3,2,1,3,3,2,1,2,2,1,1,1,1
1942,Matara,1,2,3,2,4,1,10,10,5,2,5,5,2,2,2,2,1,1,1,1,3,3,3,3,1,2,2,2,1,1,1,1,2,2,2,2,1,1,1,1,1,1,1,1,1,1,1,1,3,3,4,3,1,1,1,1,1,1,1,1,3,3,3,3,1,1,1,1,1,1,1,1,1,1,1,1,2,1,1,1,2,1,1,1,2,1,1,1,3,3,3,3,1,1,1,1,2,2,2,2,1,1,1,1,1,1,1,1,1,1,1,1,1,1,1,1,4,4,4,4,1,1,1,1,1,1,1,1,1,1,1,1,1,1,1,1,3,3,3,3,1,1,1,1,1,1,1,1,1,1,1,1,1,1,1,1,1,1,1,1,1,1,1,1,1,1,1,1,4,4,4,4
1943,Matara,1,2,2,2,4,1,10,10,3,2,3,3,4,4,4,4,1,1,1,1,1,1,1,1,1,1,1,1,1,1,1,1,1,1,1,1,1,1,1,1,1,1,1,1,1,1,1,1,2,2,2,2,1,1,1,1,2,2,2,2,1,1,1,1,1,1,1,1,1,1,1,1,2,2,2,2,1,1,1,1,1,1,1,1,1,1,1,1,2,2,2,2,1,1,1,1,1,1,1,1,4,4,4,4,1,1,1,1,2,2,2,2,1,1,1,1,4,4,4,4,1,1,1,1,1,1,1,1,1,1,1,1,1,1,1,1,3,3,3,3,1,1,1,1,1,1,1,1,1,1,1,1,1,1,1,1,4,4,4,4,1,1,1,1,1,1,1,1,1,1,1,1
1945,Matara,1,2,4,2,4,1,10,10,3,2,3,3,2,2,2,2,1,1,1,1,4,4,4,4,2,2,2,2,1,1,1,1,1,1,1,1,1,1,1,1,1,1,1,1,4,1,1,1,2,2,2,2,1,1,1,1,1,1,1,1,2,2,2,2,1,1,1,1,1,1,1,1,2,2,2,2,1,1,1,1,1,1,1,1,1,1,1,1,1,1,1,1,1,1,1,1,1,1,1,1,4,4,4,4,1,1,1,1,2,2,2,2,1,1,1,1,4,4,4,4,1,1,1,1,1,1,1,1,1,1,1,1,1,1,1,1,1,1,1,1,4,4,4,4,1,1,1,1,1,1,1,1,1,1,1,1,4,4,4,4,4,4,4,4,1,1,1,1,1,1,1,1
1946,Matara,1,2,2,2,4,1,1,6,3,3,3,3,4,4,4,4,2,2,2,2,2,1,1,1,1,1,1,1,1,1,1,1,1,1,1,1,1,1,1,1,1,1,1,1,1,1,1,1,3,3,4,3,1,1,1,1,1,1,1,1,3,3,3,3,1,1,1,1,1,1,1,1,2,2,2,2,1,1,1,1,1,1,1,1,1,1,1,1,1,1,1,1,1,1,1,1,3,3,3,3,2,2,2,2,1,1,1,1,2,2,2,2,1,1,1,1,1,1,1,1,1,1,1,1,4,4,4,4,3,3,3,3,1,1,1,1,1,1,1,1,3,3,4,4,1,1,1,1,1,1,1,1,1,1,1,1,4,4,4,4,4,4,4,4,4,1,1,1,3,1,1,1
1947,Matara,1,2,4,3,5,3,7,10,5,5,5,5,2,2,2,2,4,4,4,4,1,1,1,1,1,1,1,1,1,1,1,1,1,1,1,1,1,1,1,1,1,1,1,1,1,1,1,1,4,2,2,2,1,1,1,1,1,1,1,1,2,2,2,2,4,4,4,4,4,4,4,4,1,1,1,1,2,1,1,1,2,1,1,1,2,1,1,1,1,1,1,1,1,1,1,1,1,1,1,1,4,4,4,4,1,1,1,1,1,1,1,1,2,2,2,2,2,2,2,2,4,4,4,4,1,1,1,1,1,1,1,1,1,1,1,1,1,1,1,1,4,4,4,4,1,1,1,1,1,1,1,1,2,2,2,2,2,2,2,2,4,4,4,4,4,4,4,4,2,1,1,1
1948,Kurunegala,1,2,2,2,4,3,3,4,3,3,3,3,4,4,4,4,1,1,1,1,1,1,1,1,1,1,1,1,1,1,1,1,4,4,4,4,1,1,1,1,1,1,1,1,1,1,1,1,1,1,1,1,1,1,1,1,1,1,1,1,4,4,4,4,4,4,4,4,1,1,1,1,1,1,1,1,1,1,1,1,1,1,1,1,1,1,1,1,4,1,1,1,1,1,1,1,1,1,1,1,4,4,4,4,1,1,1,1,1,1,1,1,1,1,1,1,3,4,4,4,1,1,1,1,1,1,1,1,4,1,1,1,1,1,1,1,1,1,1,1,4,4,4,4,1,1,1,1,1,1,1,1,1,1,1,1,4,4,4,4,1,1,1,1,1,1,1,1,1,1,1,1
1950,Matara,1,2,6,3,4,3,8,10,3,1,1,1,2,2,2,2,2,2,2,2,2,2,2,2,1,2,2,2,1,1,1,1,2,2,2,2,1,1,1,1,1,1,1,1,1,1,1,1,2,2,2,2,1,1,1,1,1,1,1,1,2,2,2,2,2,2,2,2,1,2,2,2,1,1,1,1,2,1,1,1,1,1,1,1,2,1,1,1,2,1,1,1,1,1,1,1,2,1,1,1,3,1,1,1,3,1,1,1,2,1,1,1,3,1,1,2,3,1,1,2,1,1,1,1,1,1,1,1,1,1,1,1,1,1,1,1,1,2,1,1,1,1,1,1,1,1,1,1,3,1,1,2,2,1,1,2,3,1,1,2,1,1,1,1,1,1,1,1,1,1,1,1
1951,Matara,5,2,4,3,5,3,10,10,3,1,1,1,3,2,2,2,1,1,2,1,2,1,1,1,1,1,1,1,1,1,1,1,1,1,1,1,1,1,1,1,1,1,1,1,1,1,1,1,1,1,1,1,1,1,1,2,1,2,1,1,1,1,1,1,1,1,1,1,1,1,1,1,3,2,2,2,1,1,1,1,1,1,1,1,1,1,1,1,2,1,1,1,1,1,1,1,2,1,1,1,3,1,1,1,1,1,1,1,1,1,1,1,1,1,1,1,1,1,1,1,1,1,1,1,1,1,1,1,1,1,1,1,1,1,1,1,1,1,1,1,3,1,1,1,1,1,1,1,1,1,1,1,1,1,1,1,3,1,1,1,3,1,1,1,1,1,1,1,1,1,1,1
1952,Kurunegala,1,2,2,2,4,3,10,10,2,2,2,2,4,4,4,4,1,1,1,1,1,1,1,1,1,1,1,1,1,1,1,1,1,1,1,1,1,1,1,1,1,1,1,1,1,1,1,1,1,1,1,1,2,2,2,2,1,1,1,1,1,1,1,1,1,1,1,1,1,1,1,1,2,2,2,2,1,1,1,1,1,1,1,1,1,1,1,1,1,1,1,1,1,1,1,1,1,1,1,1,1,1,1,1,1,1,1,1,2,2,2,2,1,1,1,1,4,4,4,4,1,1,1,1,1,1,1,1,1,1,1,1,1,1,1,1,1,1,1,1,1,1,1,1,1,1,1,1,1,1,1,1,1,1,1,1,1,1,1,1,1,1,1,1,4,4,4,4,1,1,1,1
1955,Kurunegala,1,2,4,2,4,3,9,4,2,1,1,1,4,3,3,3,1,1,1,1,1,1,1,1,1,2,2,2,1,1,1,1,1,1,1,1,1,1,1,1,1,1,1,1,1,1,1,1,2,2,2,2,1,1,1,1,3,2,2,2,1,1,1,1,1,1,1,1,1,1,1,1,2,2,2,2,1,1,1,1,1,1,1,1,2,1,1,1,2,1,1,1,1,1,1,1,1,1,1,1,1,1,1,1,1,1,1,1,3,3,3,3,1,1,1,1,4,2,2,3,1,1,1,1,1,1,1,1,1,1,1,1,1,1,1,1,1,1,1,1,1,1,1,1,1,1,1,1,1,1,1,1,1,1,1,1,4,2,2,3,1,1,1,1,1,1,1,1,1,1,1,1
1956,Polonnaruwa,1,1,2,2,4,3,9,4,2,1,1,1,3,3,3,3,1,1,1,1,1,1,1,1,1,2,2,2,1,1,1,1,1,1,1,1,1,1,1,1,1,2,2,2,3,1,1,1,2,2,2,2,1,1,1,1,3,3,3,3,1,1,1,1,1,1,1,1,1,1,1,1,2,1,1,1,1,1,1,1,1,1,1,1,3,1,1,2,2,1,1,1,1,1,1,1,2,2,2,2,1,1,1,1,1,1,1,1,3,3,3,3,1,1,1,1,4,2,3,3,1,1,1,1,1,1,1,1,1,1,1,1,1,1,1,1,1,1,1,1,1,1,1,1,1,1,1,1,4,2,3,3,1,1,1,1,4,2,3,3,1,1,1,1,1,1,1,1,1,1,1,1
1957,Polonnaruwa,1,2,3,2,4,3,9,4,2,1,1,1,3,3,3,3,1,1,1,1,1,1,1,1,1,2,2,2,1,1,1,1,1,1,1,1,1,1,1,1,1,1,1,1,2,1,1,1,2,2,2,2,1,1,1,1,1,1,1,1,1,1,1,1,1,1,1,1,1,1,1,1,2,1,1,1,1,1,1,1,1,1,1,1,3,1,1,1,3,1,1,1,1,1,1,1,1,1,1,1,1,1,1,1,1,1,1,1,3,3,3,3,1,1,1,1,4,2,3,3,1,1,1,1,1,1,1,1,1,1,1,1,1,1,1,1,1,1,1,1,1,1,1,1,1,1,1,1,4,2,3,3,1,1,1,1,4,2,3,3,1,1,1,1,1,1,1,1,1,1,1,1
1959,Colombo,1,2,4,2,4,1,9,10,2,1,1,1,4,4,4,4,1,1,1,1,2,2,2,2,1,1,1,1,1,1,1,1,1,1,1,1,1,1,1,1,2,2,2,2,1,1,1,1,2,1,1,1,1,1,1,1,1,1,1,1,4,4,4,4,4,4,4,4,1,1,1,1,1,1,1,1,1,1,1,1,1,1,1,1,1,1,1,1,2,1,1,1,1,1,1,2,2,2,2,2,4,4,4,4,1,1,1,1,2,2,2,2,1,1,1,1,4,4,4,4,1,1,1,1,1,1,1,1,1,1,1,1,1,1,1,1,1,1,1,1,4,4,4,4,1,1,1,1,1,1,1,1,1,1,1,1,4,2,2,2,4,2,2,2,4,2,2,2,1,1,1,1
1961,Jaffna,1,2,1,2,4,2,10,10,2,1,1,2,2,2,2,2,2,1,1,1,2,1,1,1,2,2,2,2,1,1,1,1,2,1,1,1,1,1,1,1,1,1,1,1,2,2,2,2,1,1,1,1,2,1,1,1,1,1,1,1,2,1,1,1,2,1,1,2,1,1,1,1,2,1,1,1,2,1,1,1,2,1,1,1,4,1,1,1,2,1,1,2,1,1,1,1,1,1,1,1,3,3,3,3,1,1,1,1,2,2,2,2,1,1,1,1,1,1,1,1,1,1,1,1,1,1,1,1,1,1,1,1,1,1,1,1,1,1,1,1,1,1,1,1,1,1,1,1,1,1,1,1,1,1,1,1,1,1,1,1,1,1,1,1,1,1,1,1,1,1,1,1
1963,Jaffna,2,1,2,2,4,2,10,8,2,1,1,1,2,1,2,2,1,1,1,1,1,1,1,1,1,2,2,2,1,1,1,1,2,1,1,1,1,1,1,1,1,1,1,1,2,1,1,1,1,1,1,1,1,1,1,1,1,1,1,1,1,1,1,1,1,1,1,1,1,1,1,1,2,1,2,2,1,1,1,1,1,1,1,1,1,1,1,1,2,1,1,2,1,1,1,1,2,1,1,2,1,1,1,1,3,1,1,2,2,1,2,2,4,1,2,2,1,1,1,1,1,1,1,1,1,1,1,1,1,1,1,1,1,1,1,1,1,1,1,1,1,1,1,1,1,1,1,1,1,1,1,1,4,1,1,2,1,1,1,1,1,1,1,1,1,1,1,1,1,1,1,1
1965,Matara,1,2,2,2,5,1,3,10,3,2,2,2,2,4,4,4,1,1,1,1,4,2,2,2,1,1,1,1,1,1,1,1,1,1,1,1,1,1,1,1,1,1,1,1,1,1,1,1,3,1,1,1,1,1,1,1,1,1,1,1,2,2,2,2,4,4,4,4,1,1,1,1,1,1,1,1,1,1,1,1,1,1,1,1,1,1,1,1,1,1,1,1,1,1,1,1,1,1,1,1,4,4,4,4,1,1,1,1,2,2,2,2,1,1,1,1,4,4,4,4,1,1,1,1,1,1,1,1,1,1,1,1,1,1,1,1,1,1,1,1,4,4,4,4,1,1,1,1,1,1,1,1,1,1,1,1,3,3,3,3,4,4,4,4,2,1,1,1,1,1,1,1
1966,Colombo,1,2,5,2,5,1,8,6,3,3,3,3,1,1,1,1,4,4,4,4,1,1,1,1,2,2,2,2,1,1,1,1,2,2,2,2,1,1,1,1,1,1,1,1,1,1,1,1,3,3,4,4,2,2,2,2,1,1,1,1,4,4,4,4,3,2,2,2,1,1,1,1,2,2,2,2,3,1,1,1,2,1,1,1,2,1,1,1,1,1,1,1,1,1,1,1,2,2,2,2,4,4,4,4,1,1,1,1,1,1,1,1,1,1,1,1,1,1,1,1,1,1,1,1,1,1,1,1,1,1,1,1,1,1,1,1,1,1,1,1,1,1,1,1,1,1,1,1,1,1,1,1,1,1,1,1,1,1,1,1,1,1,1,1,1,1,1,1,1,1,1,1
1967,Polonnaruwa,1,2,2,2,4,3,10,3,3,2,2,2,3,3,3,3,1,1,1,1,2,1,1,1,1,2,2,2,1,1,1,1,2,1,1,1,1,1,1,1,1,1,1,1,1,1,1,1,3,3,4,3,1,1,1,1,1,1,1,1,2,2,2,2,2,2,2,2,1,1,1,1,1,1,1,1,2,1,1,1,2,1,1,1,3,1,1,2,2,1,1,1,1,1,1,1,2,1,1,1,4,2,3,3,1,1,1,1,1,1,1,1,1,1,1,1,4,2,3,3,1,1,1,1,1,1,1,1,1,1,1,1,1,1,1,1,1,1,1,1,1,1,1,1,1,1,1,1,1,1,1,1,1,1,1,1,4,2,3,3,1,1,1,1,1,1,1,1,1,1,1,1
1968,Polonnaruwa,1,2,4,2,4,3,10,3,2,2,2,2,3,3,3,3,1,1,1,1,1,1,1,1,1,2,2,2,1,1,1,1,1,1,1,1,1,1,1,1,2,2,2,2,1,1,1,1,2,2,2,2,1,1,1,1,1,1,1,1,1,1,1,1,1,1,1,1,1,1,1,1,2,2,2,2,1,1,1,1,1,1,1,1,1,1,1,1,2,1,2,2,1,1,1,1,1,1,1,1,1,1,1,1,3,3,3,3,2,2,2,2,1,1,1,1,3,3,3,3,1,1,1,1,1,1,1,1,1,1,1,1,1,1,1,1,1,1,1,1,1,1,1,1,1,1,1,1,2,2,2,2,1,1,1,1,1,1,1,1,1,1,1,1,3,3,3,3,1,1,1,1
1971,Matara,1,2,5,2,4,1,3,10,3,2,3,3,4,4,4,4,1,1,1,1,1,1,1,1,1,1,1,1,1,1,1,1,1,1,1,1,1,1,1,1,1,1,1,1,2,1,1,1,2,2,2,2,3,3,3,3,1,1,1,1,1,1,1,1,1,1,1,1,1,1,1,1,2,2,2,2,1,1,1,1,1,1,1,1,2,1,1,1,4,4,4,4,1,1,1,1,2,2,2,2,1,1,1,1,1,1,1,1,2,2,2,2,1,1,1,1,4,4,4,4,1,1,1,1,1,1,1,1,3,3,3,3,1,1,1,1,1,1,1,1,1,1,1,1,1,1,1,1,3,3,3,3,1,1,1,1,4,4,4,4,1,1,1,1,1,1,1,1,1,1,1,1
1972,Matara,1,2,4,2,5,1,10,10,1,1,1,1,3,2,2,2,1,1,1,1,1,1,1,1,1,1,1,1,1,1,1,1,1,1,1,1,1,1,1,1,1,1,1,1,1,1,1,1,3,2,2,2,1,1,1,1,1,1,1,1,3,2,2,2,3,2,2,2,1,2,2,2,1,1,1,1,2,1,1,1,1,2,1,1,1,1,1,1,2,1,1,1,1,1,1,1,2,1,1,1,3,2,1,2,1,1,1,1,2,1,1,2,1,1,1,1,3,1,1,2,1,1,1,1,1,1,1,1,1,1,1,1,1,1,1,1,1,1,1,1,3,1,1,1,1,1,1,1,1,1,1,1,1,1,1,1,3,1,1,2,3,1,1,2,1,1,1,1,1,1,1,1
1973,Matara,1,2,3,2,4,1,8,6,2,2,2,2,3,3,3,3,1,1,1,1,1,1,1,1,1,1,1,1,2,2,2,1,2,2,2,2,1,1,1,1,1,1,1,1,1,1,1,1,3,3,4,3,1,1,1,1,1,1,1,1,3,3,3,3,1,1,1,1,1,1,1,1,1,1,1,1,1,1,1,1,1,1,1,1,2,1,2,2,3,3,3,3,1,1,1,1,1,1,1,1,1,1,1,1,1,1,1,1,1,1,1,1,1,1,1,1,1,1,1,1,1,1,1,1,1,1,1,1,1,1,1,1,1,1,1,1,1,1,1,1,1,1,1,1,1,1,1,1,1,1,1,1,1,1,1,1,1,1,1,1,1,1,1,1,1,1,1,1,1,1,1,1
1975,Jaffna,1,2,3,2,4,2,9,9,2,2,2,2,2,2,2,2,2,1,1,1,2,1,1,1,2,2,2,2,1,1,1,1,2,2,2,2,1,1,1,1,1,1,1,1,2,1,2,2,1,1,1,1,4,1,1,1,1,1,1,1,1,1,1,1,2,2,2,2,2,1,1,1,2,1,1,1,2,1,1,1,2,1,1,1,2,1,1,1,2,2,2,2,1,1,1,1,1,1,1,1,3,3,3,3,2,2,2,2,2,2,2,2,1,1,1,1,1,1,1,1,1,1,1,1,1,1,1,1,1,1,1,1,1,1,1,1,1,1,1,1,1,1,1,1,1,1,1,1,1,1,1,1,1,1,1,1,1,1,1,1,1,1,1,1,1,1,1,1,1,1,1,1
1977,Matara,1,2,3,2,5,1,7,10,3,1,1,1,3,2,2,2,1,1,1,1,3,2,1,2,1,1,1,1,1,1,1,1,1,1,1,1,1,1,1,1,1,1,1,1,1,1,1,1,3,1,1,1,1,1,1,1,1,1,1,1,2,2,2,2,2,2,2,2,1,1,1,1,1,1,1,1,2,1,1,1,2,1,1,1,1,1,1,1,1,1,1,1,1,1,1,1,1,1,1,1,3,2,2,2,1,1,1,1,1,1,1,1,1,1,1,1,3,1,1,1,1,1,1,1,1,1,1,1,1,1,1,1,1,1,1,1,1,1,1,1,1,1,1,1,1,1,1,1,1,1,1,1,1,1,1,1,3,1,1,1,3,1,1,1,1,1,1,1,1,1,1,1
1979,Matara,1,2,3,2,5,1,1,6,3,3,3,3,2,2,2,2,3,3,3,3,3,2,2,2,1,1,1,1,1,1,1,1,1,1,1,1,1,1,1,1,2,2,2,2,1,1,1,1,3,3,4,3,1,1,1,1,1,1,1,1,3,3,3,3,1,1,1,1,1,1,1,1,1,1,1,1,2,1,1,1,3,1,1,1,3,2,2,3,2,2,2,2,1,1,1,1,3,3,3,3,3,3,3,3,1,1,1,1,2,2,2,2,1,1,1,1,4,4,4,4,1,1,1,1,1,1,1,1,1,1,1,1,1,1,1,1,1,1,1,1,4,4,4,4,1,1,1,1,1,1,1,1,1,1,1,1,4,4,4,4,3,3,3,3,1,1,1,1,1,1,1,1
1980,Polonnaruwa,1,1,3,2,4,3,10,4,2,1,1,1,3,3,3,3,1,1,1,1,1,1,1,1,2,2,2,2,1,1,1,1,1,1,1,1,1,1,1,1,1,1,1,1,3,1,1,1,2,2,2,2,1,1,1,1,2,2,2,2,1,1,1,1,1,1,1,1,1,1,1,1,2,1,1,1,1,1,1,1,1,1,1,1,3,1,1,1,2,1,1,1,1,1,1,1,2,2,2,2,1,1,1,1,1,1,1,1,3,3,3,3,1,1,1,1,1,1,1,3,4,1,1,1,1,1,1,1,1,1,1,1,1,1,1,1,1,1,1,1,1,1,1,1,1,1,1,1,4,1,1,4,1,1,1,4,4,1,1,1,1,1,1,1,1,1,1,1,1,1,1,1
1981,Matara,1,2,3,2,5,1,1,6,3,3,3,3,2,2,2,2,3,3,3,3,3,2,2,2,1,1,1,1,1,1,1,1,1,1,1,1,1,1,1,1,2,2,2,2,1,1,1,1,3,3,4,3,1,1,1,1,1,1,1,1,3,3,3,3,1,1,1,1,1,1,1,1,1,1,1,1,2,1,1,1,3,1,1,1,3,2,2,3,2,2,2,2,1,1,1,1,3,3,3,3,3,3,3,3,1,1,1,1,2,2,2,2,1,1,1,1,4,4,4,4,1,1,1,1,1,1,1,1,1,1,1,1,1,1,1,1,1,1,1,1,4,4,4,4,1,1,1,1,1,1,1,1,1,1,1,1,4,4,4,4,3,3,3,3,1,1,1,1,1,1,1,1
1982,Polonnaruwa,1,1,3,2,4,3,10,4,2,1,1,1,3,3,3,3,1,1,1,1,1,1,1,1,2,2,2,2,1,1,1,1,1,1,1,1,1,1,1,1,1,1,1,1,3,1,1,1,2,2,2,2,1,1,1,1,2,2,2,2,1,1,1,1,1,1,1,1,1,1,1,1,2,1,1,1,1,1,1,1,1,1,1,1,3,1,1,1,2,1,1,1,1,1,1,1,2,2,2,2,1,1,1,1,1,1,1,1,3,3,3,3,1,1,1,1,1,1,1,3,4,1,1,1,1,1,1,1,1,1,1,1,1,1,1,1,1,1,1,1,1,1,1,1,1,1,1,1,4,1,1,4,1,1,1,4,4,1,1,1,1,1,1,1,1,1,1,1,1,1,1,1
1983,Polonnaruwa,1,2,2,2,4,3,7,9,3,3,3,3,4,4,4,4,1,1,1,1,1,1,1,1,1,1,1,1,3,3,3,3,1,1,1,1,1,1,1,1,1,1,1,1,1,1,1,1,1,1,1,1,1,1,1,1,1,1,1,1,4,4,4,4,1,1,1,1,1,1,1,1,1,1,1,1,1,1,1,1,1,1,1,1,1,1,1,1,4,1,1,1,1,1,1,1,1,1,1,1,1,1,1,1,3,3,3,3,1,1,1,1,4,4,4,4,1,1,1,1,1,1,1,1,1,1,1,1,1,1,1,1,1,1,1,1,1,1,1,1,1,1,1,1,4,4,4,4,1,1,1,1,1,1,1,1,4,4,4,4,1,1,1,1,1,1,1,1,1,1,1,1
1984,Badulla,1,2,3,2,4,1,10,10,3,1,1,3,4,4,4,4,1,1,1,1,1,1,1,1,1,1,1,1,1,1,1,1,1,1,1,1,1,1,1,1,2,2,2,2,1,1,1,1,2,1,1,1,1,1,1,1,2,2,2,2,2,1,1,1,4,4,4,4,1,1,1,1,2,1,1,1,1,1,1,4,1,1,1,1,1,1,1,1,2,1,1,1,1,1,1,1,1,1,1,1,4,4,4,4,1,1,1,1,3,3,3,3,2,2,2,2,4,4,4,4,1,1,1,1,1,1,1,1,1,1,1,1,1,1,1,1,1,1,1,1,4,4,4,4,1,1,1,1,1,1,1,1,2,2,2,2,2,2,2,2,2,2,2,1,2,2,2,2,1,1,1,1
1985,Jaffna,2,1,3,3,4,2,9,9,2,2,2,2,3,2,2,2,2,1,1,1,2,1,1,1,1,2,2,1,1,1,1,1,2,1,1,1,1,1,1,1,1,1,1,1,2,2,2,2,1,1,1,1,2,1,1,1,2,1,1,2,2,1,1,1,2,1,1,2,1,1,1,1,2,1,1,1,1,1,1,1,2,1,1,1,2,1,1,1,2,2,2,2,1,1,1,1,2,1,1,2,1,1,1,1,3,3,3,3,3,3,3,3,1,1,1,1,1,1,1,1,1,1,1,1,1,1,1,1,1,1,1,1,1,1,1,1,1,1,1,1,1,1,1,1,1,1,1,1,1,1,1,1,1,1,1,1,1,1,1,1,1,1,1,1,1,1,1,1,1,1,1,1
1986,Jaffna,1,2,2,2,4,2,7,9,1,1,1,1,4,2,3,4,2,1,1,2,2,1,1,2,2,2,2,2,1,1,1,1,2,1,2,2,1,1,1,2,2,2,2,2,3,1,1,2,2,1,1,1,2,1,1,2,2,1,2,2,1,1,1,1,1,1,1,1,1,1,1,1,2,1,1,2,1,1,1,1,2,1,1,1,2,1,1,1,1,1,1,1,1,1,1,1,1,1,1,1,4,2,3,4,1,1,1,1,1,1,1,1,4,4,4,4,1,1,1,1,1,1,1,1,1,1,1,1,1,1,1,1,1,1,1,1,1,1,1,1,4,2,3,4,1,1,1,1,1,1,1,1,1,1,1,1,1,1,1,1,1,1,1,1,1,1,1,1,1,1,1,1
1987,Badulla,1,1,6,2,4,1,8,7,3,3,3,3,4,4,4,4,1,1,1,1,1,1,1,1,1,2,2,2,1,1,1,1,1,1,1,1,1,1,1,1,1,1,1,1,1,1,1,1,4,1,1,1,1,1,1,1,1,1,1,1,4,4,4,4,1,1,1,1,1,1,1,1,1,1,1,1,1,1,1,1,1,1,1,1,1,1,1,1,2,1,1,1,1,1,1,1,1,1,1,1,4,4,4,4,1,1,1,1,2,2,2,2,2,2,2,2,4,4,4,4,1,1,1,1,1,1,1,1,1,1,1,1,1,1,1,1,1,1,1,1,4,4,4,4,1,1,1,1,1,1,1,1,2,2,2,2,2,2,2,2,2,2,2,2,2,2,2,2,2,1,4,1
1992,Kurunegala,1,2,1,2,4,1,3,9,2,1,1,2,4,3,3,4,1,1,1,1,1,1,1,1,1,1,1,1,2,4,3,3,1,1,1,1,1,1,1,1,1,1,1,1,1,1,1,1,2,1,1,2,1,1,1,1,1,1,1,1,4,2,3,3,1,1,1,1,1,1,1,1,1,1,1,1,2,1,1,1,1,1,1,1,1,1,1,1,3,1,2,2,1,1,1,1,1,1,1,1,1,1,1,1,4,3,3,3,1,1,1,1,1,1,1,1,1,1,1,1,1,1,1,1,1,1,1,1,1,1,1,1,1,1,1,1,1,1,1,1,1,1,1,1,1,1,1,1,1,1,1,1,1,1,1,1,1,1,1,1,1,1,1,1,4,1,2,3,1,1,1,1
1993,Badulla,1,2,3,2,5,1,1,2,3,3,3,3,4,4,4,4,2,1,1,1,2,1,1,1,1,1,1,1,1,1,1,1,1,1,1,1,1,1,1,1,1,1,1,1,1,1,1,1,4,1,1,1,1,1,1,1,1,1,1,1,1,1,1,1,1,1,1,1,1,1,1,1,1,1,1,1,2,1,1,1,2,1,1,1,1,1,1,1,1,1,1,1,1,1,1,1,2,1,1,1,4,4,4,4,1,1,1,1,2,2,2,2,1,2,2,2,4,4,4,4,1,1,1,1,1,1,1,1,1,1,1,1,1,1,1,1,1,1,1,1,4,4,4,4,1,1,1,1,1,1,1,1,2,2,2,2,4,4,4,4,1,1,1,1,1,1,1,1,1,1,1,1
1997,Jaffna,2,1,5,2,3,2,10,10,1,1,1,1,3,1,2,3,1,1,2,1,2,1,1,1,2,2,2,2,1,1,1,1,2,1,1,2,1,1,1,1,2,2,2,2,2,1,2,2,1,1,1,1,2,2,2,2,1,1,1,1,1,1,1,1,1,1,1,1,1,1,1,1,2,1,2,2,1,1,1,1,1,1,1,1,1,1,1,1,1,1,1,1,1,1,1,1,1,1,1,1,1,1,1,1,1,1,1,1,2,2,2,2,1,1,1,1,1,1,1,1,1,1,1,1,1,1,1,1,1,1,1,1,1,1,1,1,1,1,1,1,1,1,1,1,1,1,1,1,2,2,2,2,1,1,1,1,1,1,1,1,1,1,1,1,1,1,1,1,1,1,1,1
1999,Badulla,1,2,3,2,5,1,1,6,3,3,3,3,2,2,2,2,1,1,1,1,4,4,4,4,1,1,1,1,1,1,1,1,1,1,1,1,1,1,1,1,2,2,2,2,1,1,1,1,4,1,1,1,1,1,1,2,1,1,1,1,4,4,4,4,1,1,1,1,1,1,1,1,1,1,1,1,1,1,1,1,1,1,1,1,1,1,1,1,2,1,1,1,1,1,1,1,1,1,1,1,4,4,4,4,1,1,1,1,2,2,2,2,1,1,1,1,2,2,2,2,1,1,1,1,4,4,4,4,1,1,1,1,4,4,4,4,1,1,1,1,1,1,1,1,1,1,1,1,1,1,1,1,1,1,1,1,4,4,4,4,4,4,4,4,2,2,2,2,2,2,2,2
2000,Ampara,1,1,6,2,4,1,1,7,3,3,3,3,3,3,3,3,1,1,1,1,1,1,1,1,1,2,2,2,2,2,2,2,1,1,1,1,1,1,1,1,1,1,1,1,4,1,1,1,3,2,2,2,1,1,1,1,1,1,1,1,3,2,2,2,2,2,2,2,1,1,1,1,2,1,1,1,2,1,1,1,2,1,1,1,3,1,1,2,1,1,1,1,1,1,1,1,1,1,1,1,4,3,3,4,1,1,1,1,1,1,1,1,1,1,1,1,4,3,3,4,1,1,1,1,1,1,1,1,1,1,1,1,1,1,1,1,1,1,1,1,4,3,3,4,1,1,1,1,1,1,1,1,1,2,1,1,4,3,3,4,1,1,1,1,1,1,1,1,1,1,1,1
2002,Ampara,1,2,5,2,4,1,10,3,3,3,3,3,1,1,1,1,1,1,1,1,4,4,4,4,1,1,1,1,1,1,1,1,1,1,1,1,1,1,1,1,1,1,1,1,1,1,1,1,3,3,4,3,1,1,1,1,1,1,1,1,3,3,3,3,1,1,1,1,1,1,1,1,2,2,2,2,1,1,1,1,1,1,1,1,1,1,1,1,1,1,1,1,1,1,1,1,1,1,1,1,4,4,4,4,2,2,2,2,1,1,1,1,4,4,4,4,1,1,1,1,1,1,1,1,1,1,1,1,1,1,1,1,1,1,1,1,1,1,1,1,1,1,1,1,1,1,1,1,4,4,4,4,1,1,1,1,1,1,1,1,1,1,1,1,4,4,4,4,1,1,1,1
2004,Kandy,1,2,3,2,5,1,3,5,5,5,5,5,2,3,2,2,4,2,4,4,1,1,1,1,1,1,1,1,1,1,1,1,1,1,1,1,1,1,1,1,1,1,1,1,1,1,1,1,3,1,1,1,1,1,1,1,1,1,1,1,4,3,3,3,1,1,1,1,2,4,4,4,1,1,1,1,2,1,1,1,1,1,1,1,2,1,1,1,1,1,1,1,1,1,1,1,1,1,1,1,4,1,4,4,1,1,1,1,1,1,1,1,1,4,3,1,4,1,4,4,1,1,1,1,1,1,1,1,1,1,1,1,1,1,1,1,1,1,1,1,4,1,3,4,1,1,1,1,1,1,1,1,1,1,1,1,1,1,1,1,4,1,3,4,1,1,1,1,1,1,1,1
2006,Badulla,1,2,5,2,5,2,10,10,3,3,3,3,4,4,4,4,1,1,1,1,1,1,1,1,1,1,1,1,2,2,2,2,1,1,1,1,1,1,1,1,1,1,1,1,1,1,1,1,4,1,1,1,1,1,1,1,1,1,1,1,1,1,1,1,4,4,4,4,1,1,1,1,2,2,2,2,1,1,1,1,1,1,1,1,2,1,1,1,2,1,1,1,1,1,1,1,2,1,1,1,4,4,4,4,1,1,1,1,2,2,2,2,4,4,4,4,4,4,4,4,1,1,1,1,1,1,1,1,1,1,1,1,1,1,1,1,1,1,1,1,1,1,1,1,1,1,1,1,1,1,1,1,4,4,4,4,2,2,2,2,2,2,2,2,1,1,1,1,1,1,1,1
2007,Badulla,1,2,2,2,5,2,4,9,3,3,3,3,3,3,3,3,1,1,1,1,2,2,2,2,1,1,1,1,1,1,1,1,1,1,1,1,1,1,1,1,3,3,3,3,1,1,1,1,2,2,2,2,1,1,1,1,3,3,3,3,3,3,3,3,1,1,1,1,1,1,1,1,2,2,2,2,1,1,1,1,1,1,1,1,3,2,2,2,3,3,3,3,1,1,1,1,2,2,2,2,3,3,3,3,1,1,1,1,3,3,3,3,1,1,1,1,4,4,4,4,1,1,1,1,1,1,1,1,1,1,1,1,1,1,1,1,1,1,1,1,3,3,3,3,1,1,1,1,1,1,1,1,1,1,1,1,4,4,4,4,1,1,1,1,1,1,1,1,1,1,1,1
2008,Monaragala,1,1,4,2,3,1,3,4,3,1,2,2,3,3,3,3,1,1,1,1,1,1,1,1,1,2,2,2,1,2,2,2,2,1,1,1,1,1,1,1,1,1,2,2,3,1,1,1,2,2,2,2,1,1,1,1,1,1,1,1,2,2,2,2,2,2,2,2,1,1,1,1,2,1,1,2,2,1,1,1,2,1,1,1,3,1,1,1,3,1,1,1,1,1,1,1,1,1,1,1,1,1,1,1,1,1,1,1,4,3,3,3,1,1,1,1,1,1,1,1,4,2,2,3,1,1,1,1,4,2,2,3,1,1,1,1,1,1,1,1,1,1,1,1,1,1,1,1,1,1,1,1,1,1,1,1,4,2,2,3,1,1,1,1,1,1,1,1,1,1,1,1
2009,Monaragala,1,2,3,2,4,1,10,3,2,2,2,2,3,3,3,3,1,1,1,1,2,2,2,2,2,2,2,2,1,1,1,1,1,1,1,1,1,1,1,1,2,2,2,2,1,1,1,1,1,1,1,1,2,2,2,2,1,1,1,1,1,1,1,1,1,1,1,1,1,1,1,1,2,2,2,2,2,1,1,1,2,1,1,1,2,1,1,1,1,1,1,1,1,1,1,1,1,1,1,1,4,4,4,4,3,3,3,3,2,2,2,2,1,1,1,1,4,4,4,4,1,1,1,1,1,1,1,1,1,1,1,1,1,1,1,1,1,1,1,1,1,1,1,1,1,1,1,1,1,1,1,1,1,1,1,1,1,1,1,1,1,1,1,1,4,4,4,4,1,1,1,1
2011,Badulla,1,2,3,2,4,2,4,10,2,1,2,2,1,1,1,1,1,1,1,1,4,4,4,4,1,1,1,1,1,1,1,1,2,2,2,2,1,1,1,1,1,1,1,1,1,1,1,1,1,1,1,1,1,1,1,1,2,2,2,2,1,1,1,1,1,1,1,1,1,1,1,1,2,2,2,2,1,1,1,1,1,1,1,1,2,1,2,1,3,3,3,3,1,1,1,1,1,2,2,2,1,1,1,1,1,1,1,1,3,3,3,3,1,1,1,1,4,4,4,4,1,1,1,1,1,1,1,1,1,1,1,1,1,1,1,1,1,1,1,1,1,1,1,1,1,1,1,1,4,4,4,4,1,1,1,1,1,1,1,1,1,1,1,1,4,4,4,4,1,1,1,1
2012,Badulla,1,2,1,2,4,2,10,10,3,1,2,2,1,1,1,1,1,1,1,1,4,4,4,4,1,1,1,1,1,1,1,1,1,1,1,1,1,1,1,1,1,1,1,1,1,1,1,1,3,3,4,3,1,1,1,1,1,1,1,1,2,3,3,3,1,1,1,1,1,1,1,1,1,1,1,1,1,1,1,1,1,1,1,1,3,1,3,1,3,3,3,3,1,1,1,1,2,2,2,2,1,1,1,1,1,1,1,1,2,2,2,2,1,1,1,1,1,1,1,1,4,4,4,4,1,1,1,1,4,4,4,4,1,1,1,1,1,1,1,1,1,1,1,1,1,1,1,1,1,1,1,1,1,1,1,1,1,1,1,1,1,1,1,1,4,4,4,4,2,2,2,2
2013,Monaragala,1,2,2,2,4,1,9,4,2,1,1,1,3,3,3,3,1,1,1,1,1,1,1,1,1,2,2,1,1,1,1,1,1,1,1,1,1,1,1,1,1,2,2,2,3,1,1,1,2,2,2,2,1,1,1,1,1,1,1,1,1,1,1,1,1,1,1,1,1,1,1,1,1,1,1,1,2,1,1,1,2,1,1,1,3,1,1,1,3,1,1,1,1,1,1,1,1,1,1,1,1,1,1,1,1,1,1,1,3,3,3,3,1,1,1,1,4,2,2,3,1,1,1,1,1,1,1,1,1,1,1,1,1,1,1,1,1,1,1,1,1,1,1,1,1,1,1,1,3,1,1,2,1,1,1,1,4,2,2,3,1,1,1,1,1,1,1,1,1,1,1,1
2014,Monaragala,1,2,1,2,4,1,3,10,3,3,3,3,3,3,3,3,1,1,1,1,3,3,3,3,2,2,2,2,1,1,1,1,1,1,1,1,1,1,1,1,2,2,2,2,3,1,1,3,2,2,2,2,1,1,1,1,1,1,1,1,2,2,2,2,1,1,1,1,3,3,3,3,1,1,1,1,2,1,1,1,2,1,1,1,2,1,1,1,2,1,1,2,1,1,1,1,1,1,1,1,1,1,1,1,4,4,4,4,2,2,2,2,1,1,1,1,4,4,4,4,1,1,1,1,1,1,1,1,1,1,1,1,1,1,1,1,1,1,1,1,1,1,1,1,1,1,1,1,1,1,1,1,1,1,1,1,4,4,4,4,1,1,1,1,1,1,1,1,1,1,1,1
2015,Monaragala,1,2,2,2,4,1,1,4,2,2,2,2,3,3,3,3,1,1,1,1,1,1,1,1,1,2,2,2,2,2,2,2,2,1,1,1,1,1,1,1,1,1,1,1,3,1,1,1,2,2,2,2,1,1,1,1,1,1,1,1,2,2,2,2,2,2,2,2,1,1,1,1,1,1,1,1,2,1,1,1,2,1,1,1,3,1,1,1,1,1,1,1,1,1,1,1,1,1,1,1,4,3,3,3,1,1,1,1,1,1,1,1,1,1,1,1,4,2,3,3,1,1,1,1,1,1,1,1,1,1,1,1,1,1,1,1,1,1,1,1,4,2,3,3,1,1,1,1,1,1,1,1,1,1,1,1,4,2,3,3,1,1,1,1,1,1,1,1,1,1,1,1
2016,Monaragala,1,2,2,2,4,1,2,4,3,3,3,3,3,3,3,3,1,1,1,1,1,1,1,1,1,2,2,2,2,2,2,2,2,1,1,1,1,1,1,1,1,1,1,1,3,1,1,1,3,2,2,2,1,1,1,1,1,1,1,1,2,2,2,2,2,2,2,2,1,1,1,1,2,2,2,2,2,1,1,1,2,1,1,1,3,1,1,1,1,1,1,1,1,1,1,1,1,1,1,1,4,3,3,3,1,1,1,1,1,1,1,1,1,1,1,1,4,3,3,4,1,1,1,1,1,1,1,1,1,1,1,1,1,1,1,1,1,1,1,1,4,3,3,4,1,1,1,1,1,1,1,1,1,1,1,1,4,3,3,3,1,1,1,1,1,1,1,1,1,1,1,1
2017,Monaragala,1,2,2,2,4,1,1,6,3,3,3,3,3,3,3,3,1,1,1,1,2,1,1,1,1,2,1,1,1,1,1,1,2,1,1,1,1,1,1,1,1,1,1,1,3,1,1,2,3,2,2,2,1,1,1,1,1,1,1,1,2,2,2,2,3,2,2,2,1,1,1,1,2,1,1,1,2,1,1,1,2,1,1,1,3,1,1,1,1,1,1,1,1,1,1,1,1,1,1,1,4,3,3,3,1,1,1,1,1,1,1,1,1,1,1,1,1,1,1,1,1,1,1,1,4,4,4,4,1,1,1,1,1,1,1,1,1,1,1,1,1,1,1,1,1,1,1,1,4,4,4,4,1,1,1,1,4,4,4,4,1,1,1,1,1,1,1,1,1,1,1,1
2018,Badulla,1,2,3,2,4,1,10,3,3,3,3,3,1,1,1,1,1,1,1,1,4,4,4,4,2,2,2,2,1,1,1,1,1,1,1,1,1,1,1,1,2,2,2,2,2,1,2,2,3,3,4,3,1,1,1,1,1,1,1,1,1,1,1,1,1,1,1,1,1,1,1,1,2,2,2,2,2,1,1,1,2,1,1,1,2,1,1,2,1,1,1,1,1,1,1,1,1,1,1,1,4,4,4,4,3,3,3,3,2,2,2,2,1,1,1,1,4,4,4,4,1,1,1,1,1,1,1,1,1,1,1,1,1,1,1,1,1,1,1,1,1,1,1,1,1,1,1,1,3,3,3,3,1,1,1,1,1,1,1,1,1,1,1,1,4,4,4,4,1,1,1,1
2021,Kurunegala,1,2,5,2,4,1,1,3,3,3,3,3,1,1,1,1,2,2,2,2,4,4,4,4,1,1,1,1,2,2,2,2,1,1,1,1,1,1,1,1,1,1,1,1,1,1,1,1,1,1,1,1,1,1,1,1,1,1,1,1,4,4,4,4,1,1,1,1,1,1,1,1,1,1,1,1,1,1,1,1,1,1,1,1,1,1,1,1,2,1,1,1,1,1,1,1,1,1,1,1,4,4,4,4,1,1,1,1,1,1,1,1,1,1,1,1,4,4,4,4,1,1,1,1,1,1,1,1,1,1,1,1,1,1,1,1,1,1,1,1,1,1,1,1,1,1,1,1,1,1,1,1,1,1,1,1,4,4,4,4,1,1,1,1,1,1,1,1,1,1,1,1
2022,Badulla,1,2,3,2,5,1,1,6,3,3,3,3,2,2,2,2,1,1,1,1,3,3,3,3,1,2,2,2,1,1,1,1,1,1,1,1,1,1,1,1,2,2,2,2,3,1,2,3,3,3,4,3,1,1,1,1,1,1,1,1,2,2,2,2,1,1,1,1,1,1,1,1,2,2,2,2,1,1,1,1,1,1,1,1,1,1,1,1,3,1,1,3,1,1,1,1,1,1,1,1,1,1,1,1,2,4,4,3,2,2,2,2,1,1,1,1,1,1,1,1,4,4,4,4,1,1,1,1,3,1,1,3,1,1,1,1,1,1,1,1,1,3,3,1,1,1,1,1,1,1,1,1,1,1,1,1,1,1,1,1,4,4,4,4,1,1,1,1,1,1,1,1
2023,Badulla,1,2,2,2,5,1,3,2,3,3,3,3,2,2,2,2,1,1,1,1,4,4,4,4,2,2,2,2,1,1,1,1,1,1,1,1,1,1,1,1,1,1,1,1,2,1,1,2,2,2,2,2,1,1,1,1,1,1,1,1,2,2,2,2,1,1,1,1,1,1,1,1,2,2,2,2,2,1,1,1,2,1,1,1,2,1,1,1,1,1,1,1,1,1,1,1,1,1,1,1,4,4,4,4,3,3,3,3,2,2,2,2,1,1,1,1,4,4,4,4,1,1,1,1,1,1,1,1,1,1,1,1,1,1,1,1,1,1,1,1,3,3,3,3,1,1,1,1,1,1,1,1,1,1,1,1,4,4,4,4,1,1,1,1,1,1,1,1,1,1,1,1
2024,Badulla,1,2,2,2,5,1,1,6,5,5,5,5,4,4,4,4,1,1,1,1,1,1,1,1,1,1,1,1,2,3,3,3,1,1,1,1,1,1,1,1,1,1,1,1,4,1,1,1,4,1,1,1,1,1,1,1,1,1,1,1,4,4,4,4,4,4,4,4,1,1,1,1,1,1,1,1,1,1,1,1,1,1,1,1,1,1,1,2,1,1,1,1,1,1,1,1,1,1,1,1,1,1,1,1,4,4,4,4,1,1,1,1,2,2,2,2,1,1,1,1,1,1,1,1,3,3,3,3,1,1,1,1,2,2,2,2,1,1,1,1,1,1,1,1,1,1,1,1,1,1,1,1,1,1,1,1,3,3,3,3,1,1,1,1,1,1,1,1,1,1,1,1
2025,Badulla,1,2,3,2,5,1,3,4,3,2,3,3,2,3,3,3,1,1,1,1,1,1,1,1,1,2,2,2,2,2,2,2,1,1,1,1,1,1,1,1,1,1,1,1,3,1,1,1,2,2,2,2,1,1,1,1,1,1,1,1,2,2,2,2,2,2,2,2,1,1,1,1,2,2,2,2,2,1,1,1,2,1,1,1,3,1,1,1,1,1,1,1,1,1,1,1,1,1,1,1,4,3,3,4,1,1,1,1,1,1,1,1,1,1,1,1,1,1,1,1,4,2,3,4,1,1,1,1,1,1,1,1,1,1,1,1,1,1,1,1,1,1,1,1,1,1,1,1,4,2,3,4,1,1,1,1,4,2,3,3,1,1,1,1,1,1,1,1,1,1,1,1
2026,Kurunegala,1,2,4,2,4,1,10,10,2,2,2,2,4,3,3,3,2,1,1,1,2,1,1,1,1,1,1,1,1,1,1,1,2,1,1,1,1,1,1,1,1,1,1,1,1,1,1,1,3,2,2,2,1,1,1,1,1,1,1,1,2,2,2,2,2,2,2,2,1,1,1,1,2,1,1,1,2,1,1,1,2,1,1,1,3,1,1,1,1,1,1,1,1,1,1,1,1,1,1,1,4,3,3,3,1,1,1,1,1,1,1,1,1,1,1,1,1,1,1,1,1,1,1,1,1,1,1,1,1,1,1,1,1,1,1,1,1,1,1,1,1,1,1,1,1,1,1,1,1,1,1,1,1,1,1,1,1,1,1,1,1,1,1,1,1,1,1,1,1,1,1,1
2027,Kurunegala,1,2,6,2,7,1,3,10,5,5,5,5,1,1,1,1,4,4,4,4,4,4,4,4,1,1,1,1,1,1,1,1,1,1,1,1,2,2,2,2,1,1,1,1,1,1,1,1,3,1,1,1,1,1,1,1,1,1,1,1,4,4,4,4,1,1,1,1,2,2,2,2,1,1,1,1,1,1,1,1,1,1,1,1,1,1,1,1,1,1,1,1,1,1,1,1,1,1,1,1,4,4,4,4,1,1,1,1,1,1,1,1,1,1,1,1,1,1,1,1,1,1,1,1,1,1,1,1,1,1,1,1,1,1,1,1,1,1,1,1,1,1,1,1,1,1,1,1,1,1,1,1,1,1,1,1,1,1,1,1,4,4,4,4,1,1,1,1,1,1,1,1
2028,Badulla,1,2,3,2,4,1,8,6,3,3,3,3,3,3,3,3,1,1,1,1,3,3,3,3,2,2,2,2,1,1,1,1,1,1,1,1,1,1,1,1,1,1,1,1,3,1,2,3,2,2,2,2,1,1,1,1,1,1,1,1,2,2,2,2,1,1,1,1,1,1,1,1,2,2,2,2,2,1,1,1,2,1,1,1,2,1,1,1,2,1,1,2,1,1,1,1,1,1,1,1,1,1,1,1,4,4,4,4,2,2,2,2,1,1,1,1,1,1,1,1,1,1,1,1,1,1,1,1,1,1,1,1,1,1,1,1,1,1,1,1,1,1,1,1,1,1,1,1,1,1,1,1,1,1,1,1,1,1,1,1,1,1,1,1,1,1,1,1,1,1,1,1
2029,Colombo,1,2,1,2,7,1,1,2,3,3,3,3,2,2,2,3,1,1,1,1,4,4,4,4,1,2,2,2,2,2,2,2,1,1,1,1,1,1,1,1,2,2,2,2,1,1,1,1,4,2,1,1,3,1,1,1,1,1,1,1,3,3,3,3,2,2,2,2,2,2,2,2,2,1,1,1,2,1,1,1,2,1,1,1,3,1,1,1,2,1,1,1,1,1,1,1,2,2,2,2,4,4,4,4,1,1,1,1,2,2,2,2,1,4,4,4,1,1,1,1,4,1,1,1,1,1,1,1,1,1,1,1,1,1,1,1,1,1,1,1,4,1,1,1,1,1,1,1,1,1,1,1,1,3,3,3,4,1,1,1,4,1,1,1,4,1,1,1,3,1,1,1
2030,Badulla,1,2,4,2,4,3,9,4,2,1,1,1,3,3,3,3,1,1,1,1,1,1,1,1,1,2,2,2,1,1,1,1,2,1,1,1,1,1,1,1,1,1,1,2,3,1,1,1,2,2,2,2,1,1,1,1,1,1,1,1,2,2,2,2,2,2,2,2,1,1,1,1,2,2,2,2,2,1,1,1,2,1,1,1,3,1,1,1,1,1,1,1,1,1,1,1,1,1,1,1,1,1,1,1,4,3,3,3,4,3,3,3,1,1,1,1,1,2,3,3,4,1,1,1,1,1,1,1,1,1,1,1,1,1,1,1,1,1,1,1,1,1,1,1,1,2,2,2,4,1,2,3,1,1,1,1,4,2,2,3,1,1,1,1,1,1,1,1,1,1,1,1
2033,Badulla,1,2,3,2,3,3,9,10,2,1,1,1,3,3,3,3,1,1,1,1,1,1,1,1,1,1,1,1,1,1,1,1,1,1,1,1,1,1,1,1,2,2,2,2,3,3,2,3,1,1,1,1,1,1,1,1,1,1,1,1,1,1,1,1,1,1,1,1,1,1,1,1,2,2,2,2,1,1,1,1,1,1,1,1,1,1,1,1,3,1,2,3,1,1,1,1,1,2,2,1,1,1,1,1,3,3,3,3,3,3,3,3,1,1,1,1,4,4,4,4,1,1,1,1,1,1,1,1,1,1,1,1,1,1,1,1,1,1,1,1,1,1,1,1,4,4,4,4,1,1,1,1,1,1,1,1,1,1,1,1,1,1,1,1,3,3,3,3,1,1,1,1
2035,Kandy,1,2,3,2,4,3,3,4,3,3,3,3,4,4,4,4,1,1,1,1,1,1,1,1,1,1,1,1,1,1,1,1,1,1,1,1,1,1,1,1,1,1,1,1,1,1,1,1,4,1,1,1,1,1,1,1,1,1,1,1,4,4,4,4,4,4,4,4,1,1,1,1,1,1,1,1,1,1,1,1,1,1,1,1,1,1,1,1,4,1,1,1,1,1,1,1,1,1,1,1,4,4,4,4,1,1,1,1,1,1,1,1,1,1,1,1,4,4,4,4,1,1,1,1,1,1,1,1,1,1,1,1,1,1,1,1,1,1,1,1,3,4,4,4,1,1,1,1,1,1,1,1,1,1,1,1,4,4,4,4,1,1,1,1,1,1,1,1,1,1,1,1
2037,Kandy,1,2,4,2,4,3,10,3,3,3,3,3,3,3,3,3,1,1,1,1,1,1,1,1,1,1,1,1,2,2,2,2,1,1,1,1,1,1,1,1,2,2,2,2,1,1,1,1,2,2,2,2,1,1,1,1,1,1,1,1,2,2,2,2,1,1,1,1,1,1,1,1,2,2,2,2,1,1,1,1,1,1,1,1,1,1,1,1,1,1,1,1,1,1,1,1,2,2,2,2,1,1,1,1,4,4,4,4,2,2,2,2,1,1,1,1,4,4,4,4,1,1,1,1,1,1,1,1,1,1,1,1,1,1,1,1,1,1,1,1,1,1,1,1,1,1,1,1,1,1,1,1,1,1,1,1,1,1,1,1,1,1,1,1,4,4,4,4,1,1,1,1
2038,Kurunegala,1,2,4,2,4,1,7,3,3,3,3,3,4,4,4,4,1,1,1,1,1,1,1,1,1,1,1,1,1,1,1,1,1,1,1,1,1,1,1,1,1,1,1,1,1,1,1,1,4,1,1,1,1,1,1,1,1,1,1,1,4,4,4,4,4,4,4,4,1,1,1,1,1,1,1,1,1,1,1,1,1,1,1,1,1,1,1,1,1,1,1,1,1,1,1,1,1,1,1,1,4,4,4,4,1,1,1,1,1,1,1,1,4,4,4,4,1,1,1,1,1,1,1,1,1,1,1,1,1,1,1,1,1,1,1,1,1,1,1,1,1,1,1,1,1,1,1,1,4,4,4,4,1,1,1,1,1,1,1,1,4,4,4,4,1,1,1,1,1,1,1,1
2040,Kandy,1,2,3,2,4,3,10,3,3,2,2,2,3,3,3,3,1,1,1,1,1,1,1,1,1,2,2,2,1,2,2,2,2,1,1,1,1,1,1,1,1,1,1,1,1,1,1,1,3,3,4,3,1,1,1,1,1,1,1,1,3,3,3,3,3,3,3,3,1,1,1,1,2,1,1,1,2,1,1,1,2,1,1,1,3,1,1,1,1,1,1,1,1,1,1,1,2,2,2,2,1,1,1,1,1,1,1,1,4,3,3,4,1,1,1,1,4,2,3,3,1,1,1,1,1,1,1,1,1,1,1,1,1,1,1,1,1,1,1,1,1,1,1,1,1,1,1,1,4,2,3,3,1,1,1,1,4,2,3,3,1,1,1,1,1,1,1,1,1,1,1,1
2041,Rathnapura,1,2,2,2,4,1,3,10,3,1,1,1,4,4,4,4,1,1,1,1,1,1,1,1,1,2,2,2,1,1,1,1,1,1,1,1,1,1,1,1,1,1,1,1,1,1,1,1,4,1,1,1,1,1,1,1,1,1,1,1,1,1,1,1,4,4,4,4,1,1,1,1,1,1,1,1,1,1,1,1,1,1,1,1,1,1,1,1,2,1,1,1,1,1,1,1,1,1,1,1,4,4,4,4,1,1,1,1,2,2,2,2,1,1,1,1,4,4,4,4,1,1,1,1,1,1,1,1,1,1,1,1,1,1,1,1,1,1,1,1,4,4,4,4,1,1,1,1,1,1,1,1,1,1,1,1,4,4,4,4,1,1,1,1,1,1,1,1,1,1,1,1
2042,Rathnapura,1,2,3,2,4,1,4,4,3,1,3,3,3,3,3,3,1,1,1,1,1,1,1,1,1,1,1,1,1,1,1,1,2,2,2,2,1,1,1,1,3,3,3,3,1,1,1,1,3,3,4,3,1,1,1,1,2,2,2,2,3,3,3,3,1,1,1,1,1,1,1,1,1,1,1,1,3,1,1,1,3,1,1,1,2,1,1,1,3,3,3,3,1,1,1,1,2,2,2,2,1,1,1,1,1,1,1,1,3,3,3,3,1,1,1,1,4,1,4,4,1,1,1,1,1,1,1,1,1,1,1,1,1,1,1,1,1,1,1,1,1,1,1,1,1,1,1,1,1,1,1,1,1,3,1,1,3,3,3,3,1,1,1,1,1,1,1,1,1,1,1,1
2043,Rathnapura,1,2,3,2,5,1,3,10,3,2,2,2,4,4,4,4,1,1,1,1,1,1,1,1,1,2,2,2,1,1,1,1,1,1,1,1,1,1,1,1,4,4,4,4,1,1,1,1,4,1,1,1,1,1,1,1,1,1,1,1,2,2,2,2,4,4,4,4,2,2,2,2,1,1,1,1,1,1,1,1,1,1,1,1,1,1,1,1,4,1,1,1,1,1,1,1,1,1,1,1,1,1,4,4,1,1,1,1,2,2,2,2,2,2,2,2,4,4,4,4,1,1,1,1,1,1,1,1,1,1,1,1,1,1,1,1,1,1,1,1,4,4,4,4,1,1,1,1,1,1,1,1,2,2,2,2,4,4,4,4,3,3,3,3,4,1,1,1,1,1,1,1
2044,Rathnapura,1,2,3,2,4,1,8,6,3,3,3,3,3,3,3,3,1,1,1,1,2,2,2,2,1,1,1,1,1,1,1,1,3,2,2,2,1,1,1,1,1,1,1,1,1,1,1,1,2,2,2,2,1,1,1,1,1,1,1,1,3,3,3,3,1,1,1,1,1,1,1,1,1,1,1,1,2,1,1,1,2,1,1,1,2,1,2,1,3,2,2,2,1,1,1,1,1,1,1,1,4,4,4,4,1,1,1,1,2,2,2,2,1,1,1,1,1,1,1,1,1,1,1,1,1,1,1,1,1,1,1,1,1,1,1,1,1,1,1,1,1,1,1,1,1,1,1,1,1,1,1,1,1,1,1,1,1,1,1,1,1,1,1,1,1,1,1,1,1,1,1,1
2047,Rathnapura,1,2,3,2,6,1,3,7,3,2,2,2,2,4,4,4,2,1,1,1,4,1,1,1,1,1,1,1,1,1,1,1,1,1,1,1,1,1,1,1,1,1,1,1,1,1,1,1,4,1,1,1,1,1,1,1,1,1,1,1,1,1,1,1,2,2,2,2,1,1,1,1,1,1,1,1,1,1,1,1,1,1,1,1,1,1,1,1,1,1,1,1,1,1,1,1,1,1,1,1,4,4,4,4,1,1,1,1,1,1,1,1,2,4,4,4,4,1,1,1,1,1,1,1,1,1,1,1,1,1,1,1,1,1,1,1,1,1,1,1,4,1,1,1,1,1,1,1,1,1,1,1,2,4,4,4,4,1,1,1,2,1,1,1,2,1,1,1,2,1,1,1
2053,Rathnapura,1,2,2,2,4,2,10,10,3,1,2,2,2,2,2,2,1,1,1,1,3,3,3,3,1,1,1,1,1,1,1,1,3,3,3,3,1,1,1,1,1,1,1,1,1,1,1,1,3,2,2,2,1,1,1,1,1,1,1,1,3,3,3,3,1,1,1,1,1,1,1,1,1,1,1,1,2,1,1,1,1,1,1,1,2,1,1,1,3,2,2,2,1,1,1,1,1,1,1,1,3,3,3,3,1,1,1,1,1,1,1,1,1,1,1,1,1,1,1,1,4,4,4,4,1,1,1,1,1,1,1,1,1,1,1,1,1,1,1,1,1,1,1,1,1,1,1,1,4,4,4,4,1,1,1,1,1,1,1,1,1,1,1,1,4,4,4,4,1,1,1,1
2055,Rathnapura,1,1,3,2,4,2,3,8,2,2,2,2,3,3,3,3,1,1,1,1,2,2,2,2,1,1,1,1,1,1,1,1,1,1,1,1,1,1,1,1,3,4,3,3,1,1,1,1,3,3,4,3,1,1,1,1,1,1,1,1,3,3,3,3,1,1,1,1,1,1,1,1,1,1,1,1,2,1,1,1,2,1,1,1,2,1,2,2,3,3,3,3,1,1,1,1,1,1,1,1,1,1,1,1,1,1,1,1,3,3,3,3,1,1,1,1,4,4,4,4,1,1,1,1,1,1,1,1,1,1,1,1,1,1,1,1,1,1,1,1,1,1,1,1,1,1,1,1,1,1,1,1,1,1,1,1,4,1,3,3,1,1,1,1,1,1,1,1,1,1,1,1
2056,Rathnapura,1,2,4,2,7,2,1,2,3,3,3,3,1,4,4,4,1,1,1,1,4,1,1,1,1,2,2,2,1,1,1,1,1,1,1,1,1,1,1,1,1,1,1,1,1,1,1,1,4,1,1,1,1,1,1,1,1,1,1,1,4,4,4,4,1,1,1,1,1,2,2,2,1,1,1,1,1,1,1,1,1,1,1,1,1,1,1,1,1,1,1,1,1,1,1,1,1,1,1,1,4,4,4,4,1,1,1,1,2,2,2,2,1,4,4,4,4,1,1,1,1,1,1,1,1,1,1,1,1,1,1,1,1,1,1,1,1,1,1,1,4,1,1,1,1,1,1,1,1,1,1,1,1,4,4,4,3,1,1,1,4,1,1,1,2,1,1,1,2,1,1,1
2058,Colombo,1,2,1,2,5,1,3,1,5,3,3,5,1,1,1,1,4,4,4,4,3,3,3,3,1,1,1,1,1,1,1,1,2,2,2,2,1,3,3,3,1,1,1,1,1,1,1,1,4,4,4,4,1,1,1,1,1,1,1,1,4,4,4,4,1,1,1,1,3,3,3,3,1,1,1,1,3,1,1,1,2,1,1,1,2,1,1,1,1,1,1,1,1,1,1,1,1,1,1,1,4,4,4,4,1,1,1,1,2,2,2,2,1,1,1,1,4,4,4,4,1,1,1,1,1,1,1,1,1,1,1,1,1,1,1,1,1,1,1,1,4,4,4,4,1,1,1,1,2,2,2,2,1,1,1,1,4,4,4,4,4,4,4,4,3,1,1,1,1,1,1,1
2059,Rathnapura,1,2,3,2,4,2,3,4,3,2,2,2,4,4,4,4,1,1,1,1,2,2,2,2,1,2,2,2,1,1,1,1,1,1,1,1,1,1,1,1,1,1,1,1,1,1,1,1,2,1,1,1,1,1,1,1,1,1,1,1,1,1,1,1,4,4,4,4,1,1,1,1,1,1,1,1,1,1,1,1,1,1,1,1,1,1,1,1,1,1,1,1,1,1,1,1,1,1,1,1,4,4,4,4,1,1,1,1,1,1,1,1,1,1,1,1,2,2,2,2,4,4,4,4,1,1,1,1,1,1,1,1,1,1,1,1,1,1,1,1,4,4,4,4,1,1,1,1,1,1,1,1,1,1,1,1,4,4,4,4,2,2,2,2,2,1,1,1,2,1,1,1
2060,Rathnapura,1,2,3,2,4,2,3,3,3,1,3,3,2,2,2,2,1,1,1,1,2,2,2,2,1,1,1,1,1,1,1,1,3,3,3,3,1,1,1,1,1,1,1,1,3,2,2,1,2,2,2,2,1,1,1,1,1,1,1,1,3,3,3,3,1,1,1,1,1,1,1,1,1,1,1,1,2,1,1,1,2,1,1,1,2,1,1,1,2,1,1,1,1,1,1,1,1,1,1,1,4,4,4,4,1,1,1,1,1,1,1,1,1,1,1,1,4,4,4,4,1,1,1,1,1,1,1,1,1,1,1,1,1,1,1,1,1,1,1,1,1,1,1,1,1,1,1,1,4,4,4,4,1,1,1,1,4,4,4,4,1,1,1,1,1,1,1,1,1,1,1,1
2061,Rathnapura,1,2,3,2,6,2,1,2,3,3,3,3,3,3,3,3,1,1,1,1,3,3,3,3,1,1,1,1,3,3,3,3,1,1,1,1,1,1,1,1,3,3,3,3,1,1,1,1,3,3,4,3,1,1,1,1,1,1,1,1,3,3,3,3,1,1,1,1,1,1,1,1,1,1,1,1,3,1,1,1,3,1,1,1,3,1,1,1,3,3,3,3,1,1,1,1,1,1,1,1,3,3,3,3,1,1,1,1,3,3,3,3,1,3,3,1,4,1,2,2,1,1,1,1,1,1,1,1,1,1,1,1,1,1,1,1,1,1,1,1,4,4,4,4,1,1,1,1,1,1,1,1,3,3,3,3,2,2,2,2,1,1,1,1,1,1,1,1,1,1,1,1
2065,Colombo,1,2,3,2,7,1,10,2,2,1,1,2,2,2,2,2,2,2,2,2,3,2,2,2,1,2,2,2,1,1,1,1,1,1,1,1,1,1,1,1,1,1,1,1,1,1,1,1,1,1,1,2,2,2,2,2,1,1,1,1,2,2,2,2,2,2,2,2,1,1,1,1,1,1,1,1,2,1,1,1,2,1,1,1,1,1,1,1,2,1,1,1,1,2,1,1,1,1,1,1,3,2,2,2,1,1,1,1,1,1,1,1,1,1,3,3,3,1,1,1,1,1,2,1,1,1,1,1,3,1,1,1,1,1,1,1,1,1,1,1,1,1,1,1,1,1,1,1,1,1,1,1,1,2,3,3,3,2,3,3,1,1,2,1,1,1,1,1,1,1,1,1
2067,Rathnapura,1,2,3,2,4,1,4,10,3,1,2,2,3,3,3,3,1,1,1,1,1,1,1,1,1,2,1,1,1,1,1,1,3,2,2,2,1,1,1,1,1,1,1,1,1,1,1,1,3,3,4,3,1,1,1,1,2,2,2,2,2,2,2,2,1,1,1,1,1,1,1,1,1,1,1,1,2,1,1,1,2,1,1,1,2,1,1,1,3,3,3,3,1,1,1,1,1,1,1,1,1,3,3,3,1,1,1,1,1,1,1,1,1,1,1,1,4,4,4,4,1,1,1,1,1,1,1,1,3,1,1,1,1,1,1,1,1,1,1,1,1,3,3,3,1,1,1,1,1,1,1,1,1,1,1,1,1,1,1,1,4,4,4,4,1,1,1,1,1,1,1,1
2069,Rathnapura,1,2,2,2,4,1,7,10,3,1,1,2,4,4,4,4,1,1,1,1,1,1,1,1,1,1,1,1,1,1,1,1,1,1,1,1,1,1,1,1,2,4,4,4,1,1,1,1,4,1,1,1,1,1,1,1,1,1,1,1,1,1,1,1,2,2,2,2,1,1,1,1,1,1,1,1,1,1,1,1,1,1,1,1,1,1,1,1,2,1,1,1,1,1,1,1,1,1,1,1,4,4,4,4,1,1,1,1,2,2,2,2,1,1,1,1,4,1,1,4,1,1,1,1,1,1,1,1,1,1,1,1,1,1,1,1,1,1,1,1,4,1,1,4,1,1,1,1,1,1,1,1,1,1,1,1,4,1,1,2,4,1,1,2,2,1,1,2,1,1,1,1
2072,Nuwera Eliya,1,2,2,2,4,2,10,3,2,1,1,1,2,1,2,2,1,1,1,1,1,1,1,1,2,1,1,2,1,1,1,1,2,1,1,1,1,1,1,1,1,1,1,1,2,1,1,1,1,1,1,1,1,1,1,1,1,1,1,1,1,1,1,1,1,1,1,1,1,1,1,1,2,1,2,2,1,1,1,1,1,1,1,1,1,1,1,1,1,1,1,1,1,1,1,1,1,1,1,1,1,1,1,1,1,1,1,1,2,1,2,2,2,4,1,1,1,1,1,1,2,1,1,1,1,1,1,2,2,1,1,2,1,1,1,1,1,1,1,1,1,1,1,1,1,1,1,1,4,1,2,1,1,1,1,1,4,1,2,2,1,1,1,1,1,1,1,1,1,1,1,1
2074,Colombo,3,2,5,1,4,1,7,10,2,1,1,1,3,3,3,3,3,2,2,2,3,2,3,3,1,2,2,1,1,3,3,3,2,2,2,2,1,1,1,1,3,3,3,3,2,2,2,2,3,3,4,3,1,1,1,1,1,1,1,1,1,1,1,1,1,1,1,1,1,1,1,1,2,2,2,2,1,1,1,1,1,1,1,1,1,1,1,1,2,2,2,2,1,1,1,1,3,3,3,3,1,1,1,1,1,1,1,1,3,3,3,3,1,1,1,1,4,4,4,4,1,1,1,1,1,1,1,1,3,1,3,3,1,3,1,1,1,1,1,1,1,1,1,1,1,1,1,1,4,4,1,1,1,3,3,1,3,1,1,3,1,1,1,1,1,1,1,1,1,1,1,1
2075,Rathnapura,1,2,3,2,4,1,2,7,3,2,2,3,3,3,3,3,1,1,1,1,3,2,2,2,1,1,1,1,1,1,1,1,1,2,2,2,1,1,1,1,1,1,1,1,1,1,1,1,3,3,4,3,1,1,1,1,1,1,1,1,2,2,2,2,1,1,1,1,1,1,1,1,1,1,1,1,2,1,1,1,2,1,1,1,2,1,1,1,3,3,3,3,1,1,1,1,1,2,2,2,3,3,3,3,1,1,1,1,1,1,1,1,1,1,1,1,4,4,4,4,1,1,1,1,1,1,1,1,3,3,3,3,1,1,1,1,1,1,1,1,1,1,1,1,1,1,1,1,1,1,1,1,1,1,1,1,1,1,1,1,1,1,1,1,1,1,1,1,4,4,4,4
2076,Rathnapura,1,2,2,2,5,1,10,10,3,1,1,1,1,1,1,1,1,1,1,1,4,4,4,4,1,2,2,2,1,1,1,1,1,1,1,1,1,1,1,1,1,1,1,1,1,1,1,1,4,1,1,1,1,1,1,1,1,1,1,1,2,2,2,2,2,2,2,2,1,1,1,1,1,1,1,1,1,1,1,1,1,1,1,1,1,1,1,1,4,1,1,1,1,1,1,1,1,1,1,1,4,4,4,4,1,1,1,1,2,2,2,2,1,1,1,1,4,1,1,1,1,1,1,1,1,1,1,1,1,1,1,1,1,1,1,1,1,1,1,1,4,1,1,1,1,1,1,1,1,1,1,1,4,1,1,1,4,1,1,1,2,1,1,1,2,1,1,1,1,1,1,1
2078,Nuwera Eliya,2,1,1,2,4,2,3,10,2,1,1,2,3,1,2,2,1,1,1,1,1,1,1,1,3,1,1,2,1,1,1,1,1,1,1,1,1,1,1,1,1,1,1,1,3,1,2,2,1,1,1,1,2,1,1,2,1,1,1,1,1,1,1,1,2,1,1,2,1,1,1,1,1,1,1,1,1,1,1,1,1,1,1,1,3,1,1,1,2,1,1,2,3,1,1,1,1,1,1,1,3,1,2,2,1,1,1,1,3,1,1,2,1,1,1,1,4,1,2,2,1,1,1,1,1,1,1,1,1,1,1,1,3,1,1,1,1,1,1,1,1,1,1,1,1,1,1,1,2,1,1,2,1,1,1,1,4,1,1,2,1,1,1,1,1,1,1,1,1,1,1,1
2080,Nuwera Eliya,1,2,3,2,4,2,1,9,2,2,2,2,4,3,3,2,4,3,1,1,4,3,3,1,2,2,2,1,1,1,1,1,2,2,2,1,1,1,1,1,2,1,1,1,3,2,2,1,2,2,2,1,2,1,1,1,1,1,1,1,2,2,2,2,2,2,2,2,1,1,1,1,2,2,2,2,1,1,1,1,1,1,1,1,1,1,1,1,4,1,4,2,1,1,1,1,1,1,1,1,1,1,1,1,1,1,1,1,1,1,1,3,1,1,1,1,4,4,4,2,1,1,1,1,1,1,1,1,4,4,4,2,1,1,1,1,1,1,1,1,1,1,1,1,1,1,1,1,1,1,1,3,1,1,1,1,4,4,4,3,1,1,1,1,1,1,1,1,1,1,1,1
2081,Rathnapura,1,2,2,2,4,1,3,8,3,2,3,3,2,2,2,2,1,1,1,1,3,3,3,3,1,1,1,1,1,1,1,1,1,1,1,1,1,1,1,1,1,1,1,1,1,1,1,1,3,3,4,3,1,1,1,1,1,1,1,1,3,3,3,3,1,1,1,1,1,2,2,2,1,1,1,1,2,1,1,1,2,1,1,1,2,1,2,1,2,1,1,1,1,1,1,1,2,2,2,2,3,3,3,3,1,1,1,1,1,1,1,1,1,1,1,1,4,4,4,4,1,1,1,1,1,1,1,1,1,1,1,1,1,1,1,1,1,1,1,1,4,4,4,4,1,1,1,1,1,1,1,1,1,1,1,1,1,1,1,1,4,4,4,4,2,2,2,2,1,1,1,1
2082,Kurunegala,1,2,5,2,3,1,9,10,2,1,2,2,4,3,3,4,1,1,1,1,1,1,1,1,1,1,1,1,1,1,1,1,1,1,1,1,1,1,1,1,1,1,1,1,1,1,1,1,2,1,1,1,1,1,1,1,1,1,1,1,1,1,1,1,1,1,1,1,1,1,1,1,1,1,1,1,1,1,1,1,1,1,1,1,1,1,1,1,2,1,2,2,1,1,1,1,1,1,1,1,1,1,1,1,1,1,1,1,3,2,3,3,1,1,1,1,4,4,4,4,1,1,1,1,1,1,1,1,1,1,1,1,1,1,1,1,1,1,1,1,1,1,1,1,1,1,1,1,4,2,2,3,1,1,1,1,1,1,1,1,1,1,1,1,4,1,2,3,1,1,1,1
2087,Kurunegala,1,2,2,2,1,2,1,10,2,2,2,2,4,4,4,4,1,1,1,1,1,1,1,1,1,1,1,1,1,1,1,1,1,1,1,1,1,1,1,1,2,2,2,2,1,1,1,1,3,3,4,3,1,1,1,1,1,1,1,1,1,1,1,1,1,1,1,1,1,1,1,1,2,2,2,2,1,1,1,1,1,1,1,1,1,1,1,1,3,1,1,3,1,1,1,1,2,2,2,2,1,1,1,1,1,1,1,1,3,3,3,3,1,1,1,1,4,4,4,4,1,1,1,1,1,1,1,1,1,1,1,1,1,1,1,1,1,1,1,1,1,1,1,1,3,3,4,3,3,3,3,3,1,1,1,1,4,4,4,4,1,1,1,1,1,1,1,1,1,1,1,1
2088,Nuwera Eliya,2,1,3,4,1,2,4,9,1,1,1,1,2,2,2,2,1,1,1,1,2,1,1,1,2,2,2,2,1,1,1,1,2,1,1,2,1,1,1,1,2,1,1,1,1,1,1,1,2,1,1,1,2,1,1,1,2,1,1,1,1,1,1,1,1,1,1,1,1,1,1,1,3,1,1,1,1,1,1,1,2,1,1,1,2,1,1,1,2,2,1,2,1,1,1,1,1,1,1,1,1,1,1,1,1,1,1,1,3,3,3,3,1,1,1,1,1,1,1,1,1,1,1,1,1,1,1,1,1,1,1,1,1,1,1,1,1,1,1,1,1,1,1,1,1,1,1,1,1,1,1,1,1,1,1,1,1,1,1,1,1,1,1,1,1,1,1,1,1,1,1,1
2091,Nuwera Eliya,1,2,2,2,4,2,1,7,3,2,2,2,4,3,3,1,4,3,3,2,4,3,3,2,2,2,2,1,1,1,1,1,2,2,2,1,1,1,1,1,2,1,1,1,4,4,4,1,2,2,1,1,3,3,3,1,1,1,1,1,3,3,3,1,2,2,2,2,2,2,1,1,2,2,2,2,1,1,1,1,2,2,1,1,1,1,1,1,4,4,4,2,1,1,1,1,1,1,1,1,4,4,4,1,1,1,1,1,1,1,1,1,1,1,1,1,4,4,4,1,1,1,1,1,1,1,1,1,4,3,2,1,1,1,1,1,1,1,1,1,4,4,4,1,1,1,1,1,1,1,1,1,1,1,1,1,4,4,4,1,1,1,1,1,1,1,1,1,1,1,1,1
2093,Kurunegala,1,2,4,2,3,2,8,10,2,2,2,2,3,3,3,3,1,1,1,1,1,1,1,1,1,2,2,2,1,1,1,1,1,1,1,1,1,1,1,1,1,1,1,1,1,1,1,1,1,1,1,1,4,4,4,4,1,1,1,1,1,1,1,1,1,1,1,1,1,1,1,1,2,2,2,2,1,1,1,1,1,1,1,1,2,1,1,1,3,1,1,3,1,1,1,1,1,1,1,1,1,1,1,1,3,3,3,3,3,3,3,3,1,1,1,1,1,1,1,1,1,1,1,1,1,1,1,1,1,1,1,1,1,1,1,1,1,1,1,1,1,1,1,1,1,1,1,1,1,1,1,1,1,1,1,1,1,1,1,1,1,1,1,1,1,1,1,1,1,1,1,1
2094,Rathnapura,1,2,3,2,4,1,10,10,2,1,2,2,2,2,2,2,1,1,1,1,3,3,3,3,1,1,1,1,1,1,1,1,1,1,1,1,1,1,1,1,1,1,1,1,1,1,1,1,2,2,2,2,1,1,1,1,3,3,3,3,3,3,3,3,1,1,1,1,1,1,1,1,1,1,1,1,2,1,1,1,2,1,1,1,2,1,1,1,3,2,2,2,1,1,1,1,1,1,1,1,3,4,3,3,1,1,1,1,1,1,1,1,1,1,1,1,4,4,4,4,1,1,1,1,1,1,1,1,1,1,1,1,1,1,1,1,1,1,1,1,1,1,1,1,1,1,1,1,1,1,1,2,1,1,1,1,1,1,1,1,3,3,3,3,2,2,2,2,1,1,1,1
2095,Kurunegala,1,2,2,2,4,2,1,7,2,2,2,2,4,3,3,3,1,1,1,1,1,1,1,1,1,1,1,1,1,1,1,1,1,1,1,1,1,1,1,1,1,1,1,1,1,1,1,1,2,2,2,2,1,1,1,1,1,1,1,1,1,1,1,1,1,1,1,1,1,1,1,1,1,1,1,1,1,1,1,1,1,1,1,1,3,1,1,2,2,1,1,1,1,1,1,1,1,1,1,1,1,1,1,1,1,1,1,1,4,3,3,3,1,1,1,1,4,2,3,3,1,1,1,1,1,1,1,1,1,1,1,1,1,1,1,1,1,1,1,1,1,1,1,1,1,1,1,1,4,2,3,3,1,1,1,1,4,2,3,3,1,1,1,1,1,1,1,1,1,1,1,1
2096,Nuwera Eliya,1,2,2,2,4,2,10,3,2,1,1,1,2,1,2,2,1,1,1,1,1,1,1,1,2,1,2,2,1,1,1,1,2,1,1,1,1,1,1,1,1,1,1,1,1,1,1,1,1,1,1,1,1,1,1,1,1,1,1,1,1,1,1,1,1,1,1,1,1,1,1,1,2,1,1,2,1,1,1,1,1,1,1,1,1,1,1,1,1,1,1,2,1,1,1,1,1,1,1,1,1,1,1,1,1,1,1,1,2,1,2,2,1,1,1,1,2,1,2,2,1,1,1,1,1,1,1,1,4,1,2,2,1,1,1,1,1,1,1,1,1,1,1,1,1,1,1,1,1,1,1,1,1,1,1,1,4,1,2,2,1,1,1,1,1,1,1,1,1,1,1,1
2098,Nuwera Eliya,2,1,2,2,4,2,4,9,2,2,2,2,2,2,2,2,2,1,1,1,2,2,2,2,1,1,1,1,1,1,1,1,2,1,1,1,1,1,1,1,1,1,1,1,2,2,2,2,1,1,1,1,2,1,2,2,1,1,1,1,1,1,1,1,1,1,1,1,1,1,1,1,2,2,1,2,1,1,1,1,2,1,1,1,2,1,1,1,2,2,2,2,1,1,1,1,2,1,2,1,1,1,1,1,1,1,1,1,3,3,3,3,1,1,1,1,1,1,1,1,1,1,1,1,1,1,1,1,1,1,1,1,1,1,1,1,1,1,1,1,1,1,1,1,1,1,1,1,1,1,1,1,1,1,1,1,1,1,1,1,1,1,1,1,1,1,1,1,1,1,1,1
2100,Nuwera Eliya,2,1,2,2,5,2,3,3,3,3,2,2,3,3,2,2,4,3,2,2,2,2,1,2,2,2,2,2,1,1,1,1,2,2,1,1,1,1,1,1,2,2,1,1,2,2,2,2,2,2,2,1,2,2,2,1,1,1,1,1,1,1,1,1,1,1,1,1,1,1,1,1,2,2,1,1,1,1,1,1,2,1,1,1,2,1,1,1,3,2,2,1,1,1,1,1,1,1,1,1,1,1,1,1,1,1,1,1,2,2,2,1,1,1,1,1,3,2,2,2,1,1,1,1,1,1,1,1,3,2,2,1,1,1,1,1,1,1,1,1,1,1,1,1,1,1,1,1,2,2,2,2,1,1,1,1,4,2,2,1,1,1,1,1,1,1,1,1,1,1,1,1
2101,Rathnapura,2,1,4,2,4,1,10,10,3,1,1,1,3,2,2,2,1,1,1,1,1,1,1,1,1,1,1,1,1,1,1,1,1,1,1,1,1,1,1,1,1,1,1,1,1,1,1,1,2,1,1,1,1,1,1,1,1,1,1,1,2,2,2,2,2,2,2,2,1,1,1,1,1,1,1,1,2,1,1,1,2,1,1,1,1,1,1,1,3,1,1,1,1,1,1,1,2,1,1,1,3,2,2,2,1,1,1,1,3,2,1,2,1,1,1,1,3,1,1,1,1,1,1,1,1,1,1,1,1,1,1,1,1,1,1,1,1,1,1,1,3,1,1,1,2,1,1,1,2,1,1,1,1,1,1,1,3,1,1,1,1,1,1,1,1,1,1,1,1,1,1,1
2102,Nuwera Eliya,1,2,4,2,4,2,9,9,2,2,2,2,2,2,2,2,1,1,1,1,2,2,2,2,1,1,1,1,1,1,1,1,2,1,1,1,1,1,1,1,1,1,1,1,2,2,2,2,2,1,1,1,2,2,2,2,1,1,1,1,2,1,1,1,2,2,2,2,1,1,1,1,2,1,1,1,2,1,1,1,2,1,1,1,2,1,1,1,2,2,2,2,1,1,1,1,2,1,1,1,1,1,1,1,1,1,1,1,3,3,3,3,1,1,1,1,1,1,1,1,1,1,1,1,1,1,1,1,1,1,1,1,1,1,1,1,1,1,1,1,1,1,1,1,1,1,1,1,1,1,1,1,1,1,1,1,1,1,1,1,1,1,1,1,1,1,1,1,1,1,1,1
2104,Gampaha,1,2,2,2,4,1,9,10,3,1,1,1,2,2,2,2,2,2,2,2,2,2,2,2,1,2,2,2,1,1,1,1,1,1,1,1,1,2,1,1,1,1,1,1,1,1,1,1,2,1,1,1,1,1,1,1,1,1,1,1,2,1,1,1,2,2,2,2,1,1,1,1,1,1,1,1,2,1,1,1,2,1,1,1,1,1,1,1,3,1,1,1,1,1,1,1,2,1,1,2,1,1,1,1,3,1,1,1,2,2,1,2,1,1,1,1,3,1,1,2,1,1,1,1,1,1,1,1,1,1,1,1,1,1,1,1,1,1,1,1,1,1,1,1,2,1,1,1,2,1,1,2,1,1,1,1,2,1,1,1,2,1,1,1,2,1,1,1,1,1,1,1
2106,Nuwera Eliya,1,2,3,2,4,2,9,9,1,1,1,1,2,2,2,2,2,1,1,1,2,1,1,1,2,2,2,1,1,1,1,1,2,1,1,1,1,1,1,1,1,1,1,1,2,2,2,2,1,1,1,1,2,1,1,1,1,1,1,1,1,1,1,1,1,1,1,1,1,1,1,1,2,1,2,1,1,1,1,1,2,1,1,1,2,1,1,1,2,2,2,2,1,1,1,1,2,1,1,1,3,2,2,2,1,1,1,1,2,2,2,2,1,1,1,1,1,1,1,1,1,1,1,1,1,1,1,1,1,1,1,1,1,1,1,1,1,1,1,1,1,1,1,1,1,1,1,1,1,1,1,1,1,1,1,1,1,1,1,1,1,1,1,1,1,1,1,1,1,1,1,1
2110,Colombo,2,1,4,3,1,3,9,10,1,1,1,1,2,1,1,1,1,1,1,1,1,1,1,1,2,2,2,2,1,1,1,1,2,1,1,1,1,1,1,1,1,1,1,1,2,1,1,1,1,1,1,1,1,1,1,1,1,1,1,1,2,1,1,1,2,1,1,1,1,1,1,1,2,1,1,1,1,1,1,1,2,1,1,1,1,1,1,1,2,2,2,2,2,2,2,2,2,1,1,1,1,1,1,1,1,1,1,1,3,3,3,3,1,1,1,1,1,1,1,1,1,1,1,1,1,1,1,1,1,1,1,1,1,1,1,1,1,1,1,1,1,1,1,1,1,1,1,1,1,1,1,1,1,1,1,1,1,1,1,1,1,1,1,1,1,1,1,1,1,1,1,1
2113,Kandy,1,2,2,2,6,1,1,6,5,5,5,5,1,1,1,1,3,3,3,3,1,1,1,1,1,1,1,1,1,1,1,1,1,1,1,1,3,3,3,3,1,1,1,1,1,1,1,1,1,1,1,1,1,1,1,1,1,1,1,1,3,3,3,3,3,3,3,3,3,3,3,3,1,1,1,1,1,1,1,1,1,1,1,1,1,1,1,1,1,1,1,1,4,4,4,4,1,1,1,1,1,1,1,1,1,1,1,1,1,1,1,1,1,2,1,1,1,1,1,1,1,1,1,1,3,3,3,3,1,1,1,1,3,3,3,3,1,1,1,1,1,1,1,1,1,1,1,1,1,1,1,1,1,1,1,1,1,1,1,1,4,4,4,4,1,1,1,1,1,1,1,1
2114,Gampaha,1,2,3,2,4,1,3,10,2,1,1,1,4,3,3,3,2,2,2,2,1,1,1,1,2,2,2,2,2,2,2,2,2,2,2,2,1,1,1,1,1,1,1,1,2,1,1,1,2,1,1,1,1,1,1,1,1,1,1,1,3,3,3,3,3,3,3,3,1,1,1,1,2,1,1,1,2,1,1,1,2,1,1,1,2,1,1,1,1,1,1,1,1,1,1,1,1,1,1,1,1,1,1,1,1,1,1,1,3,3,3,3,1,1,1,1,4,4,4,4,1,1,1,1,1,1,1,1,1,1,1,1,2,4,4,4,1,1,1,1,1,1,1,1,1,1,1,1,1,1,1,1,1,1,1,1,3,3,3,3,2,1,2,2,1,1,1,1,1,1,1,1
2115,Gampaha,1,2,3,2,4,1,1,1,3,3,3,3,3,3,3,3,1,1,1,1,1,1,1,1,1,1,1,1,1,1,1,1,1,1,1,1,1,1,1,1,1,1,1,1,1,1,1,1,1,1,1,1,2,2,2,2,1,1,1,1,3,3,3,3,3,3,3,3,1,1,1,1,1,1,1,1,1,1,1,1,1,1,1,1,1,1,1,1,4,1,3,3,1,1,1,1,1,1,1,1,1,1,1,1,1,1,1,1,1,1,1,1,1,1,1,1,4,4,4,4,1,1,1,1,1,1,1,1,4,4,4,4,1,1,1,1,1,1,1,1,1,1,1,1,1,1,1,1,1,1,1,1,1,1,1,1,1,1,1,1,3,3,3,3,2,2,2,2,1,1,1,1
2116,Gampaha,1,2,3,2,4,1,3,6,3,3,3,3,4,4,4,4,1,1,1,1,1,1,1,1,1,1,1,1,1,1,1,1,1,1,1,1,1,1,1,1,1,1,1,1,1,1,1,1,1,1,1,1,3,3,3,3,1,1,1,1,1,1,1,1,1,1,1,1,1,1,1,1,1,1,1,1,2,1,1,1,2,1,1,1,1,1,1,1,3,1,3,2,1,1,1,1,1,1,1,1,2,3,1,2,1,1,1,1,1,2,1,2,1,1,1,1,4,4,4,4,1,1,1,1,1,1,1,1,4,1,4,2,1,1,1,1,1,2,1,2,1,1,1,1,1,2,1,2,1,2,1,1,1,1,1,1,3,3,3,3,2,2,2,2,1,1,1,1,1,1,1,1
2118,Kurunegala,1,2,2,2,5,3,3,10,3,3,3,3,4,4,4,4,1,1,1,1,1,1,1,1,1,1,1,1,1,1,1,1,4,4,4,4,1,1,1,1,1,1,1,1,1,1,1,1,1,1,1,1,1,1,1,1,1,1,1,1,4,4,4,4,3,3,3,3,1,1,1,1,1,1,1,1,1,1,1,1,1,1,1,1,1,1,1,1,1,1,1,1,1,1,1,1,1,1,1,1,4,4,4,4,1,1,1,1,1,1,1,1,1,1,1,1,4,4,4,4,1,1,1,1,1,1,1,1,1,1,1,1,1,1,1,1,1,1,1,1,4,4,4,4,1,1,1,1,1,1,1,1,1,1,1,1,4,4,4,4,1,1,1,1,1,1,1,1,1,1,1,1
2120,Kurunegala,1,2,2,2,7,3,1,2,5,5,5,5,4,3,3,4,1,1,1,1,1,1,1,1,1,2,2,1,1,1,1,1,1,1,1,1,1,1,1,1,1,1,1,1,1,1,1,1,4,1,2,3,1,1,1,1,1,1,1,1,3,3,3,3,1,1,1,1,2,3,4,4,1,1,1,1,2,1,1,1,1,1,1,1,2,1,1,1,1,1,1,1,1,1,1,1,1,1,1,1,4,4,4,4,1,1,1,1,1,1,1,1,1,4,3,3,4,1,3,3,1,1,1,1,1,1,1,1,1,1,1,1,1,1,1,1,1,1,1,1,4,1,3,3,1,1,1,1,1,1,1,1,1,4,4,2,1,1,1,1,4,1,1,3,1,1,1,1,1,1,1,1
2122,Kurunegala,1,2,3,2,4,3,10,3,3,1,2,2,4,3,3,3,1,1,1,1,1,1,1,1,1,1,1,1,1,1,1,1,1,1,1,1,1,1,1,1,1,1,1,1,1,1,1,1,2,2,2,2,1,1,1,1,1,1,1,1,1,1,1,1,1,1,1,1,1,1,1,1,2,1,1,1,2,1,1,1,2,1,1,1,2,1,1,1,2,1,1,1,1,1,1,1,3,3,3,3,1,1,1,1,1,1,1,1,1,1,1,1,4,2,3,3,1,1,1,1,1,1,1,1,1,1,1,1,1,1,1,1,1,1,1,1,1,1,1,1,1,1,1,1,1,1,1,1,1,1,1,1,1,1,1,1,1,1,1,1,1,1,1,1,1,1,1,1,1,1,1,1
2123,Gampaha,1,2,3,2,4,1,10,4,2,1,1,1,4,4,4,4,1,1,1,1,1,1,1,1,1,1,1,1,1,1,1,1,1,1,1,1,1,1,1,1,1,1,1,1,1,1,1,1,2,1,1,1,2,2,2,2,1,1,1,1,2,2,2,2,2,2,2,2,1,1,1,1,1,1,1,1,1,1,1,1,1,1,1,1,2,1,1,1,4,1,4,3,1,1,1,1,1,1,1,1,3,3,3,3,1,1,1,1,1,1,1,1,1,1,1,1,4,4,4,4,1,1,1,1,1,1,1,1,3,1,3,3,1,1,1,1,1,1,1,1,1,1,1,1,1,1,1,1,1,1,1,1,1,1,1,1,3,1,3,3,3,1,3,3,2,1,2,1,2,1,2,1
2127,Kurunegala,1,2,5,2,5,3,3,3,3,1,2,2,4,4,3,3,1,1,1,1,1,1,1,1,1,2,1,2,1,1,1,1,1,1,1,1,1,1,1,1,1,1,1,1,1,1,1,1,4,1,2,3,1,1,1,1,1,1,1,1,1,1,1,1,1,1,1,1,1,1,1,1,1,1,1,1,1,1,1,1,1,1,1,1,1,1,1,1,1,1,1,1,1,1,1,1,1,1,1,1,1,1,1,1,1,1,1,1,4,2,3,4,1,1,1,1,4,1,2,3,1,1,1,1,1,1,1,1,1,1,1,1,1,1,1,1,1,1,1,1,1,1,1,1,1,1,1,1,4,1,2,3,1,1,1,1,1,1,1,1,4,1,3,3,1,1,1,1,1,1,1,1
2129,Nuwera Eliya,2,1,2,2,1,2,4,9,2,1,1,1,3,1,2,2,1,1,1,1,1,1,1,1,1,2,2,1,1,1,1,1,1,1,1,1,1,1,1,1,1,1,1,1,1,1,1,1,1,1,1,1,2,1,1,2,1,1,1,1,1,1,1,1,2,1,2,2,1,1,1,1,1,1,1,1,1,1,1,1,1,1,1,1,3,1,1,2,3,1,1,2,1,1,1,1,3,1,2,2,1,1,1,1,1,1,1,1,4,1,2,2,1,1,1,1,4,1,2,2,1,1,1,1,1,1,1,1,1,1,1,1,1,1,1,1,1,1,1,1,1,1,1,1,1,1,1,1,4,2,3,3,1,1,1,1,4,1,3,3,1,1,1,1,1,1,1,1,1,1,1,1
2131,Nuwera Eliya,3,1,3,1,4,2,3,2,2,1,1,1,1,1,1,1,2,1,1,1,2,1,1,1,2,2,2,2,1,1,1,1,2,1,1,1,1,1,1,1,1,1,1,1,2,1,1,2,2,2,1,1,2,1,1,1,1,1,1,1,2,2,2,2,2,1,1,2,1,1,1,1,2,2,2,2,2,1,1,1,2,1,1,1,2,1,1,1,3,2,2,2,1,1,1,1,2,2,2,1,1,1,1,1,1,1,1,1,3,3,3,3,2,2,2,2,3,2,2,2,1,1,1,1,1,1,1,1,1,1,1,1,1,1,1,1,1,1,1,1,1,1,1,1,1,1,1,1,1,1,1,1,1,1,1,1,1,1,1,1,1,1,1,1,1,1,1,1,1,1,1,1
2133,Gampaha,1,2,2,2,4,3,9,10,2,1,1,2,4,4,4,4,1,1,1,1,1,1,1,1,1,1,1,1,1,1,1,1,1,1,1,1,1,1,1,1,1,1,1,1,1,1,1,1,2,1,1,1,4,4,4,4,1,1,1,1,1,1,1,1,1,1,1,1,1,1,1,1,1,1,1,1,1,1,1,1,1,1,1,1,2,1,2,2,3,1,3,3,1,1,1,1,2,1,1,1,1,1,1,1,1,1,1,1,2,2,2,2,1,1,1,1,4,2,4,4,1,1,1,1,1,1,1,1,3,2,3,3,1,1,1,1,1,1,1,1,1,1,1,1,1,1,1,1,2,2,2,2,1,1,1,1,1,1,1,1,3,2,3,3,2,1,2,2,1,1,1,1
2139,Kandy,1,2,2,2,4,2,10,10,2,1,1,1,1,1,1,1,1,1,1,1,3,3,3,3,1,3,3,2,1,1,1,1,1,1,1,1,1,1,1,1,1,1,1,1,1,1,1,1,2,2,2,2,1,1,1,1,1,1,1,1,2,2,3,2,1,1,1,1,1,1,1,1,1,1,1,1,1,1,1,1,1,1,1,1,1,1,1,1,1,1,1,1,1,1,1,1,4,4,4,4,1,1,1,1,1,1,1,1,3,4,3,3,1,1,1,1,1,1,1,1,1,1,1,1,4,1,2,4,4,4,4,4,1,1,1,1,1,1,1,1,1,1,1,1,1,1,1,1,1,1,1,1,1,1,1,1,4,1,3,4,1,1,1,1,1,1,1,1,1,1,1,1
2141,Kurunegala,1,2,2,2,4,3,10,10,3,2,2,2,3,3,3,3,1,1,1,1,2,2,2,2,2,2,2,2,1,1,1,1,1,1,1,1,1,1,1,1,2,2,2,2,1,1,1,1,2,2,2,2,1,1,1,1,1,1,1,1,2,2,2,2,1,1,1,1,1,1,1,1,2,2,2,2,1,1,1,1,1,1,1,1,1,1,1,1,2,1,1,2,1,1,1,1,1,1,1,1,3,3,3,3,2,2,2,2,2,2,2,2,1,1,1,1,4,4,4,4,1,1,1,1,1,1,1,1,1,1,1,1,1,1,1,1,1,1,1,1,1,1,1,1,1,1,1,1,1,1,1,1,1,1,1,1,3,3,3,3,1,1,1,1,1,1,1,1,1,1,1,1
2142,Kandy,1,2,4,2,4,2,10,10,2,1,1,1,3,3,3,3,1,1,1,1,1,1,1,1,1,1,1,1,1,1,1,1,1,1,1,1,1,1,1,1,1,1,1,1,1,1,1,1,3,3,4,3,1,1,1,1,1,1,1,1,3,3,3,3,1,1,1,1,1,1,1,1,1,1,1,1,1,1,1,1,1,1,1,1,1,1,1,1,1,1,1,1,1,1,1,1,2,2,2,2,1,1,1,1,1,1,1,1,4,4,4,4,1,1,1,1,1,1,1,1,1,1,1,1,3,3,3,3,4,1,4,4,1,1,1,1,1,1,1,1,1,1,1,1,1,1,1,1,1,1,1,1,1,1,1,1,3,3,3,3,1,1,1,1,1,1,1,1,1,1,1,1
2143,Kandy,1,2,4,2,4,2,10,10,2,1,1,1,3,3,3,3,1,1,1,1,1,1,1,1,2,2,2,2,1,1,1,1,1,1,1,1,1,1,1,1,1,1,1,1,1,1,1,1,3,3,4,3,1,1,1,1,1,1,1,1,3,2,2,3,1,1,1,1,1,1,1,1,1,1,1,1,1,1,1,1,1,1,1,1,1,1,1,1,1,1,1,1,1,1,1,1,3,3,3,3,1,1,1,1,1,1,1,1,3,3,3,3,1,1,1,1,3,3,3,3,1,1,1,1,1,1,1,1,1,1,1,1,4,3,3,3,1,1,1,1,1,1,1,1,1,1,1,1,3,3,3,3,1,1,1,1,4,4,4,4,1,1,1,1,1,1,1,1,1,1,1,1
2145,Kandy,1,2,3,3,3,2,10,10,3,3,3,3,3,3,3,3,1,1,1,1,3,3,3,3,1,2,2,2,1,1,1,1,1,1,1,1,1,1,1,1,1,1,1,1,1,1,1,1,3,3,4,3,1,1,1,1,1,1,1,1,3,3,3,3,1,1,1,1,1,1,1,1,1,1,1,1,1,1,1,1,1,1,1,1,1,1,1,1,1,1,1,1,1,1,1,1,1,1,1,1,4,4,4,4,1,1,1,1,3,3,3,3,1,1,1,1,3,4,3,3,4,4,4,4,1,1,1,1,1,1,1,1,4,4,4,4,1,1,1,1,3,3,3,3,4,4,4,4,1,1,1,1,2,2,2,2,1,1,1,1,1,1,1,1,1,1,1,1,1,1,1,1
2146,Gampaha,1,2,3,2,5,1,3,3,3,1,1,1,4,4,4,4,1,1,1,1,1,1,1,1,1,2,2,1,1,1,1,1,1,1,1,1,1,1,1,1,1,1,1,1,1,1,1,1,1,1,1,1,3,3,3,3,1,1,1,1,1,1,1,1,1,1,1,1,1,1,1,1,1,1,1,1,1,1,1,1,1,1,1,1,2,1,1,1,4,1,4,4,1,1,1,1,2,3,2,2,1,1,1,1,1,1,1,1,2,2,2,2,1,1,1,1,4,4,4,4,1,1,1,1,1,1,1,1,4,2,4,4,1,1,1,1,1,2,1,1,1,1,1,1,1,1,1,1,1,1,1,1,1,1,1,1,4,4,4,4,2,2,2,2,1,1,1,1,1,1,1,1
2147,Nuwera Eliya,2,1,4,2,3,2,5,10,2,1,1,1,3,1,2,2,1,1,1,1,1,1,1,1,1,2,2,2,1,1,1,1,1,1,1,1,1,1,1,1,1,1,1,1,1,1,1,1,1,1,1,1,2,1,1,1,1,1,1,1,1,1,1,1,2,1,1,2,1,1,1,1,1,1,1,1,1,1,1,1,1,1,1,1,4,1,2,3,3,1,1,2,1,1,1,1,2,1,2,2,1,1,1,1,1,1,1,1,4,2,2,2,1,1,1,1,4,1,1,1,1,1,1,1,1,1,1,1,2,1,1,1,1,1,1,1,2,1,2,2,1,1,1,1,1,1,1,1,3,1,2,2,1,1,1,1,4,1,1,1,1,1,1,1,1,1,1,1,1,1,1,1
2149,Kandy,1,2,5,2,4,1,3,4,3,2,2,2,1,1,1,1,1,1,1,1,3,3,3,3,1,2,2,2,1,1,1,1,1,1,1,1,1,1,1,1,1,1,1,1,1,1,1,1,4,1,1,1,1,1,1,1,1,1,1,1,1,3,3,3,1,1,1,1,1,1,1,1,1,1,1,1,1,1,1,1,1,1,1,1,1,1,1,1,4,1,1,1,1,1,1,1,1,2,2,2,3,3,3,3,1,1,1,1,1,1,1,1,1,1,1,1,4,4,4,4,1,1,1,1,1,1,1,1,1,1,1,1,1,1,1,1,1,1,1,1,4,4,4,4,1,1,1,1,1,1,1,1,1,1,1,1,1,1,1,1,4,4,4,4,1,1,1,1,1,1,1,1
2151,Kaluthara,1,2,3,2,3,3,10,10,3,1,1,1,3,3,3,3,1,1,1,1,2,2,2,2,1,2,2,2,1,1,1,1,3,3,3,3,1,1,1,1,1,1,1,1,1,1,1,1,1,1,1,1,3,3,3,3,1,1,1,1,1,1,1,1,1,1,1,1,1,1,1,1,1,1,1,1,1,1,1,1,1,1,1,1,3,1,1,1,2,1,2,2,1,1,1,1,1,1,1,1,4,4,4,4,1,1,1,1,2,2,2,2,1,1,1,1,4,4,4,4,1,1,1,1,1,1,1,1,1,1,1,1,1,1,1,1,1,1,1,1,3,3,3,3,1,1,1,1,1,1,1,1,1,1,1,1,1,1,1,1,4,4,4,4,2,1,2,2,2,2,2,2
2153,Puttalam,1,1,4,2,1,3,9,10,2,1,1,1,3,1,2,2,1,1,1,1,1,1,1,1,2,1,1,2,1,1,1,1,1,1,1,1,1,1,1,1,1,1,1,1,3,1,1,2,1,1,1,1,2,1,1,2,1,1,1,1,1,1,1,1,2,1,1,1,1,1,1,1,1,1,1,1,1,1,1,1,1,1,1,1,3,1,1,2,2,1,1,2,1,1,1,1,2,1,1,2,3,1,2,2,1,1,1,1,1,1,1,1,1,1,1,1,4,1,2,2,1,1,1,1,1,1,1,1,2,1,1,2,1,1,1,1,2,1,1,2,2,1,1,2,1,1,1,1,4,1,2,3,1,1,1,1,4,1,2,2,1,1,1,1,1,1,1,1,1,1,1,1
2154,Kurunegala,1,2,5,2,5,3,10,3,2,2,2,2,3,3,3,3,1,1,1,1,1,1,1,1,1,1,1,1,1,1,1,1,1,1,1,1,1,1,1,1,2,2,2,2,1,1,1,1,2,2,2,2,1,1,1,1,1,1,1,1,1,1,1,1,1,1,1,1,1,1,1,1,2,2,2,2,2,1,1,1,2,1,1,1,2,1,1,1,3,1,1,3,1,1,1,1,1,1,1,1,1,1,1,1,3,3,3,3,2,2,2,2,1,1,1,1,4,4,4,4,1,1,1,1,1,1,1,1,1,1,1,1,1,1,1,1,1,1,1,1,3,3,3,3,1,1,1,1,1,1,1,1,1,1,1,1,1,1,1,1,1,1,1,1,4,4,4,4,1,1,1,1
2155,Kandy,1,2,3,2,4,1,3,3,3,2,2,2,1,1,1,1,1,1,1,1,3,3,3,3,1,1,1,1,1,1,1,1,1,1,1,1,1,1,1,1,1,1,1,1,1,1,1,1,3,1,1,1,1,1,1,1,1,1,1,1,4,4,4,4,1,1,1,1,1,1,1,1,1,1,1,1,1,1,1,1,1,1,1,3,3,1,1,1,3,1,1,1,1,1,1,1,2,2,2,2,4,4,4,4,1,1,1,1,1,1,1,1,1,1,1,1,4,4,4,4,1,1,1,1,1,1,1,1,1,1,1,1,1,1,1,1,1,1,1,1,4,4,4,4,1,1,1,1,1,1,1,1,1,1,1,1,1,1,1,1,4,4,4,4,1,1,1,1,1,1,1,1
2157,Kaluthara,1,2,2,2,3,3,10,10,3,1,2,2,4,4,4,4,1,1,1,1,1,1,1,1,1,1,1,1,1,1,1,1,1,1,1,1,1,1,1,1,1,1,1,1,1,1,1,1,1,1,1,1,3,3,3,3,1,1,1,1,1,1,1,1,1,1,1,1,1,1,1,1,1,1,1,1,1,1,1,1,1,1,1,1,3,1,1,1,2,1,1,1,1,1,1,1,3,3,3,3,1,1,1,1,1,1,1,1,2,2,2,2,1,1,1,1,3,3,3,3,1,1,1,1,1,1,1,1,1,1,1,1,1,1,1,1,1,1,1,1,1,1,1,1,1,1,1,1,4,4,4,4,1,1,1,1,1,1,1,1,4,4,4,4,1,1,1,1,1,1,1,1
2158,Colombo,1,2,2,1,5,1,10,4,3,3,3,3,4,4,4,4,2,1,1,1,2,2,2,2,1,1,1,1,3,3,3,3,1,1,1,1,1,1,1,1,2,2,2,2,1,1,1,1,4,1,1,3,1,1,1,1,1,1,1,1,4,4,4,4,2,2,2,2,1,1,1,1,1,1,1,1,1,1,1,2,1,1,1,1,1,1,1,1,2,1,1,1,1,1,1,1,1,1,1,1,4,4,4,4,1,1,1,1,2,2,2,2,4,4,4,4,4,4,4,4,1,1,1,1,1,1,1,1,1,1,1,1,1,1,1,1,1,1,1,1,1,1,1,1,1,1,1,1,1,1,1,1,3,4,4,4,3,2,2,2,2,2,2,2,1,1,1,1,1,1,1,1
2162,Matale,1,2,3,2,4,3,10,4,2,1,1,2,3,3,3,3,1,1,1,1,2,2,2,2,1,2,2,2,1,1,1,1,1,1,1,1,1,1,1,1,1,1,1,1,1,1,1,1,1,1,1,1,1,1,1,1,1,1,1,1,1,1,1,1,1,1,1,1,1,1,1,1,2,2,2,2,2,1,1,1,2,1,1,1,2,1,1,1,3,1,1,3,1,1,1,1,2,3,3,1,1,1,1,1,1,1,1,1,4,4,4,4,4,4,4,4,1,1,1,1,1,1,1,1,1,1,1,1,1,1,1,1,1,1,1,1,1,1,1,1,1,1,1,1,1,1,1,1,4,4,4,4,1,1,1,1,4,4,4,4,1,1,1,1,1,1,1,1,1,1,1,1
2164,Matale,1,2,5,2,4,1,1,6,3,3,3,3,4,4,4,4,1,1,1,1,1,1,1,1,1,1,1,1,1,1,1,1,4,4,4,4,1,1,1,1,1,1,1,1,1,1,1,1,1,1,1,1,1,1,1,1,1,1,1,1,4,4,4,4,1,1,1,1,1,1,1,1,1,1,1,1,1,1,1,1,1,1,1,1,1,1,1,1,3,1,1,1,1,1,1,1,1,1,1,1,4,4,4,4,1,1,1,1,1,1,1,1,1,1,1,1,1,1,1,1,1,1,1,1,1,1,1,1,1,1,1,1,1,1,1,1,1,1,1,1,1,1,1,1,1,1,1,1,1,1,1,1,1,1,1,1,1,1,1,1,1,1,1,1,1,1,1,1,1,1,1,1
2165,Kaluthara,1,2,3,2,4,1,10,10,3,2,2,2,4,4,4,4,1,1,1,1,1,1,1,1,1,2,2,1,1,1,1,1,1,1,1,1,1,1,1,1,1,1,1,1,1,1,1,1,2,2,2,2,1,1,1,1,1,1,1,1,3,3,3,3,1,1,1,1,1,1,1,1,1,1,1,1,1,1,1,1,1,1,1,1,2,1,1,1,3,2,3,3,1,1,1,1,1,1,1,1,3,3,3,3,1,1,1,1,2,2,2,2,1,1,1,1,4,4,4,4,1,1,1,1,1,1,1,1,4,4,4,4,1,1,1,1,1,1,1,1,1,1,1,1,1,1,1,1,1,1,1,1,1,1,1,1,1,1,1,1,1,1,1,1,4,4,4,4,1,1,1,1
2166,Kaluthara,1,2,2,2,4,1,1,10,3,3,3,3,1,2,2,2,1,1,1,1,3,3,3,3,1,1,1,1,1,1,1,1,1,1,1,1,1,1,1,1,1,1,1,1,1,1,1,1,2,2,2,2,1,1,1,1,1,1,1,1,3,3,3,3,1,1,1,1,1,1,1,1,1,1,1,1,3,1,1,1,3,1,1,1,2,1,1,1,3,1,1,1,1,1,1,1,1,1,1,1,3,3,3,3,1,1,1,1,1,1,1,1,1,1,1,1,4,4,4,4,1,1,1,1,1,1,1,1,1,1,1,1,1,1,1,1,1,1,1,1,4,4,4,4,1,1,2,1,1,1,1,1,1,1,1,1,1,1,1,1,4,4,4,4,1,1,1,1,1,1,1,1
2168,Matale,1,2,4,2,3,2,4,9,2,1,1,2,4,3,2,3,1,1,1,1,1,1,1,1,1,2,2,1,1,1,1,1,1,1,1,1,1,1,1,1,1,1,1,1,1,1,1,1,2,1,1,1,1,1,1,1,1,1,1,1,1,1,1,1,1,1,1,1,1,1,1,1,4,1,2,3,1,1,1,1,1,1,1,1,1,1,1,1,4,1,2,3,1,1,1,1,1,1,1,1,1,1,1,1,1,1,1,1,1,1,1,1,1,1,1,1,4,1,2,3,1,1,1,1,1,1,1,1,1,1,1,1,1,1,1,1,1,1,1,1,1,1,1,1,1,1,1,1,4,1,2,3,1,1,1,1,4,1,2,3,1,1,1,1,1,1,1,1,1,1,1,1
2171,Colombo,1,2,1,2,4,1,9,10,3,1,1,2,4,4,4,4,1,1,1,1,1,1,1,1,1,1,1,1,1,1,1,1,1,1,1,1,1,1,1,1,1,1,1,1,1,1,1,1,2,2,2,2,1,1,1,1,1,1,1,1,2,1,1,2,3,3,3,3,1,1,1,1,1,1,1,1,2,1,1,1,2,1,1,1,1,1,1,1,3,1,1,1,1,1,1,1,1,2,2,2,3,3,3,3,1,1,1,1,1,1,1,1,1,1,1,1,4,4,4,4,1,1,1,1,1,1,1,1,1,1,1,1,1,1,1,1,1,1,1,1,4,4,4,4,1,1,1,1,1,1,1,1,1,1,1,1,1,1,1,1,3,3,3,3,2,2,2,2,1,1,1,1
2172,Kaluthara,1,2,2,2,4,1,3,10,3,1,2,2,4,4,4,4,1,1,1,1,1,1,1,1,1,1,1,1,1,1,1,1,2,2,2,1,1,1,1,1,1,1,1,1,1,1,1,1,2,2,2,2,1,1,1,1,1,1,1,1,1,1,1,1,3,3,3,3,1,1,1,1,1,1,1,1,1,1,1,1,1,1,1,1,2,1,1,1,3,2,3,3,1,1,1,1,1,2,1,1,1,1,1,1,1,1,1,1,2,2,2,2,1,1,1,1,1,1,1,1,3,3,3,3,1,1,1,1,2,1,2,2,1,1,1,1,1,1,1,1,1,1,1,1,1,1,1,1,3,3,3,3,1,1,1,1,1,1,1,1,2,2,2,2,1,1,1,1,3,3,3,3
2173,Kurunegala,1,1,5,3,5,1,10,3,3,3,3,3,1,1,1,1,1,1,1,1,4,4,4,4,1,2,1,1,1,1,1,1,1,1,1,1,1,1,1,1,2,2,2,2,2,1,2,2,1,1,1,1,3,3,3,3,1,1,1,1,4,4,4,4,1,1,1,1,2,2,2,2,2,2,2,2,2,1,1,1,2,1,1,1,2,1,1,1,2,1,1,3,1,1,1,1,1,1,1,1,1,1,1,1,3,3,3,3,2,2,3,2,1,1,1,1,3,3,3,3,1,1,1,1,1,1,1,1,1,1,1,1,1,1,1,1,1,1,1,1,1,1,1,1,1,1,1,1,1,1,1,1,1,1,1,1,4,4,4,4,1,1,1,1,1,1,1,1,1,1,1,1
2176,Colombo,1,2,3,2,4,1,10,10,2,1,1,2,1,1,1,1,1,1,1,1,1,1,1,1,1,1,1,1,1,1,1,1,3,2,2,2,1,1,1,1,1,1,1,1,1,1,1,1,1,1,1,1,1,1,1,1,4,4,4,4,1,1,1,1,1,1,1,1,1,1,1,1,1,1,1,1,2,1,1,1,2,1,1,1,2,1,2,1,3,1,2,2,1,1,1,1,2,3,2,2,1,1,1,1,1,1,1,1,2,2,2,2,4,4,4,4,1,1,1,1,1,1,1,1,1,1,1,1,1,1,1,1,1,1,1,1,1,1,1,1,1,1,1,1,1,1,1,1,1,1,1,1,1,1,1,1,1,1,1,1,1,1,1,1,1,1,1,1,1,1,1,1
2177,Kurunegala,1,2,4,2,4,1,3,9,5,5,5,5,4,3,3,4,1,1,1,1,1,1,1,1,1,1,1,1,3,4,4,4,1,1,1,1,1,1,1,1,1,1,1,1,1,1,1,1,3,2,2,3,1,1,1,1,1,1,1,1,3,4,4,4,1,1,1,1,2,3,4,4,1,1,1,1,3,1,1,1,1,1,1,1,4,1,1,1,4,1,2,3,1,1,1,1,1,1,1,1,1,1,1,1,1,1,1,1,1,1,1,1,1,4,4,2,4,3,3,3,1,1,1,1,1,1,1,1,4,1,1,3,1,1,1,1,1,1,1,1,1,1,1,1,4,3,3,4,1,1,1,1,1,4,4,3,4,3,3,3,4,1,1,3,1,1,1,1,1,1,1,1
2179,Colombo,1,1,2,2,4,1,10,10,3,1,2,2,3,3,3,3,1,1,1,1,1,1,1,1,1,2,1,2,1,1,1,1,2,2,1,2,1,1,1,1,1,1,1,1,1,1,1,1,3,2,2,2,1,1,1,1,1,1,1,1,2,3,3,3,1,1,1,1,1,1,1,1,1,1,1,1,2,1,1,1,2,1,1,1,2,1,1,1,1,1,1,1,1,1,1,1,2,3,2,2,3,3,3,3,1,1,1,1,2,2,2,2,1,1,1,1,4,4,4,4,1,1,1,1,1,1,1,1,1,1,1,1,1,1,1,1,1,1,1,1,4,4,4,4,1,1,1,1,1,1,1,1,1,1,1,1,1,1,1,1,1,1,1,1,1,1,1,1,4,4,4,4
2180,Kurunegala,1,2,3,2,4,1,7,4,3,3,3,3,4,4,4,4,1,1,1,1,1,1,1,1,2,2,2,2,1,1,1,1,1,1,1,1,1,1,1,1,1,1,1,1,1,1,1,1,1,1,1,1,1,1,1,1,1,1,1,1,4,4,4,4,1,1,1,1,1,1,1,1,1,1,1,1,1,1,1,1,1,1,1,1,1,1,1,1,4,1,1,1,1,1,1,1,1,1,1,1,4,4,4,4,1,1,1,1,1,1,1,1,1,1,1,1,4,4,4,4,1,1,1,1,1,1,1,1,1,1,1,1,1,1,1,1,1,1,1,1,4,4,4,4,1,1,1,1,1,1,1,1,1,1,1,1,4,4,4,4,1,1,1,1,1,1,1,1,1,1,1,1
2181,Nuwera Eliya,3,2,2,2,4,2,3,7,2,1,1,2,2,1,1,1,2,1,1,1,2,2,2,2,2,2,2,2,2,1,1,1,2,1,1,2,1,1,1,1,1,1,1,1,2,2,2,2,2,2,2,2,1,1,1,1,1,1,1,1,2,2,2,2,2,2,2,2,1,1,1,1,2,1,1,2,2,1,1,1,2,1,1,1,2,1,1,1,2,1,1,2,1,1,1,1,2,2,1,2,1,1,1,1,1,1,1,1,3,2,2,2,1,1,1,1,1,1,1,1,1,1,1,1,1,1,1,1,1,1,1,1,1,1,1,1,1,1,1,1,1,1,1,1,1,1,1,1,1,1,1,1,1,1,1,1,1,1,1,1,1,1,1,1,1,1,1,1,1,1,1,1
2184,Kurunegala,1,2,4,2,4,1,10,9,2,1,1,1,3,3,3,3,1,1,1,1,1,1,1,1,1,3,3,3,2,2,2,2,2,2,2,2,1,1,1,1,1,1,1,1,3,1,1,1,2,2,2,2,1,1,1,1,3,3,3,3,1,1,1,1,1,1,1,1,1,1,1,1,2,2,2,2,2,1,1,1,2,1,1,1,3,1,1,1,1,1,1,1,1,1,1,1,1,1,1,1,4,3,3,3,1,1,1,1,3,3,3,3,4,2,3,3,1,1,1,1,1,1,1,1,1,1,1,1,1,1,1,1,1,1,1,1,1,1,1,1,1,1,1,1,1,1,1,1,1,1,1,1,1,1,1,1,1,1,1,1,1,1,1,1,1,1,1,1,1,1,1,1
2186,Kurunegala,1,2,5,2,5,1,1,6,3,3,3,3,4,4,4,4,1,1,1,1,1,1,1,1,2,2,2,2,1,1,1,1,4,4,4,4,1,1,1,1,1,1,1,1,1,1,1,1,4,4,4,4,1,1,1,1,1,1,1,1,3,4,4,4,4,4,4,4,1,1,1,1,1,1,1,1,1,1,1,1,1,1,1,1,1,1,1,1,1,1,1,1,1,1,1,1,1,1,1,1,1,1,1,1,1,1,1,1,1,1,1,1,1,1,1,1,1,1,1,1,1,1,1,1,1,1,1,1,1,1,1,1,1,1,1,1,1,1,1,1,1,1,1,1,1,1,1,1,1,1,1,1,1,1,1,1,1,1,1,1,1,1,1,1,1,1,1,1,1,1,1,1
2190,Kurunegala,1,2,6,2,4,1,8,1,2,2,2,2,3,3,3,3,1,1,1,1,1,1,1,1,1,1,1,1,1,1,1,1,1,1,1,1,1,1,1,1,1,1,1,1,1,1,1,1,1,1,1,1,1,1,1,1,1,1,1,1,1,1,1,1,1,1,1,1,1,1,1,1,2,1,1,1,2,1,1,1,2,1,1,1,3,1,1,1,2,1,1,1,1,1,1,1,1,1,1,1,4,1,1,1,1,1,1,1,4,3,3,3,1,1,1,1,4,1,1,1,1,1,1,1,1,1,1,1,1,1,1,1,1,1,1,1,1,1,1,1,1,1,1,1,1,1,1,1,1,1,1,1,1,1,1,1,1,1,1,1,1,1,1,1,1,1,1,1,1,1,1,1
2194,Puttalam,1,2,3,2,5,1,10,3,3,3,3,2,4,4,4,4,1,1,1,1,1,1,1,1,2,2,2,2,3,3,3,3,1,1,1,1,1,1,1,1,1,1,1,1,1,1,1,1,4,1,1,1,1,1,1,1,1,1,1,1,4,3,4,4,1,1,1,1,1,1,1,1,1,1,1,1,1,1,1,1,1,1,1,1,1,1,1,1,4,1,1,1,1,1,1,1,1,1,1,1,3,3,3,3,1,1,1,1,1,1,1,1,1,1,1,1,4,4,3,4,1,1,1,1,1,1,1,1,1,1,1,1,1,1,1,1,1,1,1,1,4,4,4,4,1,1,1,1,1,1,1,1,1,1,1,1,4,4,4,4,1,1,1,1,2,2,2,2,1,1,1,1
2196,Galle,1,2,3,2,4,3,10,10,2,1,1,2,4,4,4,4,1,1,1,1,1,1,1,1,1,2,1,1,1,1,1,1,2,2,2,2,1,1,1,1,1,1,1,1,1,1,1,1,2,2,2,2,1,1,1,1,2,2,2,2,1,1,1,1,2,2,2,2,1,1,1,1,1,1,1,1,1,1,1,1,1,1,1,1,3,1,1,1,2,1,2,1,1,1,1,1,1,1,1,1,4,4,4,4,1,1,1,1,1,1,1,1,1,1,1,1,4,4,4,4,1,1,1,1,1,1,1,1,1,1,1,1,1,1,1,1,1,1,1,1,1,1,1,1,1,1,1,1,1,1,1,1,1,1,1,1,1,1,1,1,1,1,1,1,1,1,1,1,4,4,4,4
2197,Colombo,1,2,4,2,1,2,9,9,3,1,1,2,4,4,4,4,1,1,1,1,1,1,1,1,1,1,1,1,1,1,1,1,1,1,1,1,1,1,1,1,1,1,1,1,1,1,1,1,2,2,2,2,1,1,1,1,1,1,1,1,1,1,1,1,1,1,1,1,1,1,1,1,2,2,2,2,1,1,1,1,1,1,1,1,1,1,1,1,4,4,4,4,1,1,1,1,2,2,2,2,1,1,1,1,1,1,1,1,3,3,3,3,1,1,1,1,4,4,4,4,1,1,1,1,1,1,1,1,3,3,3,3,1,1,1,1,1,1,1,1,1,1,1,1,1,1,1,1,3,3,3,3,1,1,1,1,4,4,4,4,3,3,3,3,1,1,1,1,1,1,1,1
2198,Anuradhapura,1,2,3,2,4,1,3,3,2,2,3,3,1,1,1,1,1,1,1,1,3,3,3,3,2,2,2,2,1,2,2,2,1,1,1,1,1,1,1,1,1,1,1,1,2,1,1,2,2,2,2,2,1,1,1,1,1,1,1,1,2,2,2,2,1,1,1,1,1,1,1,1,2,2,2,2,1,1,1,1,1,1,1,1,1,1,1,1,3,1,1,3,1,1,1,1,1,1,1,1,1,1,1,1,4,4,4,4,2,2,2,2,1,1,1,1,4,4,4,4,1,1,1,1,1,1,1,1,1,1,1,1,1,1,1,1,1,1,1,1,1,1,1,1,1,1,1,1,1,1,1,1,1,1,1,1,1,1,1,1,4,4,4,4,1,1,1,1,1,1,1,1
2199,Anuradhapura,1,2,2,2,4,1,3,4,3,1,2,2,3,4,3,3,1,1,1,1,3,1,1,2,2,3,2,2,1,1,1,1,1,1,1,1,1,1,1,1,1,1,1,1,1,1,1,1,2,1,1,1,1,1,1,1,1,1,1,1,3,2,2,2,1,1,1,1,1,1,1,1,2,3,3,3,1,1,1,1,1,1,1,1,2,1,1,1,4,1,3,4,1,1,1,1,1,1,1,1,1,1,1,1,1,1,1,1,1,1,1,1,1,1,1,1,4,1,2,3,1,1,1,1,1,1,1,1,1,1,1,1,4,1,2,3,1,1,1,1,1,1,1,1,1,1,1,1,1,1,1,1,1,1,1,1,1,1,1,1,4,1,3,3,1,1,1,1,1,1,1,1
2201,Colombo,1,2,2,2,4,2,10,3,3,2,2,3,3,3,3,3,1,1,1,1,2,2,2,2,1,2,1,1,1,1,1,1,1,1,1,1,1,1,1,1,1,1,1,1,1,1,1,1,3,3,4,3,1,1,1,1,1,1,1,1,3,3,3,3,1,1,1,1,1,1,1,1,1,1,1,1,2,1,1,1,2,1,1,1,2,1,1,1,2,1,1,1,1,1,1,1,1,1,1,1,3,3,3,3,1,1,1,1,1,1,1,1,1,1,1,1,4,4,4,4,1,1,1,1,1,1,1,1,1,1,1,1,4,4,4,4,1,1,1,1,1,1,1,1,1,1,1,1,1,1,1,1,1,1,1,1,1,1,1,1,1,1,1,1,1,1,1,1,4,4,4,4
2202,Anuradhapura,1,2,3,2,4,1,1,7,3,2,2,3,4,3,4,4,1,1,1,1,1,1,1,1,1,3,2,2,1,1,1,1,1,1,1,1,1,1,1,1,1,1,1,1,1,1,1,1,3,1,2,2,1,1,1,1,1,1,1,1,3,4,4,4,1,1,1,1,1,1,1,1,1,1,1,1,1,1,1,1,1,1,1,1,3,1,1,1,3,1,3,3,1,1,1,1,1,1,1,1,2,2,2,2,1,1,1,1,1,1,1,1,1,1,1,1,4,1,3,4,1,1,1,1,1,1,1,1,4,1,3,4,1,1,1,1,1,1,1,1,1,1,1,1,1,1,1,1,1,1,1,1,1,1,1,1,4,1,3,4,1,1,1,1,1,1,1,1,1,1,1,1
2204,Anuradhapura,1,2,3,2,4,3,1,6,3,3,3,3,4,4,4,4,1,1,1,1,1,1,1,1,2,3,2,2,1,1,1,1,1,1,1,1,1,1,1,1,1,1,1,1,1,1,1,1,2,1,2,2,1,1,1,1,1,1,1,1,2,3,2,2,1,1,1,1,1,1,1,1,1,1,1,1,1,1,1,1,1,1,1,1,3,1,1,1,3,1,1,2,1,1,1,1,4,3,2,2,1,1,1,1,1,1,1,1,1,1,1,1,1,1,1,1,4,4,4,4,1,1,1,1,1,1,1,1,1,1,1,1,1,1,1,1,1,1,1,1,4,4,4,4,1,1,1,1,1,1,1,1,1,1,1,1,4,4,4,4,1,1,1,1,1,1,1,1,1,1,1,1
2205,Colombo,1,2,1,2,4,2,3,4,3,2,2,2,4,4,4,4,1,1,1,1,1,1,1,1,1,1,1,1,1,1,1,1,1,1,1,1,1,1,1,1,1,1,1,1,2,1,1,1,2,1,1,1,1,1,1,1,1,1,1,1,3,4,4,4,1,1,1,1,1,1,1,1,2,2,2,2,1,1,1,1,2,1,1,1,3,1,1,1,4,3,3,3,1,1,1,1,1,2,2,2,1,1,1,1,1,1,1,1,1,3,3,3,1,1,1,1,4,4,4,4,1,1,1,1,1,1,1,1,4,1,1,1,1,1,1,1,1,2,2,2,1,1,1,1,1,1,1,1,2,2,2,2,1,1,1,1,4,4,4,4,1,1,1,1,1,1,1,1,1,1,1,1
2209,Polonnaruwa,1,2,2,2,4,3,3,9,3,2,3,3,4,3,4,4,1,1,1,1,1,1,1,1,2,3,2,2,1,1,1,1,1,1,1,1,1,1,1,1,1,1,1,1,2,1,1,1,2,1,1,1,1,1,1,1,1,1,1,1,1,1,1,1,1,1,1,1,1,1,1,1,1,1,1,1,1,1,1,1,1,1,1,1,4,1,1,1,1,1,1,1,1,1,1,1,1,1,1,1,4,4,4,4,1,1,1,1,1,1,1,1,1,1,1,1,4,4,4,4,1,1,1,1,1,1,1,1,1,1,1,1,1,1,1,1,1,1,1,1,1,4,4,4,1,1,1,1,3,1,1,1,1,1,1,1,4,4,4,4,1,1,1,1,1,1,1,1,1,1,1,1
2210,Polonnaruwa,1,2,1,2,4,3,3,4,3,1,2,2,4,3,4,4,1,1,1,1,1,1,1,1,2,3,2,2,1,1,1,1,1,1,1,1,1,1,1,1,1,1,1,1,1,1,1,1,3,2,2,3,1,1,1,1,1,1,1,1,3,4,3,3,1,1,1,1,2,2,3,3,1,1,1,1,1,1,1,1,1,1,1,1,3,1,1,1,1,1,1,1,1,1,1,1,1,1,1,1,1,1,1,1,1,1,1,1,1,1,1,1,1,1,1,1,4,2,3,4,1,1,1,1,1,1,1,1,1,1,1,1,1,1,1,1,1,1,1,1,1,1,1,1,1,1,1,1,1,1,1,1,1,1,1,1,1,1,1,1,4,1,2,3,1,1,1,1,1,1,1,1
2212,Polonnaruwa,1,2,3,2,4,3,3,9,3,1,2,2,4,3,4,4,1,1,1,1,1,1,1,1,2,3,2,2,1,1,1,1,1,1,1,1,1,1,1,1,1,1,1,1,1,1,1,1,3,2,2,2,1,1,1,1,1,1,1,1,1,1,1,1,1,1,1,1,1,1,1,1,1,1,1,1,1,1,1,1,1,1,1,1,4,1,1,1,2,1,1,2,1,1,1,1,1,1,1,1,4,4,4,4,1,1,1,1,1,1,1,1,1,1,1,1,4,4,4,4,1,1,1,1,1,1,1,1,1,1,1,1,1,1,1,1,1,1,1,1,4,4,4,4,1,1,1,1,1,1,1,1,1,1,1,1,4,4,4,4,1,1,1,1,1,1,1,1,1,1,1,1
2213,Nuwera Eliya,1,2,6,2,1,2,10,10,3,2,2,2,2,1,1,1,2,4,1,1,1,1,1,1,2,2,2,2,1,1,1,1,2,1,1,1,1,1,1,1,1,1,1,2,2,2,2,2,2,1,1,1,2,1,1,1,1,1,1,1,2,1,1,1,2,1,1,1,1,1,1,1,2,1,1,1,2,1,1,1,2,1,1,1,2,1,1,1,2,1,1,1,1,1,1,1,1,1,1,1,1,1,1,1,1,1,1,1,1,1,1,1,1,1,1,1,1,1,1,1,1,1,1,1,1,1,1,1,1,1,1,1,1,1,1,1,1,1,1,1,1,1,1,1,1,1,1,1,1,1,1,1,1,1,1,1,1,1,1,1,1,1,1,1,1,1,1,1,1,1,1,1
2214,Nuwera Eliya,2,1,4,2,3,2,4,10,1,1,1,1,2,1,1,2,1,1,1,1,1,1,1,1,1,2,2,1,1,1,1,1,1,1,1,1,1,1,1,1,1,1,1,1,1,1,1,1,1,1,1,1,1,1,1,1,1,1,1,1,1,1,1,1,1,1,1,1,1,1,1,1,2,1,2,2,1,1,1,1,1,1,1,1,1,1,1,1,2,1,1,2,1,1,1,1,1,1,2,1,1,1,1,1,1,1,1,1,2,1,1,2,1,1,1,1,4,4,4,4,1,1,1,1,1,1,1,1,1,1,1,1,1,1,1,1,1,1,1,1,1,1,1,1,1,1,1,1,4,4,4,4,1,1,1,1,4,4,4,4,1,1,1,1,1,1,1,1,1,1,1,1
2216,Kurunegala,1,2,4,2,3,1,3,3,2,1,2,2,4,3,4,4,1,1,1,1,1,1,1,1,1,2,2,2,1,1,1,1,1,1,1,1,1,1,1,1,1,1,1,1,1,1,1,1,3,1,2,2,1,1,1,1,1,1,1,1,1,1,1,1,1,1,1,1,1,1,1,1,1,1,1,1,2,1,1,1,1,1,1,1,2,1,1,1,1,1,1,1,1,1,1,1,1,1,1,1,4,4,4,4,1,1,1,1,1,1,1,1,1,1,1,1,4,4,4,4,1,1,1,1,1,1,1,1,1,1,1,1,1,1,1,1,1,1,1,1,1,1,1,1,1,1,1,1,1,1,1,1,1,1,1,1,1,1,1,1,4,1,2,3,1,1,1,1,1,1,1,1
2217,Kurunegala,1,2,2,2,5,1,3,3,3,3,2,2,4,4,4,4,1,1,1,1,1,1,1,1,1,1,1,1,1,1,1,1,4,4,4,4,1,1,1,1,1,1,1,1,1,1,1,1,2,1,1,1,1,1,1,1,1,1,1,1,4,4,4,4,3,3,3,3,1,1,1,1,1,1,1,1,1,1,1,1,1,1,1,1,1,1,1,1,4,1,1,1,1,1,1,1,1,1,1,1,4,4,4,4,1,1,1,1,1,1,1,1,1,1,1,1,4,4,4,4,1,1,1,1,1,1,1,1,1,1,1,1,1,1,1,1,1,1,1,1,4,4,4,4,1,1,1,1,1,1,1,1,1,1,1,1,4,4,4,4,1,1,1,1,1,1,1,1,1,1,1,1
2220,Monaragala,1,2,5,2,3,1,3,9,3,1,2,2,4,3,4,4,1,1,1,1,1,1,1,1,1,1,1,1,1,1,1,1,1,1,1,1,1,1,1,1,1,1,1,1,1,1,1,1,1,1,1,1,1,1,1,1,3,1,2,2,1,1,1,1,1,1,1,1,1,1,1,1,3,3,3,3,1,1,1,1,1,1,1,1,3,1,1,1,4,1,4,4,1,1,1,1,1,1,1,1,1,1,1,1,1,1,1,1,1,1,1,1,1,1,1,1,4,1,3,4,1,1,1,1,1,1,1,1,1,1,1,1,1,1,1,1,1,1,1,1,1,1,1,1,4,1,3,4,1,1,1,1,1,1,1,1,1,1,1,1,4,4,4,4,1,1,1,1,1,1,1,1
2221,Badulla,1,2,2,2,4,1,3,10,2,1,2,2,4,3,4,4,1,1,1,1,1,1,1,1,1,1,1,1,1,1,1,1,1,1,1,1,1,1,1,1,1,1,1,1,1,1,1,1,1,1,1,1,1,1,1,1,3,1,2,2,1,1,1,1,1,1,1,1,1,1,1,1,4,3,4,4,1,1,1,1,1,1,1,1,3,1,1,1,4,1,3,4,1,1,1,1,1,1,1,1,1,1,1,1,1,1,1,1,1,1,1,1,4,4,4,4,1,1,1,1,1,1,1,1,1,1,1,1,1,1,1,1,1,1,1,1,1,1,1,1,1,1,1,1,1,1,1,1,4,4,4,4,1,1,1,1,4,4,4,4,1,1,1,1,1,1,1,1,1,1,1,1
2224,Rathnapura,1,2,2,2,4,1,10,10,2,1,2,2,1,3,3,3,1,1,1,1,3,1,1,1,1,2,1,1,1,1,1,1,1,1,1,1,1,1,1,1,1,1,1,1,3,1,1,1,3,3,4,3,1,1,1,1,3,3,3,3,1,1,1,1,1,1,1,1,1,1,1,1,1,1,1,1,2,1,1,1,2,1,1,1,2,1,1,1,3,2,2,2,1,1,1,1,2,3,3,3,2,2,2,2,1,1,1,1,1,1,1,1,1,1,1,1,4,4,4,4,1,1,1,1,1,1,1,1,1,1,1,1,1,1,1,1,1,1,1,1,1,1,1,1,1,1,1,1,4,4,4,4,1,1,1,1,4,4,4,4,1,1,1,1,1,1,1,1,1,1,1,1
2227,Kurunegala,1,2,5,2,4,1,8,7,5,5,5,5,1,1,1,1,4,4,4,4,2,2,2,2,1,1,1,1,1,1,1,1,1,1,1,1,1,1,1,1,2,2,2,2,1,1,1,1,3,3,4,3,1,1,1,1,1,1,1,1,3,3,4,3,1,1,1,1,1,1,1,1,2,2,2,2,2,1,1,1,2,1,1,1,2,1,1,1,1,1,1,1,1,1,1,1,1,1,1,1,4,4,4,4,2,2,2,2,2,2,2,2,1,1,1,1,1,1,1,1,1,1,1,1,1,1,1,1,1,1,1,1,1,1,1,1,1,1,1,1,3,4,3,3,1,1,1,1,1,1,1,1,1,1,1,1,1,1,1,1,1,1,1,1,1,1,1,1,1,1,1,1
2228,Nuwera Eliya,2,1,2,2,1,2,9,10,2,2,2,2,2,1,1,1,1,1,1,1,1,1,1,1,2,2,2,2,1,1,1,1,2,1,1,1,1,1,1,1,1,1,1,1,2,2,2,2,2,1,1,1,2,1,2,1,1,1,1,1,1,1,1,1,1,1,1,1,1,1,1,1,2,1,1,1,1,1,1,1,1,1,1,1,3,1,1,1,2,1,1,1,1,1,1,1,3,1,1,1,1,1,1,1,1,1,1,1,1,1,1,1,1,1,1,1,1,1,1,1,1,1,1,1,1,1,1,1,1,1,1,1,1,1,1,1,1,1,1,1,1,1,1,1,1,1,1,1,1,1,1,1,1,1,1,1,1,1,1,1,1,1,1,1,1,1,1,1,1,1,1,1
2229,Nuwera Eliya,1,2,2,2,4,2,4,9,2,1,1,1,2,2,2,2,2,2,1,1,2,1,1,1,2,1,2,1,1,1,1,1,2,2,2,1,1,1,1,1,2,1,1,1,2,2,1,1,2,1,1,1,2,2,2,2,2,2,2,2,1,1,1,1,1,1,1,1,1,1,1,1,2,2,2,1,1,1,1,1,1,1,1,1,2,1,1,1,1,1,1,1,1,1,1,1,1,1,1,1,1,1,1,1,1,1,1,1,4,4,4,4,1,1,1,1,4,3,3,2,1,1,1,1,1,1,1,1,1,1,1,1,1,1,1,1,1,1,1,1,1,1,1,1,1,1,1,1,4,4,4,4,1,1,1,1,4,4,4,4,1,1,1,1,1,1,1,1,1,1,1,1
2231,Kandy,1,2,5,2,4,1,10,10,2,2,2,1,2,2,3,3,2,2,2,2,2,2,2,2,2,3,3,3,1,1,1,1,1,1,1,1,1,1,1,1,2,2,2,2,1,1,1,1,3,1,1,1,1,1,1,1,1,1,1,1,3,3,3,3,3,3,3,3,1,1,1,1,1,1,1,1,1,1,1,1,1,1,1,1,2,2,1,1,3,3,3,3,1,1,1,1,1,1,1,1,3,3,3,3,3,3,3,3,2,2,2,2,1,2,3,3,4,4,4,1,1,1,1,1,1,1,1,1,3,3,3,3,1,1,1,1,1,1,1,1,3,4,4,4,1,1,1,1,1,1,1,1,1,3,3,1,3,3,3,1,3,3,3,3,3,3,3,1,1,3,3,1
2235,Gampaha,1,2,4,2,5,1,1,3,3,2,2,2,2,1,1,1,2,2,2,2,3,3,3,3,1,3,3,3,1,1,1,1,1,1,1,1,1,1,1,1,1,1,1,1,1,1,1,1,4,1,1,1,2,2,2,2,1,1,1,1,3,3,3,3,3,3,3,3,1,1,1,1,1,1,1,1,1,1,1,1,1,1,1,1,1,1,1,1,4,3,3,3,1,2,3,3,1,1,1,1,1,1,1,1,1,1,1,1,1,1,1,1,1,1,1,1,4,3,3,3,1,1,1,1,1,1,1,1,4,3,3,3,1,1,1,1,1,1,1,1,1,1,1,1,1,1,1,1,1,1,1,1,1,1,1,1,3,3,3,3,2,2,2,2,1,1,1,1,1,1,1,1
2240,Matale,2,1,2,2,4,3,10,8,2,1,1,1,2,2,2,2,3,1,1,1,1,1,1,1,1,1,1,1,1,1,1,1,1,1,1,1,3,2,2,2,1,1,1,1,2,1,1,1,2,1,1,1,2,1,1,1,1,1,1,1,2,1,1,1,2,1,1,1,1,1,1,1,1,1,1,2,2,1,1,1,2,1,1,1,2,1,1,1,1,1,1,1,1,1,1,1,3,1,1,1,1,1,1,1,1,1,1,1,1,1,1,1,1,1,1,1,1,1,1,1,1,1,1,1,1,1,1,1,1,1,1,1,1,1,1,1,1,1,1,1,1,1,1,1,1,1,1,1,1,1,1,1,1,1,1,1,1,1,1,1,1,1,1,1,1,1,1,1,1,1,1,1
2241,Kandy,1,1,3,2,8,3,3,10,3,3,3,3,2,2,2,2,3,3,3,3,1,1,1,1,3,4,2,2,1,1,1,1,1,1,1,1,1,4,3,3,1,1,1,1,1,1,1,1,1,1,1,1,1,1,1,1,1,1,1,1,4,3,3,3,1,1,1,1,1,4,4,4,1,1,1,1,2,1,1,1,1,1,1,1,1,1,1,1,1,1,1,1,1,1,1,1,3,3,3,3,4,4,4,4,1,1,1,1,1,1,1,1,1,4,4,4,4,2,2,3,1,1,1,1,1,1,1,1,1,1,1,1,2,2,2,2,1,1,1,1,4,4,4,4,1,1,1,1,1,1,1,1,1,1,1,1,1,1,1,1,4,2,3,3,1,1,1,1,1,1,1,1
2242,Nuwera Eliya,2,1,1,1,4,2,9,9,2,2,2,2,2,1,1,2,1,1,1,1,1,1,1,1,2,2,2,2,1,1,1,1,2,1,1,1,1,1,1,1,1,1,1,1,2,2,2,2,1,1,1,1,1,1,1,1,1,1,1,1,1,1,1,1,1,1,1,1,1,1,1,1,2,1,1,1,1,1,1,1,3,1,1,1,2,1,1,1,2,1,1,1,1,1,1,1,2,2,2,2,1,1,1,1,1,1,1,1,3,3,3,3,1,1,1,1,1,1,1,1,1,1,1,1,1,1,1,1,1,1,1,1,1,1,1,1,1,1,1,1,1,1,1,1,1,1,1,1,1,1,1,1,1,1,1,1,1,1,1,1,1,1,1,1,1,1,1,1,1,1,1,1
2243,Gampaha,1,2,5,2,4,1,1,3,2,2,2,2,3,3,3,3,2,1,2,2,1,1,2,2,1,2,2,2,1,1,1,1,1,1,1,1,1,1,1,1,1,1,1,1,2,1,1,1,2,1,2,2,1,1,1,1,1,1,1,1,3,3,3,3,3,3,3,3,1,1,1,1,1,1,1,1,1,1,1,1,1,1,1,1,4,1,3,3,1,1,1,1,1,1,1,1,1,2,2,2,1,1,1,1,4,2,4,4,2,2,2,2,1,1,1,1,4,1,3,3,1,1,1,1,1,1,1,1,1,1,1,1,1,1,1,1,2,1,2,2,1,1,1,1,4,4,4,4,2,2,3,3,1,1,1,1,2,1,1,1,2,1,3,3,2,1,2,2,2,1,2,2
2244,Colombo,1,2,3,2,3,3,10,10,2,1,2,2,4,4,4,4,1,1,1,1,1,1,1,1,1,2,1,2,1,1,1,1,1,1,1,1,1,1,1,1,1,1,1,1,1,1,1,1,1,1,1,1,1,1,1,1,1,1,1,1,1,1,1,1,1,1,1,1,1,1,1,1,2,2,2,2,1,1,1,1,1,1,1,1,3,1,1,1,3,3,3,3,1,1,1,1,2,2,2,2,1,1,1,1,1,1,1,1,2,3,2,2,1,1,1,1,4,4,4,4,1,1,1,1,1,1,1,1,4,4,4,4,1,1,1,1,1,1,1,1,1,1,1,1,1,1,1,1,1,1,1,1,1,1,1,1,1,1,1,1,1,1,1,1,1,1,1,1,4,4,4,4
2245,Kandy,1,2,4,2,8,1,1,2,5,5,5,5,1,1,1,1,4,2,2,2,1,1,1,1,1,1,1,1,1,1,1,1,1,1,1,1,2,2,2,2,1,1,1,1,1,1,1,1,3,1,1,1,1,1,1,1,1,1,1,1,4,3,3,3,3,2,2,2,4,4,4,4,1,1,1,1,3,1,1,1,2,1,1,1,3,1,1,2,1,1,1,1,1,1,1,1,1,1,1,1,4,3,3,3,1,1,1,1,1,1,1,1,2,2,2,2,4,4,4,4,1,1,1,1,1,1,1,1,1,1,1,1,1,1,1,1,1,1,1,1,4,2,3,4,1,1,1,1,1,1,1,1,2,2,2,2,3,3,3,3,1,1,1,1,1,1,1,1,1,1,1,1
2248,Kandy,1,2,4,2,5,1,1,5,5,5,5,5,3,1,1,1,3,1,1,1,1,1,1,1,1,2,3,3,1,1,1,1,1,1,1,1,2,3,3,3,1,1,1,1,1,1,2,1,4,1,1,2,1,1,1,1,1,1,1,1,4,3,3,3,4,3,3,4,4,4,4,4,1,1,1,1,3,1,1,1,3,1,1,1,3,1,1,1,1,1,1,1,1,1,1,1,1,1,1,1,4,2,3,3,1,1,1,1,1,1,1,1,2,3,3,2,4,1,2,3,1,1,1,1,1,1,1,1,1,1,1,1,1,1,1,1,1,1,1,1,4,2,3,3,1,1,1,1,1,1,1,1,2,3,3,3,4,2,2,3,4,2,2,3,4,1,1,3,2,1,1,1
2251,Nuwera Eliya,2,1,3,2,3,2,4,10,2,2,2,2,2,1,2,2,1,1,1,1,1,1,1,1,1,2,2,1,1,1,1,1,1,1,1,1,1,1,1,1,1,1,1,1,1,1,1,1,1,1,1,1,1,1,1,1,1,1,1,1,1,1,1,1,1,1,1,1,1,1,1,1,2,1,2,2,1,1,1,1,1,1,1,1,1,1,1,1,2,1,1,2,1,1,1,1,1,1,1,1,1,1,1,1,1,1,1,1,2,1,2,2,1,1,1,1,4,4,4,4,1,1,1,1,1,1,1,1,1,1,1,1,1,1,1,1,1,1,1,1,1,1,1,1,1,1,1,1,4,4,4,4,1,1,1,1,4,4,4,4,1,1,1,1,1,1,1,1,1,1,1,1
2254,Colombo,1,1,4,2,4,1,4,10,2,1,1,1,3,2,2,2,1,1,1,1,2,1,1,1,1,1,1,1,1,1,1,1,1,1,1,1,1,1,1,1,1,1,1,1,1,1,1,1,1,1,1,1,1,1,1,1,1,1,1,1,1,1,1,1,1,1,1,1,1,1,1,1,1,2,1,1,2,1,1,1,1,1,1,1,1,1,1,1,3,1,1,1,1,1,1,1,2,1,1,1,1,1,1,1,1,1,1,1,3,2,2,2,1,1,1,1,3,1,1,1,1,1,1,1,1,1,1,1,3,1,1,1,1,1,2,1,1,1,1,1,1,1,1,1,1,1,1,1,3,1,1,1,1,1,1,1,3,1,1,1,2,1,1,1,1,1,1,1,1,1,1,1
2255,Nuwera Eliya,1,2,3,2,4,2,9,9,2,2,2,2,2,1,1,1,1,1,1,1,1,1,1,1,2,1,1,1,1,1,1,1,2,1,1,1,1,1,1,1,1,1,1,1,2,2,2,2,2,1,1,1,1,1,1,1,1,1,1,1,1,1,1,1,1,1,1,1,1,1,1,1,2,1,1,1,3,1,1,1,2,1,1,1,2,1,1,1,3,1,1,1,1,1,1,1,2,2,2,2,1,1,1,1,1,1,1,1,3,3,3,3,1,1,1,1,1,1,1,1,1,1,1,1,1,1,1,1,1,1,1,1,1,1,1,1,1,1,1,1,1,1,1,1,1,1,1,1,1,1,1,1,1,1,1,1,1,1,1,1,1,1,1,1,1,1,1,1,1,1,1,1
2256,Kandy,1,2,4,2,5,1,2,10,5,5,5,5,4,2,3,3,3,1,1,1,1,1,1,1,1,3,4,4,2,2,2,2,1,1,1,1,1,2,1,1,1,1,1,1,1,1,1,1,4,1,1,1,1,1,1,1,1,1,1,1,4,4,4,4,4,4,4,4,1,1,1,1,1,1,1,1,4,1,1,1,4,1,1,1,4,1,1,2,4,1,1,2,4,2,2,3,1,1,1,1,4,2,2,3,1,1,1,1,1,1,1,1,1,1,1,1,4,2,3,3,1,1,1,1,1,1,1,1,4,2,2,3,4,2,2,3,1,1,1,1,1,2,1,1,1,1,1,1,1,1,1,1,1,1,1,1,4,2,2,3,1,1,1,1,1,1,1,1,1,1,1,1
2257,Kurunegala,1,2,1,2,4,1,3,7,3,3,3,3,4,4,4,4,1,1,1,1,1,1,1,1,2,2,2,2,1,1,1,1,4,4,4,4,1,1,1,1,1,1,1,1,1,1,1,1,1,1,1,1,1,1,1,1,1,1,1,1,4,4,4,4,4,4,4,4,1,2,2,2,1,1,1,1,4,1,1,2,3,1,1,1,1,1,1,1,2,1,1,1,1,1,1,1,1,1,1,1,1,1,1,1,4,4,4,4,1,1,1,1,1,1,1,1,4,4,4,4,1,1,1,1,1,1,1,1,1,1,1,1,1,1,1,1,1,1,1,1,4,4,4,4,1,1,1,1,1,1,1,1,1,1,1,1,4,4,4,4,1,1,1,1,1,1,1,1,1,1,1,1
2258,Nuwera Eliya,2,1,1,2,3,2,4,10,2,2,2,2,2,1,1,2,1,1,1,1,1,1,1,1,1,2,2,1,1,1,1,1,1,1,1,1,1,1,1,1,1,1,1,1,1,1,1,1,1,1,1,1,2,1,2,2,1,1,1,1,1,1,1,1,1,1,1,1,1,1,1,1,1,1,1,1,1,1,1,1,1,1,1,1,1,1,1,1,2,1,1,2,1,1,1,1,1,1,1,1,1,1,1,1,1,1,1,1,2,1,1,2,1,1,1,1,4,4,4,4,1,1,1,1,1,1,1,1,1,1,1,1,1,1,1,1,1,1,1,1,1,1,1,1,1,1,1,1,4,4,4,4,1,1,1,1,4,4,4,4,1,1,1,1,1,1,1,1,1,1,1,1
2259,Kandy,1,2,5,2,4,1,10,10,2,2,2,2,3,3,3,3,1,1,1,1,1,1,1,1,1,2,2,2,1,1,1,1,1,1,1,1,1,1,1,1,2,1,2,1,3,1,1,3,1,1,1,1,3,2,2,3,3,1,1,1,1,1,1,1,1,1,1,1,1,1,1,1,1,1,2,1,1,1,1,1,1,1,1,1,2,1,1,1,3,1,1,3,1,1,1,1,1,1,1,1,1,1,1,1,3,3,3,3,1,3,3,3,1,1,1,1,4,2,2,3,1,1,1,1,1,1,1,1,1,1,1,1,1,1,1,1,1,1,1,1,1,1,1,1,3,2,4,4,1,1,1,1,1,1,1,1,1,1,1,1,1,1,1,1,3,3,3,3,1,1,1,1
2260,Kandy,1,2,4,2,4,1,10,10,1,1,1,1,4,2,3,3,1,1,1,1,1,1,1,1,1,2,3,3,1,1,1,1,1,1,1,1,1,1,2,1,1,1,1,1,1,1,1,1,2,1,1,1,1,1,1,1,1,1,1,1,2,1,1,1,2,1,1,1,1,1,1,1,1,1,1,1,2,1,1,1,3,1,1,1,3,1,1,1,4,1,1,2,1,1,1,1,1,1,1,1,4,2,3,3,1,1,1,1,1,1,1,1,1,1,1,1,1,1,1,1,1,1,1,1,1,1,1,1,1,1,1,1,1,1,1,1,1,1,1,1,1,1,1,1,1,1,1,1,1,1,1,1,1,1,1,1,1,1,1,1,1,1,1,1,1,1,1,1,1,1,1,1
2261,Colombo,2,1,3,2,3,3,7,10,2,1,1,1,3,2,2,2,1,1,1,1,3,2,2,2,1,2,2,2,1,1,1,1,1,1,1,1,1,1,1,1,1,1,1,1,1,1,1,1,1,1,1,1,1,1,1,1,1,1,1,1,1,1,1,1,1,1,1,1,1,1,1,1,1,1,1,2,1,1,1,1,1,1,1,1,1,1,1,1,3,1,1,2,1,1,1,1,3,1,1,1,1,1,1,1,1,1,1,1,4,2,2,2,1,1,1,1,2,1,1,1,1,1,1,1,1,1,1,1,1,1,1,1,1,1,1,1,1,1,1,1,1,1,1,1,1,1,1,1,3,1,1,3,1,1,1,1,3,1,1,1,1,1,1,1,1,1,1,1,1,1,1,1
2262,Colombo,1,2,4,2,5,3,3,10,3,1,1,1,4,4,4,4,1,1,1,1,1,1,1,1,1,1,1,1,1,1,1,1,1,1,1,1,1,1,1,1,2,2,2,2,1,1,1,1,2,1,1,1,1,1,1,1,1,1,1,1,1,1,1,1,1,1,1,1,1,1,1,1,1,1,1,1,1,1,1,1,1,1,1,1,1,1,1,1,4,1,1,1,1,1,1,1,2,4,4,4,1,1,1,1,1,1,1,1,2,2,2,2,1,1,1,1,4,4,4,4,1,1,1,1,1,1,1,1,4,1,1,1,1,1,1,1,2,2,2,2,1,1,1,1,1,1,1,1,1,1,1,1,1,1,1,1,4,4,4,4,1,1,1,1,1,1,1,1,1,1,1,1
2263,Colombo,1,2,3,2,3,3,10,10,2,1,1,1,3,3,3,3,1,1,1,1,3,2,2,2,1,1,1,1,1,1,1,1,1,2,1,1,1,1,1,1,3,3,3,3,1,1,1,1,1,1,1,1,1,1,1,1,1,1,1,1,1,1,1,1,1,1,1,1,3,3,3,3,1,1,1,1,2,1,1,1,2,1,1,1,2,1,1,1,2,2,2,2,1,1,1,1,2,2,2,2,1,1,1,1,1,1,1,1,3,3,3,3,1,1,1,1,3,3,3,3,1,1,1,1,1,1,1,1,1,1,1,1,1,1,1,1,1,1,1,1,1,1,1,1,1,1,1,1,4,4,4,4,1,2,1,1,3,3,3,3,1,1,1,1,1,1,1,1,1,1,1,1
2264,Kandy,1,2,3,2,4,1,10,3,2,3,3,3,4,2,3,3,1,1,1,1,1,1,1,1,1,1,1,1,1,1,1,1,1,1,1,1,1,1,1,1,1,1,1,1,3,1,1,1,3,1,1,1,1,1,1,1,1,1,1,1,4,2,3,3,4,2,3,3,1,1,1,1,1,1,1,1,3,1,1,1,3,1,1,1,4,1,1,2,4,1,1,2,1,1,1,1,3,1,1,1,1,1,1,2,1,1,1,2,1,1,1,1,2,3,3,3,1,1,1,1,1,1,1,1,1,1,1,1,1,1,1,1,1,1,1,1,1,1,1,1,1,1,1,1,1,1,1,1,1,1,1,1,4,3,3,3,4,2,3,3,4,2,3,3,4,2,3,3,3,1,1,1
2265,Puttalam,1,2,3,2,4,1,10,10,3,2,1,2,3,2,3,4,2,1,2,2,1,1,1,1,1,1,1,1,1,1,1,1,1,1,1,1,1,1,1,1,1,1,1,1,1,1,1,1,3,2,4,4,1,1,1,1,1,1,1,1,4,2,4,4,4,2,4,4,1,1,1,1,1,1,1,1,1,1,1,1,1,1,1,1,1,1,1,1,1,1,1,1,1,1,1,1,3,3,3,3,1,1,1,1,1,1,1,1,1,1,1,1,1,1,1,1,3,2,3,3,1,1,1,1,1,1,1,1,1,1,1,1,1,1,1,1,1,1,1,1,1,1,1,1,4,2,4,4,2,2,2,2,1,1,1,1,3,2,3,3,1,1,1,1,1,1,1,1,1,1,1,1
2266,Puttalam,1,2,5,2,3,1,3,4,3,2,1,3,1,4,4,4,4,1,1,1,1,1,1,1,1,3,2,2,1,1,1,1,1,1,1,1,1,1,1,1,1,1,1,1,1,1,1,1,4,4,4,4,1,1,1,1,1,1,1,1,1,1,1,1,4,1,1,1,1,1,1,1,1,1,1,1,1,1,1,1,1,1,1,1,2,1,1,1,2,1,1,1,1,1,1,1,3,4,4,4,1,1,1,1,1,1,1,1,1,1,1,1,1,1,1,1,4,4,4,4,1,1,1,1,1,1,1,1,1,1,1,1,1,1,1,1,1,1,1,1,1,1,1,1,1,1,1,1,4,4,4,4,1,1,1,1,4,4,4,4,1,1,1,1,1,1,1,1,1,1,1,1
2267,Gampaha,1,2,4,2,4,1,3,4,2,1,1,1,4,3,3,3,1,1,1,1,1,1,1,1,1,2,2,2,1,1,1,1,1,1,1,1,1,1,1,1,2,3,3,3,1,1,1,1,2,1,1,1,1,1,1,1,1,1,1,1,1,1,1,1,1,1,1,1,1,1,1,1,2,1,1,1,2,1,1,1,2,1,1,1,2,1,1,1,1,1,1,1,1,1,1,1,2,2,2,2,1,1,1,1,1,1,1,1,4,4,4,4,1,1,1,1,4,4,4,4,1,1,1,1,1,1,1,1,1,1,1,1,1,1,1,1,2,2,1,1,1,1,1,1,1,1,1,1,4,4,4,4,2,1,1,1,4,2,2,2,1,1,1,1,1,1,1,1,1,1,1,1
2269,Kandy,2,2,5,2,5,1,8,10,3,3,3,3,1,1,2,3,4,1,1,1,3,1,1,1,1,4,4,4,2,2,2,2,1,1,1,1,3,3,3,3,1,1,1,1,1,1,1,1,2,1,1,1,1,1,1,1,1,1,1,1,4,2,3,3,4,2,3,3,3,2,2,2,3,1,3,3,1,1,1,1,1,1,1,1,3,1,1,1,1,1,1,1,1,1,1,1,4,1,2,3,4,1,2,3,1,1,1,1,1,1,1,1,1,1,1,1,1,1,1,1,1,1,1,1,1,1,1,1,1,1,1,1,1,1,1,1,1,1,1,1,1,1,1,1,1,1,1,1,1,1,1,1,1,1,1,1,1,1,1,1,1,1,1,1,1,1,1,1,1,1,1,1
2270,Gampaha,1,2,3,2,4,1,3,4,3,3,3,3,4,3,3,3,2,1,2,2,1,1,1,1,2,2,2,2,1,1,1,1,1,1,1,1,1,1,1,1,2,2,2,2,1,1,1,1,2,1,1,1,1,1,1,1,1,1,1,1,3,2,2,2,3,2,2,2,1,1,1,1,2,1,1,1,2,1,1,1,2,1,1,1,2,1,1,1,2,1,1,1,1,1,1,1,2,1,1,1,4,3,3,3,1,1,1,1,1,1,1,1,1,1,1,1,4,4,4,4,1,1,1,1,1,1,1,1,1,1,1,1,1,1,1,1,1,1,1,1,1,1,1,1,1,1,1,1,1,1,1,1,1,1,1,1,4,2,4,4,2,1,1,2,2,1,1,2,2,1,2,2
2271,Gampaha,1,2,4,2,4,1,2,3,3,2,2,2,3,3,3,3,1,1,1,1,1,1,1,1,2,1,1,1,1,1,1,1,3,2,2,2,1,1,1,1,1,1,1,1,1,1,1,1,3,2,2,2,1,1,1,1,1,1,1,1,3,2,2,2,3,2,2,2,1,1,1,1,2,1,1,1,2,1,1,1,2,1,1,1,2,1,1,1,1,1,1,1,1,1,1,1,2,2,2,2,4,3,3,3,1,1,1,1,3,3,3,3,1,1,1,1,4,4,4,4,1,1,1,1,1,1,1,1,1,1,1,1,1,1,1,1,2,2,2,2,2,2,2,2,1,1,1,1,3,3,3,3,2,2,2,2,3,2,2,2,2,1,1,1,1,1,1,1,2,1,1,1
2273,Gampaha,1,2,3,2,4,1,10,10,3,3,3,3,1,1,1,1,2,2,2,2,3,3,3,3,1,2,2,2,1,1,1,1,1,1,1,1,1,1,1,1,2,2,2,2,1,1,1,1,2,1,1,1,1,1,1,1,1,1,1,1,4,4,4,4,2,2,2,2,1,1,1,1,1,1,1,1,3,1,1,1,3,1,1,1,2,1,1,1,2,1,1,1,1,1,1,1,1,1,1,1,4,4,4,4,1,1,1,1,1,1,1,1,1,1,1,1,4,4,4,4,1,1,1,1,1,1,1,1,3,1,1,1,1,1,1,1,1,1,1,1,1,1,1,1,1,1,1,1,1,1,1,1,1,1,1,1,3,3,3,3,3,3,3,3,1,1,1,1,1,1,1,1
2274,Kandy,1,2,5,2,4,1,10,10,2,1,1,1,3,3,3,3,3,3,3,3,3,3,3,3,1,2,2,2,1,1,1,1,1,1,1,1,1,1,1,1,1,1,1,1,1,1,1,1,4,1,1,1,1,1,1,1,1,1,1,1,4,4,4,4,4,4,4,4,1,1,1,1,3,2,3,3,3,1,1,2,4,1,2,2,3,1,2,3,4,1,1,2,1,1,1,1,1,1,1,1,4,2,3,3,1,1,1,1,4,2,3,3,1,1,1,1,1,1,1,1,1,1,1,1,1,1,1,1,1,1,1,1,1,1,1,1,1,1,1,1,1,1,1,1,1,1,1,1,1,1,1,1,1,1,1,1,1,1,1,1,1,1,1,1,1,1,1,1,1,1,1,1
2276,Gampaha,1,2,4,2,4,1,2,10,3,3,3,3,1,1,1,1,3,2,2,2,2,2,2,1,1,2,2,2,1,1,1,1,2,2,2,2,1,1,1,1,1,2,2,1,1,1,1,1,3,1,1,1,1,1,1,1,1,1,1,1,4,2,2,2,2,2,2,2,1,1,1,1,2,1,1,1,1,1,1,1,1,1,1,1,1,1,1,1,1,1,1,1,1,1,1,1,2,2,2,2,4,4,4,4,1,1,1,1,3,3,3,3,1,1,1,1,4,4,4,4,1,1,1,1,1,1,1,1,1,1,1,1,1,1,1,1,1,1,1,1,4,4,4,4,1,1,1,1,1,1,1,1,1,1,1,1,4,1,2,2,2,1,2,2,2,1,2,2,2,1,1,1
2279,Puttalam,1,2,5,2,3,1,10,4,2,2,2,2,4,4,4,4,1,1,1,1,1,1,1,1,1,1,1,1,1,1,1,1,1,1,1,1,1,1,1,1,2,2,2,2,1,1,1,1,1,1,1,1,1,1,1,1,1,1,1,1,1,1,1,1,1,1,1,1,1,1,1,1,2,2,2,2,1,1,1,1,1,1,1,1,1,1,1,1,3,1,1,3,1,1,1,1,2,2,2,2,1,1,1,1,3,3,3,3,2,2,2,2,1,1,1,1,3,3,3,3,1,1,1,1,1,1,1,1,1,1,1,1,1,1,1,1,1,1,1,1,1,1,1,1,1,1,1,1,3,3,3,3,1,1,1,1,3,3,3,3,1,1,1,1,1,1,1,1,1,1,1,1
2281,Colombo,1,2,4,2,5,1,3,3,3,1,1,1,2,2,2,2,1,1,1,1,4,4,4,4,1,1,1,1,2,2,2,2,2,2,2,2,1,1,1,1,1,1,1,1,1,1,1,1,4,4,4,4,1,1,1,1,1,1,1,1,3,3,3,3,1,1,1,1,1,1,1,1,2,2,2,2,2,1,1,1,1,1,1,1,2,1,1,2,2,2,2,2,1,1,1,1,3,3,3,3,1,1,1,1,1,1,1,1,3,3,3,3,1,1,1,1,4,1,1,1,1,1,1,1,1,1,1,1,4,1,1,1,1,1,1,1,1,1,1,1,1,1,1,1,1,1,1,1,1,1,1,1,1,1,1,1,4,1,1,1,3,1,1,1,1,1,1,1,1,1,1,1
2282,Colombo,1,2,4,2,4,1,9,10,2,1,1,1,3,2,2,3,1,1,1,1,1,1,1,1,1,2,2,2,1,1,1,1,1,1,1,1,1,1,2,1,1,1,1,1,1,1,1,1,1,1,1,1,1,1,1,1,1,1,1,1,1,1,1,2,1,1,1,1,1,1,1,1,1,1,1,1,1,1,1,1,1,1,1,1,1,1,1,1,2,1,1,1,1,1,1,1,2,1,1,1,1,1,1,1,1,1,1,1,3,2,2,3,1,1,1,1,3,1,1,1,1,1,1,1,1,1,1,1,1,1,1,1,1,1,1,1,1,1,1,1,1,1,1,1,1,1,1,1,3,1,1,2,1,1,1,1,3,1,1,2,2,1,1,2,1,1,1,1,1,1,1,1
2284,Colombo,1,2,3,2,5,1,10,8,5,5,5,5,3,3,3,3,2,2,2,2,2,2,2,2,1,2,1,1,1,1,1,1,1,2,2,1,1,1,1,1,2,2,2,2,1,1,1,1,3,3,4,3,1,1,1,1,1,1,1,1,3,3,3,3,1,1,1,1,1,1,1,1,1,1,1,1,3,1,1,1,3,1,1,1,3,1,1,2,2,2,2,3,1,1,1,1,1,1,1,2,4,4,4,2,1,1,1,1,2,2,2,2,4,4,4,4,1,1,1,1,1,1,1,1,1,1,1,1,2,1,1,1,1,1,1,1,1,1,1,1,1,1,1,1,1,1,1,1,1,1,1,1,1,3,2,2,4,2,3,3,1,1,1,1,1,1,1,1,1,1,1,1
2285,Colombo,1,1,5,3,4,1,10,10,2,2,2,2,3,3,3,3,2,2,2,2,3,3,3,3,1,1,1,1,1,1,1,1,2,2,1,1,1,1,1,1,1,1,1,1,1,1,1,1,3,3,4,3,1,1,1,1,1,1,1,1,2,2,2,2,1,1,1,1,1,1,1,1,1,1,1,1,1,1,1,1,1,1,1,1,1,1,1,1,2,1,1,1,1,1,1,1,3,3,3,3,1,1,1,1,1,1,1,1,2,2,2,2,1,1,1,1,1,1,1,1,1,1,1,1,1,1,1,1,1,1,1,1,1,1,1,1,1,1,1,1,1,1,1,1,1,1,1,1,1,1,1,1,1,1,1,1,1,1,1,1,1,1,1,1,1,1,1,1,1,1,1,1
2286,Puttalam,1,2,2,2,4,1,3,8,2,2,2,2,3,3,3,3,1,1,1,1,1,1,1,1,1,2,2,2,2,3,3,3,1,1,1,1,1,1,1,1,1,1,1,1,1,1,1,1,3,3,4,3,1,1,1,1,1,1,1,1,3,3,3,3,1,1,1,1,1,1,1,1,2,2,2,2,2,1,1,1,2,1,1,1,2,1,1,1,3,1,1,3,1,1,1,1,1,1,1,1,1,1,1,1,3,3,3,3,2,2,2,2,1,1,1,1,4,4,4,4,1,1,1,1,1,1,1,1,1,1,1,1,1,1,1,1,1,1,1,1,1,1,1,1,1,1,1,1,1,1,1,1,1,1,1,1,4,4,4,4,1,1,1,1,1,1,1,1,1,1,1,1
2287,Gampaha,1,1,4,3,4,1,6,10,3,1,1,1,4,4,4,4,1,1,1,1,1,1,1,1,1,1,1,1,1,1,1,1,2,1,1,1,1,1,1,1,1,1,1,1,1,1,1,1,1,1,1,1,4,3,3,3,1,1,1,1,2,2,2,2,3,3,3,3,1,1,1,1,1,1,1,1,1,1,1,1,1,1,1,1,1,1,1,1,4,2,4,4,1,1,1,1,2,2,2,2,1,1,1,1,1,1,1,1,1,1,1,1,1,1,1,1,4,1,1,1,1,1,1,1,1,1,1,1,4,1,1,1,1,1,1,1,2,1,1,1,1,1,1,1,1,1,1,1,2,1,1,1,1,1,1,1,1,1,1,1,1,1,1,1,2,1,1,1,3,1,1,1
2289,Gampaha,1,2,4,2,4,1,10,4,2,1,1,1,4,4,4,4,1,1,1,1,1,1,1,1,2,2,2,2,1,1,1,1,1,1,1,1,1,1,1,1,2,2,2,2,1,1,1,1,2,1,1,1,1,1,1,1,1,1,1,1,2,2,2,2,2,2,2,2,1,1,1,1,1,1,1,1,1,1,1,1,1,1,1,1,1,1,1,1,3,1,1,1,1,1,1,1,2,2,1,1,3,3,3,3,1,1,1,1,2,2,2,2,2,2,2,2,4,4,4,4,1,1,1,1,1,1,1,1,2,1,1,1,1,1,1,1,2,2,2,2,3,3,3,3,1,1,1,1,1,1,1,1,2,2,2,2,2,2,2,2,2,2,2,2,3,3,3,3,3,3,3,3
2292,Gampaha,1,2,4,2,4,1,10,10,3,2,2,2,3,2,2,2,2,2,2,2,2,1,1,1,2,2,2,2,1,1,1,1,1,1,1,1,2,1,1,1,1,1,1,1,2,1,1,1,2,1,1,1,2,1,1,1,1,1,1,1,3,2,2,2,2,2,2,2,1,1,1,1,1,1,1,1,2,1,1,1,2,1,1,1,2,1,1,1,1,1,1,1,1,1,1,1,1,1,1,1,1,1,1,1,1,1,1,1,1,1,1,1,1,1,1,1,1,1,1,1,1,1,1,1,1,1,1,1,3,1,1,1,2,1,1,1,2,1,1,1,1,1,1,1,2,2,2,2,3,2,2,2,1,1,1,1,1,1,1,1,1,1,1,1,1,1,1,1,1,1,1,1
2293,Puttalam,1,2,5,2,1,1,10,4,2,2,2,2,4,4,4,4,1,1,1,1,1,1,1,1,1,2,2,2,3,3,3,3,1,1,1,1,1,1,1,1,2,2,2,2,1,1,1,1,1,1,1,1,1,1,1,1,1,1,1,1,1,1,1,1,1,1,1,1,1,1,1,1,2,2,2,2,1,1,1,1,1,1,1,1,1,1,1,1,3,1,1,3,1,1,1,1,2,2,2,2,1,1,1,1,3,3,3,3,3,3,3,3,1,1,1,1,4,4,4,4,1,1,1,1,1,1,1,1,1,1,1,1,1,1,1,1,1,1,1,1,1,1,1,1,1,1,1,1,4,4,4,4,1,1,1,1,4,4,4,4,1,1,1,1,1,1,1,1,1,1,1,1
2295,Gampaha,1,2,4,2,4,1,10,10,3,2,3,3,1,3,3,3,4,1,1,1,1,1,1,1,1,3,3,3,1,1,1,1,1,1,1,1,1,1,1,1,1,1,1,1,1,1,1,1,4,3,4,3,1,1,1,1,1,1,1,1,4,4,4,4,3,3,3,3,1,1,1,1,1,1,1,1,4,1,1,1,3,1,1,1,2,1,1,1,2,1,1,1,1,1,1,1,1,1,1,1,4,4,4,4,1,1,1,1,1,1,1,1,3,3,3,3,1,1,1,1,1,1,1,1,1,1,1,1,1,1,1,1,1,1,1,1,1,1,1,1,3,3,3,3,1,1,1,1,1,1,1,1,3,3,3,3,2,2,2,2,1,1,1,1,1,1,1,1,1,1,1,1
2296,Puttalam,1,2,4,2,4,1,3,9,3,3,3,3,4,3,3,4,1,1,1,1,1,1,1,1,1,1,1,1,4,4,4,4,1,1,1,1,1,1,1,1,1,1,1,1,4,1,1,2,3,1,1,2,1,1,1,1,1,1,1,1,1,1,1,1,1,1,1,1,1,1,1,1,1,1,1,1,1,1,1,1,1,1,1,1,4,1,1,2,1,1,1,1,1,1,1,1,1,1,1,1,2,3,4,4,1,1,1,1,1,1,1,1,1,1,1,1,4,4,4,4,1,1,1,1,1,1,1,1,1,1,1,1,4,4,4,4,1,1,1,1,1,1,1,1,1,1,1,1,4,4,4,4,1,1,1,1,4,4,4,4,4,4,4,4,1,1,1,1,1,1,1,1
2297,Colombo,1,1,4,3,4,1,3,8,3,3,3,3,2,2,2,2,1,1,1,1,3,3,3,3,1,1,1,1,1,1,1,1,1,1,1,1,1,1,1,1,1,1,1,1,1,1,1,1,3,3,4,3,1,1,1,1,2,2,2,2,4,4,4,4,1,1,1,1,1,1,1,1,2,2,2,2,1,1,1,1,1,1,1,1,1,1,1,1,2,2,2,2,1,1,1,1,3,3,3,3,1,1,1,1,1,1,1,1,2,2,2,2,1,1,1,1,4,4,4,4,1,1,1,1,1,1,1,1,4,2,2,3,1,3,3,2,1,1,1,1,1,1,1,1,1,1,1,1,1,1,1,1,1,1,1,1,3,3,3,3,4,2,2,2,1,1,1,1,1,1,1,1
2299,Colombo,1,2,5,2,5,1,10,3,1,5,5,1,1,1,1,1,3,3,3,3,1,1,1,1,3,3,3,3,1,1,1,1,1,2,2,1,1,1,1,1,1,1,1,1,1,1,1,1,3,3,4,3,1,1,1,1,1,1,1,1,3,3,3,3,1,1,1,1,1,1,1,1,1,1,1,1,3,1,1,1,3,1,1,1,3,1,1,2,2,2,2,2,1,1,1,1,1,1,1,1,3,3,3,3,1,1,1,1,2,2,2,2,4,4,4,4,1,1,1,1,1,1,1,1,1,1,1,1,1,1,1,1,2,2,2,2,1,1,1,1,3,3,3,3,1,1,1,1,1,1,1,1,1,3,3,3,3,3,3,3,1,1,1,1,1,1,1,1,1,1,1,1
2300,Gampaha,1,2,4,2,5,1,3,4,5,3,3,5,4,4,4,4,2,1,1,1,1,1,1,1,1,1,1,1,1,1,1,1,1,1,1,1,1,1,1,1,1,1,1,1,1,1,1,1,2,1,1,1,1,1,1,1,1,1,1,1,1,1,1,1,2,2,2,2,3,3,3,3,1,1,1,1,3,1,1,1,3,1,1,1,2,1,1,1,3,1,2,2,1,1,1,1,1,1,1,1,3,3,3,3,1,1,1,1,2,2,2,2,1,3,3,3,4,2,3,3,1,1,1,1,1,1,1,1,1,1,1,1,4,1,4,4,1,1,1,1,1,1,1,1,1,1,1,1,1,1,1,1,1,2,1,1,2,2,2,2,3,3,3,3,1,1,1,1,1,1,1,1
2301,Gampaha,1,2,3,2,4,1,3,4,3,2,2,2,1,1,1,1,1,1,1,1,4,4,4,4,1,1,1,1,4,4,4,4,1,1,1,1,1,1,1,1,1,1,1,1,1,1,1,1,4,2,4,4,2,1,1,1,1,1,1,1,1,1,1,1,1,1,1,1,1,1,1,1,1,1,1,1,1,1,1,1,1,1,1,1,1,1,1,1,1,1,1,1,1,1,1,1,3,2,3,3,1,1,1,1,4,2,4,4,1,1,1,1,1,1,1,1,4,1,4,4,1,1,1,1,1,1,1,1,1,1,1,1,1,1,1,1,1,1,1,1,1,1,1,1,1,1,1,1,1,1,1,1,1,1,1,1,4,1,4,4,1,1,1,1,1,1,1,1,1,1,1,1
2302,Puttalam,1,2,4,2,3,1,3,9,3,2,2,2,4,4,4,4,1,1,1,1,1,1,1,1,1,1,1,1,3,4,4,4,1,1,1,1,1,1,1,1,1,1,1,1,1,1,1,1,3,2,2,2,1,1,1,1,1,1,1,1,1,1,1,1,1,1,1,1,1,1,1,1,1,1,1,1,1,1,1,1,1,1,1,1,3,1,1,1,3,1,1,2,1,1,1,1,1,1,1,1,3,1,3,4,1,1,1,1,1,1,1,1,1,1,1,1,1,1,1,1,1,1,1,1,1,1,1,1,1,1,1,1,1,1,1,1,1,1,1,1,1,1,1,1,1,1,1,1,1,1,1,1,1,1,1,1,4,4,4,4,1,1,1,1,1,1,1,1,1,1,1,1
2303,Kandy,1,2,5,2,4,1,10,10,2,1,1,1,4,2,3,3,1,1,1,1,1,1,1,1,1,3,3,3,1,1,1,1,1,1,1,1,1,1,1,1,1,1,3,1,1,1,1,1,3,1,1,1,1,1,1,1,1,1,1,1,2,1,1,1,1,1,1,1,1,1,1,1,3,1,1,1,2,1,1,1,2,1,1,1,3,1,1,1,4,1,1,2,1,1,1,1,2,1,1,1,4,1,2,3,1,1,1,1,1,1,1,1,1,1,1,1,1,1,1,1,1,1,1,1,1,1,1,1,1,1,1,1,1,1,1,1,1,1,1,1,1,1,1,1,1,1,1,1,1,1,1,1,1,1,1,1,1,1,1,1,1,1,1,1,1,1,1,1,1,1,1,1
2305,Puttalam,1,2,1,2,4,1,3,9,3,2,3,3,4,3,3,3,1,1,1,1,1,1,1,1,1,1,1,1,2,4,4,3,1,1,1,1,1,1,1,1,1,1,1,1,3,1,1,2,2,1,1,1,1,1,1,1,1,1,1,1,2,3,3,3,1,1,1,1,1,1,1,1,2,3,3,3,1,1,1,1,1,1,1,1,3,1,1,2,4,1,2,3,1,1,1,1,1,1,1,1,3,4,3,3,1,1,1,1,1,1,1,1,1,1,1,1,4,4,4,4,1,1,1,1,1,1,1,1,1,1,1,1,1,1,1,1,1,1,1,1,1,1,1,1,1,1,1,1,4,4,4,4,1,1,1,1,4,4,4,4,1,1,1,1,1,1,1,1,1,1,1,1
2308,Nuwera Eliya,2,1,3,5,4,2,9,9,2,2,2,2,2,2,1,2,1,1,1,1,2,2,2,2,1,1,1,1,1,1,1,1,2,1,1,1,1,1,1,1,1,1,1,1,2,2,2,2,1,1,1,1,2,1,1,1,1,1,1,1,1,1,1,1,1,1,1,1,1,1,1,1,1,1,1,2,2,1,1,1,2,1,1,1,2,1,1,1,2,1,1,1,1,1,1,1,2,2,2,2,1,1,1,1,1,1,1,1,3,3,3,3,1,1,1,1,1,1,1,1,1,1,1,1,1,1,1,1,1,1,1,1,1,1,1,1,1,1,1,1,1,1,1,1,1,1,1,1,1,1,1,1,1,1,1,1,1,1,1,1,1,1,1,1,1,1,1,1,1,1,1,1
2309,Kandy,1,2,4,2,5,1,3,10,1,5,5,5,1,1,1,1,4,1,2,2,1,1,1,1,1,3,4,4,1,1,1,1,1,1,1,2,1,1,1,1,1,1,1,1,1,1,1,1,4,2,2,3,1,1,1,1,1,1,1,1,4,3,3,3,4,3,3,3,1,1,1,1,3,1,1,1,1,1,1,1,1,1,1,1,1,1,1,1,2,1,1,1,1,1,1,1,3,2,3,3,4,3,3,3,1,1,1,1,1,1,1,1,1,1,1,1,4,4,4,4,1,1,1,1,1,1,1,1,1,1,1,1,1,1,1,1,1,1,1,1,4,4,4,4,1,1,1,1,1,1,1,1,1,1,1,1,4,4,4,4,1,1,1,1,1,1,1,1,1,1,1,1
2310,Nuwera Eliya,1,1,1,2,4,2,7,9,2,1,1,1,3,1,2,2,1,1,1,1,2,1,2,2,1,1,1,1,1,1,1,1,1,1,1,1,1,1,1,1,1,1,1,1,3,1,2,2,1,1,1,1,3,1,2,2,1,1,1,1,1,1,1,1,3,1,2,2,1,1,1,1,1,1,1,1,1,1,1,1,1,1,1,1,3,1,2,2,1,1,1,1,1,1,1,1,1,1,1,1,4,2,2,2,1,1,1,1,1,1,1,1,4,2,3,4,1,1,1,1,1,1,1,1,1,1,1,1,1,1,1,1,1,1,1,1,1,1,1,1,4,2,2,4,1,1,1,1,1,1,1,1,4,3,3,3,3,1,1,2,1,1,1,1,1,1,1,1,1,1,1,1
2311,Colombo,1,2,4,2,4,1,1,6,3,3,3,3,3,3,3,3,1,1,1,1,1,1,1,1,1,2,2,2,1,1,1,1,3,3,2,2,1,1,1,1,1,1,1,1,1,1,1,1,2,2,2,2,1,1,1,1,2,2,2,2,1,1,1,1,2,2,2,2,1,1,1,1,1,1,1,1,2,1,1,1,2,1,1,1,2,1,1,1,3,3,3,3,1,1,1,1,2,2,2,2,1,1,1,1,1,1,1,1,1,1,1,1,1,1,1,1,4,4,4,4,1,1,1,1,1,1,1,1,3,3,3,3,1,1,1,1,1,1,1,1,1,1,1,1,1,1,1,1,1,1,1,1,1,1,1,1,1,1,1,1,1,1,1,1,4,4,4,4,1,1,1,1
2312,Gampaha,1,2,4,2,4,1,10,10,3,2,2,3,1,1,1,1,1,1,1,1,1,1,1,1,1,1,1,1,1,1,1,1,2,1,1,1,1,1,1,1,1,1,1,1,2,1,1,1,3,1,1,1,1,1,1,1,1,1,1,1,3,2,2,2,3,2,2,2,1,1,1,1,2,1,1,1,2,1,1,1,1,1,1,1,1,1,1,1,2,1,1,1,1,1,1,1,2,2,2,2,3,3,3,3,1,1,1,1,1,1,1,1,4,4,4,4,4,4,4,4,1,1,1,1,1,1,1,1,1,1,1,1,1,1,1,1,1,1,1,1,1,1,1,1,1,1,1,1,1,1,1,1,3,3,3,3,4,4,4,4,1,1,1,1,1,1,1,1,1,1,1,1
2313,Nuwera Eliya,1,2,2,2,5,2,3,3,3,1,1,1,3,1,2,2,1,1,1,1,1,1,1,1,1,2,2,1,1,1,1,1,1,1,1,1,1,1,1,1,1,1,1,1,1,1,1,1,2,1,1,1,2,1,1,1,1,1,1,1,2,1,1,1,2,1,1,1,1,1,1,1,1,1,1,1,2,1,1,1,1,1,1,1,1,1,1,1,4,1,1,2,1,1,1,1,1,1,1,1,1,1,1,1,1,1,1,1,2,1,1,2,1,1,1,1,1,1,1,1,4,1,1,1,1,1,1,1,4,1,1,1,1,1,1,1,1,1,1,1,1,1,1,1,1,1,1,1,1,1,1,1,1,1,1,1,4,1,1,1,1,1,1,1,1,1,1,1,1,1,1,1
2317,Nuwera Eliya,1,2,4,2,4,2,9,9,2,2,1,2,2,1,1,2,1,1,1,1,1,1,1,1,2,1,1,2,1,1,1,1,2,1,1,1,1,1,1,1,1,1,1,1,2,2,2,2,1,1,1,1,2,1,1,1,1,1,1,1,1,1,1,1,1,1,1,1,1,1,1,1,2,1,1,2,1,1,1,1,3,1,1,1,2,1,1,1,2,1,1,1,1,1,1,1,2,2,1,2,1,1,1,1,1,1,1,1,3,3,3,3,1,1,1,1,1,1,1,1,1,1,1,1,1,1,1,1,1,1,1,1,1,1,1,1,1,1,1,1,1,1,1,1,1,1,1,1,1,1,1,1,1,1,1,1,1,1,1,1,1,1,1,1,1,1,1,1,1,1,1,1
2318,Gampaha,1,2,2,2,5,1,3,4,5,2,5,5,2,2,2,2,3,1,2,2,2,1,1,1,1,2,1,1,1,1,1,1,1,1,1,1,1,1,1,1,1,1,1,1,1,1,1,1,3,2,2,2,1,1,1,1,1,1,1,1,1,1,1,1,2,2,2,2,1,1,1,1,1,1,1,1,2,1,1,1,2,1,1,1,1,1,1,1,3,1,3,3,1,1,1,1,1,1,1,1,1,1,1,1,1,1,1,1,2,1,1,1,1,1,1,1,4,1,4,4,1,1,1,1,1,1,1,1,3,1,3,3,1,1,1,1,1,1,1,1,2,2,2,2,1,1,1,1,2,1,1,1,1,1,1,1,2,2,2,2,3,1,3,3,1,1,1,1,1,1,1,1
2320,Gampaha,1,2,3,2,4,1,3,3,3,1,1,1,1,1,1,1,4,2,2,2,1,1,1,1,1,1,1,1,1,1,1,1,4,4,4,4,1,1,1,1,1,1,1,1,1,1,1,1,4,2,4,3,1,1,1,1,2,2,2,2,2,2,2,2,1,1,1,1,1,1,1,1,1,1,1,1,1,1,1,1,1,1,1,1,1,1,1,1,4,2,3,3,1,1,1,1,1,1,1,1,1,1,1,1,1,1,1,1,4,4,4,4,1,1,1,1,4,2,4,4,1,1,1,1,1,1,1,1,4,2,4,4,1,1,1,1,1,1,1,1,1,1,1,1,1,1,1,1,2,2,2,1,1,1,1,1,2,2,2,2,2,2,3,3,3,3,3,3,4,2,3,3
2322,Gampaha,1,2,3,2,5,3,3,7,3,3,3,3,4,2,4,4,1,1,1,1,1,1,1,1,1,1,1,1,1,1,1,1,1,1,1,1,1,1,1,1,1,1,1,1,1,1,1,1,4,2,4,4,1,1,1,1,1,1,1,1,4,3,4,4,2,2,2,2,1,1,1,1,1,1,1,1,2,1,1,1,1,1,1,1,1,1,1,1,1,1,1,1,1,1,1,1,1,1,1,1,1,1,1,1,4,2,4,4,1,1,1,1,1,4,4,4,4,1,1,1,1,1,1,1,1,1,1,1,1,1,1,1,1,1,1,1,1,1,1,1,1,1,1,1,4,1,1,1,1,1,1,1,1,4,4,4,4,1,1,1,1,1,1,1,1,1,1,1,1,1,1,1
2323,Colombo,1,2,3,2,4,2,3,10,3,1,1,1,3,1,1,1,3,1,1,2,3,1,2,2,1,2,2,2,1,1,1,1,1,1,1,1,1,1,1,1,1,1,1,1,1,1,1,1,3,1,1,2,3,1,1,2,1,1,1,1,3,2,2,2,3,2,2,2,1,1,1,1,2,1,1,2,2,1,1,1,2,1,1,1,3,1,1,1,4,1,1,2,1,1,1,1,1,1,1,1,1,1,1,1,1,1,1,1,1,1,1,1,1,1,1,1,4,1,1,2,1,1,1,1,1,1,1,1,4,1,1,2,1,1,1,1,1,1,1,1,1,1,1,1,1,1,1,1,1,1,1,1,1,1,1,1,4,1,1,2,1,1,1,1,1,1,1,1,1,1,1,1
2324,Gampaha,1,2,4,2,7,1,2,10,3,2,2,2,4,4,4,4,2,2,2,2,2,2,2,2,1,2,2,2,1,1,1,1,2,2,2,2,1,1,1,1,2,2,2,2,2,1,1,1,3,1,1,1,1,1,1,1,1,1,1,1,3,2,2,2,3,2,2,2,1,1,1,1,2,1,1,1,1,1,1,1,1,1,1,1,1,1,1,1,1,1,1,1,1,1,1,1,2,2,2,2,4,4,4,4,1,1,1,1,1,1,1,1,1,2,2,2,4,4,4,4,1,1,1,1,1,1,1,1,1,1,1,1,1,2,2,2,1,1,1,1,4,4,4,4,1,1,1,1,1,1,1,1,2,2,2,2,4,4,4,1,2,2,2,2,1,1,1,1,1,1,1,1
2326,Gampaha,1,2,4,2,4,1,3,10,3,1,1,1,4,4,4,4,2,2,2,2,2,2,2,2,2,2,2,2,2,2,2,2,1,1,1,1,1,1,1,1,1,1,1,1,2,1,1,1,3,1,1,1,1,1,1,1,1,1,1,1,3,2,2,2,3,2,2,2,1,1,1,1,2,1,1,1,2,1,1,1,1,1,1,1,1,1,1,1,3,1,1,1,1,1,1,1,2,2,2,2,3,3,3,3,1,1,1,1,2,2,2,2,1,1,1,1,4,4,4,4,1,1,1,1,1,1,1,1,3,1,1,1,1,1,1,1,2,1,1,1,2,2,2,2,1,1,1,1,1,1,1,1,2,2,2,2,3,3,3,3,2,2,2,2,1,1,1,1,1,1,1,1
2328,Gampaha,1,2,5,2,4,1,10,10,3,3,3,3,1,1,1,1,4,2,4,4,1,1,1,1,1,1,1,1,1,1,1,1,4,2,4,4,1,1,1,1,1,1,1,1,1,1,1,1,4,4,4,4,1,1,1,1,1,1,1,1,4,4,4,4,1,1,1,1,1,1,1,1,1,1,1,1,2,1,1,1,1,1,1,1,1,1,1,1,1,1,1,1,1,1,1,1,1,1,1,1,4,2,4,4,1,1,1,1,1,1,1,1,4,4,4,4,1,1,1,1,1,1,1,1,1,1,1,1,1,1,1,1,1,1,1,1,1,1,1,1,1,1,1,1,1,1,1,1,3,3,3,3,1,1,1,1,1,1,1,1,4,2,3,3,1,1,1,1,1,1,1,1
2330,Puttalam,1,2,4,2,4,1,10,9,2,1,1,1,3,3,3,3,1,1,1,1,1,1,1,1,2,2,2,2,2,2,2,2,1,1,1,1,1,1,1,1,1,2,2,2,2,1,1,1,2,1,1,1,1,1,1,1,3,2,2,2,1,1,1,1,1,1,1,1,1,1,1,1,1,1,1,1,1,1,1,1,1,1,1,1,3,1,1,1,2,1,1,1,1,1,1,1,2,1,1,1,1,1,1,1,4,3,3,3,3,3,3,3,1,1,1,1,4,2,3,3,1,1,1,1,1,1,1,1,1,1,1,1,1,1,1,1,1,1,1,1,1,1,1,1,1,1,1,1,1,1,1,1,1,1,1,1,4,2,3,3,1,1,1,1,1,1,1,1,1,1,1,1
2332,Puttalam,1,2,6,2,4,1,8,6,2,2,2,2,1,1,1,1,1,1,1,1,4,4,4,4,1,1,1,1,1,1,1,1,1,1,1,1,1,1,1,1,3,3,3,3,1,1,1,1,4,4,4,4,1,1,1,1,1,1,1,1,1,1,1,1,1,1,1,1,1,1,1,1,1,1,1,1,1,1,1,1,1,1,1,1,1,1,1,1,1,1,1,1,1,1,1,1,3,3,3,3,1,1,1,1,1,1,1,1,2,2,2,2,1,1,1,1,1,1,1,1,1,1,1,1,1,1,1,1,1,1,1,1,1,1,1,1,1,1,1,1,1,1,1,1,1,1,1,1,1,1,1,1,1,1,1,1,1,1,1,1,1,1,1,1,1,1,1,1,1,1,1,1
2334,Kandy,1,2,4,2,4,1,1,6,2,2,2,2,2,2,2,2,1,1,1,1,3,3,3,3,1,3,2,2,1,1,1,1,1,1,1,1,1,1,1,1,1,1,1,1,1,1,1,1,1,1,1,1,4,4,4,4,3,3,3,3,3,3,3,3,1,1,1,1,1,1,1,1,2,2,2,2,2,1,1,1,2,1,1,1,2,1,1,1,3,3,3,3,1,1,1,1,1,1,1,1,3,3,3,3,1,1,1,1,1,1,1,1,1,1,1,1,1,1,1,1,1,1,1,1,1,1,1,1,1,1,1,1,1,1,1,1,1,1,1,1,1,1,1,1,1,1,1,1,1,1,1,1,1,1,1,1,1,1,1,1,1,1,1,1,1,1,1,1,1,1,1,1
2335,Kandy,1,2,3,2,4,1,2,3,3,3,3,3,4,3,3,3,2,1,1,1,1,1,1,1,1,3,2,1,2,2,2,2,1,1,1,1,1,1,1,1,1,1,1,1,1,1,1,1,2,1,1,1,1,1,1,1,4,2,2,2,4,3,3,3,4,3,3,3,1,1,1,1,2,1,1,1,1,1,1,1,1,1,1,1,4,1,1,1,4,1,1,1,1,1,1,1,3,2,3,3,1,1,1,1,1,1,1,1,1,1,1,1,1,1,1,1,4,2,4,4,1,1,1,1,1,1,1,1,4,1,2,3,1,1,1,1,1,2,3,2,1,1,1,1,1,1,1,1,1,1,1,1,1,1,1,1,4,2,3,3,1,1,1,1,1,1,1,1,1,1,1,1
2336,Colombo,1,2,3,2,4,1,1,1,3,3,3,3,2,2,2,2,3,3,3,3,1,1,1,1,1,2,1,1,1,1,1,1,1,1,1,1,1,1,1,1,2,2,2,2,1,1,1,1,3,3,4,3,1,1,1,1,1,1,1,1,3,3,3,3,1,1,1,1,1,1,1,1,1,1,1,1,3,1,1,1,3,1,1,1,3,1,1,2,2,2,2,2,1,1,1,1,2,2,2,2,3,3,3,3,1,1,1,1,3,3,3,3,1,1,1,1,4,3,3,4,1,1,1,1,1,2,2,1,2,1,1,1,1,3,3,1,1,1,1,1,4,3,3,4,1,1,1,1,1,1,1,1,1,1,1,1,3,3,3,3,1,1,1,1,3,3,3,3,2,3,3,3
2337,Gampaha,1,2,4,2,4,1,3,6,2,2,2,2,3,2,2,2,1,1,1,1,1,1,1,1,1,3,3,3,1,1,1,1,1,1,1,1,1,1,1,1,1,1,1,1,3,1,1,1,3,1,1,1,1,1,1,1,1,1,1,1,1,1,1,1,1,1,1,1,1,1,1,1,1,1,1,1,1,1,1,1,1,1,1,1,1,1,1,1,1,1,1,1,1,1,1,1,1,1,1,1,1,1,1,1,1,1,1,1,1,1,1,1,1,1,1,1,1,1,1,1,1,1,1,1,1,1,1,1,3,1,1,1,1,1,1,1,2,1,1,1,3,1,1,1,1,2,2,2,3,2,2,2,1,1,1,1,1,1,1,1,1,1,1,1,1,1,1,1,1,1,1,1
2338,Puttalam,1,2,4,2,4,1,8,6,3,3,3,3,3,3,3,3,1,1,1,1,2,1,1,1,1,2,2,2,2,2,2,2,1,1,1,1,1,1,1,1,1,1,1,1,2,1,1,1,3,2,2,2,1,1,1,1,1,1,1,1,2,2,2,2,2,2,2,2,1,1,1,1,1,1,1,1,2,1,1,1,2,1,1,1,3,1,1,1,1,1,1,1,1,1,1,1,1,1,1,1,4,3,3,3,1,1,1,1,1,1,1,1,1,1,1,1,1,1,1,1,1,1,1,1,1,1,1,1,1,1,1,1,1,1,1,1,1,1,1,1,1,1,1,1,1,1,1,1,1,1,1,1,1,1,1,1,1,1,1,1,1,1,1,1,1,1,1,1,1,1,1,1
2339,Colombo,1,1,4,3,3,2,3,3,2,1,1,1,3,1,1,2,1,1,1,1,1,1,1,1,2,1,2,2,1,1,1,1,1,1,1,1,1,1,1,1,1,1,1,1,2,1,1,2,1,1,1,1,2,1,1,2,1,1,1,1,1,1,1,1,1,1,1,1,1,1,1,1,1,1,1,1,1,1,1,1,1,1,1,1,2,1,1,1,4,1,1,2,1,1,1,1,1,1,1,1,1,1,1,1,1,1,1,1,3,1,1,2,1,1,1,1,4,1,1,2,1,1,1,1,1,1,1,1,4,1,1,2,1,1,1,1,1,1,1,1,1,1,1,1,1,1,1,1,2,1,1,2,1,1,1,1,4,1,1,2,1,1,1,1,1,1,1,1,1,1,1,1
2341,Kandy,1,2,4,2,4,2,10,9,2,2,2,2,4,4,4,4,1,1,1,1,1,1,1,1,1,1,1,1,1,1,1,1,4,4,4,4,1,1,1,1,1,1,1,1,1,1,1,1,4,4,4,4,1,1,1,1,1,1,1,1,1,1,1,1,1,1,1,1,1,1,1,1,1,1,1,1,1,1,1,1,1,1,1,1,1,1,1,1,4,4,4,4,1,1,1,1,1,1,1,1,1,1,1,1,1,1,1,1,1,1,1,1,4,4,4,4,1,1,1,1,1,1,1,1,1,1,1,1,4,4,4,4,1,1,1,1,1,1,1,1,1,1,1,1,1,1,1,1,1,1,1,1,1,1,1,1,1,1,1,1,1,1,1,1,1,1,1,1,1,1,1,1
2342,Colombo,1,2,3,2,4,2,3,7,3,2,2,3,2,1,1,1,2,1,1,1,1,1,1,1,2,1,1,2,1,1,1,1,1,1,1,1,1,1,1,1,1,1,1,1,1,1,1,1,2,1,1,1,2,1,1,2,1,1,1,1,2,1,1,2,2,1,1,1,1,1,1,1,1,1,1,1,2,1,1,1,2,1,1,1,2,1,1,1,2,2,1,2,1,1,1,1,2,1,1,2,1,1,1,1,1,1,1,1,2,2,2,1,1,2,2,2,1,1,1,1,1,1,1,1,1,1,1,1,1,1,1,1,1,1,1,1,1,1,1,1,1,1,1,1,1,1,1,1,1,1,1,1,1,1,1,1,1,1,1,1,1,1,1,1,1,1,1,1,1,1,1,1
2343,Kandy,1,2,5,2,4,2,10,4,2,1,1,1,4,4,4,4,1,1,1,1,1,1,1,1,1,3,3,2,1,1,1,1,1,1,1,1,1,1,1,1,1,1,1,1,1,1,1,1,1,1,1,1,4,4,4,4,1,1,1,1,1,1,1,1,3,3,3,3,1,1,1,1,1,1,1,1,2,1,1,1,2,1,1,1,2,1,1,1,4,1,2,4,1,1,1,1,2,3,3,2,1,1,1,1,2,2,2,2,3,4,4,4,1,2,2,2,1,1,1,1,1,1,1,1,1,1,1,1,1,1,1,1,1,1,1,1,1,1,1,1,1,1,1,1,1,1,1,1,4,4,4,4,1,1,1,1,3,4,4,4,1,1,1,1,1,1,1,1,1,1,1,1
2344,Gampaha,1,2,4,2,4,3,10,10,3,1,1,2,4,4,4,4,1,1,1,1,1,1,1,1,1,4,3,2,1,1,1,1,1,2,2,2,1,1,1,1,2,2,2,2,1,1,1,1,1,1,1,1,1,1,1,1,1,1,1,1,4,4,4,4,1,1,1,1,1,1,1,1,2,2,2,2,3,1,1,1,3,1,1,1,2,1,1,1,1,1,1,1,1,1,1,1,1,1,1,1,4,4,4,4,1,1,1,1,1,1,1,1,1,1,1,1,4,4,4,4,1,1,1,1,1,1,1,1,1,1,1,1,1,1,1,1,1,1,1,1,4,4,4,4,1,1,1,1,1,1,1,1,1,1,1,1,4,4,4,4,1,1,1,1,1,1,1,1,1,1,1,1
2345,Puttalam,1,2,5,2,3,1,10,10,3,2,2,2,4,4,4,4,1,1,1,1,2,2,2,2,1,2,2,2,1,1,1,1,1,1,1,1,1,1,1,1,2,2,2,2,1,1,1,1,2,2,2,2,1,1,1,1,1,1,1,1,1,1,1,1,1,1,1,1,1,1,1,1,2,2,2,2,1,1,1,1,1,1,1,1,1,1,1,1,2,1,2,2,1,1,1,1,2,2,2,2,1,1,1,1,3,1,1,1,2,2,2,2,1,1,1,1,4,4,4,4,1,1,1,1,1,1,1,1,1,1,1,1,1,1,1,1,1,1,1,1,1,1,1,1,1,1,1,1,1,1,1,1,1,1,1,1,4,4,4,4,1,1,1,1,1,1,1,1,1,1,1,1
2346,Gampaha,3,1,1,1,7,3,10,3,3,2,2,2,4,4,4,4,1,1,1,1,1,1,1,1,1,1,1,1,1,1,1,1,1,1,1,1,1,1,1,1,1,1,1,1,1,1,1,1,4,4,4,4,1,1,1,1,1,1,1,1,4,4,4,4,1,1,1,1,4,4,4,4,1,1,1,1,3,1,1,1,1,1,1,1,1,1,1,1,1,1,1,1,1,1,1,1,4,4,4,4,1,1,1,1,1,1,1,1,1,1,1,1,1,1,1,1,4,4,4,4,1,1,1,1,1,1,1,1,1,1,1,1,1,1,1,1,4,4,4,4,1,1,1,1,1,1,1,1,1,1,1,1,1,1,1,1,1,1,1,1,1,1,1,1,1,1,1,1,1,1,1,1
2347,Kandy,1,2,4,2,4,2,9,4,2,1,1,1,4,2,2,2,1,1,1,1,1,1,1,1,2,3,3,3,1,1,1,1,1,1,1,1,1,1,1,1,1,1,1,1,1,1,1,1,2,1,1,1,1,1,1,1,1,1,1,1,1,1,1,1,1,1,1,1,1,1,1,1,3,1,1,1,1,1,1,1,1,1,1,1,2,1,1,1,4,1,1,1,1,1,1,1,2,3,3,3,1,1,1,1,1,1,1,1,1,1,1,1,1,1,1,1,4,1,2,3,1,1,1,1,1,1,1,1,1,1,1,1,1,1,1,1,1,1,1,1,1,1,1,1,1,1,1,1,1,1,1,1,1,1,1,1,4,2,3,3,1,1,1,1,1,1,1,1,1,1,1,1
2349,Puttalam,1,2,5,2,4,1,3,3,3,3,2,3,4,4,4,4,1,1,1,1,1,1,1,1,1,1,1,1,2,3,3,3,1,1,1,1,2,2,2,2,1,1,1,1,1,1,1,1,1,1,1,1,1,1,1,1,1,1,1,1,4,4,4,4,1,1,1,1,1,1,1,1,1,1,1,1,1,1,1,1,1,1,1,1,1,1,1,1,1,1,1,1,1,1,1,1,1,1,1,1,4,4,4,4,1,1,1,1,1,1,1,1,1,1,1,1,4,4,4,4,1,1,1,1,1,1,1,1,4,4,4,4,1,1,1,1,1,1,1,1,1,1,1,1,1,1,1,1,1,1,1,1,1,1,1,1,4,4,4,4,1,1,1,1,1,1,1,1,1,1,1,1
2350,Puttalam,1,2,5,2,4,1,10,9,2,1,1,1,3,3,3,3,1,1,1,1,1,1,1,1,1,2,2,2,2,2,2,2,1,1,1,1,1,1,1,1,1,2,1,1,3,1,1,1,1,1,1,1,1,1,1,1,3,2,2,2,1,1,1,1,1,1,1,1,1,1,1,1,1,1,1,1,2,1,1,1,1,1,1,1,3,1,1,1,2,1,1,1,1,1,1,1,2,2,2,2,1,1,1,1,4,3,3,3,3,3,3,3,1,1,1,1,4,2,3,3,1,1,1,1,1,1,1,1,1,1,1,1,1,1,1,1,1,1,1,1,1,1,1,1,1,1,1,1,1,1,1,1,1,1,1,1,4,2,3,3,1,1,1,1,1,1,1,1,1,1,1,1
2354,Gampaha,1,2,4,2,7,1,1,2,5,5,5,5,1,1,1,1,2,2,2,2,3,3,3,3,1,2,1,1,1,1,1,1,2,2,2,2,1,1,1,1,1,1,1,1,1,1,1,1,2,2,2,2,1,2,2,2,1,1,1,1,3,3,3,3,2,2,2,2,3,3,3,3,1,1,1,1,2,1,1,1,1,1,1,1,1,1,1,1,2,1,1,1,1,1,1,1,1,1,1,1,4,4,4,4,2,2,2,2,1,1,1,1,1,1,1,1,4,4,4,4,1,1,1,1,1,1,1,1,2,1,1,1,1,1,1,1,1,1,1,1,4,4,4,4,1,1,1,1,1,1,1,1,1,1,1,1,1,1,1,1,4,3,4,4,2,2,2,2,3,1,1,1
2356,Gampaha,1,2,4,2,4,1,10,8,2,1,1,1,4,4,4,4,1,1,1,1,1,1,1,1,2,2,2,2,1,1,1,1,1,1,1,1,1,1,1,1,2,2,2,2,1,1,1,1,2,1,1,1,1,1,1,1,2,2,2,2,2,2,2,2,2,2,2,2,1,1,1,1,2,1,1,1,1,1,1,1,1,1,1,1,1,1,1,1,3,1,1,1,1,1,1,1,2,2,2,2,1,1,1,1,2,2,2,2,2,3,3,2,4,4,4,4,4,4,4,4,1,1,1,1,1,1,1,1,1,1,1,1,1,1,1,1,1,1,1,1,1,1,1,1,1,1,1,1,1,1,1,1,3,4,4,4,3,3,3,3,1,1,1,1,1,1,1,1,1,1,1,1
2357,Gampaha,1,2,3,2,5,1,3,10,1,5,5,5,2,2,2,2,3,2,2,2,4,4,4,4,1,3,2,2,1,1,1,1,1,1,1,1,2,2,2,2,3,3,3,3,1,1,1,1,2,2,2,2,1,1,1,1,1,1,1,1,4,4,4,4,1,1,1,1,2,2,2,2,1,1,1,1,3,1,2,2,3,1,2,2,2,1,1,1,2,2,2,2,1,1,1,1,2,2,2,2,3,3,3,3,1,1,1,1,1,1,1,1,1,1,1,1,4,4,4,4,1,1,1,1,1,1,1,1,1,1,1,1,2,2,2,2,1,1,1,1,3,3,3,3,1,1,1,1,1,1,1,1,1,1,1,1,4,4,4,4,1,1,1,1,1,1,1,1,1,1,1,1
2359,Gampaha,1,2,3,2,5,1,10,10,5,5,5,5,1,2,1,1,1,1,1,1,3,2,3,3,1,1,1,1,1,1,1,1,1,1,1,1,1,3,2,2,1,1,1,1,1,1,1,1,3,2,3,3,1,2,3,3,1,1,1,1,3,3,3,3,2,2,2,2,1,1,1,1,1,1,1,1,2,1,1,1,2,1,1,1,1,1,1,1,1,1,1,1,1,1,1,1,2,2,2,2,3,3,3,3,1,1,1,1,1,1,1,1,1,1,1,1,1,1,1,1,1,1,1,1,1,1,1,1,1,1,1,1,1,1,1,1,1,1,1,1,1,1,1,1,1,1,1,1,1,1,1,1,1,1,1,1,1,1,1,1,1,1,1,1,1,1,1,1,1,1,1,1
2362,Galle,1,2,3,2,3,3,10,10,2,1,1,1,3,3,3,3,1,1,1,1,1,1,1,1,1,1,1,1,1,1,1,1,1,2,2,2,1,1,1,1,3,3,3,3,1,1,1,1,2,2,2,2,1,1,1,1,1,1,1,2,1,1,1,1,1,1,1,1,1,1,1,1,1,1,1,1,3,1,1,1,3,1,1,1,2,1,1,2,3,3,3,3,1,1,1,1,2,2,2,2,1,1,1,1,1,1,1,1,3,3,3,3,1,1,1,1,4,4,4,4,1,1,1,1,1,1,1,1,1,1,1,1,1,1,1,1,1,1,1,1,1,1,1,1,1,1,1,1,3,3,3,3,1,2,2,2,3,2,3,3,1,1,1,1,1,1,1,1,1,1,1,1
2363,Kandy,1,2,4,2,5,2,10,10,3,2,2,2,4,4,4,4,1,1,1,1,2,1,1,1,1,3,3,3,1,1,1,1,1,1,1,1,1,1,1,1,1,1,1,1,1,1,1,1,1,1,1,1,1,1,1,1,1,1,1,1,4,4,4,4,1,1,1,1,1,1,1,1,1,1,1,1,1,1,1,1,1,1,1,1,1,1,1,2,4,1,1,1,1,1,1,1,1,1,1,1,3,3,3,3,1,1,1,1,1,1,1,1,1,1,1,1,3,3,3,3,1,1,1,1,1,1,1,1,1,1,1,1,1,1,1,1,1,1,1,1,3,3,3,3,1,1,1,1,1,1,1,1,1,1,1,1,1,1,1,1,3,1,1,1,1,1,1,1,1,1,1,1
2364,Kandy,1,1,2,5,4,1,10,8,2,1,1,1,1,1,1,1,1,1,1,1,4,4,4,4,1,1,1,1,1,1,1,1,1,1,1,1,1,1,1,1,1,1,1,1,1,1,1,1,4,4,4,4,1,1,1,1,1,1,1,1,4,4,4,4,1,1,1,1,1,1,1,1,2,2,2,2,1,1,1,1,1,1,1,1,1,1,1,1,4,1,2,3,1,1,1,1,2,3,3,2,1,1,1,1,1,1,1,1,3,3,3,3,1,1,1,1,4,1,4,4,1,1,1,1,1,1,1,1,1,1,1,1,1,1,1,1,1,1,1,1,1,1,1,1,1,1,1,1,4,4,4,4,1,1,1,1,4,4,4,4,1,1,1,1,1,1,1,1,1,1,1,1
2365,Galle,1,2,2,2,4,3,10,10,3,2,2,2,2,2,2,2,2,2,2,2,4,4,4,4,1,2,2,2,1,1,1,1,2,2,2,2,1,1,1,1,2,3,3,3,1,1,1,1,4,2,2,2,1,1,1,1,1,1,1,1,4,4,4,4,3,3,3,3,2,2,2,2,1,1,1,1,4,1,1,1,4,1,1,1,2,1,1,1,1,1,1,1,1,1,1,1,2,2,2,2,4,4,4,4,2,2,2,2,2,2,2,2,4,4,4,4,4,4,4,4,1,1,1,1,1,1,1,1,1,1,1,1,1,1,1,1,1,1,1,1,1,1,1,1,1,1,1,1,1,1,1,1,2,2,2,2,2,2,2,2,3,3,3,3,4,4,4,4,2,2,2,2
2366,Gampaha,1,2,3,2,4,1,10,10,2,2,2,2,1,1,1,1,1,1,1,1,4,4,4,4,1,2,2,2,1,1,1,1,1,2,2,2,1,1,1,1,1,1,1,1,1,1,1,1,3,2,4,3,1,1,1,1,1,1,1,1,1,1,1,1,1,1,1,1,1,1,1,1,1,1,1,1,3,1,1,1,3,1,1,1,2,1,1,1,2,1,1,1,1,1,1,1,1,1,1,1,4,4,4,4,1,1,1,1,1,1,1,1,1,1,1,1,3,2,3,3,1,1,1,1,1,1,1,1,1,1,1,1,1,1,1,1,1,1,1,1,3,3,3,3,1,1,1,1,1,1,1,1,1,1,1,1,1,1,1,1,3,3,3,3,1,1,1,1,1,1,1,1
2367,Gampaha,1,2,4,2,4,1,10,10,2,1,1,1,2,4,4,4,1,1,1,1,1,1,1,1,1,1,1,1,1,1,1,1,1,1,1,1,1,1,1,1,1,1,1,1,4,2,2,2,4,4,4,4,1,1,1,1,1,1,1,1,4,4,4,4,1,1,1,1,1,1,1,1,1,1,1,1,3,1,1,1,3,1,1,1,2,1,1,1,2,2,2,2,1,1,1,1,1,1,1,1,1,1,1,1,4,4,4,4,1,1,1,1,1,1,1,1,1,1,1,1,1,1,1,1,1,1,1,1,1,1,1,1,1,1,1,1,1,1,1,1,1,1,1,1,4,4,4,4,1,1,1,1,1,1,1,1,1,1,1,1,1,1,1,1,4,4,4,4,1,1,1,1
2368,Kandy,1,2,2,2,4,1,3,4,2,1,1,1,4,3,3,3,1,1,1,1,1,1,1,1,1,1,1,1,1,1,1,1,1,1,1,1,1,1,1,1,1,1,1,1,1,1,1,1,3,1,1,1,1,1,1,3,1,1,1,1,1,1,1,1,1,1,1,1,1,1,1,1,2,1,1,1,2,1,1,1,2,1,1,1,3,1,1,1,1,1,1,1,1,1,1,1,3,3,3,3,4,3,3,3,1,1,1,1,3,3,3,3,1,1,1,1,4,1,2,3,1,1,1,1,1,1,1,1,1,1,1,1,1,1,1,1,1,1,1,1,4,1,2,3,1,1,1,1,1,1,1,1,1,1,1,1,4,1,2,3,1,1,1,1,1,1,1,1,1,1,1,1
2370,Colombo,1,1,5,2,4,3,10,7,3,3,3,3,1,1,1,1,3,2,2,2,2,1,1,1,2,2,2,2,1,1,1,1,2,1,2,2,2,1,1,2,1,1,1,1,2,2,1,1,2,2,1,1,2,2,2,2,1,1,1,1,1,1,1,1,2,2,2,2,2,2,2,2,1,2,1,1,3,1,1,1,2,1,1,1,2,1,1,1,2,1,1,1,1,1,1,1,2,1,1,1,3,2,2,2,2,1,1,1,2,2,2,2,1,1,1,1,1,1,1,1,1,1,1,1,1,1,1,1,1,1,1,1,1,1,1,1,1,1,1,1,1,1,1,1,1,1,1,1,1,1,1,1,1,1,1,1,1,1,1,1,1,1,1,1,1,1,1,1,1,1,1,1
2372,Galle,1,2,5,2,5,1,3,10,1,1,1,1,2,2,2,2,2,2,2,2,4,4,4,4,1,1,1,1,1,1,1,1,1,1,1,1,1,1,1,1,1,1,1,1,1,1,1,1,4,1,1,1,1,1,1,1,1,1,1,1,4,4,4,4,3,3,3,3,2,2,2,2,1,1,1,1,4,1,1,2,4,1,1,2,4,1,1,1,1,1,1,1,1,1,1,1,1,1,1,1,4,4,4,4,1,1,1,1,2,2,2,2,2,1,1,2,2,1,1,2,4,1,1,2,1,1,1,1,1,1,1,1,3,1,1,2,1,1,1,1,4,1,1,1,1,1,1,1,1,1,1,1,1,1,1,1,3,1,1,2,2,1,1,2,4,1,1,2,4,1,1,2
2373,Colombo,2,1,2,2,5,2,10,7,4,3,3,4,1,1,1,1,3,2,2,3,2,1,2,2,1,1,1,1,1,1,1,1,2,1,1,2,1,1,1,1,1,1,1,1,3,2,1,2,3,2,2,1,2,1,1,2,1,1,1,1,2,2,2,2,2,2,2,2,3,2,4,3,2,1,1,1,3,1,1,1,2,1,1,1,2,1,1,1,1,1,1,1,1,1,1,1,1,1,1,1,1,1,1,1,1,1,1,1,1,1,1,1,1,1,1,1,1,1,1,1,1,1,1,1,1,1,1,1,1,1,1,1,1,1,1,1,1,1,1,1,1,1,1,1,1,1,1,1,1,1,1,1,1,1,1,1,1,1,1,1,1,1,1,1,1,1,1,1,1,1,1,1
2374,Puttalam,1,2,2,2,5,1,1,7,3,3,3,3,4,4,4,4,1,1,1,1,1,1,1,1,1,1,1,1,1,1,1,1,4,4,4,4,2,2,2,2,1,1,1,1,1,1,1,1,1,1,1,1,1,1,1,1,1,1,1,1,4,4,4,4,4,4,4,4,1,1,1,1,1,1,1,1,1,1,1,1,1,1,1,1,1,1,1,1,4,4,4,4,1,1,1,1,1,1,1,1,1,1,1,1,1,1,1,1,1,1,1,1,1,1,1,1,4,4,4,4,1,1,1,1,1,1,1,1,4,4,4,4,1,1,1,1,1,1,1,1,1,1,1,1,1,1,1,1,1,1,1,1,1,1,1,1,1,1,1,1,4,4,4,4,1,1,1,1,1,1,1,1
2375,Puttalam,2,1,5,2,5,1,8,5,2,2,2,2,3,3,3,3,1,1,1,1,2,2,2,2,1,2,2,2,2,2,2,2,1,1,1,1,1,1,1,1,1,1,1,1,3,1,1,3,2,2,2,2,1,1,1,1,1,1,1,1,1,1,1,1,1,1,1,1,1,1,1,1,2,2,2,2,2,1,1,1,2,1,1,1,1,1,1,1,1,1,1,1,1,1,1,1,1,1,1,1,4,4,4,4,1,1,1,1,1,1,1,1,1,1,1,1,1,1,1,1,1,1,1,1,1,1,1,1,1,1,1,1,1,1,1,1,1,1,1,1,1,1,1,1,1,1,1,1,1,1,1,1,4,4,4,4,1,1,1,1,1,1,1,1,1,1,1,1,1,1,1,1
2376,Kandy,1,2,5,2,4,2,8,10,2,2,2,2,4,3,3,3,1,1,1,1,2,3,3,3,1,2,2,2,1,1,1,1,1,1,1,1,1,1,1,1,2,2,2,2,1,1,1,1,2,2,2,2,1,1,1,1,1,1,1,1,1,1,1,1,1,1,1,1,1,1,1,1,2,2,2,2,1,1,1,1,1,1,1,1,1,1,1,1,2,1,2,2,1,1,1,1,3,3,3,3,1,1,1,1,1,1,1,1,3,3,4,3,1,1,1,1,4,4,4,4,1,1,1,1,1,1,1,1,1,1,1,1,1,1,1,1,1,1,1,1,1,1,1,1,1,1,1,1,4,4,4,4,1,1,1,1,4,4,4,4,1,1,1,1,1,1,1,1,1,1,1,1
2378,Puttalam,1,2,2,2,5,1,3,10,3,3,3,3,2,2,2,2,1,1,1,1,3,3,3,3,1,2,2,2,1,1,1,1,1,1,1,1,1,1,1,1,2,2,2,2,1,1,1,1,2,2,2,2,1,1,1,1,1,1,1,1,2,2,2,2,1,1,1,1,1,1,1,1,2,2,2,2,2,1,1,1,2,1,1,1,2,1,1,1,1,1,1,1,1,1,1,1,1,1,1,1,1,1,1,1,4,4,4,4,2,2,2,2,1,1,1,1,4,4,4,4,1,1,1,1,1,1,1,1,1,1,1,1,1,1,1,1,1,1,1,1,1,1,1,1,1,1,1,1,1,1,1,1,1,1,1,1,1,1,1,1,4,4,4,4,1,1,1,1,1,1,1,1
2379,Kaluthara,1,2,4,2,4,3,7,8,2,1,1,1,4,4,4,4,2,1,1,1,2,1,1,1,2,3,3,3,1,1,1,1,1,1,1,1,1,1,1,1,2,2,2,2,1,1,1,1,2,1,1,1,1,1,1,1,1,1,1,1,2,2,2,2,2,2,2,2,1,1,1,1,1,1,1,1,1,1,1,1,1,1,1,1,1,1,1,1,2,1,1,1,1,1,1,1,2,2,2,2,1,1,1,1,4,4,4,4,3,3,3,3,2,4,4,4,4,4,4,4,4,1,1,1,1,1,1,1,1,1,1,1,1,1,1,1,2,1,1,1,1,1,1,1,4,1,1,1,2,1,1,1,2,4,4,4,1,1,1,1,1,1,1,1,1,1,1,1,1,1,1,1
2383,Puttalam,1,2,5,1,4,1,3,3,3,1,2,2,4,4,4,4,1,1,1,1,1,1,1,1,1,1,1,1,1,1,1,1,1,1,1,1,1,1,1,1,1,1,1,1,1,1,1,1,2,1,1,1,1,1,1,1,1,1,1,1,2,1,1,1,1,1,1,1,1,1,1,1,3,4,4,4,1,1,1,1,1,1,1,1,3,1,1,1,1,1,1,1,1,1,1,1,1,1,1,1,4,1,4,4,1,1,1,1,1,1,1,1,1,1,1,1,1,1,1,1,1,1,1,1,1,1,1,1,1,1,1,1,1,1,1,1,1,1,1,1,1,1,1,1,1,1,1,1,1,1,1,1,1,1,1,1,1,1,1,1,4,1,2,3,1,1,1,1,1,1,1,1
2384,Kaluthara,1,2,3,2,7,1,3,1,3,3,3,3,1,1,1,1,4,4,4,4,1,1,1,1,1,1,1,1,1,1,1,1,1,1,1,1,4,4,4,4,1,1,1,1,1,1,1,1,4,4,4,4,1,1,1,1,1,1,1,1,4,4,4,4,1,1,1,1,4,4,4,4,1,1,1,1,4,1,1,1,2,1,1,1,2,1,1,1,1,1,1,1,1,1,1,1,1,1,1,1,4,4,4,4,1,1,1,1,1,1,1,1,1,4,4,4,4,4,4,4,1,1,1,1,1,1,1,1,4,2,2,2,1,1,1,1,1,1,1,1,4,4,4,4,1,1,1,1,1,1,1,1,1,4,4,4,4,1,1,1,1,1,1,1,1,1,1,1,1,1,1,1
2386,Galle,1,1,1,1,4,3,9,10,2,1,1,1,4,4,4,4,1,1,1,1,1,1,1,1,1,1,1,1,1,1,1,1,1,1,1,1,1,1,1,1,1,1,1,1,1,1,1,1,1,1,1,1,1,1,1,1,2,2,2,2,1,1,1,1,1,1,1,1,1,1,1,1,1,1,1,1,1,1,1,1,1,1,1,1,1,1,1,1,4,1,1,1,1,1,1,1,2,2,2,2,1,1,1,1,1,1,1,1,3,3,3,3,1,1,1,1,4,4,4,4,1,1,1,1,1,1,1,1,2,1,1,1,1,1,1,1,2,2,2,2,1,1,1,1,1,1,1,1,4,4,4,4,1,1,1,1,3,3,3,3,2,2,2,2,2,2,2,2,2,2,2,2
2388,Kaluthara,1,2,5,2,5,3,9,10,2,1,1,1,4,4,4,4,1,1,1,1,1,1,1,1,1,2,2,2,1,1,1,1,1,1,1,1,1,1,1,1,2,2,2,2,1,1,1,1,2,1,1,1,1,1,1,1,1,1,1,1,1,1,1,1,1,1,1,1,1,1,1,1,1,1,1,1,1,1,1,1,1,1,1,1,1,1,1,1,2,1,1,1,1,1,1,1,2,2,2,2,4,3,3,3,1,1,1,1,2,2,2,2,1,1,1,1,4,4,4,4,1,1,1,1,1,1,1,1,2,1,1,1,1,1,1,1,2,2,2,2,3,2,2,2,1,1,1,1,2,2,2,2,1,1,1,1,4,4,4,4,1,1,1,1,1,1,1,1,1,1,1,1
2391,Kandy,1,2,3,2,4,3,10,3,2,1,1,1,4,4,4,4,1,1,1,1,1,1,1,1,2,2,2,2,1,1,1,1,1,1,1,1,1,1,1,1,1,1,1,1,1,1,1,1,1,1,1,1,1,1,1,1,1,1,1,1,4,4,4,4,1,1,1,1,1,1,1,1,1,1,1,1,1,1,1,1,1,1,1,1,1,1,1,1,3,1,1,1,1,1,1,1,2,2,2,2,1,1,1,1,1,1,1,1,1,1,1,1,1,1,1,1,3,3,3,3,1,1,1,1,1,1,1,1,1,1,1,1,1,1,1,1,1,1,1,1,1,1,1,1,1,1,1,1,1,1,1,1,1,1,1,1,1,1,1,1,3,3,3,3,1,1,1,1,1,1,1,1
2392,Kandy,1,2,3,2,4,2,10,10,2,1,1,1,4,3,3,3,2,1,1,1,1,1,1,1,1,3,3,3,1,1,1,1,1,1,1,1,1,1,1,1,1,1,1,1,2,1,1,1,4,3,4,3,1,1,1,1,1,1,1,1,4,3,3,3,4,3,3,3,1,1,1,1,2,1,1,1,2,1,1,1,2,1,1,1,3,1,1,1,4,2,2,2,1,1,1,1,2,2,2,2,1,1,1,1,1,1,1,1,4,3,3,3,1,1,1,1,4,2,3,3,1,1,1,1,1,1,1,1,1,1,1,1,1,1,1,1,1,1,1,1,1,1,1,1,1,1,1,1,1,1,1,1,1,1,1,1,4,2,3,3,1,1,1,1,1,1,1,1,1,1,1,1
2394,Kaluthara,2,1,2,2,6,1,3,4,5,5,5,5,1,1,1,1,4,2,4,4,1,1,1,1,1,1,1,1,1,1,1,1,1,1,1,1,2,3,3,3,1,1,1,1,1,1,1,1,3,3,4,3,1,1,1,1,1,1,1,1,3,3,3,3,1,1,1,1,3,3,3,3,1,1,1,1,3,1,1,1,3,1,1,1,3,1,1,1,3,1,1,1,1,3,3,3,1,1,1,1,2,3,3,3,1,1,1,1,1,1,1,1,4,3,2,2,4,2,3,4,1,1,1,1,1,1,1,1,4,1,1,1,1,2,3,3,1,1,1,1,1,2,3,2,1,1,1,1,1,1,1,1,1,2,2,2,4,3,3,3,3,2,3,3,1,1,1,1,1,1,1,1
2396,Puttalam,1,2,4,2,3,1,10,10,2,1,1,1,4,4,4,4,1,1,1,1,1,1,1,1,1,2,2,2,1,2,2,2,1,1,1,1,1,1,1,1,1,1,1,1,3,1,3,3,1,1,1,1,1,1,1,1,1,1,1,1,1,1,1,1,1,1,1,1,1,1,1,1,2,2,2,2,1,1,1,1,1,1,1,1,1,1,1,1,3,1,1,3,1,1,1,1,1,1,1,1,4,4,4,4,1,1,1,1,2,2,2,2,1,1,1,1,4,4,4,4,1,1,1,1,1,1,1,1,1,1,1,1,1,1,1,1,1,1,1,1,1,1,1,1,1,1,1,1,1,1,1,1,1,1,1,1,1,1,1,1,1,1,1,1,4,4,4,4,1,1,1,1
2397,Kandy,1,2,3,2,4,1,10,10,3,2,2,2,4,4,4,4,1,1,1,1,2,2,2,2,1,1,1,1,1,1,1,1,1,1,1,1,2,2,2,2,2,2,2,2,1,1,1,1,3,3,4,3,1,1,1,1,1,1,1,1,3,3,3,3,1,1,1,1,1,1,1,1,2,2,2,2,1,1,1,1,1,1,1,1,1,1,1,1,4,1,1,4,1,1,1,1,2,3,3,2,1,1,1,1,3,3,3,3,2,2,2,2,1,1,1,1,4,4,4,4,1,1,1,1,1,1,1,1,2,1,1,2,1,1,1,1,1,1,1,1,3,4,4,3,1,1,1,1,1,1,1,1,1,1,1,1,1,1,1,1,1,1,1,1,4,4,4,4,1,1,1,1
2398,Kaluthara,1,2,5,2,4,3,7,10,3,3,3,3,4,4,4,4,2,1,1,1,2,2,2,2,1,1,1,1,1,1,1,1,1,1,1,1,1,1,1,1,2,2,2,2,1,1,1,1,4,1,1,1,2,1,1,1,1,1,1,1,4,4,4,4,4,4,4,4,2,3,3,3,1,1,1,1,1,1,1,1,1,1,1,1,1,1,1,1,2,1,1,1,1,1,1,1,2,2,2,2,4,4,4,4,1,1,1,1,2,2,2,2,1,3,3,3,4,4,4,4,1,1,1,1,1,1,1,1,1,1,1,1,1,1,1,1,2,1,1,1,4,4,4,4,1,1,1,1,1,1,1,1,2,3,3,3,4,4,4,4,2,2,2,2,2,1,1,1,1,1,1,1
2399,Galle,1,2,4,2,3,3,3,10,3,2,2,3,4,4,4,4,2,2,2,2,1,1,1,1,1,2,2,2,1,1,1,1,1,1,1,1,1,1,1,1,1,1,1,1,1,1,1,1,2,1,1,1,1,1,1,1,1,1,1,1,4,4,4,4,1,1,1,1,1,1,1,1,2,1,1,1,2,1,1,1,2,1,1,1,3,1,1,1,3,3,3,3,2,3,3,3,2,2,2,2,1,1,1,1,3,3,3,3,3,3,3,3,1,1,1,1,4,4,4,4,1,1,1,1,1,1,1,1,1,1,1,1,1,1,1,1,1,1,1,1,1,1,1,1,1,1,1,1,1,1,1,1,1,1,1,1,1,1,1,1,1,1,1,1,1,1,1,1,4,4,4,4
2404,Puttalam,1,2,4,2,4,1,10,10,3,1,2,3,2,3,2,2,1,1,1,1,1,1,1,1,1,2,1,1,1,1,1,1,4,1,2,3,1,1,1,1,1,1,1,1,1,1,1,1,2,1,1,2,1,1,1,1,1,1,1,1,2,3,1,3,1,1,1,1,1,1,1,1,3,2,1,2,1,1,1,1,1,1,1,1,4,1,1,1,1,1,1,1,1,1,1,1,1,1,1,1,4,4,4,4,1,1,1,1,1,1,1,1,1,1,1,1,4,1,2,3,1,1,1,1,1,1,1,1,1,1,1,1,1,1,1,1,1,1,1,1,1,1,1,1,1,1,1,1,4,1,2,3,1,1,1,1,4,1,2,3,4,1,2,3,1,1,1,1,1,1,1,1
2405,Puttalam,1,2,1,2,4,1,10,4,3,1,1,1,2,2,2,2,1,1,1,1,3,3,3,3,1,1,1,1,1,1,1,1,1,1,1,1,1,1,1,1,2,2,2,2,1,1,1,1,3,3,4,3,1,1,1,1,1,1,1,1,3,3,3,3,1,1,1,1,1,1,1,1,2,2,2,2,2,2,2,2,2,1,1,1,2,1,1,1,2,1,1,2,1,1,1,1,1,1,1,1,4,4,4,4,1,1,1,1,1,1,1,1,1,1,1,1,4,4,4,4,1,1,1,1,1,1,1,1,1,1,1,1,1,1,1,1,1,1,1,1,1,1,1,1,1,1,1,1,1,1,1,1,1,1,1,1,4,4,4,4,1,1,1,1,1,1,1,1,1,1,1,1
2406,Kaluthara,1,2,4,2,5,1,2,10,5,5,5,5,4,4,4,4,1,1,1,1,2,2,2,2,1,1,1,1,1,1,1,1,1,1,1,1,1,1,1,1,1,1,1,1,2,1,1,1,4,4,4,4,2,1,1,1,1,1,1,1,4,4,4,4,1,1,1,1,2,2,2,2,2,1,1,1,4,1,1,1,2,1,1,1,2,1,1,1,2,2,2,2,1,1,1,1,1,1,1,1,4,4,4,4,2,2,2,2,1,1,1,1,1,1,1,1,4,4,4,4,1,1,1,1,1,1,1,1,4,4,4,4,1,1,1,1,1,1,1,1,1,1,1,1,1,1,1,1,1,1,1,1,1,1,1,1,1,1,1,1,4,4,4,4,1,1,1,1,1,1,1,1
2407,Kaluthara,1,2,4,2,3,2,10,10,2,1,1,1,4,4,4,4,1,1,1,1,1,1,1,1,1,2,2,2,1,1,1,1,1,1,1,1,1,1,1,1,2,3,3,3,2,1,1,1,1,1,1,1,1,1,1,1,1,1,1,1,1,1,1,1,1,1,1,1,1,1,1,1,2,1,1,1,1,1,1,1,1,1,1,1,2,1,1,1,4,1,1,1,1,1,1,1,2,2,2,2,1,1,1,1,2,2,2,2,2,2,2,2,1,1,1,1,4,4,4,4,1,1,1,1,1,1,1,1,1,1,1,1,1,1,1,1,1,1,1,1,1,1,1,1,4,4,4,4,3,3,3,3,1,1,1,1,4,4,4,4,3,3,3,3,1,1,1,1,1,1,1,1
2408,Puttalam,1,2,2,1,4,1,3,4,3,1,2,3,2,3,2,2,1,1,1,1,1,1,1,1,1,1,1,1,1,1,1,1,4,2,3,4,1,1,1,1,1,1,1,1,1,1,1,1,2,1,1,1,1,1,1,1,4,2,3,4,2,3,1,1,1,1,1,1,1,1,1,1,1,1,1,1,1,1,1,1,1,1,1,1,2,1,1,1,1,1,1,1,1,1,1,1,1,1,1,1,4,2,2,3,1,1,1,1,4,3,3,4,1,1,1,1,4,1,2,4,1,1,1,1,1,1,1,1,1,1,1,1,1,1,1,1,1,1,1,1,4,1,2,3,1,1,1,1,1,1,1,1,1,1,1,1,1,1,1,1,4,1,2,3,1,1,1,1,1,1,1,1
2412,Puttalam,1,2,3,2,4,1,10,3,3,2,2,2,3,3,3,3,1,1,1,1,1,1,1,1,1,2,2,2,1,1,1,1,1,1,1,1,1,1,1,1,1,1,1,1,3,1,1,1,3,2,2,2,1,1,1,1,1,1,1,1,3,2,2,2,2,2,2,2,1,1,1,1,1,1,1,1,2,1,1,1,2,1,1,1,3,1,1,2,2,1,1,1,1,1,1,1,2,2,2,2,4,3,3,3,1,1,1,1,1,1,1,1,1,1,1,1,4,2,3,3,1,1,1,1,1,1,1,1,1,1,1,1,1,1,1,1,1,1,1,1,1,1,1,1,1,1,1,1,1,1,1,1,1,1,1,1,4,1,2,3,1,1,1,1,1,1,1,1,1,1,1,1
2413,Kaluthara,1,2,3,2,3,3,9,10,2,1,1,2,4,4,4,4,1,1,1,1,1,1,1,1,1,2,2,2,1,1,1,1,1,2,2,1,1,1,1,1,1,1,1,1,1,1,1,1,1,1,1,1,1,1,1,1,1,1,1,1,1,1,1,1,1,1,1,1,1,1,1,1,2,2,2,2,1,1,1,1,1,1,1,1,3,1,2,1,3,1,3,3,1,1,1,1,2,2,2,2,1,1,1,1,2,2,2,2,2,2,2,2,1,1,1,1,4,4,4,4,1,1,1,1,1,1,1,1,4,4,4,4,1,1,1,1,1,1,1,1,1,1,1,1,2,3,2,3,2,2,2,2,1,1,1,1,1,1,1,1,3,3,3,3,2,2,2,2,2,1,2,2
2414,Puttalam,1,2,1,2,5,1,1,6,5,5,5,5,4,4,4,4,1,1,1,1,1,1,1,1,1,1,1,1,1,1,1,1,1,1,1,1,1,1,1,1,1,1,1,1,1,1,1,1,4,1,1,1,1,1,1,1,1,1,1,1,4,4,4,4,1,1,1,1,1,1,1,1,1,1,1,1,1,1,1,1,1,1,1,1,1,1,1,1,4,1,1,1,1,1,1,1,1,1,1,1,4,4,4,4,1,1,1,1,1,1,1,1,1,1,1,1,1,1,1,1,1,1,1,1,3,3,3,3,1,1,1,1,4,4,4,4,1,1,1,1,1,1,1,1,1,1,1,1,1,1,1,1,1,1,1,1,1,1,1,1,4,4,4,4,1,1,1,1,1,1,1,1
2417,Galle,1,2,3,2,3,1,9,10,2,1,1,1,4,4,4,4,1,1,1,1,1,1,1,1,1,1,1,1,2,2,2,2,1,1,1,1,1,1,1,1,1,2,2,2,1,1,1,1,2,2,2,2,1,1,1,1,2,2,2,2,1,1,1,1,1,1,1,1,1,1,1,1,2,2,2,2,1,1,1,1,1,1,1,1,1,1,1,1,4,4,4,4,1,1,1,1,2,2,2,2,1,1,1,1,1,1,1,1,2,2,2,2,1,1,1,1,2,4,4,4,3,1,1,1,1,1,1,1,3,2,2,2,1,1,1,1,1,1,1,1,1,1,1,1,1,1,1,1,2,3,3,3,1,1,1,1,3,3,3,3,4,3,3,3,4,1,1,1,1,1,1,1
2419,Kaluthara,1,2,3,2,4,1,3,10,3,2,2,2,2,2,2,2,1,1,1,1,4,4,4,4,1,1,1,1,2,2,2,2,1,1,1,1,1,1,1,1,1,1,1,1,1,1,1,1,4,4,4,4,1,1,1,1,1,1,1,1,4,4,4,4,1,1,1,1,1,1,1,1,2,1,1,1,2,1,1,1,1,1,1,1,1,1,1,1,1,1,1,1,1,1,1,1,2,2,2,2,1,1,1,1,4,4,4,4,1,1,1,1,1,1,1,1,4,4,4,1,1,1,1,1,1,1,1,1,4,4,4,1,1,1,1,1,1,1,1,1,1,1,1,1,1,1,1,1,1,1,1,1,1,1,1,1,1,1,1,1,4,4,4,1,3,3,3,1,1,1,1,1
2421,Kaluthara,1,1,3,2,4,1,10,10,3,1,1,1,1,1,1,1,1,1,1,1,3,3,3,3,1,2,2,1,1,1,1,1,1,2,2,1,1,1,1,1,1,1,1,1,2,1,2,1,3,3,4,3,1,1,1,1,1,1,1,1,1,1,1,1,1,1,1,1,1,1,1,1,1,1,1,1,2,1,1,1,2,1,1,1,1,1,1,1,3,1,1,1,1,1,1,1,1,2,2,2,3,3,3,3,1,1,1,1,1,1,1,1,1,1,1,1,4,4,4,4,1,1,1,1,1,1,1,1,1,1,1,1,1,1,1,1,1,1,1,1,1,1,1,1,1,1,1,1,2,2,2,2,1,1,1,1,1,1,1,1,4,4,4,4,1,1,1,1,1,1,1,1
2422,Galle,1,2,5,2,4,1,8,10,2,1,1,1,3,3,3,3,2,2,2,2,1,1,1,1,1,2,1,1,3,3,3,3,1,2,2,1,1,1,1,1,3,3,3,3,1,1,1,1,3,3,4,3,1,1,1,1,3,2,1,1,1,1,1,1,1,1,1,1,1,1,1,1,2,2,2,2,2,1,1,1,2,1,1,1,2,1,2,2,3,1,1,1,1,1,1,1,3,2,2,2,2,1,1,1,1,1,1,1,3,3,3,3,1,1,1,1,3,3,3,3,1,1,1,1,1,1,1,1,1,1,1,1,1,1,1,1,1,1,1,1,1,1,1,1,1,1,1,1,1,1,1,1,1,1,1,1,3,3,3,3,1,1,1,1,1,1,1,1,1,1,1,1
2423,Galle,1,2,1,2,4,1,3,10,3,2,3,3,2,2,2,2,1,1,1,1,1,1,1,1,1,1,1,1,1,1,1,1,3,3,3,3,1,1,1,1,1,1,1,1,1,1,1,1,2,2,2,2,1,1,1,1,1,1,1,1,3,3,3,3,1,1,1,1,1,1,1,1,1,1,1,1,2,1,1,1,2,1,1,1,1,1,1,1,2,1,2,1,1,1,1,1,2,1,2,2,3,3,3,3,1,1,1,1,1,1,1,1,1,1,1,1,4,4,4,4,1,1,1,1,1,1,1,1,1,1,1,1,1,1,1,1,1,1,1,1,3,4,4,4,1,1,1,1,1,1,1,1,1,1,1,1,1,1,1,1,1,1,1,1,1,1,1,1,4,4,4,4
2424,Galle,1,2,6,2,4,1,1,7,5,5,5,5,2,2,2,2,1,1,1,1,4,4,4,4,2,2,2,2,1,1,1,1,1,1,1,1,1,1,1,1,1,1,1,1,1,1,1,1,4,4,4,4,1,1,1,1,1,1,1,1,4,3,4,4,1,1,1,1,1,1,1,1,2,2,2,2,1,1,1,1,1,1,1,1,1,1,1,1,1,1,1,1,1,1,1,1,2,2,2,2,4,4,4,4,3,3,3,3,1,1,1,1,1,1,1,1,4,4,4,4,1,1,1,1,1,1,1,1,1,1,1,1,1,1,1,1,1,1,1,1,3,3,3,3,1,1,1,1,1,1,1,1,1,1,1,1,4,4,4,4,1,1,1,1,1,3,3,3,1,1,1,1
2427,Galle,1,1,6,3,3,1,10,10,1,1,1,1,4,4,4,4,1,1,1,1,1,1,1,1,1,1,1,1,1,1,1,1,1,1,1,1,1,1,1,1,1,1,1,1,2,1,1,1,1,1,1,1,1,1,1,1,3,3,3,3,1,1,1,1,1,1,1,1,1,1,1,1,2,2,2,2,3,1,1,1,1,1,1,1,1,1,1,1,1,1,1,1,1,1,1,1,4,4,4,4,1,1,1,1,1,1,1,1,3,3,3,3,1,1,1,1,1,1,1,1,1,1,1,1,1,1,1,1,1,1,1,1,1,1,1,1,1,1,1,1,1,1,1,1,1,1,1,1,1,1,1,1,1,1,1,1,1,1,1,1,1,1,1,1,1,1,1,1,1,1,1,1
2428,Matale,1,2,3,2,4,1,10,4,2,1,1,2,3,3,3,3,1,1,1,1,2,2,2,2,1,3,2,2,1,1,1,1,1,1,1,1,1,1,1,1,1,1,1,1,2,1,2,2,1,1,1,1,2,2,2,2,1,1,1,1,1,1,1,1,1,1,1,1,1,1,1,1,3,3,3,1,1,1,1,1,1,1,1,1,1,1,1,1,2,1,1,2,1,1,1,1,1,1,1,1,3,4,4,3,1,1,1,1,1,1,1,1,1,1,1,1,4,4,4,4,1,1,1,1,1,1,1,1,1,1,1,1,1,1,1,1,1,1,1,1,1,1,1,1,1,1,1,1,4,4,4,4,1,1,1,1,4,4,4,4,1,1,1,1,1,1,1,1,1,1,1,1
2429,Kaluthara,1,1,5,3,5,1,1,2,3,3,3,3,4,4,4,4,1,1,1,1,1,1,1,1,1,3,1,1,3,3,3,3,1,1,1,1,1,1,1,1,2,2,2,2,1,1,1,1,1,1,1,1,1,1,1,1,1,1,1,1,4,4,4,4,1,1,1,1,1,1,1,1,1,1,1,1,3,1,1,1,3,1,1,1,1,1,1,1,3,1,1,1,1,1,1,1,1,1,1,1,4,4,4,4,1,1,1,1,1,1,1,1,1,1,1,1,4,1,1,1,1,1,1,1,1,1,1,1,4,1,1,1,1,1,1,1,1,1,1,1,1,1,1,1,1,1,1,1,1,1,1,1,4,4,4,4,2,2,2,3,1,1,1,1,1,1,1,1,1,1,1,1
2430,Puttalam,1,2,2,2,4,1,2,3,3,3,3,3,1,1,1,1,1,1,1,1,4,4,4,4,1,1,1,1,1,1,1,1,1,1,1,1,1,1,1,1,1,1,1,1,1,1,1,1,3,3,4,3,1,1,1,1,1,1,1,1,3,3,3,3,1,1,1,1,1,1,1,1,2,2,2,2,2,1,1,1,2,1,1,1,2,1,1,1,1,1,1,1,1,1,1,1,1,1,1,1,1,1,1,1,4,4,4,4,1,1,1,1,1,1,1,1,4,4,4,4,1,1,1,1,1,1,1,1,1,1,1,1,1,1,1,1,1,1,1,1,1,1,1,1,1,1,1,1,1,1,1,1,1,1,1,1,4,4,4,4,1,1,1,1,1,1,1,1,1,1,1,1
2431,Galle,1,2,5,2,4,1,8,10,3,3,3,3,2,2,2,2,2,1,1,2,2,2,2,2,1,2,2,2,1,1,1,1,2,2,2,2,1,1,1,1,1,1,1,1,1,1,1,1,2,2,2,2,1,1,1,1,1,1,1,1,2,2,2,2,2,2,2,2,1,1,1,1,1,2,1,1,2,1,1,1,2,1,1,1,1,1,1,1,3,1,1,1,1,2,1,1,2,1,1,1,1,1,1,1,1,1,1,1,3,2,2,2,1,1,1,1,3,2,1,2,1,1,1,1,1,1,1,1,3,1,1,1,1,2,2,2,1,1,1,1,1,1,1,1,1,1,1,1,1,1,1,1,1,1,1,1,3,2,2,2,1,1,1,1,1,1,1,1,1,1,1,1
2432,Kaluthara,1,2,2,2,5,1,1,6,3,3,3,3,1,1,1,1,4,4,4,4,1,1,1,1,1,1,1,1,1,1,1,1,1,1,1,1,1,1,1,1,1,1,1,1,1,1,1,1,4,4,4,4,1,1,1,1,1,1,1,1,4,4,4,4,1,1,1,1,1,1,1,1,2,1,1,1,3,1,1,1,3,1,1,1,2,1,1,1,2,2,2,2,1,1,1,1,1,1,1,1,4,4,4,4,1,1,1,1,1,1,1,1,1,1,1,1,2,2,2,2,1,1,1,1,4,4,4,4,2,2,2,2,1,1,1,1,1,1,1,1,4,4,4,4,1,1,1,1,1,1,1,1,1,1,1,1,1,1,1,1,4,4,4,4,1,1,1,1,1,1,1,1
2433,Kaluthara,1,2,4,2,5,1,8,6,2,2,2,2,4,4,4,4,1,1,1,1,2,2,2,2,2,2,2,2,1,1,1,1,1,1,1,1,1,1,1,1,4,4,4,4,1,1,1,1,4,1,1,1,1,1,1,1,1,1,1,1,4,4,4,4,4,4,4,4,1,1,1,1,1,1,1,1,1,1,1,1,1,1,1,1,1,1,1,1,2,1,1,1,1,1,1,1,2,2,2,2,4,4,4,4,1,1,1,1,2,2,2,2,1,1,1,1,1,1,1,1,1,1,1,1,1,1,1,1,1,1,1,1,1,1,1,1,1,1,1,1,1,1,1,1,1,1,1,1,1,1,1,1,1,1,1,1,1,1,1,1,1,1,1,1,1,1,1,1,1,1,1,1
2434,Kaluthara,1,2,4,2,4,1,8,6,3,3,3,3,2,2,2,2,1,1,1,1,3,3,3,3,1,1,1,1,2,2,2,2,2,2,2,1,1,1,1,1,1,1,1,1,1,1,1,1,3,3,4,3,1,1,1,1,1,1,1,1,3,3,3,3,2,2,2,2,2,3,3,3,1,1,1,1,2,1,1,1,2,1,1,1,2,1,1,1,3,1,2,2,1,1,1,1,1,1,1,1,3,3,3,3,1,1,1,1,2,2,2,2,1,1,1,1,1,1,1,1,1,1,1,1,1,1,1,1,1,1,1,1,1,1,1,1,1,1,1,1,1,1,1,1,1,1,1,1,1,1,1,1,1,1,1,1,1,1,1,1,1,1,1,1,1,1,1,1,1,1,1,1
2435,Kaluthara,1,2,5,2,4,1,10,9,3,2,3,3,4,4,4,4,1,1,1,1,1,1,1,1,1,2,2,2,2,2,2,2,1,1,1,1,1,1,1,1,1,1,1,1,2,2,2,2,4,4,4,4,1,1,1,1,1,1,1,1,4,4,4,4,1,1,1,1,1,1,1,1,2,1,1,1,2,1,1,1,1,1,1,1,2,1,1,1,4,4,4,4,1,1,1,1,2,2,2,2,1,1,1,1,1,1,1,1,1,1,1,1,1,1,1,1,4,4,4,4,1,1,1,1,1,1,1,1,4,4,4,4,1,1,1,1,2,2,2,2,1,1,1,1,1,1,1,1,1,1,1,1,1,1,1,1,4,4,4,4,1,1,1,1,1,1,1,1,1,1,1,1
2437,Kaluthara,1,2,3,2,5,1,10,10,2,1,1,1,4,4,4,4,1,1,1,1,2,2,2,2,1,2,2,2,2,2,2,2,2,2,2,2,1,1,1,1,2,2,2,2,1,1,1,1,2,1,1,1,1,1,1,1,2,2,2,2,2,2,2,2,2,2,2,2,2,2,2,2,1,1,1,1,1,1,1,1,1,1,1,1,2,1,1,1,2,1,1,1,1,1,1,1,2,2,2,2,4,4,4,4,1,1,1,1,2,2,2,2,2,2,2,2,4,4,4,4,1,1,1,1,1,1,1,1,1,1,1,1,1,1,1,1,1,1,1,1,4,4,4,4,1,1,1,1,1,1,1,1,1,1,1,1,4,4,4,4,3,3,3,3,3,3,3,3,1,1,1,1
2438,Kaluthara,2,1,3,2,5,1,5,10,3,3,2,2,1,2,2,2,1,1,1,1,3,2,2,2,1,1,1,1,1,1,1,1,1,1,1,1,1,1,1,1,1,1,1,1,2,1,1,1,2,2,2,2,1,1,1,1,1,1,1,1,1,1,1,1,1,1,1,1,1,1,1,1,1,1,1,1,1,1,1,1,1,1,1,1,1,1,1,1,1,1,1,1,1,1,1,1,1,1,2,1,3,2,2,2,1,1,1,1,2,2,2,2,1,1,1,1,3,1,1,1,1,1,1,1,1,1,1,1,1,1,1,1,1,1,1,1,1,1,1,1,3,1,1,1,1,1,1,1,2,2,2,2,1,1,1,1,3,1,1,1,2,1,1,1,1,1,1,1,1,1,1,1
2440,Kaluthara,1,2,4,2,4,1,10,3,2,1,1,1,4,4,4,4,1,1,1,1,1,1,1,1,1,1,1,1,3,3,3,3,1,1,1,1,1,1,1,1,3,3,3,3,3,3,3,3,4,4,4,4,1,1,1,1,1,1,1,1,1,1,1,1,1,1,1,1,1,1,1,1,1,1,1,1,2,1,1,1,2,1,1,1,2,2,2,2,4,4,4,4,1,1,1,1,1,1,1,1,1,1,1,1,1,1,1,1,3,3,3,3,4,4,4,4,1,1,1,1,1,1,1,1,1,1,1,1,1,1,1,1,1,1,1,1,1,1,1,1,1,1,1,1,1,1,1,1,1,1,1,1,4,4,4,4,3,3,3,3,1,1,1,1,1,1,1,1,1,1,1,1
2441,Galle,1,2,2,2,5,1,1,6,3,3,3,3,2,2,2,2,1,1,1,1,4,4,4,4,2,2,2,2,1,1,1,1,1,1,1,1,1,1,1,1,1,1,1,1,1,1,1,1,4,4,4,4,1,1,1,1,1,1,1,1,4,4,4,4,1,1,1,1,1,1,1,1,2,2,2,2,1,1,1,1,1,1,1,1,1,1,1,1,2,2,2,2,1,1,1,1,3,3,3,3,1,1,1,1,1,1,1,1,2,2,2,2,1,1,1,1,2,2,2,2,1,1,1,1,4,4,4,4,4,4,4,4,1,1,1,2,1,1,1,1,1,1,1,1,1,1,1,1,2,2,2,2,1,1,1,1,4,4,4,4,4,4,4,4,3,1,1,1,1,1,1,1
2442,Kaluthara,1,2,3,2,5,1,10,10,1,1,1,1,2,2,2,2,3,2,2,2,3,2,2,2,1,1,1,1,4,4,4,4,1,1,1,1,1,1,1,1,1,1,1,1,1,1,1,1,3,2,2,2,1,1,1,1,1,1,1,1,3,2,2,2,3,2,2,2,1,1,1,1,1,1,1,1,3,1,2,2,3,1,1,1,1,1,1,1,1,1,1,1,1,1,1,1,2,1,1,1,3,2,2,2,1,1,2,1,2,2,2,2,1,1,1,1,3,1,1,1,1,1,2,1,1,1,1,1,1,1,1,1,1,1,1,1,1,1,1,1,3,1,1,1,2,2,2,2,1,1,1,1,1,1,1,1,1,1,1,1,1,1,1,1,1,1,1,1,1,1,1,1
2444,Matale,1,2,2,2,5,3,3,3,2,2,2,2,4,3,3,3,1,1,1,1,1,1,1,1,1,1,1,1,1,1,1,1,1,1,1,1,1,1,1,1,1,1,1,1,1,1,1,1,2,1,1,1,1,1,1,1,1,1,1,1,4,3,3,3,4,3,3,3,1,1,1,1,1,1,1,1,1,1,1,1,1,1,1,1,1,1,1,1,4,1,1,1,1,1,1,1,1,1,1,1,1,1,1,1,1,1,1,1,1,1,1,1,1,1,1,1,4,1,3,3,1,1,1,1,1,1,1,1,4,1,2,3,1,1,1,1,1,1,1,1,1,1,1,1,1,1,1,1,1,1,1,1,1,1,1,1,4,1,3,3,4,1,3,3,1,1,1,1,1,1,1,1
2445,Matale,1,2,4,2,5,3,10,10,3,1,1,1,4,3,3,3,1,1,1,1,4,1,1,1,1,1,1,1,1,1,1,1,1,1,1,1,1,1,1,1,3,3,3,3,2,1,1,1,3,1,1,1,1,1,1,1,1,1,1,1,4,2,2,2,4,2,2,2,1,1,1,1,1,1,1,1,2,1,1,1,2,1,1,1,4,1,1,1,4,1,1,1,1,1,1,1,1,1,1,1,4,3,3,3,1,1,1,1,1,1,1,1,1,1,1,1,4,2,2,2,1,1,1,1,1,1,1,1,1,1,1,1,1,1,1,1,1,1,1,1,1,1,1,1,1,1,1,1,1,1,1,1,1,1,1,1,1,1,1,1,1,1,1,1,1,1,1,1,1,1,1,1
2447,Matale,1,2,4,2,3,1,10,10,3,2,2,3,4,4,4,4,1,1,1,1,1,1,1,1,1,1,1,1,1,1,1,1,1,1,1,1,1,1,1,1,1,1,1,1,1,1,1,1,1,1,1,1,1,1,1,1,1,1,1,1,1,1,1,1,1,1,1,1,1,1,1,1,2,2,2,2,1,1,1,1,1,1,1,1,1,1,1,1,3,1,1,3,1,1,1,1,1,1,1,1,1,1,1,1,3,3,3,3,4,4,4,4,1,1,1,1,4,4,4,4,1,1,1,1,1,1,1,1,1,1,1,1,1,1,1,1,1,1,1,1,1,1,1,1,3,3,3,3,3,3,3,3,1,1,1,1,3,3,3,3,1,1,1,1,1,1,1,1,1,1,1,1
2449,Galle,1,2,2,2,6,1,3,3,2,2,2,2,2,3,3,3,3,1,1,1,2,1,1,1,1,2,1,1,3,3,3,3,1,1,1,1,2,1,1,1,3,3,3,3,1,1,1,1,3,3,4,3,1,1,1,1,1,1,1,1,3,3,3,3,1,1,1,1,3,3,3,3,2,2,2,2,3,1,1,1,3,1,1,2,3,1,2,2,3,3,3,3,1,1,1,1,2,2,2,2,3,3,3,3,1,1,1,1,2,2,2,2,1,3,1,1,4,1,3,3,1,1,1,1,1,1,1,1,1,1,1,1,1,1,1,1,1,1,1,1,1,1,1,1,1,1,1,1,1,1,1,1,1,1,1,1,3,3,3,3,3,1,1,1,3,1,1,1,3,1,1,1
2450,Kaluthara,1,1,3,2,4,1,3,4,3,1,1,1,3,2,2,2,1,1,1,1,3,2,2,2,1,1,1,1,1,1,1,1,1,1,1,1,1,1,1,1,1,2,1,1,1,1,1,1,2,2,2,2,2,1,1,1,1,1,1,1,2,2,2,2,2,2,2,2,1,1,1,1,1,1,1,1,2,1,1,1,1,1,1,1,1,1,1,1,2,1,1,1,1,1,1,1,2,2,2,2,3,2,2,2,1,1,1,1,4,4,4,4,1,1,1,1,3,1,3,3,1,1,1,1,1,1,1,1,1,1,1,1,1,1,2,1,1,1,1,1,1,1,1,1,1,1,2,1,3,2,3,3,1,1,1,1,3,1,2,3,1,1,1,1,1,1,1,1,1,1,1,1
2452,Kaluthara,1,2,3,2,4,1,10,10,3,3,3,3,3,3,3,3,2,2,2,2,1,1,1,1,1,2,1,1,1,1,1,1,1,1,1,1,1,1,1,1,2,2,2,2,1,1,1,1,1,1,1,1,1,1,1,1,1,1,1,1,4,4,4,4,1,1,1,1,1,1,1,1,3,3,3,3,3,1,1,1,3,1,1,1,3,1,1,1,1,1,1,1,1,1,1,1,3,3,3,3,3,3,3,3,2,2,2,2,2,2,2,2,1,1,1,1,4,4,4,4,1,1,1,1,1,1,1,1,1,1,1,1,4,4,4,4,1,1,1,1,1,1,1,1,1,1,1,1,1,1,1,1,1,1,1,1,3,3,3,3,3,3,3,3,1,1,1,1,3,1,1,1
2454,Galle,1,2,4,2,5,1,8,6,3,3,3,3,2,2,2,2,3,3,3,3,1,1,1,1,1,1,1,1,3,3,3,3,1,1,1,1,1,1,1,1,3,3,3,3,1,1,1,1,3,3,4,3,1,1,1,1,1,1,1,1,3,3,3,3,1,1,1,1,3,3,3,3,1,1,1,1,3,1,1,2,3,1,2,1,3,2,2,1,2,1,1,1,1,1,1,1,2,2,2,2,3,3,3,3,1,1,1,1,2,1,1,1,1,3,3,2,4,1,1,2,1,1,1,1,1,1,1,1,1,1,1,1,1,1,1,1,1,1,1,1,4,4,4,4,1,1,1,1,1,1,1,1,1,2,2,1,3,2,2,2,1,1,1,1,1,1,1,1,1,1,1,1
2456,Kaluthara,1,1,3,3,4,1,3,10,2,1,1,2,4,4,4,4,1,1,1,1,1,1,1,1,1,2,2,2,1,1,1,1,1,1,1,1,1,1,1,1,2,2,2,2,1,1,1,1,2,1,1,1,1,1,1,1,1,1,1,1,2,2,2,2,2,2,2,2,1,1,1,1,1,1,1,1,1,1,1,1,1,1,1,1,1,1,1,1,4,1,1,1,1,1,1,1,3,3,3,3,1,1,1,1,1,1,1,1,2,2,2,2,1,1,1,3,4,4,4,1,1,1,1,1,1,1,1,1,4,1,1,1,1,2,2,2,2,2,2,2,1,1,1,1,1,1,1,1,1,1,1,1,1,1,1,2,4,4,4,4,1,1,1,1,1,1,1,1,1,1,1,1
2458,Kaluthara,1,2,5,2,4,1,8,3,2,2,2,2,4,4,4,4,1,1,1,1,2,2,2,2,2,2,2,2,1,1,1,1,1,1,1,1,1,1,1,1,2,4,4,4,1,1,1,1,3,1,1,1,1,1,1,1,1,1,1,1,2,2,2,2,2,2,2,2,1,1,1,1,2,1,1,1,1,1,1,1,1,1,1,1,1,1,1,1,2,1,1,1,1,1,1,1,2,2,2,2,4,4,4,4,1,1,1,1,4,4,4,4,1,1,1,1,1,1,1,1,1,1,1,1,1,1,1,1,1,1,1,1,1,1,1,1,1,1,1,1,1,1,1,1,1,1,1,1,1,1,1,1,2,2,2,2,2,2,2,2,1,1,1,1,1,1,1,1,1,1,1,1
2459,Kaluthara,1,2,4,2,5,1,8,10,3,3,3,3,1,1,1,1,4,4,4,4,1,1,1,1,1,1,1,1,1,1,1,1,2,2,1,1,1,1,1,1,1,1,1,1,1,1,1,1,2,2,2,2,1,1,1,1,1,1,1,1,3,3,3,3,1,2,2,2,1,3,3,3,1,1,1,1,3,1,1,1,3,1,1,1,2,1,1,1,2,1,1,1,1,1,1,1,2,1,1,1,3,4,4,4,1,1,1,1,1,1,1,1,1,1,1,1,1,1,1,1,1,1,1,1,1,1,1,1,1,1,1,1,1,1,1,1,1,1,1,1,4,1,1,1,1,1,1,1,1,1,1,1,1,1,1,1,1,1,1,1,4,1,1,1,1,1,1,1,1,1,1,1
2461,Kaluthara,1,2,3,2,5,1,3,10,5,5,5,5,1,1,1,1,4,4,4,4,1,1,1,1,1,1,1,1,1,1,1,1,1,1,1,1,1,1,1,1,1,1,1,1,1,1,1,1,2,2,2,2,1,1,1,1,1,1,1,1,3,3,3,3,2,2,2,2,1,3,3,3,1,1,1,1,3,1,1,1,3,1,1,1,2,1,1,1,1,1,1,1,3,1,1,1,1,1,1,1,4,4,4,4,1,1,1,1,1,1,1,1,1,2,2,2,4,2,3,3,1,1,1,1,1,1,1,1,2,1,1,1,1,1,1,1,1,1,1,1,3,4,4,4,1,1,1,1,1,1,1,1,1,2,2,2,1,1,1,1,4,4,4,4,1,1,1,1,1,1,1,1
2462,Galle,1,1,5,3,4,1,8,7,5,5,5,5,2,2,2,2,4,4,4,4,2,2,2,2,1,1,1,1,1,1,1,1,1,1,1,1,1,1,1,1,1,1,1,1,1,1,1,1,4,1,1,1,2,1,1,1,1,1,1,1,4,4,4,4,4,4,4,4,2,2,2,2,1,1,1,1,4,1,1,1,4,1,1,1,1,1,1,1,2,1,1,1,1,1,1,1,2,2,2,2,4,4,4,4,2,2,2,2,1,1,1,1,1,1,1,1,2,2,2,2,1,1,1,1,1,1,1,1,1,2,2,2,4,4,4,4,1,1,1,1,2,2,2,2,1,1,1,1,1,1,1,1,1,1,1,1,2,2,2,2,3,3,3,3,3,3,3,3,2,2,2,2
2465,Kaluthara,1,2,3,2,5,1,3,8,3,3,3,3,4,4,4,4,2,2,2,2,2,2,2,2,1,2,2,2,1,1,1,1,1,1,1,1,2,2,2,2,1,1,1,1,1,1,1,1,4,1,1,1,1,1,1,1,1,1,1,1,3,3,3,3,4,4,4,4,2,2,2,2,1,1,1,1,2,1,1,1,2,1,1,1,3,1,1,1,2,1,1,1,1,1,1,1,2,1,1,1,4,4,4,4,1,1,1,1,1,1,1,1,1,3,3,3,4,2,2,2,1,1,1,1,1,1,1,1,1,1,1,1,1,2,2,1,1,1,1,1,4,4,4,4,1,1,1,1,1,1,1,1,1,3,3,2,4,2,2,2,3,2,2,2,2,1,1,1,2,1,1,1
2466,Kaluthara,1,2,4,2,5,1,1,7,5,5,5,5,1,1,1,1,4,4,4,4,1,1,1,1,1,1,1,1,1,1,1,1,1,1,1,1,1,1,1,1,1,1,1,1,1,1,1,1,2,2,2,2,1,1,1,1,1,1,1,1,3,3,3,3,2,2,2,2,1,1,1,1,1,1,1,1,3,1,1,1,3,1,1,1,2,1,1,1,2,1,1,1,1,1,1,1,2,1,2,2,4,4,4,4,1,1,1,1,1,1,1,1,1,1,1,1,4,3,4,4,1,1,1,1,1,1,1,1,1,1,1,1,4,4,4,4,1,1,1,1,1,2,2,2,1,1,1,1,1,1,1,1,1,1,1,1,1,1,1,1,4,2,4,4,1,1,1,1,1,1,1,1
2467,Matale,1,2,4,2,4,1,1,6,3,3,3,3,4,3,3,3,2,1,1,1,1,1,1,1,1,1,1,1,1,1,1,1,1,1,1,1,1,1,1,1,1,1,1,1,1,1,1,1,4,2,2,2,1,1,1,1,1,1,1,1,3,3,3,3,3,3,3,3,1,1,1,1,2,1,1,1,2,1,1,1,3,1,2,1,4,1,2,2,2,1,1,1,1,1,1,1,1,1,1,1,4,3,3,3,1,1,1,1,1,1,1,1,1,1,1,1,4,4,4,4,1,1,1,1,1,1,1,1,1,1,1,1,1,1,1,1,1,1,1,1,4,4,4,4,1,1,1,1,1,1,1,1,1,1,1,1,4,4,4,4,4,4,4,4,1,1,1,1,1,1,1,1
2468,Galle,1,2,4,2,5,1,10,10,3,3,3,3,2,2,2,2,1,1,1,1,4,4,4,4,1,1,1,1,1,1,1,1,3,3,3,3,2,2,2,2,1,1,1,1,1,1,1,1,4,4,4,4,1,1,1,1,1,1,1,1,4,4,4,4,1,1,1,1,2,2,2,2,1,1,1,1,3,1,1,1,2,1,1,1,2,1,1,1,2,1,1,1,1,1,1,1,2,2,2,2,4,4,4,4,1,1,1,1,2,2,2,2,1,1,1,1,4,4,4,4,1,1,1,1,1,1,1,1,1,1,1,1,1,1,1,1,1,1,1,1,4,4,4,4,1,1,1,1,1,1,1,1,1,1,1,1,4,4,4,4,4,4,4,4,2,1,1,1,2,1,1,1
2469,Matale,1,2,3,2,4,1,10,4,3,2,2,2,3,3,3,3,1,1,1,1,1,1,1,1,1,1,1,1,1,1,1,1,1,1,1,1,1,1,1,1,1,1,1,1,1,1,1,1,2,2,2,2,1,1,1,1,1,1,1,1,2,2,2,2,1,1,1,1,1,1,1,1,2,2,2,2,1,1,1,1,1,1,1,1,1,1,1,1,1,1,1,1,1,1,1,1,1,1,1,1,1,1,1,1,1,1,1,1,1,1,1,1,1,1,1,1,1,1,1,1,1,1,1,1,1,1,1,1,1,1,1,1,4,4,4,4,1,1,1,1,1,1,1,1,1,1,1,1,1,1,1,1,1,1,1,1,4,4,4,4,1,1,1,1,1,1,1,1,1,1,1,1
2471,Galle,2,1,5,2,4,1,1,2,5,5,5,5,1,2,2,2,4,4,4,2,1,1,1,1,1,2,2,2,1,1,1,1,1,1,1,1,1,1,1,1,1,1,1,3,1,1,1,1,2,1,1,1,1,1,1,1,1,1,1,1,4,4,4,4,1,1,1,1,3,3,3,3,1,1,1,1,1,1,1,1,2,1,1,1,3,1,1,1,1,1,1,1,1,1,1,1,2,1,1,1,4,4,4,4,1,1,1,1,1,1,1,1,1,1,1,1,4,1,1,1,1,1,1,1,1,1,1,1,3,1,1,1,1,1,1,1,1,1,1,1,3,1,1,1,1,1,1,1,1,1,1,1,1,1,1,1,1,1,1,1,1,1,1,1,1,1,1,1,1,1,1,1
2472,Kaluthara,1,2,3,2,4,3,10,10,2,1,2,1,4,4,4,4,1,1,1,1,1,1,1,1,1,1,1,1,1,1,1,1,1,1,1,1,1,1,1,1,1,2,2,2,1,1,1,1,1,1,1,1,2,2,2,2,1,1,1,1,1,1,1,1,1,1,1,1,1,1,1,1,1,1,1,1,1,1,1,1,1,1,1,1,3,1,3,2,2,1,2,1,1,1,1,1,2,2,2,2,2,2,2,2,1,1,1,1,1,1,1,1,1,1,1,1,4,4,4,4,1,1,1,1,1,1,1,1,1,1,1,1,1,1,1,1,1,1,1,1,4,4,4,4,1,1,1,1,1,1,1,1,1,1,1,1,1,1,1,1,1,1,1,1,4,4,4,4,1,1,1,1
2473,Kaluthara,1,2,3,2,4,1,3,3,5,5,5,5,1,2,2,2,2,2,2,2,2,2,2,2,1,1,1,1,1,1,1,1,3,3,3,3,1,1,1,1,1,1,1,1,1,1,1,1,2,2,2,2,1,1,1,1,1,1,1,1,3,3,3,3,1,1,1,1,1,1,1,1,1,1,1,1,3,1,1,1,3,1,1,1,2,1,1,1,3,3,3,3,1,1,1,1,1,1,1,1,1,1,1,1,3,3,3,3,1,1,1,1,1,1,1,1,4,4,4,4,1,1,1,1,1,1,1,1,3,3,3,3,1,1,1,1,1,2,2,2,2,3,3,3,1,1,1,1,1,1,1,1,1,1,1,1,1,1,1,1,4,4,4,4,2,2,2,2,1,1,1,1
2474,Kaluthara,1,2,2,2,4,1,3,4,3,2,2,2,4,4,4,4,1,1,1,1,1,1,1,1,1,1,1,1,1,1,1,1,1,1,1,1,1,1,1,1,1,1,1,1,1,1,1,1,4,4,4,4,1,1,1,1,1,1,1,1,4,4,4,4,1,1,1,1,1,1,1,1,2,1,1,1,1,1,1,1,1,1,1,1,1,1,1,1,2,2,2,2,1,1,1,1,1,1,1,1,1,1,1,1,4,4,4,4,1,1,1,1,4,4,4,4,4,4,4,4,1,1,1,1,1,1,1,1,1,1,1,1,1,1,1,1,1,1,1,1,1,1,1,1,1,1,1,1,4,4,4,4,4,4,4,4,1,1,1,1,1,1,1,1,1,1,1,1,1,1,1,1
2475,Kaluthara,1,2,2,2,5,1,3,10,3,3,3,3,3,3,3,3,1,1,1,1,3,3,3,3,1,2,2,2,1,1,1,1,2,2,1,1,1,1,1,1,1,1,1,1,1,1,1,1,2,2,2,2,1,1,1,1,1,1,1,1,3,3,3,3,2,2,2,2,1,1,1,1,1,1,1,1,3,1,1,1,3,1,1,1,2,1,1,1,2,1,2,1,1,1,1,1,1,1,1,1,3,3,3,3,1,1,1,1,1,1,1,1,1,1,1,1,4,4,4,4,1,1,1,1,1,1,1,1,4,1,1,1,1,3,3,3,1,1,1,1,1,1,1,1,1,1,1,1,1,1,1,1,1,1,1,1,1,1,1,1,4,4,4,4,1,1,1,1,1,1,1,1
2476,Galle,1,1,6,3,4,1,8,7,2,2,2,2,4,4,4,4,1,1,1,1,1,1,1,1,1,1,1,1,1,1,1,1,1,1,1,1,1,1,1,1,1,1,1,1,1,1,1,1,4,2,2,2,1,1,1,1,1,1,1,1,1,1,1,1,1,1,1,1,1,1,1,1,2,1,1,1,1,1,1,1,1,1,1,1,1,1,1,1,4,1,1,1,1,1,1,1,2,2,2,2,2,2,2,2,1,1,1,1,2,2,2,2,1,1,1,1,1,1,1,1,1,1,1,1,1,1,1,1,1,1,1,1,1,1,1,1,1,1,1,1,1,1,1,1,1,1,1,1,1,1,1,1,1,1,1,1,1,1,1,1,1,1,1,1,1,1,1,1,1,1,1,1
2477,Kaluthara,1,2,3,2,5,1,8,6,3,3,3,3,3,3,3,3,4,4,4,4,1,1,1,1,1,1,1,1,1,1,1,1,1,1,1,1,1,1,1,1,1,1,1,1,1,1,1,1,4,4,4,4,1,1,1,1,1,1,1,1,4,4,4,4,1,1,1,1,1,1,1,1,2,1,1,1,2,1,1,1,2,1,1,1,1,1,1,1,1,1,1,1,1,1,1,1,1,1,1,1,4,4,4,4,4,4,4,4,1,1,1,1,1,1,1,1,1,1,1,1,1,1,1,1,1,1,1,1,1,1,1,1,1,1,1,1,1,1,1,1,1,1,1,1,1,1,1,1,1,1,1,1,1,1,1,1,1,1,1,1,1,1,1,1,1,1,1,1,1,1,1,1
2478,Ampara,1,2,2,2,6,3,7,10,4,4,4,3,3,1,1,2,2,1,2,2,3,1,2,2,1,1,1,1,1,1,1,1,1,1,1,1,1,1,1,1,1,1,1,1,1,1,1,1,1,1,1,1,2,1,1,2,1,1,1,1,1,1,1,1,3,1,2,3,1,1,1,1,1,1,1,1,2,1,1,1,2,1,1,2,3,1,1,2,1,1,1,1,1,1,1,1,1,1,1,1,3,2,2,2,1,1,1,1,1,1,1,1,2,3,3,2,4,1,1,2,1,1,1,1,1,1,1,1,1,1,1,1,1,1,1,1,1,1,1,1,3,1,1,2,1,1,1,1,1,1,1,1,1,1,1,1,4,1,1,2,1,1,1,1,1,1,1,1,1,1,1,1
2480,Kaluthara,1,2,4,2,4,1,10,10,3,2,2,2,4,4,4,4,1,1,1,1,1,1,1,1,1,1,1,1,1,1,1,1,2,1,1,1,1,1,1,1,1,1,1,1,2,1,1,1,4,4,4,4,1,1,1,1,1,1,1,1,4,4,4,4,1,1,1,1,1,1,1,1,2,1,1,1,2,1,1,1,1,1,1,1,1,1,1,1,1,1,1,1,1,1,1,1,1,1,1,1,4,4,4,4,2,2,2,2,2,2,2,2,1,1,1,1,4,4,4,4,1,1,1,1,1,1,1,1,1,1,1,1,1,1,1,1,1,1,1,1,4,4,4,4,1,1,1,1,2,2,2,2,1,1,1,1,4,4,4,4,4,4,4,4,1,1,1,1,1,1,1,1
2481,Kaluthara,3,2,1,2,5,1,3,10,3,1,1,1,3,2,2,3,1,1,1,1,2,1,1,1,1,1,1,1,1,1,1,1,1,1,1,1,1,1,1,1,1,1,1,1,3,1,2,1,2,1,1,1,1,1,1,1,1,1,1,1,2,2,2,2,2,2,2,2,1,1,1,1,2,1,1,1,2,1,1,1,2,1,1,1,1,1,1,1,2,1,1,1,1,1,1,1,1,1,1,1,3,1,1,1,1,1,1,1,2,2,2,2,1,1,1,1,3,1,1,1,1,1,1,1,1,1,1,2,1,2,1,1,1,1,1,1,1,2,2,1,3,1,1,1,1,1,1,1,1,1,1,1,1,1,1,1,3,1,1,1,2,1,1,1,1,1,1,1,1,1,1,1
2482,Kaluthara,1,2,2,2,3,1,3,10,3,2,2,2,1,1,1,1,1,1,1,1,4,4,4,4,1,1,1,1,1,1,1,1,1,1,1,1,1,1,1,1,1,1,1,1,1,1,1,1,4,4,4,4,1,1,1,1,2,2,2,2,4,4,4,4,1,1,1,1,1,1,1,1,1,1,1,1,2,1,1,1,2,1,1,1,2,1,1,1,3,2,3,3,1,1,1,1,2,2,2,2,1,1,1,1,1,1,1,1,4,4,4,4,1,1,1,1,4,4,4,4,1,1,1,1,1,1,1,1,1,1,1,1,1,1,1,1,1,1,1,1,1,1,1,1,1,1,1,1,2,2,2,2,1,1,1,1,4,4,4,4,4,4,4,4,1,1,1,1,1,1,1,1
2483,Kegalle,1,2,2,2,5,3,3,1,3,3,3,3,3,3,3,3,2,2,2,2,1,1,1,1,1,2,1,1,1,1,1,1,1,2,1,1,3,3,3,3,3,3,3,3,2,1,2,2,3,3,4,3,1,1,1,1,1,1,1,1,3,3,3,3,1,1,1,1,2,2,2,2,1,1,1,1,3,1,1,1,3,1,1,1,3,1,2,3,3,3,3,3,3,1,1,1,3,3,3,3,1,1,1,1,1,1,1,1,3,3,3,3,1,4,4,3,4,1,1,2,1,1,1,1,1,1,1,1,1,1,1,1,4,1,1,1,1,4,4,4,1,1,1,1,1,1,1,1,1,1,1,1,1,3,3,2,4,2,2,3,1,1,1,1,1,1,1,1,1,1,1,1
2484,Kaluthara,1,2,3,2,1,1,10,10,3,1,1,2,2,2,2,2,1,1,1,1,4,4,4,4,1,1,1,1,3,3,3,2,1,1,1,1,1,1,1,1,1,1,1,1,2,1,1,1,1,1,1,1,1,1,1,1,4,4,4,4,1,1,1,1,1,1,1,1,1,1,1,1,2,2,2,2,1,1,1,1,1,1,1,1,1,1,1,1,1,1,1,1,1,1,1,1,2,2,2,2,1,1,1,1,4,4,4,4,4,4,4,4,1,1,1,1,2,2,2,2,3,3,3,3,1,1,1,1,4,4,4,4,1,1,1,1,1,1,1,1,1,1,1,1,1,1,1,1,1,1,1,1,1,1,1,1,3,3,3,3,4,4,4,4,1,1,1,1,1,1,1,1
2488,Colombo,1,2,2,2,5,1,3,5,3,3,3,3,1,1,1,1,4,4,4,4,1,1,1,1,1,1,1,1,1,1,1,1,2,2,2,2,1,2,2,1,1,1,1,1,1,1,1,1,4,4,4,4,1,1,1,1,1,1,1,1,4,4,4,4,1,1,1,1,1,1,1,1,1,1,1,1,1,1,1,1,1,1,1,1,1,1,1,1,1,1,1,1,1,1,1,1,1,1,1,1,4,4,4,4,1,1,1,1,1,1,1,1,1,4,4,4,4,1,2,2,1,1,1,1,1,1,1,1,1,1,1,1,1,1,1,1,1,1,1,1,4,4,4,4,1,1,1,1,1,1,1,1,1,4,4,4,4,4,4,4,1,1,1,1,1,1,1,1,1,1,1,1
2489,Colombo,1,2,1,2,4,1,10,10,3,2,2,2,4,4,4,4,1,1,1,1,1,1,1,1,1,1,1,1,1,1,1,1,1,1,1,1,1,1,1,1,1,1,1,1,1,1,1,1,4,4,4,4,1,1,1,1,2,2,2,2,1,1,1,1,1,1,1,1,1,1,1,1,2,1,1,1,1,1,1,1,1,1,1,1,2,1,1,1,3,2,3,3,1,1,1,1,1,1,1,1,4,4,4,4,1,1,1,1,1,1,1,1,1,1,1,1,4,4,4,4,1,1,1,1,1,1,1,1,1,1,1,1,1,1,1,1,1,1,1,1,4,4,4,4,1,1,1,1,1,1,1,1,1,1,1,1,4,4,4,4,1,1,1,1,1,1,1,1,1,1,1,1
2490,Colombo,1,2,4,2,4,1,10,10,3,3,3,3,2,2,2,2,2,2,2,2,4,4,4,4,1,2,2,1,1,1,1,1,2,2,2,2,1,1,1,1,1,2,2,2,1,1,1,1,4,1,1,1,1,1,1,1,2,2,2,2,4,4,4,4,4,4,4,4,1,1,1,1,1,1,1,1,2,1,1,1,2,1,1,1,2,1,1,1,2,1,1,1,1,1,1,1,1,1,1,1,4,4,4,4,1,1,1,1,2,2,2,2,4,4,4,4,4,4,4,4,1,1,1,1,1,1,1,1,1,1,1,1,1,1,1,1,1,1,1,1,4,4,4,4,1,1,1,1,1,1,1,1,4,4,4,4,4,4,4,4,1,1,1,1,1,1,1,1,1,1,1,1
2492,Colombo,1,2,3,2,5,1,10,10,3,3,3,3,2,2,2,2,4,4,4,4,2,2,2,2,1,2,2,2,1,1,1,1,2,2,2,2,2,2,2,2,1,1,1,1,1,1,1,1,4,2,2,2,1,1,1,1,1,1,1,1,3,3,3,3,4,4,4,4,2,2,2,2,1,1,1,1,4,1,1,1,4,1,1,1,2,1,1,1,1,1,1,1,1,1,1,1,2,2,2,2,4,4,4,4,1,1,1,1,2,2,2,2,4,4,4,4,4,4,4,4,1,1,1,1,1,1,1,1,1,1,1,1,1,1,1,1,1,1,1,1,1,1,1,1,1,1,1,1,1,1,1,1,3,3,3,3,4,4,4,4,3,3,3,3,2,1,1,1,1,1,1,1
2494,Anuradhapura,1,2,4,2,4,1,1,10,3,3,3,3,3,3,3,3,1,1,1,1,1,1,1,1,1,2,2,2,1,1,1,1,1,1,1,1,1,1,1,1,2,2,2,2,1,1,1,1,3,3,4,3,1,1,1,1,1,1,1,1,2,2,2,2,1,1,1,1,1,1,1,1,2,2,2,2,1,1,1,1,1,1,1,1,1,1,1,1,2,1,1,3,1,1,1,1,1,1,1,1,1,1,1,1,4,4,4,4,2,2,2,2,1,1,1,1,4,4,4,4,1,1,1,1,1,1,1,1,1,1,1,1,1,1,1,1,1,1,1,1,1,1,1,1,1,1,1,1,1,1,1,1,1,1,1,1,4,4,4,4,1,1,1,1,1,1,1,1,1,1,1,1
2495,Kaluthara,1,2,3,2,4,1,8,6,3,3,3,3,3,3,3,3,1,1,1,1,2,2,2,2,1,2,1,1,1,1,1,1,1,1,1,1,1,1,1,1,3,3,3,3,1,1,1,1,3,3,4,3,1,1,1,1,3,3,3,3,1,1,1,1,1,1,1,1,1,1,1,1,2,2,2,2,3,1,1,1,3,1,1,1,2,1,1,1,2,2,2,2,1,1,1,1,2,2,2,2,3,3,3,3,1,1,1,1,2,2,2,2,1,1,1,1,1,1,1,1,1,1,1,1,1,1,1,1,1,1,1,1,1,1,1,1,1,1,1,1,1,1,1,1,1,1,1,1,1,1,1,1,3,3,3,3,3,3,3,3,1,1,1,1,1,1,1,1,1,1,1,1
2496,Kaluthara,1,2,3,2,4,1,4,10,3,1,2,2,3,3,3,3,1,1,1,1,2,2,2,2,1,1,1,1,1,2,2,1,2,2,2,2,1,1,1,1,1,1,1,1,1,1,1,1,2,2,2,2,1,1,1,1,1,1,1,1,3,3,3,3,1,1,1,1,2,2,2,2,1,1,1,1,3,1,1,1,3,1,1,1,3,1,1,1,3,2,3,3,1,1,1,1,2,2,2,2,2,2,2,2,1,1,1,1,2,2,2,2,1,1,1,1,1,1,1,1,4,4,4,4,1,1,1,1,1,1,1,1,1,1,1,1,1,1,1,1,3,3,3,3,1,1,1,1,1,1,1,1,1,1,1,1,1,1,1,1,1,1,1,1,3,3,3,3,2,2,2,2
2497,Kurunegala,1,2,4,2,4,1,10,4,2,1,2,2,4,3,3,3,1,1,1,1,1,1,1,1,1,2,2,2,3,3,3,3,1,1,1,1,1,1,1,1,1,1,1,1,1,1,1,1,3,2,2,2,1,1,1,1,3,3,3,3,4,3,3,3,4,3,3,3,1,1,1,1,2,1,1,1,2,1,1,1,3,1,1,1,3,1,2,2,4,2,3,3,1,1,1,1,2,1,1,1,1,1,1,1,1,1,1,1,3,3,3,3,4,3,3,3,4,2,3,3,1,1,1,1,1,1,1,1,1,1,1,1,1,1,1,1,1,1,1,1,1,1,1,1,1,1,1,1,1,1,1,1,4,3,3,3,4,2,3,3,1,1,1,1,1,1,1,1,1,1,1,1
2499,Kegalle,1,2,5,2,4,3,10,10,3,1,1,1,3,4,4,4,3,2,2,1,1,1,1,1,1,2,2,2,1,1,1,1,1,1,1,1,1,1,1,1,1,1,1,1,1,1,1,1,2,1,1,1,1,1,1,1,1,1,1,1,4,4,4,4,1,1,1,1,1,1,1,1,1,1,1,1,2,1,1,1,1,1,1,1,3,1,1,1,3,2,2,2,1,1,1,1,3,3,3,3,1,1,1,1,1,1,1,1,1,1,1,1,4,4,4,4,4,4,4,4,1,1,1,1,1,1,1,1,1,1,1,1,1,1,1,1,1,1,1,1,1,1,1,1,1,1,1,1,4,4,4,4,1,1,1,1,3,3,3,3,1,1,1,1,1,1,1,1,4,4,4,4
2500,Colombo,1,2,4,2,5,1,3,10,5,5,5,5,1,1,1,1,4,4,4,4,2,2,2,2,1,1,1,1,1,1,1,1,1,1,1,1,1,1,1,1,1,1,1,1,1,1,1,1,2,2,2,2,3,3,3,3,1,1,1,1,2,2,2,2,1,1,1,1,4,4,4,4,2,1,1,1,3,1,1,1,3,1,1,1,1,1,1,1,1,1,1,1,1,1,1,1,1,1,1,1,4,4,4,4,1,1,1,1,1,1,1,1,1,1,1,1,4,4,4,4,1,1,1,1,1,1,1,1,1,1,1,1,1,1,1,1,1,1,1,1,4,4,4,4,1,1,1,1,1,1,1,1,1,1,1,1,4,4,4,4,4,4,4,4,1,1,1,1,1,1,1,1
2501,Colombo,1,2,4,2,4,1,10,10,2,1,1,1,2,2,2,2,3,3,3,3,2,2,2,2,1,2,1,1,1,1,1,1,1,1,1,1,1,1,1,1,1,1,1,1,1,1,1,1,3,3,4,3,1,1,1,1,1,1,1,1,1,1,1,1,1,1,1,1,1,1,1,1,1,1,1,1,2,1,1,1,2,1,1,1,1,1,1,1,2,2,2,2,1,1,1,1,1,1,1,1,3,3,3,3,1,1,1,1,2,2,2,2,1,1,1,1,4,4,4,4,1,1,1,1,1,1,1,1,1,1,1,1,1,1,1,1,1,1,1,1,3,3,3,3,1,1,1,1,1,1,1,1,1,1,1,1,3,3,3,3,1,1,1,1,1,1,1,1,1,1,1,1
2502,Colombo,1,2,3,2,5,1,10,10,3,1,2,2,1,1,1,1,1,1,1,1,1,1,1,1,1,1,1,1,1,1,1,1,1,1,1,1,1,1,1,1,1,1,1,1,1,1,1,1,2,2,2,2,1,1,1,1,1,1,1,1,3,3,3,3,1,1,1,1,3,3,3,3,1,1,1,1,3,1,1,1,3,1,1,1,2,1,1,1,2,1,1,1,1,1,1,1,1,1,1,1,3,3,3,3,1,1,1,1,1,1,1,1,4,4,4,4,1,1,1,1,1,1,1,1,1,1,1,1,1,1,1,1,1,1,1,1,1,1,1,1,1,1,1,1,1,1,1,1,1,1,1,1,1,1,1,1,1,1,1,1,1,1,1,1,4,4,4,4,1,1,1,1
2503,Anuradhapura,1,2,2,2,5,1,3,3,3,1,3,3,2,3,3,2,4,2,3,4,1,1,1,1,1,3,2,2,1,1,1,1,1,1,1,1,1,1,1,1,1,1,1,1,1,1,1,1,3,1,1,2,1,1,1,1,1,1,1,1,4,4,4,4,1,1,1,1,2,4,3,3,1,1,1,1,2,1,1,1,1,1,1,1,2,1,1,1,1,1,1,1,1,1,1,1,4,1,3,4,3,4,3,3,1,1,1,1,1,1,1,1,1,4,2,2,4,1,2,3,1,1,1,1,1,1,1,1,1,1,1,1,1,1,1,1,1,1,1,1,4,1,3,3,1,1,1,1,1,1,1,1,1,4,3,1,1,1,1,1,4,1,2,3,4,1,2,3,1,1,1,1
2506,Kegalle,1,2,1,2,5,3,3,10,3,3,3,3,4,4,4,4,1,1,1,1,1,1,1,1,1,1,1,1,1,1,1,1,1,1,1,1,1,1,1,1,1,1,1,1,1,1,1,1,4,4,4,4,1,1,1,1,1,1,1,1,4,4,4,4,1,1,1,1,1,1,1,1,2,2,2,2,1,1,1,1,1,1,1,1,1,1,1,1,2,2,2,2,1,1,1,1,1,1,1,1,4,4,4,4,1,1,1,1,1,1,1,1,1,1,1,1,4,4,4,4,1,1,1,1,1,1,1,1,2,2,2,2,1,1,1,1,1,1,1,1,4,4,4,4,1,1,1,1,2,2,2,2,1,1,1,1,4,4,4,4,4,4,4,4,1,1,1,1,1,1,1,1
2507,Colombo,1,2,4,2,5,1,8,4,3,3,3,3,2,2,2,2,4,4,4,4,2,2,2,2,1,2,2,2,1,1,1,1,1,1,1,1,1,1,1,1,2,2,3,2,1,1,1,1,4,1,1,1,1,1,1,1,1,1,1,1,3,3,3,3,4,4,4,4,1,1,1,1,1,1,1,1,2,1,1,1,2,1,1,1,2,1,1,1,1,1,1,1,1,1,1,1,2,2,2,2,4,4,4,4,1,1,1,1,2,2,2,2,1,1,1,1,4,4,4,4,1,1,1,1,1,1,1,1,1,1,1,1,1,1,1,1,1,1,1,1,4,4,4,4,1,1,1,1,1,1,1,1,1,1,1,2,4,4,4,4,2,2,2,2,2,2,2,2,1,1,1,1
2508,Kegalle,1,2,2,2,5,3,10,10,5,5,5,5,2,2,2,2,3,3,3,3,2,1,1,1,1,1,1,1,1,1,1,1,1,2,2,1,3,3,3,3,2,2,2,2,1,1,1,1,3,3,4,3,1,1,1,1,1,1,1,1,4,3,3,3,1,1,1,1,2,3,3,3,1,1,1,1,3,1,1,2,3,1,2,2,2,1,1,2,2,1,1,1,1,1,1,1,2,2,2,2,4,4,4,4,1,1,1,1,1,1,1,1,4,4,4,4,1,1,1,1,1,1,1,1,1,1,1,1,1,1,1,1,1,1,1,1,1,1,1,1,1,1,1,1,1,1,1,1,1,1,1,1,1,3,3,3,3,2,2,2,2,2,2,2,2,2,2,2,2,2,2,2
2509,Anuradhapura,1,2,1,2,7,1,1,7,3,3,3,3,4,4,4,4,1,1,1,1,2,2,2,2,1,1,1,1,1,1,1,1,1,1,1,1,1,1,1,1,1,1,1,1,1,1,1,1,4,1,1,1,2,2,2,2,1,1,1,1,4,4,4,4,1,1,1,1,1,1,1,1,1,1,1,1,1,1,1,1,1,2,1,1,1,1,1,1,4,4,1,1,1,1,1,1,1,1,1,1,1,1,2,2,1,1,1,1,1,1,1,1,1,1,1,1,4,4,4,4,1,1,1,1,1,1,1,1,1,1,1,1,1,1,1,1,1,1,1,1,1,1,1,1,1,1,1,1,1,1,1,1,1,1,1,1,4,4,4,4,1,1,1,1,1,1,1,1,1,1,1,1
2510,Colombo,1,2,3,2,4,1,10,3,3,1,2,2,4,4,4,4,1,1,1,1,1,1,1,1,1,1,1,1,1,1,1,1,1,1,1,1,1,1,1,1,1,1,1,1,1,1,1,1,2,2,2,2,1,1,1,1,1,1,1,1,1,1,1,1,1,1,1,1,1,1,1,1,1,1,1,1,1,1,1,1,1,1,1,1,1,1,1,1,4,4,4,4,1,1,1,1,1,1,1,1,1,1,1,1,1,1,1,1,3,3,3,3,1,1,1,1,4,4,4,4,1,1,1,1,1,1,1,1,1,1,1,1,1,1,1,1,1,1,1,1,1,1,1,1,2,2,2,2,3,3,3,3,1,1,1,1,4,2,2,3,4,2,2,2,4,2,2,3,1,1,1,1
2511,Kurunegala,2,1,1,2,5,1,1,7,5,3,3,5,1,1,1,1,1,1,1,1,4,4,4,4,1,2,2,1,1,1,1,1,1,1,1,1,1,1,1,1,1,1,1,1,1,1,1,1,4,4,4,4,1,1,1,1,1,1,1,1,4,4,4,4,1,1,1,1,1,1,1,1,2,2,2,2,2,1,1,1,2,1,1,1,2,1,1,1,2,1,1,2,1,1,1,1,1,1,1,1,3,3,3,3,3,3,3,3,2,2,2,2,1,1,1,1,4,4,4,4,1,1,1,1,1,1,1,1,1,1,1,1,1,1,1,1,1,1,1,1,4,4,4,4,1,1,1,1,1,1,1,1,1,1,1,1,1,1,1,1,4,4,4,4,1,1,1,1,1,1,1,1
2513,Kurunegala,1,2,3,2,4,1,10,9,2,2,2,2,3,3,3,3,1,1,1,1,1,1,1,1,1,1,1,1,2,2,2,2,1,1,1,1,1,1,1,1,2,2,2,2,2,1,1,2,2,2,2,2,1,1,1,1,1,1,1,1,2,2,2,2,1,1,1,1,1,1,1,1,2,2,2,2,1,1,1,1,1,1,1,1,1,1,1,1,3,1,1,3,1,1,1,1,2,2,2,2,1,1,1,1,3,3,3,3,2,2,2,2,1,1,1,1,4,4,4,4,1,1,1,1,1,1,1,1,1,1,1,1,1,1,1,1,1,1,1,1,3,3,3,3,2,2,2,2,1,1,1,1,1,1,1,1,4,4,4,4,1,1,1,1,1,1,1,1,1,1,1,1
2514,Kegalle,1,2,6,2,4,3,3,10,3,2,2,3,4,4,4,4,1,1,1,1,1,1,1,1,1,1,1,1,1,1,1,1,1,1,1,1,1,1,1,1,1,1,1,1,1,1,1,1,4,4,4,4,1,1,1,1,1,1,1,1,3,3,3,3,1,1,1,1,1,1,1,1,2,2,2,2,1,1,1,1,1,1,1,1,1,1,1,1,2,2,2,2,1,1,1,1,1,1,1,1,1,1,1,1,1,1,1,1,3,3,3,3,1,1,1,1,3,3,3,3,1,1,1,1,1,1,1,1,1,1,1,1,1,1,1,1,1,1,1,1,1,1,1,1,1,1,1,1,3,3,3,3,1,1,1,1,4,4,4,4,4,4,4,4,1,1,1,1,1,1,1,1
2515,Kurunegala,1,2,4,2,7,3,1,2,3,3,3,3,4,3,3,3,1,1,1,1,1,1,1,1,1,2,2,2,3,3,3,3,2,1,1,1,1,1,1,1,1,1,1,1,1,1,1,1,3,2,2,2,1,1,1,1,1,1,1,1,3,3,3,3,3,3,3,3,1,1,1,1,2,1,1,1,3,1,1,1,3,1,1,1,3,1,1,1,2,1,1,1,1,1,1,1,1,1,1,1,4,2,4,4,1,1,1,1,1,1,1,1,1,3,2,2,4,2,3,3,1,1,1,1,1,1,1,1,1,1,1,1,1,1,1,1,1,1,1,1,4,2,3,3,1,1,1,1,1,1,1,1,1,3,2,2,4,2,3,3,1,1,1,1,1,1,1,1,1,1,1,1
2517,Kegalle,1,2,5,2,4,3,10,8,3,1,1,3,4,4,4,4,1,1,1,1,1,1,1,1,1,1,1,1,1,1,1,1,1,1,1,1,1,1,1,1,1,1,1,1,1,1,1,1,2,1,1,1,1,1,1,1,1,1,1,1,2,2,2,2,2,2,2,2,1,1,1,1,1,1,1,1,1,1,1,1,1,1,1,1,1,1,1,1,2,1,1,1,1,1,1,1,1,1,1,1,4,4,4,4,1,1,1,1,1,1,1,1,2,2,2,2,4,4,4,4,1,1,1,1,1,1,1,1,1,1,1,1,1,1,1,1,1,1,1,1,4,4,4,4,1,1,1,1,1,1,1,1,1,1,1,1,2,2,2,2,2,2,2,2,2,2,2,2,2,1,1,1
2520,Colombo,1,1,4,3,4,1,3,8,3,3,3,3,2,2,2,2,3,3,3,3,1,1,1,1,1,1,1,1,1,1,1,1,2,2,2,2,1,1,1,1,1,1,1,1,1,1,1,1,4,4,4,4,1,1,1,1,1,1,1,1,4,4,4,4,1,1,1,1,3,3,3,3,1,1,1,1,2,1,1,1,2,1,1,2,1,1,1,1,1,1,1,1,1,1,1,1,2,2,2,2,1,1,1,1,1,1,1,1,4,4,4,4,1,3,3,1,4,4,3,3,1,1,1,1,1,1,1,1,1,1,1,1,1,1,1,1,1,1,1,1,1,1,1,1,1,1,1,1,4,4,1,1,1,3,3,1,4,4,4,4,4,4,4,3,1,1,1,1,1,1,1,1
2521,Colombo,1,2,3,2,5,1,10,4,5,5,5,5,3,3,3,3,1,1,1,1,2,2,2,2,1,1,1,1,1,1,1,1,1,1,1,1,1,1,1,1,1,1,1,1,1,1,1,1,2,2,2,2,1,1,1,1,1,1,1,1,3,3,3,3,1,1,1,1,1,2,2,2,1,1,1,1,3,1,1,1,3,1,1,1,2,1,1,1,2,1,1,1,1,1,1,1,2,1,1,1,3,4,4,4,1,1,1,1,1,1,1,1,4,4,4,4,1,1,1,1,1,1,1,1,1,1,1,1,1,1,1,1,1,1,1,1,1,1,1,1,1,1,1,1,1,1,1,1,1,1,1,1,1,1,1,1,1,1,1,1,4,4,4,4,1,1,1,1,1,1,1,1
2522,Colombo,1,2,4,2,5,1,3,4,3,3,3,3,1,1,1,1,4,4,4,4,1,1,1,1,1,1,1,1,1,1,1,1,1,1,1,1,1,1,1,1,1,1,1,1,1,1,1,1,4,2,2,2,1,1,1,1,1,1,1,1,4,4,4,4,2,2,2,2,1,1,1,1,1,1,1,1,4,1,1,1,4,1,1,1,1,1,1,1,1,1,1,1,1,1,1,1,2,2,2,2,4,4,4,4,1,1,1,1,1,1,1,1,1,1,1,1,1,1,1,1,4,4,4,4,1,1,1,1,1,1,1,1,1,1,1,1,1,1,1,1,2,2,2,2,1,1,1,1,4,4,4,4,1,1,1,1,1,1,1,1,1,1,1,1,1,1,1,1,1,1,1,1
2524,Kurunegala,1,2,3,2,7,1,1,2,5,5,5,5,3,4,3,3,4,2,2,4,1,1,1,1,1,3,2,2,1,1,1,1,1,1,1,1,1,1,1,1,1,1,1,1,2,1,1,1,4,2,4,4,1,1,1,1,1,1,1,1,4,4,4,4,1,1,1,1,2,3,4,4,1,1,1,1,2,1,1,1,1,1,1,1,2,1,1,1,1,1,1,1,1,1,1,1,1,1,1,1,4,4,4,4,1,1,1,1,1,1,1,1,1,4,4,2,4,1,1,3,1,1,1,1,1,1,1,1,1,1,1,1,1,1,1,1,1,1,1,1,4,1,1,3,1,1,1,1,1,1,1,1,1,4,4,3,1,1,1,1,1,1,1,1,1,1,1,1,4,1,1,3
2527,Colombo,1,2,3,2,5,1,1,7,3,3,3,3,4,3,4,4,1,1,1,1,1,1,1,1,1,1,1,1,1,1,1,1,3,3,3,3,1,1,1,1,1,1,1,1,1,1,1,1,4,4,4,4,1,1,1,1,1,1,1,1,4,4,4,4,1,1,1,1,1,1,1,1,3,3,3,3,3,1,1,1,3,1,1,1,1,1,1,1,1,1,1,1,1,1,1,1,1,1,1,1,4,4,4,4,1,1,1,1,1,1,1,1,1,1,1,1,4,4,4,4,1,1,1,1,1,1,1,1,1,1,1,1,1,1,1,1,1,1,1,1,4,4,4,4,1,1,1,1,1,1,1,1,1,1,1,1,4,4,4,4,1,1,1,1,1,1,1,1,1,1,1,1
2529,Kurunegala,1,2,1,2,4,1,3,4,2,2,2,2,1,1,1,1,3,3,3,2,1,1,1,1,1,2,2,2,1,1,1,1,1,1,1,1,1,1,1,1,2,2,2,2,1,1,1,1,2,1,2,2,1,1,1,1,1,1,1,1,2,2,2,2,1,1,1,1,1,1,1,1,2,2,2,2,2,1,1,1,2,1,1,1,2,1,1,1,3,1,1,3,1,1,1,1,1,1,1,1,1,1,1,1,3,3,3,3,2,2,2,2,1,1,1,1,4,4,4,4,1,1,1,1,1,1,1,1,1,1,1,1,1,1,1,1,1,1,1,1,1,1,1,1,1,1,1,1,1,1,1,1,1,1,1,1,1,1,1,1,3,3,3,3,1,1,1,1,1,1,1,1
2530,Colombo,1,1,5,2,4,1,3,3,3,3,3,3,2,2,2,2,1,1,1,1,4,4,4,4,1,1,1,1,1,1,1,1,1,1,1,1,1,1,1,1,1,1,1,1,2,1,1,2,1,1,1,1,4,4,4,4,1,1,1,1,1,1,1,1,4,4,4,4,1,1,1,1,2,2,2,2,1,1,1,1,1,1,1,1,1,1,1,1,4,4,4,4,1,1,1,1,3,3,3,3,1,1,1,1,1,1,1,1,2,2,2,2,1,1,1,1,4,4,4,4,1,1,1,1,1,1,1,1,2,2,2,2,4,4,4,4,2,2,2,2,1,1,1,1,1,1,1,1,2,2,2,2,1,1,1,1,4,4,4,4,2,2,3,2,1,1,1,1,1,1,1,1
2533,Kegalle,1,2,4,2,5,1,1,6,5,5,5,5,3,3,3,3,1,1,1,1,3,3,3,3,1,1,1,1,3,3,3,3,1,1,1,1,1,1,1,1,3,3,3,3,1,1,1,1,3,3,4,3,1,1,1,1,3,3,3,3,3,3,3,3,3,3,3,3,3,3,3,3,1,1,1,1,3,1,1,1,3,1,1,1,2,1,1,2,2,2,2,2,1,1,1,1,2,2,2,2,3,3,3,3,1,1,1,1,3,3,3,3,1,1,1,1,4,4,4,4,1,1,1,1,1,1,1,1,1,1,1,1,1,1,1,1,1,1,1,1,1,1,1,1,1,1,1,1,1,1,1,1,1,1,1,1,3,3,3,3,1,1,1,1,3,3,3,3,3,3,3,3
2534,Kurunegala,1,2,2,2,4,1,10,10,2,2,2,2,4,4,4,4,1,1,1,1,1,1,1,1,1,1,1,1,1,1,1,1,1,1,1,1,1,1,1,1,1,1,1,1,1,1,1,1,2,1,1,1,1,1,1,1,1,1,1,1,1,1,1,1,1,1,1,1,1,1,1,1,2,2,2,2,1,1,1,1,1,1,1,1,1,1,1,1,3,1,1,3,1,1,1,1,1,1,1,1,1,1,1,1,3,3,3,3,1,1,1,1,1,1,1,1,4,4,4,4,1,1,1,1,1,1,1,1,1,1,1,1,1,1,1,1,1,1,1,1,1,1,1,1,1,1,1,1,1,1,1,1,1,1,1,1,4,4,4,4,1,1,1,1,1,1,1,1,1,1,1,1
2535,Kurunegala,1,2,4,3,4,1,10,3,3,3,3,3,2,2,2,2,4,4,4,4,1,1,1,1,1,1,1,1,1,1,1,1,1,1,1,1,1,1,1,1,1,1,1,1,1,1,1,1,4,4,4,4,1,1,1,1,1,1,1,1,1,1,1,1,1,1,1,1,1,1,1,1,1,1,1,1,2,1,1,1,2,1,1,1,2,1,1,1,1,1,1,1,1,1,1,1,2,2,2,2,1,1,1,1,3,3,3,3,2,2,2,2,1,1,1,1,4,4,4,4,1,1,1,1,1,1,1,1,1,1,1,1,1,1,1,1,1,1,1,1,1,1,1,1,1,1,1,1,1,1,1,1,1,1,1,1,1,1,1,1,1,1,1,1,4,4,4,4,1,1,1,1
2536,Anuradhapura,1,2,5,2,4,1,10,10,1,1,1,1,4,4,4,4,1,1,1,1,1,1,1,1,1,1,1,1,1,1,1,1,1,1,1,1,1,1,1,1,2,2,2,2,3,1,1,3,1,1,1,1,1,1,1,1,1,1,1,1,1,1,1,1,1,1,1,1,1,1,1,1,2,2,2,2,1,1,1,1,1,1,1,1,1,1,1,1,3,1,1,3,1,1,1,1,1,1,1,1,1,1,1,1,1,1,1,1,3,3,3,3,1,1,1,1,4,4,4,4,1,1,1,1,1,1,1,1,1,1,1,1,1,1,1,1,1,1,1,1,1,1,1,1,1,1,1,1,4,4,4,4,1,1,1,1,4,4,4,4,1,1,1,1,1,1,1,1,1,1,1,1
2537,Colombo,1,2,3,2,4,1,10,10,3,2,2,3,4,4,4,4,1,1,1,1,1,1,1,1,1,1,1,1,1,1,1,1,2,1,1,2,1,1,1,1,1,1,1,1,1,1,1,1,2,2,2,2,1,1,1,1,2,2,2,2,2,2,2,2,1,1,1,1,1,1,1,1,2,2,2,2,1,1,1,1,1,1,1,1,1,1,1,1,3,2,3,3,1,1,1,1,2,2,2,2,1,1,1,1,1,1,1,1,3,3,3,3,1,1,1,1,4,4,4,4,1,1,1,1,1,1,1,1,2,2,2,2,1,1,1,1,3,3,3,3,1,1,1,1,1,1,1,1,2,2,2,2,1,1,1,1,4,4,4,4,4,1,1,1,1,1,1,1,1,1,1,1
2538,Colombo,1,2,4,2,4,1,10,10,3,2,2,2,3,2,2,2,1,1,1,1,2,1,2,2,1,3,3,3,1,1,1,1,1,1,1,1,1,1,1,1,1,1,1,1,1,1,1,1,2,2,2,2,1,1,1,1,1,1,1,1,3,3,3,3,3,3,3,3,1,1,1,1,2,1,1,2,1,1,1,1,1,2,1,1,1,1,1,1,3,1,1,1,1,1,1,1,2,1,1,1,1,1,1,1,3,2,2,2,2,2,2,2,1,1,1,1,3,1,1,1,1,1,1,1,1,1,1,1,1,1,1,1,1,1,1,1,1,1,1,1,1,1,1,1,3,1,1,1,2,1,1,1,1,1,1,1,3,1,1,2,2,1,1,1,1,1,1,1,1,1,1,1
2539,Colombo,1,2,4,2,4,1,1,10,3,3,3,3,4,4,4,4,1,1,1,1,1,1,1,1,1,2,2,2,2,2,2,2,1,1,1,1,1,1,1,1,1,1,1,1,1,1,1,1,4,4,4,4,1,1,1,1,1,1,1,1,1,1,1,1,4,4,4,4,1,1,1,1,2,2,2,2,1,1,1,1,1,1,1,1,1,1,1,1,2,2,2,2,1,1,1,1,2,2,2,2,1,1,1,1,1,1,1,1,4,4,4,4,1,1,1,1,4,4,4,4,1,1,1,1,1,1,1,1,1,1,1,1,1,1,1,1,1,1,1,1,4,4,4,4,1,1,1,1,1,1,1,1,1,1,1,1,4,4,4,4,3,1,1,1,3,1,1,1,3,1,1,1
2540,Colombo,1,2,5,2,5,1,8,3,5,5,5,5,2,4,4,4,4,2,2,2,2,2,2,2,1,1,1,1,1,1,1,1,2,2,2,2,1,1,1,1,1,1,1,1,1,1,1,1,4,1,1,1,1,1,1,1,1,1,1,1,4,2,2,2,4,2,2,2,2,4,4,4,1,1,1,1,2,1,1,1,4,1,1,1,2,1,1,1,1,1,1,1,1,1,1,1,2,2,2,2,4,4,4,4,1,1,1,1,2,2,2,2,2,4,3,3,4,1,2,3,1,1,1,1,1,1,1,1,1,1,1,1,1,1,1,1,1,1,1,1,4,4,4,4,1,1,1,1,1,1,1,1,1,4,3,2,4,1,2,3,4,1,2,3,1,1,1,1,1,1,1,1
2542,Kegalle,3,2,2,2,5,1,10,10,3,1,1,1,3,4,4,4,4,2,2,2,1,1,1,1,1,2,2,2,1,1,1,1,1,1,1,1,1,1,1,1,1,1,1,1,1,1,1,1,1,1,1,1,1,1,1,1,1,1,1,1,3,3,3,3,1,1,1,1,2,2,2,2,1,1,1,1,2,1,1,1,2,1,1,1,2,1,1,1,4,1,1,1,1,1,1,1,2,2,2,2,1,1,1,1,1,1,1,1,2,2,2,2,1,1,1,1,4,4,4,4,1,1,1,1,1,1,1,1,1,1,1,1,1,1,1,1,1,1,1,1,1,1,1,1,1,1,1,1,4,4,4,4,1,1,1,1,2,2,2,2,2,2,2,2,2,1,1,1,1,1,1,1
2548,Anuradhapura,1,2,5,2,4,1,8,7,3,3,3,3,4,4,4,4,1,1,1,1,1,1,1,1,1,1,1,1,1,1,1,1,4,4,4,4,1,1,1,1,1,1,1,1,1,1,1,1,1,1,1,1,1,1,1,1,1,1,1,1,4,4,4,4,4,4,4,4,1,1,1,1,1,1,1,1,4,4,4,4,1,1,1,1,1,1,1,1,1,1,1,1,1,1,1,1,1,1,1,1,1,1,1,1,1,1,1,1,1,1,1,1,1,1,1,1,1,1,1,1,1,1,1,1,1,1,1,1,1,1,1,1,1,1,1,1,1,1,1,1,1,1,1,1,1,1,1,1,1,1,1,1,1,1,1,1,1,1,1,1,1,1,1,1,1,1,1,1,1,1,1,1
2549,Anuradhapura,1,2,3,1,4,1,10,10,2,2,2,2,4,4,4,4,1,1,1,1,1,1,1,1,1,2,3,3,2,2,2,2,1,1,1,1,1,1,1,1,1,1,1,1,2,2,2,2,1,1,1,1,1,1,1,1,1,1,1,1,1,1,1,1,1,1,1,1,1,1,1,1,2,2,2,2,1,1,1,1,1,1,1,1,2,1,1,1,1,1,1,1,1,1,1,1,1,1,1,1,4,4,4,4,2,2,2,2,1,1,1,1,1,1,1,1,4,4,4,4,1,1,1,1,1,1,1,1,1,1,1,1,1,1,1,1,1,1,1,1,1,1,1,1,1,1,1,1,1,1,1,1,1,1,1,1,1,1,1,1,1,1,1,1,4,4,4,4,1,1,1,1
2550,Anuradhapura,1,2,1,1,4,1,10,3,3,2,2,2,3,3,3,3,1,1,1,1,1,1,1,1,1,1,1,1,3,3,3,3,1,1,1,1,1,1,1,1,2,2,2,2,1,1,1,1,3,3,4,3,1,1,1,1,1,1,1,1,3,3,3,3,1,1,1,1,1,1,1,1,3,3,3,3,2,1,1,1,2,1,1,1,2,1,1,1,1,1,1,1,1,1,1,1,1,1,1,1,3,4,3,3,3,3,3,3,2,2,2,2,1,1,1,1,4,4,4,4,1,1,1,1,1,1,1,1,1,1,1,1,1,1,1,1,1,1,1,1,3,3,3,3,1,1,1,1,1,1,1,1,1,1,1,1,4,4,4,4,1,1,1,1,1,1,1,1,1,1,1,1
2551,Kegalle,1,2,5,2,5,1,8,7,3,3,3,3,2,2,2,2,1,1,1,1,4,4,4,4,1,2,2,2,2,2,2,2,1,1,1,1,1,1,1,1,1,1,1,1,1,1,1,1,4,4,4,4,1,1,1,1,1,1,1,1,1,1,1,1,1,1,1,1,1,1,1,1,2,2,2,2,1,1,1,1,1,1,1,1,1,1,1,1,1,1,1,1,1,1,1,1,3,3,3,3,1,1,1,1,1,1,1,1,3,3,3,3,1,1,1,1,1,1,1,1,1,1,1,1,1,1,1,1,1,1,1,1,1,1,1,1,1,1,1,1,1,1,1,1,1,1,1,1,1,1,1,1,1,1,1,1,1,1,1,1,1,1,1,1,1,1,1,1,1,1,1,1
2553,Colombo,1,2,4,2,3,1,9,10,2,1,1,1,3,3,3,3,1,1,1,1,2,2,2,2,1,2,2,1,1,1,1,1,2,2,2,2,1,1,1,1,3,3,3,3,1,1,1,1,2,2,2,2,1,1,1,1,1,1,1,1,1,1,1,1,1,1,1,1,1,1,1,1,1,1,1,1,2,1,1,1,2,1,1,1,2,1,1,2,3,3,3,3,1,1,1,1,2,2,2,2,1,1,1,1,3,3,3,3,3,3,3,3,1,3,1,1,4,2,4,4,1,1,1,1,1,1,1,1,1,1,1,1,1,1,1,1,1,1,1,1,1,1,1,1,4,4,4,4,3,3,3,3,1,2,1,1,3,2,3,3,1,1,1,1,1,1,1,1,1,1,1,1
2554,Kurunegala,1,2,4,2,5,1,3,4,3,2,2,2,4,3,3,3,1,1,1,1,1,1,1,1,1,2,2,2,2,2,2,2,2,1,1,1,1,1,1,1,1,1,1,1,3,1,1,1,2,2,2,2,1,1,1,1,3,1,1,1,4,3,3,3,4,3,3,3,1,1,1,1,2,1,1,1,2,1,1,1,2,1,1,1,3,1,1,2,2,1,1,1,1,1,1,1,1,1,1,1,4,3,3,3,1,1,1,1,1,1,1,1,1,1,1,1,4,2,3,3,1,1,1,1,1,1,1,1,1,1,1,1,1,1,1,1,1,1,1,1,4,2,3,3,1,1,1,1,1,1,1,1,1,1,1,1,4,2,3,3,1,1,1,1,1,1,1,1,1,1,1,1
2555,Kurunegala,1,2,3,2,4,1,10,10,3,2,3,3,4,3,3,3,2,1,1,1,2,1,1,1,1,3,2,2,1,2,2,2,2,1,1,1,1,1,1,1,1,1,1,1,1,1,1,1,3,2,2,2,1,1,1,1,1,1,1,1,2,2,2,2,2,2,2,2,3,3,3,3,2,2,2,2,2,1,1,1,2,1,1,1,3,1,1,2,1,1,1,1,1,1,1,1,1,1,1,1,4,3,4,4,1,1,1,1,1,1,1,1,1,2,2,2,4,2,3,4,1,1,1,1,1,1,1,1,1,1,1,1,1,1,1,1,1,1,1,1,4,2,3,4,1,1,1,1,1,1,1,1,1,2,2,2,4,2,3,4,1,1,1,1,1,1,1,1,1,1,1,1
2558,Kegalle,1,2,1,2,5,1,1,10,3,3,3,3,2,2,2,2,2,2,2,2,3,3,3,3,1,1,1,1,1,1,1,1,2,1,1,1,1,1,1,1,1,1,1,1,1,1,1,1,2,2,2,2,1,1,1,1,1,1,1,1,3,3,3,3,1,1,1,1,3,3,3,3,1,1,1,1,2,1,1,1,2,1,1,1,3,1,1,1,3,1,1,1,1,1,1,1,1,1,1,1,3,4,4,4,1,1,1,1,1,1,1,1,1,2,1,2,4,4,4,4,1,1,1,1,1,1,1,1,1,1,1,1,1,1,1,1,1,1,1,1,4,4,4,4,1,1,1,1,1,1,1,1,1,1,1,1,4,4,4,4,2,2,2,2,1,1,1,1,1,1,1,1
2559,Kurunegala,1,2,4,2,5,1,1,7,3,3,3,3,4,3,3,3,1,1,1,1,1,1,1,1,1,1,1,1,2,3,3,3,1,1,1,1,1,1,1,1,1,1,1,1,1,1,1,1,2,2,2,2,1,1,1,1,1,1,1,1,1,1,1,1,1,1,1,1,1,1,1,1,2,2,2,2,2,1,1,1,2,1,1,1,3,1,1,2,2,1,1,1,1,1,1,1,1,1,1,1,4,3,3,4,1,1,1,1,1,1,1,1,1,1,1,1,4,3,3,4,1,1,1,1,1,1,2,1,1,1,1,1,1,1,1,1,1,1,1,1,4,3,3,4,1,1,1,1,1,1,1,1,1,1,1,1,4,3,3,4,1,1,1,1,1,1,1,1,1,1,1,1
2560,Colombo,1,2,4,2,3,1,7,10,2,1,1,1,3,3,3,3,2,2,2,2,2,2,2,2,1,3,2,1,1,1,1,1,2,2,2,2,1,1,1,1,3,3,3,3,2,1,2,2,2,2,2,2,1,1,1,1,2,2,2,2,2,2,2,2,1,1,1,1,1,1,1,1,2,2,2,2,2,1,1,1,2,1,1,1,3,1,1,2,3,3,3,3,1,1,1,1,2,2,2,2,3,3,3,3,1,1,1,1,2,2,2,2,1,1,1,1,4,4,4,4,1,1,1,1,1,1,1,1,1,1,1,1,1,1,1,1,1,1,1,1,4,4,4,4,1,1,1,1,1,1,1,1,1,2,2,2,3,3,3,3,3,1,1,2,1,1,1,1,1,1,1,1
2562,Kegalle,1,2,5,2,7,1,8,5,5,5,5,5,2,2,2,2,3,3,3,3,1,1,1,1,2,2,2,2,3,3,3,3,1,1,1,1,4,4,4,4,1,1,1,1,1,1,1,1,2,2,2,2,1,1,1,1,1,1,1,1,2,2,2,2,1,1,1,1,4,4,4,4,1,1,1,1,3,1,1,1,2,1,1,1,2,1,1,1,1,1,1,1,1,1,1,1,1,1,1,1,4,4,4,4,1,1,1,1,1,1,1,1,1,4,4,4,4,4,4,4,1,1,1,1,1,1,1,1,3,3,3,3,1,1,1,1,1,1,1,1,2,2,2,2,1,1,1,1,1,1,1,1,1,4,4,4,4,2,2,2,1,1,1,1,1,1,1,1,1,1,1,1
2563,Colombo,2,1,2,2,4,1,3,10,3,3,3,3,2,2,2,2,3,2,2,2,3,2,2,2,1,2,2,2,1,1,1,1,1,1,1,1,1,1,1,1,1,1,1,1,1,1,1,1,3,2,2,2,1,1,1,1,1,1,1,1,3,2,2,2,3,2,2,3,1,2,2,2,1,1,1,1,2,1,1,1,2,1,1,1,1,1,1,1,1,1,1,1,1,1,1,1,1,1,1,1,3,2,2,2,1,1,1,1,2,2,2,2,1,1,1,1,3,1,2,2,1,1,1,1,1,1,1,1,1,1,1,1,1,1,1,1,1,1,1,1,3,2,2,2,1,1,1,1,2,2,2,2,1,2,3,2,3,2,2,2,3,2,2,2,1,2,2,2,1,1,1,1
2564,Kegalle,1,2,4,2,5,1,8,6,3,3,3,3,1,2,2,2,4,3,3,3,1,1,1,1,1,2,2,2,1,1,1,1,1,1,1,1,1,1,1,1,1,1,1,1,3,1,1,1,1,1,1,1,1,1,1,1,1,1,1,1,4,4,4,4,1,1,1,1,1,1,1,1,1,1,1,1,1,1,1,1,1,1,1,1,3,1,1,1,3,2,2,2,1,1,1,1,2,2,2,2,1,1,1,1,1,1,1,1,3,3,3,3,1,1,1,1,1,1,1,1,1,1,1,1,4,4,4,4,1,1,1,1,1,1,1,1,1,1,1,1,1,1,1,1,1,1,1,1,4,4,4,4,1,1,1,1,4,4,4,4,1,1,1,1,1,1,1,1,1,1,1,1
2565,Colombo,2,1,4,2,5,1,10,2,3,3,3,3,2,2,2,2,2,2,2,2,2,2,2,2,1,2,2,2,2,2,2,2,1,1,1,1,1,1,1,1,1,1,1,1,1,1,1,1,3,2,2,2,1,1,1,1,1,1,1,1,3,2,2,2,3,2,2,3,1,1,1,1,1,1,1,1,1,1,1,1,1,1,1,1,2,1,1,1,2,1,1,1,1,1,1,1,2,1,1,1,3,2,2,2,1,1,1,1,2,2,2,2,1,2,2,2,3,1,2,3,1,1,1,1,1,1,1,1,2,2,2,2,1,1,1,1,2,1,1,1,3,2,3,3,1,1,1,1,1,1,1,1,1,2,3,2,3,1,2,3,1,1,1,1,1,1,1,1,1,1,1,1
2566,Kurunegala,1,2,3,2,4,1,3,10,2,1,1,2,4,4,4,4,1,1,1,1,1,1,1,1,1,2,2,2,1,1,1,1,1,1,1,1,1,1,1,1,2,2,2,2,1,1,1,1,2,2,2,2,1,1,1,1,1,1,1,1,1,1,1,1,1,1,1,1,1,1,1,1,2,2,2,2,1,1,1,1,1,1,1,1,1,1,1,1,3,1,1,3,1,1,1,1,1,1,1,1,1,1,1,1,3,3,3,3,2,2,2,2,1,1,1,1,4,4,4,4,1,1,1,1,1,1,1,1,1,1,1,1,1,1,1,1,1,1,1,1,1,1,1,1,1,1,1,1,1,1,1,1,1,1,1,1,4,4,4,4,1,1,1,1,1,1,1,1,1,1,1,1
2567,Anuradhapura,1,2,1,2,4,1,10,10,2,1,1,1,3,3,3,3,1,1,1,1,1,1,1,1,2,2,2,2,3,3,3,3,2,1,1,1,1,1,1,1,1,2,2,2,1,1,1,1,2,2,2,2,1,1,1,1,1,1,1,1,2,2,2,2,2,2,2,2,1,1,1,1,1,1,1,1,2,1,1,1,2,1,1,1,3,1,1,1,2,1,1,1,1,1,1,1,2,1,1,1,4,3,3,3,1,1,1,1,1,1,1,1,1,1,1,1,4,2,3,3,1,1,1,1,1,1,1,1,1,1,1,1,1,1,1,1,1,1,1,1,4,2,3,3,1,1,1,1,1,1,1,1,1,1,1,1,1,1,1,1,4,2,3,3,1,1,1,1,1,1,1,1
2568,Kurunegala,1,2,4,2,7,1,1,2,3,3,3,3,3,3,3,3,2,2,2,2,1,1,1,1,1,1,1,1,1,1,1,1,1,1,1,1,1,1,1,1,2,2,2,2,1,1,1,1,2,2,2,2,1,1,1,1,1,1,1,1,2,2,2,2,2,2,2,2,1,1,1,1,2,2,2,2,2,1,1,1,2,1,1,1,2,1,1,1,1,1,1,1,1,1,1,1,1,1,1,1,4,4,4,4,1,1,1,1,1,1,1,1,1,1,1,1,4,4,4,4,1,1,1,1,1,1,1,1,1,1,1,1,1,1,1,1,1,1,1,1,4,4,4,4,1,1,1,1,1,1,1,1,1,1,1,1,4,4,4,4,1,1,1,1,1,1,1,1,1,1,1,1
2569,Colombo,1,2,3,2,4,1,1,6,5,5,5,5,2,3,3,3,3,2,2,2,2,2,2,2,1,2,1,1,1,1,1,1,2,2,2,1,1,1,1,1,1,1,1,1,1,1,1,1,2,1,2,2,1,1,1,1,1,1,1,1,3,3,3,3,1,1,1,1,1,3,3,3,1,1,1,1,3,1,1,1,3,1,1,1,3,1,1,1,3,2,2,2,1,1,1,1,3,3,3,3,1,1,1,1,1,1,1,1,3,3,3,3,1,1,1,1,4,1,1,1,1,1,1,1,1,4,4,4,3,3,3,3,1,1,1,1,1,1,1,1,1,1,1,1,1,1,1,1,1,1,1,1,1,1,1,1,1,1,1,1,3,3,3,3,3,3,3,3,2,2,2,2
2571,Kegalle,1,2,6,3,4,1,8,10,3,3,3,3,3,3,3,3,3,3,3,3,1,1,1,1,1,1,1,1,1,1,1,1,1,1,1,1,2,3,2,2,3,3,3,3,1,1,1,1,3,3,4,3,1,1,1,1,1,1,1,1,3,3,3,3,1,1,1,1,2,3,3,3,2,1,1,1,2,1,1,1,3,1,1,2,2,1,2,2,3,3,3,3,1,1,1,1,2,2,2,2,3,3,3,3,1,1,1,1,3,3,3,3,1,1,1,1,4,4,4,4,1,1,1,1,1,1,1,1,3,2,2,2,1,1,1,1,1,1,1,1,3,3,3,3,1,1,1,1,1,1,1,1,1,1,1,1,3,3,3,3,1,1,1,1,1,1,1,1,1,1,1,1
2572,Kurunegala,1,2,5,2,7,1,8,10,5,5,5,5,2,2,2,2,3,1,1,1,2,1,1,1,1,1,1,1,1,1,1,1,1,1,1,1,2,3,3,3,1,1,1,1,1,1,1,1,3,3,4,3,1,1,1,1,1,1,1,1,3,3,3,3,3,3,3,3,2,2,2,2,2,1,1,1,2,1,1,1,2,1,1,1,3,1,1,1,1,1,1,1,1,1,1,1,1,1,1,1,4,3,3,3,1,1,1,1,1,1,1,1,1,1,1,1,1,1,1,1,1,1,1,1,1,1,1,1,1,1,1,1,1,1,1,1,1,1,1,1,1,1,1,1,1,1,1,1,1,1,1,1,1,1,1,1,1,1,1,1,1,1,1,1,1,1,1,1,1,1,1,1
2573,Colombo,1,2,5,2,5,1,8,7,5,5,5,5,2,2,2,2,4,4,4,4,2,2,2,2,1,1,1,1,1,1,1,1,2,2,2,2,1,1,1,1,1,1,1,1,1,1,1,1,4,2,2,2,2,2,2,2,1,1,1,1,4,2,2,2,4,4,4,4,2,2,2,2,1,1,1,1,4,1,1,1,4,1,1,1,2,1,1,1,1,1,1,1,1,1,1,1,2,1,1,1,4,4,4,4,1,1,1,1,1,1,1,1,2,3,3,3,4,2,2,2,1,1,1,1,1,1,1,1,1,1,1,1,1,1,1,1,1,2,1,1,4,4,4,4,1,1,1,1,1,1,1,1,2,3,3,3,4,2,2,2,4,2,2,2,2,2,2,2,3,1,1,1
2574,Anuradhapura,1,2,4,3,1,1,9,10,2,2,2,2,4,3,4,4,1,1,1,1,1,1,1,1,1,3,2,1,1,1,1,1,1,1,1,1,1,1,1,1,1,1,1,1,1,1,1,1,2,1,1,1,1,1,1,1,1,1,1,1,2,1,1,1,1,1,1,1,1,1,1,1,1,1,1,1,1,1,1,1,1,1,1,1,2,1,1,1,1,1,1,1,1,1,1,1,1,1,1,1,4,4,4,4,1,1,1,1,1,1,1,1,1,1,1,1,4,1,3,3,1,1,1,1,1,1,1,1,1,1,1,1,1,1,1,1,1,1,1,1,4,4,4,4,1,1,1,1,4,1,1,3,1,1,1,1,4,1,1,3,1,1,1,1,1,1,1,1,1,1,1,1
2575,Anuradhapura,1,2,4,2,3,1,10,10,2,1,1,1,3,3,3,3,1,1,1,1,1,1,1,1,2,2,2,2,2,2,2,2,1,1,1,1,1,1,1,1,1,1,1,1,1,1,1,1,2,2,2,2,1,1,1,1,1,1,1,1,1,1,1,1,1,1,1,1,1,1,1,1,2,1,1,1,2,1,1,1,2,1,1,1,3,1,1,1,1,1,1,1,1,1,1,1,1,1,1,1,4,2,3,3,1,1,1,1,1,1,1,1,1,1,1,1,4,2,3,3,1,1,1,1,1,1,1,1,1,1,1,1,1,1,1,1,1,1,1,1,4,2,3,3,1,1,1,1,1,1,1,1,1,1,1,1,4,2,3,3,1,1,1,1,1,1,1,1,1,1,1,1
2576,Anuradhapura,1,1,4,2,4,3,9,10,2,2,2,2,4,4,4,4,1,1,1,1,1,1,1,1,1,1,1,1,1,1,1,1,4,4,4,4,1,1,1,1,1,1,1,1,1,1,1,1,1,1,1,1,1,1,1,1,1,1,1,1,4,4,4,4,1,1,1,1,1,1,1,1,2,1,1,1,1,1,1,1,1,1,1,1,1,1,1,1,4,1,1,1,1,1,1,1,1,1,1,1,1,1,1,1,4,4,4,4,1,1,1,1,1,1,1,1,4,3,4,4,1,1,1,1,1,1,1,1,1,1,1,1,1,1,1,1,1,1,1,1,1,1,1,1,1,1,1,1,4,4,1,4,1,1,1,1,4,4,4,4,1,1,1,1,1,1,1,1,1,1,1,1
2578,Kegalle,2,1,5,2,7,1,1,2,3,3,3,3,2,2,2,2,2,2,2,2,3,2,2,2,1,1,1,1,1,1,1,1,1,1,1,1,1,1,1,1,1,1,1,1,1,1,1,1,2,2,2,2,1,1,1,1,2,1,1,1,2,2,2,2,1,1,1,1,1,1,2,1,1,1,1,1,2,1,1,1,2,1,1,1,1,1,1,1,2,1,1,1,1,1,1,1,2,2,1,1,3,2,2,2,1,1,1,1,2,2,2,2,1,1,1,1,3,3,3,3,1,1,1,1,1,1,1,1,3,1,1,1,1,3,3,3,1,2,2,2,3,2,2,2,1,1,1,1,1,1,1,1,1,1,1,1,3,3,3,3,3,3,3,3,1,2,1,1,1,1,1,1
2582,Nuwera Eliya,2,1,3,2,4,2,9,9,2,1,1,1,2,1,1,2,1,1,1,1,2,1,1,1,2,1,1,2,1,1,1,1,2,1,1,1,1,1,1,1,1,1,1,1,2,2,2,2,1,1,1,1,2,1,1,1,1,1,1,1,1,1,1,1,2,2,2,2,1,1,1,1,2,1,1,1,1,1,1,1,2,1,1,1,2,1,1,1,2,1,1,1,1,1,1,1,2,2,2,1,1,1,1,1,1,1,1,1,3,3,3,3,1,1,1,1,1,1,1,1,1,1,1,1,1,1,1,1,1,1,1,1,1,1,1,1,1,1,1,1,1,1,1,1,1,1,1,1,1,1,1,1,1,1,1,1,1,1,1,1,1,1,1,1,1,1,1,1,1,1,1,1
2583,Colombo,1,2,5,2,5,1,8,7,5,5,5,5,2,2,2,2,4,4,4,4,2,2,2,2,1,2,2,2,1,1,1,1,1,1,1,1,1,1,1,1,1,1,1,1,1,1,1,1,4,1,1,1,1,1,1,1,1,1,1,1,4,4,4,4,3,3,3,2,1,1,1,1,2,1,1,1,4,1,1,1,4,1,1,1,4,1,1,1,1,1,1,1,1,1,1,1,2,1,1,1,4,4,4,4,1,1,1,1,2,2,2,2,1,1,1,1,1,1,1,1,1,1,1,1,1,1,1,1,1,1,1,1,1,1,1,1,1,1,1,1,1,1,1,1,1,1,1,1,1,1,1,1,4,4,4,4,1,1,1,1,1,1,1,1,1,1,1,1,1,1,1,1
2584,Kurunegala,1,2,3,2,4,1,10,9,2,1,1,1,3,3,3,3,1,1,1,1,1,1,1,1,1,2,2,2,2,2,2,2,1,1,1,1,1,1,1,1,1,1,1,1,3,1,1,1,2,2,2,2,1,1,1,1,1,1,1,1,1,1,1,1,1,1,1,1,1,1,1,1,1,1,1,1,2,1,1,1,2,1,1,1,3,1,1,1,1,1,1,1,1,1,1,1,1,1,1,1,4,3,3,3,1,1,1,1,2,2,2,2,4,3,3,3,1,1,1,1,1,1,1,1,1,1,1,1,1,1,1,1,1,1,1,1,1,1,1,1,1,1,1,1,1,1,1,1,1,1,1,1,1,1,1,1,1,1,1,1,1,1,1,1,1,1,1,1,1,1,1,1
2585,Kurunegala,1,1,2,2,6,1,1,1,3,3,3,3,2,2,2,2,1,1,1,1,3,3,3,3,1,1,1,1,1,1,1,1,1,1,1,1,1,1,1,1,2,2,2,2,1,1,1,1,3,3,4,3,1,1,1,1,1,1,1,1,3,3,3,3,1,1,1,1,2,2,2,2,1,1,1,1,2,1,1,1,1,1,1,1,2,1,1,1,3,1,1,3,2,4,4,2,2,2,2,2,1,1,1,1,1,1,1,1,1,1,1,1,1,1,1,1,4,4,4,4,1,1,1,1,1,1,1,1,3,1,1,3,2,4,4,3,1,1,1,1,1,1,1,1,1,1,1,1,1,1,1,1,1,1,1,1,1,1,1,1,4,4,4,4,1,1,1,1,1,1,1,1
2586,Anuradhapura,1,1,4,3,4,1,9,10,3,2,2,2,4,4,4,4,1,1,1,1,1,1,1,1,1,1,1,1,1,1,1,1,1,1,1,1,1,1,1,1,1,1,1,1,1,1,1,1,1,1,1,1,1,1,1,1,1,1,1,1,1,1,1,1,1,1,1,1,1,1,1,1,4,3,4,4,2,1,1,1,1,1,1,1,1,1,1,1,4,1,2,3,1,1,1,1,1,1,1,1,1,1,1,1,1,1,1,1,1,1,1,1,1,1,1,1,4,1,2,3,1,1,1,1,1,1,1,1,1,1,1,1,1,1,1,1,1,1,1,1,1,1,1,1,1,1,1,1,4,1,1,3,1,1,1,1,4,1,2,3,1,1,1,1,1,1,1,1,1,1,1,1
2587,Kegalle,1,2,2,2,7,1,1,7,5,5,5,5,2,2,2,2,2,2,2,2,2,2,2,2,1,2,2,2,1,1,1,1,2,2,2,2,1,1,1,1,2,2,2,2,1,1,1,1,4,1,1,1,1,1,1,1,1,1,1,1,2,2,2,2,4,4,4,4,2,2,2,2,1,1,1,1,2,1,1,1,2,1,1,1,3,1,1,1,2,1,1,1,1,1,1,1,2,1,1,1,4,4,4,4,1,1,1,1,2,2,2,2,2,4,1,1,4,1,4,4,1,1,1,1,1,1,1,1,2,1,1,1,1,1,1,1,2,1,1,1,4,1,4,4,1,1,1,1,1,1,1,1,2,4,1,1,3,1,3,3,2,1,2,3,4,1,2,2,2,1,1,1
2588,Kegalle,1,2,3,2,5,1,3,1,2,1,2,1,4,4,4,4,1,1,1,1,1,1,1,1,1,2,2,2,1,1,1,1,1,1,1,1,1,1,1,1,1,2,2,2,2,1,1,1,3,2,2,2,1,1,1,1,1,1,1,1,4,4,4,4,1,1,1,1,1,1,1,1,1,1,1,1,1,1,1,1,1,1,1,1,3,1,1,1,4,3,3,3,1,1,1,1,2,2,2,2,1,1,1,1,1,1,1,1,1,1,1,1,1,1,1,1,4,1,1,1,1,1,1,1,1,1,1,1,4,1,1,1,1,1,1,1,1,1,1,1,1,1,1,1,1,1,1,1,1,1,1,1,1,1,1,1,1,1,1,1,1,1,1,1,1,1,1,1,4,1,1,1
2589,Kegalle,1,2,4,2,4,1,4,4,2,1,1,1,3,3,3,3,1,1,1,1,1,1,1,1,1,1,1,1,3,3,3,3,1,1,1,1,1,1,1,1,3,3,3,3,1,1,1,1,1,1,1,1,1,1,1,1,1,1,1,1,1,1,1,1,1,1,1,1,1,1,1,1,3,3,3,3,1,1,1,1,1,1,1,1,1,1,1,1,3,3,3,3,1,1,1,1,1,1,1,1,1,1,1,1,1,1,1,1,3,3,3,3,1,1,1,1,4,4,4,4,1,1,1,1,1,1,1,1,1,1,1,1,1,1,1,1,1,1,1,1,1,1,1,1,1,1,1,1,3,3,3,3,1,1,1,1,3,3,3,3,1,1,1,1,1,1,1,1,1,1,1,1
2591,Kegalle,1,2,2,2,6,1,3,10,5,5,5,5,1,1,1,1,2,2,2,2,3,3,3,3,1,2,1,1,1,1,1,1,2,2,1,1,1,1,1,1,1,1,1,1,1,1,1,1,2,2,2,2,1,1,1,1,1,1,1,1,3,3,3,3,1,1,1,1,1,1,1,1,1,1,1,1,2,1,1,1,2,1,1,1,2,1,1,1,2,1,1,1,1,1,1,1,1,1,1,1,3,3,3,3,1,1,1,1,1,1,1,1,1,3,1,1,4,2,4,4,1,1,1,1,1,1,1,1,1,1,1,1,1,1,1,1,1,1,1,1,4,4,4,4,1,1,1,1,1,1,1,1,1,3,1,1,1,1,1,1,1,3,1,1,1,1,1,1,1,3,3,3
2592,Kegalle,1,2,5,3,5,1,3,10,5,5,5,5,1,1,1,1,4,4,4,4,1,1,1,1,1,1,1,1,1,1,1,1,1,1,1,1,3,3,3,3,1,1,1,1,1,1,1,1,2,2,2,2,1,1,1,1,1,1,1,1,2,2,2,2,1,1,1,1,4,4,4,4,1,1,1,1,3,1,1,1,2,1,1,1,1,1,1,1,1,1,1,1,1,1,1,1,1,1,1,1,4,4,4,4,1,1,1,1,1,1,1,1,1,1,1,1,1,1,1,1,1,1,1,1,1,1,1,1,1,1,1,1,1,1,1,1,1,1,1,1,1,1,1,1,1,1,1,1,1,1,1,1,1,1,1,1,4,4,4,4,1,1,1,1,1,1,1,1,1,1,1,1
2593,Kurunegala,1,2,4,2,6,1,10,3,2,2,2,2,4,4,4,4,1,1,1,1,1,1,1,1,1,1,1,1,3,3,3,3,1,1,1,1,1,1,1,1,1,1,1,1,1,1,1,1,3,2,4,3,1,1,1,1,1,1,1,1,3,3,3,3,3,3,3,3,1,1,1,1,2,1,1,1,2,1,1,1,2,1,1,1,3,1,1,1,1,1,1,1,1,1,1,1,1,1,1,1,4,3,3,3,1,1,1,1,1,1,1,1,4,1,3,3,1,1,1,1,1,1,1,1,1,1,1,1,1,1,1,1,1,1,1,1,1,1,1,1,1,1,1,1,1,1,1,1,1,1,1,1,1,1,1,1,1,1,1,1,1,1,1,1,1,1,1,1,1,1,1,1
2594,Kurunegala,1,2,3,2,4,1,10,10,3,2,2,2,1,1,1,1,1,1,1,1,4,4,4,4,1,2,2,2,1,2,2,2,1,1,1,1,1,1,1,1,2,2,2,2,1,1,1,1,1,1,1,1,1,1,1,1,1,1,1,1,1,1,1,1,1,1,1,1,1,1,1,1,2,2,2,2,1,1,1,1,1,1,1,1,1,1,1,1,3,1,1,3,1,1,1,1,1,1,1,1,2,2,2,2,1,1,1,1,2,2,2,2,1,1,1,1,3,3,3,3,1,1,1,1,1,1,1,1,1,1,1,1,1,1,1,1,1,1,1,1,1,1,1,1,1,1,1,1,1,1,1,1,1,1,1,1,1,1,1,1,1,1,1,1,4,4,4,4,1,1,1,1
2595,Kurunegala,1,2,3,2,4,1,10,9,3,3,3,3,4,3,3,3,1,1,1,1,1,1,1,1,1,1,1,1,3,3,3,3,1,1,1,1,1,1,1,1,1,1,1,1,1,1,1,1,2,2,2,2,1,1,1,1,1,1,1,1,3,3,3,3,3,3,3,3,1,1,1,1,2,1,1,1,2,1,1,1,2,1,1,1,3,1,1,1,1,1,1,1,1,1,1,1,1,1,1,1,4,3,3,3,1,1,1,1,1,1,1,1,4,3,3,3,1,1,1,1,1,1,1,1,1,1,1,1,1,1,1,1,1,1,1,1,1,1,1,1,1,1,1,1,1,1,1,1,1,1,1,1,1,1,1,1,1,1,1,1,1,1,1,1,1,1,1,1,1,1,1,1
2597,Kurunegala,1,2,3,2,3,1,10,10,2,1,1,1,4,3,3,3,1,1,1,1,1,1,1,1,1,2,2,2,1,2,2,2,2,1,1,1,1,1,1,1,1,1,1,1,1,1,1,1,2,2,2,2,1,1,1,1,1,1,1,1,1,1,1,1,1,1,1,1,1,1,1,1,2,1,1,1,2,1,1,1,1,1,1,1,3,1,1,1,2,1,1,1,1,1,1,1,1,1,1,1,4,3,3,3,1,1,1,1,1,1,1,1,1,1,1,1,4,2,3,3,1,1,1,1,1,1,1,1,1,1,1,1,1,1,1,1,1,1,1,1,1,1,1,1,1,1,1,1,1,1,1,1,1,1,1,1,1,1,1,1,1,1,1,1,1,1,1,1,1,1,1,1
2598,Anuradhapura,1,2,5,2,4,1,10,4,2,2,2,2,3,3,3,3,1,1,1,1,1,1,1,1,1,2,2,2,1,1,1,1,1,1,1,1,1,1,1,1,2,2,2,2,1,1,1,1,1,1,1,1,1,1,1,1,1,1,1,1,1,1,1,1,1,1,1,1,1,1,1,1,2,2,2,2,1,1,1,1,1,1,1,1,1,1,1,1,2,1,1,2,1,1,1,1,1,1,1,1,3,3,3,3,3,3,3,3,3,3,4,3,1,1,1,1,4,4,4,4,1,1,1,1,1,1,1,1,1,1,1,1,1,1,1,1,1,1,1,1,1,1,1,1,1,1,1,1,4,4,4,4,1,1,1,1,4,4,4,4,1,1,1,1,1,1,1,1,1,1,1,1
2599,Anuradhapura,1,2,4,2,3,3,7,4,2,1,1,1,3,3,3,3,1,1,1,1,1,1,1,1,1,2,2,2,3,3,3,3,1,1,1,1,1,1,1,1,1,1,1,1,1,1,1,1,2,2,2,2,1,1,1,1,3,2,2,2,1,1,1,1,1,1,1,1,1,1,1,1,1,1,1,1,2,1,1,1,2,1,1,1,3,1,1,2,3,1,1,1,1,1,1,1,1,1,1,1,1,1,1,1,1,1,1,1,3,3,3,3,4,2,3,3,1,1,1,1,1,1,1,1,1,1,1,1,1,1,1,1,1,1,1,1,1,1,1,1,1,1,1,1,1,1,1,1,1,1,1,1,4,2,3,3,1,1,1,1,1,1,1,1,1,1,1,1,1,1,1,1
2600,Anuradhapura,1,2,3,2,4,3,3,9,3,2,2,2,4,4,4,4,1,1,1,1,1,1,1,1,1,1,1,1,1,1,1,1,1,1,1,1,1,1,1,1,1,1,1,1,1,1,1,1,2,1,2,2,1,1,1,1,1,1,1,1,2,3,2,2,1,1,1,1,1,1,1,1,1,1,1,1,1,1,1,1,1,1,1,1,3,1,1,2,1,1,1,1,1,1,1,1,4,2,3,3,1,1,1,1,1,1,1,1,1,1,1,1,1,1,1,1,4,4,4,4,1,1,1,1,1,1,1,1,1,1,1,1,1,1,1,1,1,1,1,1,1,1,1,1,4,4,4,4,1,1,1,1,1,1,1,1,4,4,4,4,1,1,1,1,1,1,1,1,1,1,1,1
2601,Kurunegala,1,2,3,2,5,1,10,3,3,3,3,3,3,3,3,3,1,1,1,1,1,1,1,1,1,2,2,2,1,2,3,2,1,1,1,1,1,1,1,1,2,2,2,2,1,1,1,1,1,1,1,1,2,2,2,2,1,1,1,1,1,1,1,1,1,1,1,1,1,1,1,1,2,2,2,2,1,1,1,1,1,1,1,1,1,1,1,1,1,1,1,1,1,1,1,1,1,1,1,1,4,4,4,4,1,1,1,1,1,1,1,1,1,1,1,1,4,4,4,4,1,1,1,1,1,1,1,1,1,1,1,1,1,1,1,1,1,1,1,1,1,1,1,1,1,1,1,1,1,1,1,1,1,1,1,1,1,1,1,1,1,1,1,1,4,4,4,4,1,1,1,1
2602,Puttalam,1,2,2,2,4,1,10,9,2,2,2,2,4,4,4,4,1,1,1,1,1,1,1,1,1,2,2,2,3,3,3,3,1,1,1,1,1,1,1,1,2,2,3,2,1,1,1,1,1,1,1,1,1,1,1,1,1,1,1,1,1,1,1,1,1,1,1,1,1,1,1,1,2,2,2,2,1,1,1,1,1,1,1,1,1,1,1,1,3,1,3,3,1,1,1,1,1,1,1,1,1,1,1,1,4,4,4,4,2,2,2,2,1,1,1,1,4,4,4,4,1,1,1,1,1,1,1,1,1,1,1,1,1,1,1,1,1,1,1,1,1,1,1,1,1,1,1,1,4,4,4,4,1,1,1,1,3,3,3,3,1,1,1,1,1,1,1,1,1,1,1,1
2603,Anuradhapura,1,2,1,1,5,3,5,3,3,3,3,3,3,3,3,3,1,1,1,1,1,1,1,1,1,1,1,1,1,1,1,1,1,1,1,1,1,1,1,1,1,1,1,1,1,1,1,1,2,2,2,2,1,1,1,1,1,1,1,1,1,1,1,1,1,1,1,1,1,1,1,1,2,2,2,2,1,1,1,1,1,1,1,1,1,1,1,1,1,1,1,1,1,1,1,1,1,1,1,1,4,4,4,4,2,2,2,2,2,2,2,2,4,4,4,4,1,1,1,1,1,1,1,1,1,1,1,1,1,1,1,1,1,1,1,1,1,1,1,1,1,1,1,1,1,1,1,1,4,4,4,4,1,1,1,1,1,1,1,1,1,1,1,1,4,4,4,4,1,1,1,1
2604,Colombo,1,2,6,2,4,1,8,1,3,3,3,3,3,4,3,3,2,2,2,2,2,1,1,1,1,2,2,1,1,1,1,1,1,1,1,1,1,1,1,1,2,2,2,2,1,1,1,1,3,3,4,3,1,1,1,1,1,1,1,1,3,3,3,3,1,1,1,1,1,1,1,1,1,1,1,1,2,1,1,1,2,1,1,1,1,1,1,2,2,2,2,2,1,1,1,1,2,2,2,2,1,1,1,1,1,1,1,1,3,3,3,3,1,3,3,3,3,3,3,3,1,1,1,1,1,1,1,1,1,1,1,1,1,1,1,1,1,1,1,1,1,1,1,1,1,1,1,1,1,1,1,1,1,1,1,1,4,3,3,3,1,1,1,1,1,1,1,1,1,1,1,2
2605,Colombo,1,2,4,2,4,1,10,10,2,1,2,2,3,3,3,3,1,1,1,1,1,1,1,1,1,2,2,2,1,1,1,1,2,3,3,1,1,1,1,1,1,1,1,1,1,1,1,1,2,2,2,2,1,1,1,1,1,1,1,1,3,3,3,3,1,1,1,1,1,1,1,1,1,1,1,1,2,1,1,1,2,1,1,1,1,1,1,1,2,2,2,2,1,1,1,1,1,1,1,1,4,4,4,4,1,1,1,1,1,1,1,1,1,1,1,1,4,4,4,4,1,1,1,1,1,1,1,1,1,1,1,1,1,1,1,1,1,1,1,1,1,1,1,1,1,1,1,1,1,1,1,1,1,1,1,1,1,1,1,1,1,1,1,1,1,1,1,1,4,4,4,4
2609,Puttalam,1,2,3,2,4,1,3,3,3,1,3,3,1,1,1,1,4,3,3,3,1,1,1,1,1,2,1,1,1,1,1,1,1,1,1,1,1,1,1,1,1,1,1,1,1,1,1,1,4,2,2,3,1,1,1,1,1,1,1,1,3,4,4,4,1,1,1,1,1,1,1,1,1,1,1,1,3,1,1,1,1,1,1,1,3,1,1,1,1,1,1,1,1,1,1,1,1,1,1,1,4,2,2,4,1,1,1,1,1,1,1,1,1,1,1,1,4,1,2,3,1,1,1,1,1,1,1,1,1,1,1,1,1,1,1,1,1,1,1,1,4,1,2,3,1,1,1,1,1,1,1,1,1,1,1,1,1,1,1,1,1,1,1,1,4,1,2,3,1,1,1,1
2610,Kegalle,1,1,4,3,4,1,3,8,3,2,2,3,2,2,2,2,1,1,1,1,4,4,4,4,1,1,1,1,1,1,1,1,1,1,1,1,1,1,1,1,1,1,1,1,1,1,1,1,3,3,4,3,1,1,1,1,2,2,2,2,3,3,3,3,1,1,1,1,1,1,1,1,2,2,2,2,1,1,1,1,1,1,1,1,1,1,1,1,3,2,2,2,1,1,1,1,2,2,2,2,1,1,1,1,1,1,1,1,4,4,4,4,1,1,1,1,4,4,4,4,1,1,1,1,1,1,1,1,1,1,1,1,4,4,4,4,1,1,1,1,1,1,1,1,1,1,1,1,2,2,2,2,1,1,1,1,4,4,4,4,4,2,2,2,1,1,1,1,1,1,1,1
2611,Puttalam,1,2,4,2,5,1,1,6,5,5,5,5,4,3,3,3,1,1,1,1,1,1,1,1,1,3,2,1,1,1,1,1,1,1,1,1,1,1,1,1,1,1,1,1,1,1,1,1,3,1,4,3,1,1,1,1,1,1,1,1,3,4,4,4,1,1,1,1,1,1,1,1,1,1,1,1,2,1,1,1,1,1,1,1,3,1,1,1,3,1,1,1,1,1,1,1,1,1,1,1,3,4,4,4,1,1,1,1,1,1,1,1,1,4,4,2,4,1,1,3,1,1,1,1,4,4,4,4,1,1,1,1,1,1,1,1,1,1,1,1,4,1,2,3,1,1,1,1,4,4,4,4,1,1,1,1,4,4,4,4,4,1,2,3,1,1,1,1,1,1,1,1
2613,Anuradhapura,1,2,6,2,4,3,3,9,2,1,1,1,4,3,4,4,1,1,1,1,1,1,1,1,1,1,1,1,1,1,1,1,1,1,1,1,1,1,1,1,1,1,1,1,1,1,1,1,1,1,1,1,1,1,1,1,1,1,1,1,1,1,1,1,1,1,1,1,1,1,1,1,4,3,4,4,1,1,1,1,1,1,1,1,3,1,1,1,3,1,1,1,1,1,1,1,1,1,1,1,2,3,3,4,1,1,1,1,1,1,1,1,1,1,1,1,4,1,1,1,1,1,1,1,1,1,1,1,1,1,1,1,1,1,1,1,1,1,1,1,1,1,1,1,4,1,1,1,1,1,1,1,1,1,1,1,4,1,1,1,1,1,1,1,1,1,1,1,1,1,1,1
2614,Puttalam,1,2,4,2,4,1,1,10,3,3,3,3,3,3,3,3,2,1,1,1,1,1,1,1,1,2,2,2,1,1,1,1,1,1,1,1,2,2,2,2,1,1,1,1,1,1,1,1,3,3,4,3,1,1,1,1,1,1,1,1,3,2,2,2,3,2,2,2,1,1,1,1,1,1,1,1,2,1,1,1,2,1,1,1,3,1,1,1,2,1,1,1,1,1,1,1,2,2,2,2,4,3,3,3,1,1,1,1,1,1,1,1,2,2,2,2,4,2,3,3,1,1,1,1,1,1,1,1,1,1,1,1,1,1,1,1,1,1,1,1,4,2,3,3,1,1,1,1,1,1,1,1,1,2,2,2,4,2,3,3,1,1,1,1,1,1,1,1,1,1,1,1
2615,Kegalle,1,2,1,2,4,1,3,8,3,2,2,3,4,4,4,4,1,1,1,1,1,1,1,1,1,1,1,1,1,1,1,1,1,1,1,1,1,1,1,1,1,1,1,1,1,1,1,1,2,1,1,1,1,1,1,1,2,2,2,2,2,2,2,2,2,2,2,2,1,1,1,1,1,1,1,1,2,1,1,1,2,1,1,1,2,1,1,1,2,1,1,1,1,1,1,1,1,1,1,1,4,4,4,4,1,1,1,1,2,2,2,2,1,1,1,1,4,1,1,4,1,1,1,1,1,1,1,1,1,1,1,1,1,1,1,1,1,1,1,1,4,1,1,4,1,1,1,1,1,1,1,1,1,1,1,1,2,1,1,2,2,1,1,2,4,1,1,4,2,1,1,2
2617,Puttalam,1,2,4,2,7,1,1,5,5,5,5,5,3,3,3,3,1,1,1,1,1,1,1,1,1,1,1,1,1,1,1,1,1,1,1,1,1,1,1,1,1,3,3,3,1,1,1,1,3,2,2,2,1,1,1,1,1,1,1,1,3,2,2,2,3,2,2,2,1,1,1,1,1,1,1,1,2,1,1,1,2,1,1,1,3,1,1,1,1,1,1,1,1,1,1,1,2,1,1,1,4,3,3,3,1,1,1,1,1,1,1,1,1,2,2,2,4,2,3,3,1,1,1,1,1,1,1,1,1,1,1,1,1,1,1,1,1,1,1,1,4,2,3,3,1,1,1,1,1,1,1,1,1,2,2,2,4,2,3,3,1,1,1,1,1,1,1,1,1,1,1,1
2618,Puttalam,1,1,3,3,4,1,9,10,2,2,2,2,4,4,4,4,1,1,1,1,2,2,2,2,1,2,2,2,1,1,1,1,1,1,1,1,1,1,1,1,2,2,2,2,1,1,1,1,1,1,1,1,1,1,1,1,1,1,1,1,1,1,1,1,1,1,1,1,1,1,1,1,2,2,2,2,1,1,1,1,1,1,1,1,1,1,1,1,3,1,1,3,1,1,1,1,2,2,2,2,1,1,1,1,1,1,1,1,4,4,4,4,1,1,1,1,4,4,4,4,1,1,1,1,1,1,1,1,1,1,1,1,1,1,1,1,1,1,1,1,1,1,1,1,1,1,1,1,4,4,4,4,1,1,1,1,1,1,1,1,1,1,1,1,4,4,4,4,1,1,1,1
2619,Kegalle,1,1,3,3,4,1,3,8,5,5,5,5,2,2,2,2,1,1,1,1,3,3,3,3,1,1,1,1,1,1,1,1,2,2,2,2,1,1,1,1,1,1,1,1,1,1,1,1,2,2,2,2,1,1,1,1,1,1,1,1,3,3,3,3,1,1,1,1,1,1,1,1,1,1,1,1,2,1,1,1,2,1,1,1,3,1,1,1,2,2,2,2,3,3,3,3,2,2,2,2,1,1,1,1,1,1,1,1,2,2,2,2,1,1,1,1,4,4,4,4,1,1,1,1,1,1,1,1,1,1,1,1,4,4,4,4,1,1,1,1,1,1,1,1,1,1,1,1,1,1,1,1,1,1,1,1,1,1,1,1,1,1,1,1,1,1,1,1,4,4,4,4
2621,Galle,1,2,4,2,4,1,3,10,3,2,2,2,3,3,3,3,2,2,2,2,1,1,1,1,1,2,2,1,1,3,3,2,1,2,2,1,1,1,1,1,3,3,3,3,1,1,1,1,3,3,4,3,1,1,1,1,1,1,1,1,3,3,3,3,1,1,1,1,1,1,1,1,3,2,2,2,3,1,1,1,3,1,1,1,2,1,1,2,3,3,3,3,1,1,1,1,3,3,3,3,3,3,3,3,1,1,1,1,3,3,3,3,1,1,1,1,4,4,4,4,1,1,1,1,1,1,1,1,1,1,1,1,1,1,1,1,1,1,1,1,4,4,4,4,1,1,1,1,1,1,1,1,1,1,1,1,3,3,3,3,1,1,1,1,1,1,1,1,1,1,1,1
2622,Anuradhapura,1,2,3,2,3,3,10,10,2,2,2,2,3,3,3,3,1,1,1,1,2,2,3,2,1,1,1,1,1,1,1,1,1,1,1,1,1,1,1,1,2,2,2,2,1,1,1,1,1,1,1,1,1,1,1,1,1,1,1,1,1,1,1,1,1,1,1,1,1,1,1,1,2,2,2,2,1,1,1,1,1,1,1,1,1,1,1,1,1,1,1,1,1,1,1,1,1,1,1,1,1,1,1,1,4,4,4,4,2,2,2,2,1,1,1,1,4,4,4,4,1,1,1,1,1,1,1,1,1,1,1,1,1,1,1,1,1,1,1,1,1,1,1,1,1,1,1,1,1,1,1,1,1,1,1,1,4,4,4,4,1,1,1,1,1,1,1,1,1,1,1,1
2623,Anuradhapura,1,2,4,2,4,3,7,9,2,1,1,1,3,3,3,3,1,1,1,1,1,1,1,1,1,2,2,2,2,2,2,2,1,1,1,1,1,1,1,1,2,2,2,2,1,1,1,1,3,2,2,2,1,1,1,1,1,1,1,1,1,1,1,1,1,1,1,1,1,1,1,1,1,1,1,1,2,1,1,1,2,1,1,1,3,1,1,2,2,1,1,1,1,1,1,1,2,2,2,2,4,3,3,3,1,1,1,1,1,1,1,1,4,2,3,3,1,1,1,1,1,1,1,1,1,1,1,1,1,1,1,1,1,1,1,1,1,1,1,1,1,1,1,1,1,1,1,1,1,1,1,1,1,1,1,1,1,1,1,1,1,1,1,1,1,1,1,1,1,1,1,1
2624,Galle,1,2,1,2,4,1,10,10,3,2,2,3,4,4,4,4,1,1,1,1,1,1,1,1,1,2,2,1,1,1,1,1,1,1,1,1,1,1,1,1,2,2,2,2,1,1,1,1,2,1,1,1,1,1,1,1,1,1,1,1,2,2,2,2,2,2,2,2,1,1,1,1,1,1,1,1,1,1,1,1,1,1,1,1,1,1,1,1,4,1,1,1,1,1,1,1,2,2,2,2,1,1,1,1,4,4,4,4,2,2,2,2,1,1,1,1,4,4,4,4,1,1,1,1,1,1,1,1,1,1,1,1,1,1,1,1,2,2,2,2,1,1,1,1,3,3,3,3,2,2,2,2,1,1,1,1,2,2,2,2,3,3,3,3,4,4,4,4,1,1,1,1
2626,Galle,1,2,4,2,4,1,3,8,3,2,2,3,4,4,4,4,1,1,1,1,1,1,1,1,1,1,1,1,1,1,1,1,1,1,1,1,1,1,1,1,2,2,2,2,1,1,1,1,3,1,1,1,1,1,1,1,1,1,1,1,4,4,4,4,3,3,3,3,1,1,1,1,1,1,1,1,1,1,1,1,1,1,1,1,1,1,1,1,2,1,1,1,1,1,1,1,2,2,2,2,4,4,4,4,1,1,1,1,2,2,2,2,1,2,2,1,4,4,4,4,1,1,1,1,1,1,1,1,1,1,1,1,1,1,1,1,1,1,1,1,4,4,4,4,1,1,1,1,1,1,1,1,2,2,2,2,3,3,3,3,4,4,4,4,1,1,1,1,1,1,1,1
2628,Galle,1,2,4,2,5,1,3,4,5,3,5,5,3,3,3,3,1,1,1,1,2,2,2,2,1,2,1,1,1,1,1,1,1,1,1,1,1,1,1,1,1,1,1,1,1,1,1,1,2,2,2,2,1,1,2,1,1,1,1,1,3,3,3,3,2,2,2,2,1,2,2,2,1,2,1,1,2,1,1,1,2,1,1,1,2,1,1,1,2,1,1,1,1,1,1,1,2,2,2,2,3,3,3,3,1,1,1,1,1,1,1,1,1,1,1,1,4,4,4,4,1,1,1,1,1,1,1,1,1,1,1,1,1,1,1,1,1,1,1,1,4,4,4,4,1,1,1,1,1,1,1,1,1,1,1,1,1,1,1,1,3,3,3,3,1,1,1,1,2,2,2,2
2629,Anuradhapura,1,2,4,2,4,1,2,7,3,3,3,3,1,1,1,1,1,1,1,1,1,1,1,1,1,1,1,1,1,1,1,1,4,4,4,4,1,1,1,1,1,1,1,1,1,1,1,1,1,1,1,1,1,1,1,1,1,1,1,1,4,4,4,4,1,1,1,1,1,1,1,1,1,1,1,1,1,1,1,1,1,1,1,1,1,1,1,1,4,2,1,1,1,1,1,1,1,1,1,1,1,1,1,1,1,1,1,1,1,1,1,1,1,1,1,1,3,3,3,3,1,1,1,1,1,1,1,1,4,2,1,1,1,1,1,1,1,1,1,1,1,1,3,3,1,1,1,1,1,1,1,1,1,1,1,1,4,4,4,4,1,1,1,1,1,1,1,1,1,1,1,1
2630,Galle,1,2,4,2,4,1,10,10,3,3,3,3,4,4,4,4,1,1,1,1,1,1,1,1,1,1,1,1,1,1,1,1,1,1,1,1,1,1,1,1,1,1,1,1,1,1,1,1,4,4,4,4,1,1,1,1,1,1,1,1,4,4,4,4,1,1,1,1,1,1,1,1,2,2,2,2,2,1,1,1,2,1,1,1,1,1,1,1,1,1,1,1,1,1,1,1,1,1,1,1,4,4,4,4,1,1,1,1,2,2,2,2,1,1,1,1,4,4,4,4,1,1,1,1,1,1,1,1,1,1,1,1,1,1,1,1,1,1,1,1,4,4,4,4,1,1,1,1,1,1,1,1,1,1,1,1,4,4,4,4,1,1,1,1,1,1,1,1,1,1,1,1
2631,Galle,1,1,3,2,6,1,1,1,5,5,5,5,1,1,1,1,4,4,4,4,1,1,1,1,2,2,2,2,1,1,1,1,1,1,1,1,1,1,1,1,1,1,1,1,1,1,1,1,4,4,4,4,1,1,1,1,1,1,1,1,4,4,4,4,1,1,1,1,1,1,1,1,1,1,1,1,2,1,1,1,2,1,1,1,1,1,1,1,1,1,1,1,1,1,1,1,1,1,1,1,4,4,4,4,1,1,1,1,1,1,1,1,1,1,1,1,4,4,4,4,1,1,1,1,1,1,1,1,1,1,1,1,1,1,1,1,1,1,1,1,4,4,4,4,1,1,1,1,1,1,1,1,1,1,1,1,4,4,4,4,1,1,1,1,1,1,1,1,1,1,1,1
2632,Kegalle,1,2,3,2,5,1,9,9,3,2,2,2,4,4,4,4,1,1,1,1,1,1,1,1,1,1,1,1,1,1,1,1,1,1,1,1,1,1,1,1,1,1,1,1,1,1,1,1,4,4,4,4,1,1,1,1,1,1,1,1,4,4,4,4,1,1,1,1,1,1,1,1,2,2,2,2,1,1,1,1,1,1,1,1,1,1,1,1,4,4,4,4,1,1,1,1,2,2,2,2,1,1,1,1,1,1,1,1,1,1,1,1,1,1,1,1,3,3,3,3,1,1,1,1,1,1,1,1,3,3,3,3,1,1,1,1,1,1,1,1,1,1,1,1,1,1,1,1,1,1,1,1,1,1,1,1,4,4,4,4,4,4,4,4,1,1,1,1,1,1,1,1
2633,Anuradhapura,1,2,4,2,5,1,1,6,3,3,3,3,2,2,2,2,1,1,1,1,4,4,4,4,1,2,2,2,1,1,1,1,1,1,1,1,1,1,1,1,2,2,2,2,1,1,1,1,3,3,4,3,1,1,1,1,1,1,1,1,3,3,3,3,1,1,1,1,1,1,1,1,2,2,2,2,2,1,1,1,2,1,1,1,2,1,1,1,2,1,2,2,1,1,1,1,1,1,1,1,1,1,1,1,4,4,4,4,2,2,2,2,1,1,1,1,4,4,4,4,1,1,1,1,1,1,1,1,1,1,1,1,1,1,1,1,1,1,1,1,1,1,1,1,1,1,1,1,1,1,1,1,1,1,1,1,3,3,3,3,1,1,1,1,1,1,1,1,1,1,1,1
2634,Anuradhapura,1,1,5,3,3,1,5,9,2,1,1,1,4,4,4,4,1,1,1,1,1,1,1,1,1,1,1,1,1,1,1,1,1,1,1,1,1,1,1,1,2,2,2,2,1,1,1,1,1,1,1,1,1,1,1,1,1,1,1,1,1,1,1,1,1,1,1,1,1,1,1,1,2,2,2,2,1,1,1,1,1,1,1,1,1,1,1,1,3,1,1,3,1,1,1,1,1,1,1,1,1,1,1,1,1,1,1,1,4,4,4,4,1,1,1,1,4,4,4,4,1,1,1,1,1,1,1,1,1,1,1,1,1,1,1,1,1,1,1,1,1,1,1,1,1,1,1,1,4,4,4,4,1,1,1,1,4,4,4,4,1,1,1,1,1,1,1,1,1,1,1,1
2636,Kegalle,1,2,4,2,4,3,3,10,3,3,3,3,4,4,4,4,1,1,1,1,1,1,1,1,1,1,1,1,1,1,1,1,1,1,1,1,1,1,1,1,1,1,1,1,1,1,1,1,4,4,4,4,1,1,1,1,1,1,1,1,4,4,4,4,1,1,1,1,1,1,1,1,2,2,2,2,1,1,1,1,1,1,1,1,1,1,1,1,1,1,1,1,1,1,1,1,1,1,1,1,4,4,4,4,1,1,1,1,2,2,2,2,1,1,1,1,4,4,4,4,1,1,1,1,1,1,1,1,1,1,1,1,1,1,1,1,1,1,1,1,4,4,4,4,1,1,1,1,1,1,1,1,1,1,1,1,4,4,4,4,4,4,4,4,1,1,1,1,1,1,1,1
2637,Anuradhapura,1,2,4,2,5,1,3,9,3,2,2,3,2,3,3,2,4,2,3,3,1,1,1,1,1,1,1,1,1,1,1,1,1,1,1,1,1,1,1,1,1,1,1,1,1,1,1,1,1,1,1,1,1,1,1,1,3,2,2,3,3,2,2,2,1,1,1,1,1,1,1,1,3,4,4,4,2,1,1,1,1,1,1,1,3,1,1,1,2,1,1,2,1,1,1,1,1,1,1,1,4,4,4,4,1,1,1,1,1,1,1,1,1,1,1,1,4,4,4,4,1,1,1,1,1,1,1,1,1,1,1,1,1,1,1,1,1,1,1,1,1,1,1,1,4,4,4,4,1,1,1,1,1,1,1,1,4,4,4,4,1,1,1,1,1,1,1,1,1,1,1,1
2638,Kegalle,1,2,4,2,4,3,7,10,3,3,3,3,2,2,2,2,2,2,2,2,4,4,4,4,1,1,1,1,1,1,1,1,1,1,1,1,1,1,1,1,1,1,1,1,1,1,1,1,4,1,1,1,1,1,1,1,1,1,1,1,2,2,2,2,4,4,4,4,1,1,1,1,1,1,1,1,1,1,1,1,1,1,1,1,1,1,1,1,1,1,1,1,1,1,1,1,1,1,1,1,4,4,4,4,1,1,1,1,2,2,2,2,2,2,2,2,4,4,4,4,1,1,1,1,1,1,1,1,1,1,1,1,1,1,1,1,1,1,1,1,4,4,4,4,1,1,1,1,1,1,1,1,2,2,2,2,2,2,2,2,4,4,4,4,2,2,2,2,2,2,2,2
2639,Anuradhapura,1,2,4,2,5,1,1,6,3,3,3,3,3,3,3,3,1,1,1,1,2,2,2,2,1,2,2,2,1,1,1,1,1,1,1,1,1,1,1,1,1,1,1,1,1,1,1,1,3,3,4,3,1,1,1,1,1,1,1,1,3,3,3,3,1,1,1,1,1,1,1,1,2,2,2,2,2,1,1,1,2,1,1,1,2,1,1,1,1,1,1,1,1,1,1,1,1,1,1,1,4,4,4,4,2,2,2,2,1,1,1,1,1,1,1,1,4,4,4,4,1,1,1,1,1,1,1,1,1,1,1,1,1,1,1,1,1,1,1,1,4,4,4,4,1,1,1,1,1,1,1,1,1,1,1,1,3,3,3,3,1,1,1,1,1,1,1,1,1,1,1,1
2641,Anuradhapura,1,2,3,2,4,1,10,9,2,2,2,2,3,3,3,3,1,1,1,1,1,1,1,1,1,2,2,2,3,3,3,3,1,1,1,1,1,1,1,1,2,2,2,2,1,1,1,1,1,1,1,1,1,1,1,1,1,1,1,1,1,1,1,1,1,1,1,1,1,1,1,1,2,2,2,2,1,1,1,1,1,1,1,1,1,1,1,1,1,1,1,1,1,1,1,1,1,1,1,1,1,1,1,1,4,4,4,4,2,3,3,3,1,1,1,1,4,4,4,4,1,1,1,1,1,1,1,1,1,1,1,1,1,1,1,1,1,1,1,1,1,1,1,1,1,1,1,1,4,4,4,4,1,1,1,1,4,4,4,4,1,1,1,1,1,1,1,1,1,1,1,1
2642,Kegalle,1,2,4,2,5,1,10,10,3,1,1,2,4,4,4,4,1,1,1,1,1,1,1,1,2,2,2,2,1,1,1,1,1,1,1,1,1,1,1,1,1,1,1,1,1,1,1,1,2,1,1,1,1,1,1,1,2,2,2,2,2,2,2,2,4,4,4,4,1,1,1,1,1,1,1,1,2,1,1,1,2,1,1,1,2,1,1,1,2,1,1,1,1,1,1,1,2,2,2,2,4,4,4,4,1,1,1,1,2,2,2,2,4,1,1,4,4,1,1,4,1,1,1,1,1,1,1,1,1,1,1,1,1,1,1,1,1,1,1,1,1,1,1,1,1,1,1,1,1,1,1,1,4,1,1,4,2,1,1,2,4,1,1,2,4,1,1,2,2,1,1,1
2644,Anuradhapura,1,2,2,2,4,1,1,6,3,3,3,3,3,3,3,3,1,1,1,1,1,1,1,1,1,2,2,2,1,1,1,1,2,1,2,2,1,1,1,1,1,1,1,1,1,1,1,1,3,3,4,3,1,1,1,1,1,1,1,1,3,3,3,3,3,3,3,3,1,1,1,1,2,1,1,1,1,1,1,1,1,1,1,1,2,1,1,1,2,1,1,1,1,1,1,1,2,2,2,2,1,1,1,1,1,1,1,1,4,3,3,3,1,1,1,1,4,3,3,3,1,1,1,1,1,1,1,1,1,1,1,1,1,1,1,1,1,1,1,1,1,1,1,1,1,1,1,1,4,3,3,4,1,1,1,1,4,3,3,4,1,1,1,1,1,1,1,1,1,1,1,1
2646,Anuradhapura,1,2,5,2,4,1,3,9,3,3,3,3,4,3,4,4,1,1,1,1,1,1,1,1,1,1,1,1,3,4,4,4,1,1,1,1,1,1,1,1,1,1,1,1,1,1,1,1,4,2,4,3,1,1,1,1,1,1,1,1,2,3,3,3,1,1,1,1,1,1,1,1,3,2,2,3,2,1,1,1,1,1,1,1,3,1,1,1,2,1,1,1,1,1,1,1,3,2,2,2,1,1,1,1,1,1,1,1,1,1,1,1,1,4,4,2,4,1,1,3,1,1,1,1,1,1,1,1,4,1,1,3,1,1,1,1,1,1,1,1,1,1,1,1,1,1,1,1,1,1,1,1,1,4,4,2,1,1,1,1,4,1,3,3,1,1,1,1,1,1,1,1
2647,Kegalle,1,2,2,2,5,1,10,10,5,5,5,5,2,2,2,2,4,4,4,4,1,1,1,1,1,1,1,1,1,1,1,1,1,1,1,1,1,1,1,1,1,1,1,1,1,1,1,1,4,1,1,1,1,1,1,1,1,1,1,1,3,3,3,3,4,4,4,4,3,3,3,3,1,1,1,1,4,1,1,1,4,1,1,1,2,1,1,1,1,1,1,1,1,1,1,1,1,1,1,1,4,4,4,4,1,1,1,1,2,2,2,2,4,4,4,4,4,4,4,4,1,1,1,1,1,1,1,1,1,1,1,1,1,1,1,1,1,1,1,1,1,1,1,1,1,1,1,1,1,1,1,1,4,4,4,4,2,2,2,2,2,2,2,2,2,2,2,2,2,1,1,1
2648,Anuradhapura,1,2,1,2,4,1,10,3,3,3,3,3,1,1,1,1,2,2,2,2,4,4,4,4,1,1,1,1,1,1,1,1,1,1,1,1,1,1,1,1,2,2,2,2,1,1,1,1,2,2,2,2,1,1,1,1,1,1,1,1,2,2,2,2,1,1,1,1,1,1,1,1,2,2,2,2,2,1,1,1,2,1,1,1,2,1,1,1,1,1,1,1,1,1,1,1,1,1,1,1,3,3,3,3,4,4,4,4,1,1,1,1,1,1,1,1,4,4,4,4,1,1,1,1,1,1,1,1,1,1,1,1,1,1,1,1,1,1,1,1,1,1,1,1,1,1,1,1,4,4,4,4,1,1,1,1,1,1,1,1,1,1,1,1,4,4,4,4,1,1,1,1
2649,Anuradhapura,1,2,5,2,4,1,7,9,3,3,3,3,4,4,4,4,1,1,1,1,1,1,1,1,1,1,1,1,1,1,1,1,4,4,4,4,1,1,1,1,1,1,1,1,1,1,1,1,1,1,1,1,1,1,1,1,1,1,1,1,4,4,4,4,1,1,1,1,1,1,1,1,1,1,1,1,3,1,1,1,1,1,1,1,1,1,1,1,3,1,1,1,1,1,1,1,1,1,1,1,1,1,1,1,1,1,1,1,4,4,4,4,4,4,4,4,1,1,1,1,1,1,1,1,1,1,1,1,4,4,1,1,1,1,1,1,1,1,1,1,1,1,1,1,1,1,1,1,1,1,1,1,4,4,4,4,1,1,1,1,1,1,1,1,1,1,1,1,1,1,1,1
2652,Anuradhapura,1,2,5,2,4,1,3,9,3,3,3,3,2,3,2,2,4,2,4,4,1,1,1,1,1,1,1,1,1,1,1,1,1,1,1,1,1,1,1,1,1,1,1,1,1,1,1,1,4,2,2,2,1,1,1,1,1,1,1,1,4,3,3,3,1,1,1,1,2,3,3,3,1,1,1,1,1,1,1,1,1,1,1,1,3,1,1,2,1,1,1,1,1,1,1,1,1,1,1,1,4,4,4,4,1,1,1,1,1,1,1,1,1,1,1,1,4,4,4,4,1,1,1,1,1,1,1,1,1,1,1,1,1,1,1,1,1,1,1,1,1,1,1,1,1,1,1,1,4,4,4,4,1,1,1,1,4,4,4,4,1,1,1,1,1,1,1,1,1,1,1,1
2653,Anuradhapura,1,2,3,2,4,1,1,1,3,3,3,3,3,4,4,4,1,1,1,1,1,1,1,1,1,1,1,1,1,1,1,1,2,2,2,2,1,1,1,1,1,1,1,1,1,1,1,1,4,1,1,1,1,1,1,1,1,1,1,1,4,4,4,4,4,4,4,4,1,1,1,1,1,1,1,1,4,4,4,4,1,1,1,1,1,1,1,1,4,1,1,1,1,1,1,1,1,1,1,1,1,1,1,1,4,4,4,4,1,1,1,1,1,1,1,1,4,4,4,4,1,1,1,1,1,1,1,1,4,1,1,1,1,1,1,1,1,1,1,1,4,4,4,4,1,1,1,1,1,1,1,1,1,1,1,1,4,4,4,4,1,1,1,1,1,1,1,1,1,1,1,1
2654,Kegalle,1,1,4,2,5,1,1,7,3,3,3,3,4,4,4,4,1,1,1,1,1,1,1,1,1,1,1,1,1,1,1,1,1,1,1,1,1,1,1,1,1,1,1,1,1,1,1,1,4,2,2,2,1,1,1,1,1,1,1,1,2,2,2,2,4,4,4,4,2,2,2,2,2,2,2,2,1,1,1,1,1,1,1,1,4,3,3,3,1,1,1,1,1,1,1,1,2,2,2,2,4,4,4,4,1,1,1,1,2,2,2,2,2,2,2,2,4,4,4,4,1,1,1,1,1,1,1,1,1,1,1,1,1,1,1,1,1,1,1,1,4,4,4,4,1,1,1,2,2,3,3,3,2,2,2,2,2,2,2,2,4,4,4,4,3,3,3,3,2,2,2,2
2655,Anuradhapura,1,2,3,2,4,1,10,9,2,2,2,2,4,4,4,4,1,1,1,1,1,1,1,1,1,1,1,1,1,1,1,1,1,1,1,1,1,1,1,1,2,2,2,2,1,1,1,1,2,2,2,2,1,1,1,1,1,1,1,1,2,2,2,2,1,1,1,1,1,1,1,1,2,2,2,2,2,1,1,1,2,1,1,1,2,1,1,1,1,1,1,1,1,1,1,1,1,1,1,1,1,1,1,1,4,4,4,4,2,2,2,2,1,1,1,1,1,1,1,1,1,1,1,1,1,1,1,1,1,1,1,1,1,1,1,1,1,1,1,1,1,1,1,1,1,1,1,1,1,1,1,1,1,1,1,1,4,4,4,4,1,1,1,1,1,1,1,1,1,1,1,1
2656,Matara,1,1,3,3,5,1,10,10,1,1,1,1,4,4,4,4,1,1,1,1,1,1,1,1,1,1,1,1,1,1,1,1,1,1,1,1,1,1,1,1,1,1,1,1,1,1,1,1,2,2,2,2,1,1,1,1,1,1,1,1,1,1,1,1,1,1,1,1,1,1,1,1,2,2,2,2,1,1,1,1,1,1,1,1,1,1,1,1,3,3,3,3,1,1,1,1,2,2,2,2,1,1,1,1,1,1,1,1,3,3,3,3,4,4,4,4,4,4,4,4,1,1,1,1,1,1,1,1,1,1,1,1,1,1,1,1,1,1,1,1,1,1,1,1,1,1,1,1,4,4,4,4,4,4,4,4,4,4,4,4,4,4,4,4,3,1,1,1,1,1,1,1
2658,Kegalle,1,2,5,2,5,1,8,4,2,2,2,2,4,4,4,4,1,1,1,1,1,1,1,1,1,1,1,1,2,2,2,2,1,1,1,1,1,1,1,1,1,1,1,1,1,1,1,1,4,1,1,1,1,1,1,1,1,1,1,1,4,4,4,4,3,3,3,3,1,1,1,1,1,1,1,1,1,1,1,1,1,1,1,1,1,1,1,1,2,1,1,1,1,1,1,1,2,1,1,1,4,4,4,4,1,1,1,1,2,2,2,2,1,1,1,1,1,1,1,1,1,1,1,1,1,1,1,1,1,1,1,1,1,1,1,1,1,1,1,1,1,1,1,1,1,1,1,1,1,1,1,1,1,1,1,1,1,1,1,1,1,1,1,1,1,1,1,1,1,1,1,1
2660,Anuradhapura,1,2,3,2,4,1,10,3,3,2,2,3,2,2,2,2,1,1,1,1,3,3,3,3,1,2,2,2,1,1,1,1,1,1,1,1,1,1,1,1,2,2,2,2,1,1,1,1,2,2,2,2,1,1,1,1,1,1,1,1,2,2,2,2,1,1,1,1,1,1,1,1,2,2,2,2,2,1,1,1,2,1,1,1,2,1,1,1,2,1,1,3,1,1,1,1,1,1,1,1,1,1,1,1,3,3,3,3,2,2,2,2,1,1,1,1,4,4,4,4,1,1,1,1,1,1,1,1,1,1,1,1,1,1,1,1,1,1,1,1,4,4,4,4,1,1,1,1,1,1,1,1,1,1,1,1,1,1,1,1,1,1,1,1,4,4,4,4,1,1,1,1
2661,Matara,1,2,4,2,4,5,10,10,3,2,2,2,2,4,4,4,3,2,2,2,2,2,2,2,1,1,1,1,1,1,1,1,3,2,2,2,1,1,1,1,1,1,1,1,2,1,1,1,3,3,4,3,1,1,1,1,3,3,3,3,3,3,3,3,1,1,1,1,1,1,1,1,2,2,2,2,2,1,1,1,2,1,1,1,2,1,1,1,4,3,3,3,1,1,1,1,2,2,2,2,2,2,2,2,1,1,1,1,2,1,1,1,1,1,1,1,4,1,1,1,1,1,1,1,1,1,1,1,1,1,1,1,1,1,1,1,1,1,1,1,1,1,1,1,1,1,1,1,1,1,1,1,1,1,1,1,1,1,1,1,1,1,1,1,1,1,1,1,1,1,1,1
2662,Kegalle,1,2,5,2,5,1,8,4,5,5,5,5,2,2,2,2,2,2,2,2,2,2,2,2,1,1,1,1,1,1,1,1,1,1,1,1,1,1,1,1,2,2,2,2,1,1,1,1,4,1,1,1,1,1,1,1,1,1,1,1,2,2,2,2,4,4,4,4,2,2,2,2,2,1,1,1,2,1,1,1,2,1,1,1,2,1,1,1,1,1,1,1,1,1,1,1,2,1,1,1,4,4,4,4,1,1,1,1,2,2,2,2,1,1,1,1,1,1,1,1,1,1,1,1,1,1,1,1,1,1,1,1,1,1,1,1,1,1,1,1,1,1,1,1,1,1,1,1,1,1,1,1,1,1,1,1,1,1,1,1,1,1,1,1,1,1,1,1,1,1,1,1
2664,Kegalle,1,1,1,3,4,1,10,10,2,1,1,1,2,2,3,2,3,2,2,2,1,1,1,1,1,1,1,1,1,1,1,1,1,1,1,1,1,1,1,1,1,1,1,1,1,1,1,1,2,1,1,1,1,1,1,1,1,1,1,1,1,1,1,1,1,1,1,1,1,1,1,1,1,1,1,1,3,1,1,1,3,1,1,1,1,1,1,1,2,2,2,2,3,2,2,2,1,1,1,1,1,1,1,1,1,1,1,1,1,1,1,1,1,1,1,1,3,1,1,1,1,1,1,1,1,1,1,1,1,1,1,1,3,2,2,2,1,1,1,1,1,1,1,1,1,1,1,1,1,1,1,1,1,1,1,1,3,1,1,2,2,1,1,1,1,1,1,1,1,1,1,1
2665,Anuradhapura,1,2,4,2,4,1,10,4,2,1,1,1,3,3,3,3,1,1,1,1,1,1,1,1,1,2,2,2,1,1,1,1,2,1,1,1,1,1,1,1,1,2,2,2,1,1,1,1,2,2,2,2,1,1,1,1,1,1,1,1,1,1,1,1,2,2,2,2,1,1,1,1,2,2,2,2,2,1,1,1,2,1,1,1,3,1,1,2,2,1,1,1,1,1,1,1,1,1,1,1,4,3,3,3,1,1,1,1,1,1,1,1,4,2,3,3,2,1,2,1,1,2,1,1,1,1,1,1,1,1,1,1,1,1,1,1,1,1,1,1,1,1,1,1,1,1,1,1,1,1,1,1,4,2,3,3,1,1,1,1,1,1,1,1,1,1,1,1,1,1,1,1
2666,Anuradhapura,1,2,4,2,4,1,10,9,3,3,3,3,1,1,1,1,1,1,1,1,4,4,4,4,1,2,2,2,1,1,1,1,1,1,1,1,1,1,1,1,2,2,2,2,1,1,1,1,2,2,2,2,1,1,1,1,1,1,1,1,1,1,1,1,1,1,1,1,1,1,1,1,2,2,2,2,2,1,1,1,2,1,1,1,2,1,1,1,1,1,1,1,1,1,1,1,1,1,1,1,4,4,4,4,3,3,3,3,1,1,1,1,1,1,1,1,4,4,4,4,1,1,1,1,1,1,1,1,1,1,1,1,1,1,1,1,1,1,1,1,1,1,1,1,1,1,1,1,3,3,3,3,1,1,1,1,4,4,4,4,1,1,1,1,1,1,1,1,1,1,1,1
2667,Matara,1,2,3,2,4,1,3,10,3,1,1,1,3,2,2,2,1,1,1,1,2,1,1,1,1,2,2,2,1,1,1,1,1,1,1,1,1,1,1,1,1,1,1,1,1,1,1,1,2,1,1,1,1,1,1,1,1,1,1,1,2,2,2,2,2,2,2,2,1,1,1,1,1,1,1,1,2,1,1,1,2,2,1,1,1,1,1,1,1,1,1,1,1,1,1,1,1,1,1,1,3,2,2,2,1,1,1,1,2,2,2,2,1,1,1,1,3,1,1,1,1,1,1,1,1,1,1,1,1,1,1,1,1,1,1,1,1,1,1,1,3,2,2,2,1,1,1,1,1,1,1,1,1,1,1,1,3,1,1,1,3,1,1,1,2,1,1,1,1,1,1,1
2669,Matara,1,2,5,2,4,1,8,7,2,2,2,2,2,2,2,2,1,1,1,1,3,3,3,3,1,2,2,1,1,1,1,1,3,3,3,2,1,1,1,1,1,1,1,1,2,1,1,1,3,3,4,3,1,1,1,1,1,1,1,1,3,3,3,3,1,1,1,1,1,1,1,1,1,1,1,1,2,1,1,1,2,1,1,1,2,1,1,1,3,3,3,3,1,1,1,1,2,2,2,2,1,1,1,1,1,1,1,1,2,2,2,2,1,1,1,1,1,1,1,1,1,1,1,1,1,1,1,1,1,1,1,1,1,1,1,1,1,1,1,1,1,1,1,1,1,1,1,1,1,1,1,1,1,1,1,1,1,1,1,1,1,1,1,1,1,1,1,1,1,1,1,1
2671,Vauniya,1,2,4,2,4,1,3,9,3,2,2,2,4,3,4,4,1,1,1,1,1,1,1,1,2,3,1,1,2,4,4,3,1,1,1,1,1,1,1,1,1,1,1,1,1,1,1,1,1,1,1,1,1,1,1,1,3,2,2,2,1,1,1,1,1,1,1,1,1,1,1,1,3,2,3,3,2,1,1,1,1,1,1,1,3,1,1,1,4,1,2,3,1,1,1,1,2,3,2,2,1,1,1,1,1,1,1,1,1,1,1,1,1,1,1,1,4,1,4,4,1,1,1,1,1,1,1,1,1,1,1,1,1,1,1,1,1,1,1,1,1,1,1,1,1,1,1,1,4,3,3,3,1,1,1,1,4,1,4,3,1,1,1,1,1,1,1,1,1,1,1,1
2672,Vauniya,1,2,5,2,4,1,10,9,1,1,1,1,4,4,4,4,1,1,1,1,1,1,1,1,1,1,1,1,3,3,3,3,1,1,1,1,1,1,1,1,3,3,3,3,1,1,1,1,1,1,1,1,2,2,2,2,1,1,1,1,1,1,1,1,1,1,1,1,1,1,1,1,2,2,2,2,1,1,1,1,1,1,1,1,1,1,1,1,1,1,1,1,1,1,1,1,1,1,1,1,1,1,1,1,4,4,4,4,2,2,2,2,1,1,1,1,1,1,1,1,1,1,1,1,1,1,1,1,1,1,1,1,1,1,1,1,1,1,1,1,1,1,1,1,1,1,1,1,1,1,1,1,1,1,1,1,1,1,1,1,1,1,1,1,1,1,1,1,1,1,1,1
2673,Vauniya,1,2,5,2,4,1,2,10,3,3,3,3,1,1,1,1,1,1,1,1,4,4,4,4,1,2,3,3,2,3,3,3,1,1,1,1,1,1,1,1,2,2,2,2,1,1,1,1,3,3,4,3,1,1,1,1,1,1,1,1,3,3,3,3,1,1,1,1,1,1,1,1,2,2,2,2,2,1,1,1,2,1,1,1,2,1,1,1,1,1,1,1,1,1,1,1,1,1,1,1,4,4,4,4,2,2,2,2,2,2,2,2,1,1,1,1,4,4,4,4,1,1,1,1,1,1,1,1,1,1,1,1,1,1,1,1,1,1,1,1,4,4,4,4,1,1,1,1,1,1,1,1,1,1,1,1,3,3,3,3,1,1,1,1,1,1,1,1,1,1,1,1
2674,Matara,1,2,5,2,5,1,3,6,3,2,2,2,4,4,4,4,1,1,1,1,1,1,1,1,1,1,1,1,1,1,1,1,1,1,1,1,1,1,1,1,2,2,2,2,1,1,1,1,4,1,1,1,1,1,1,1,2,2,2,2,2,2,2,2,4,4,4,4,1,1,1,1,1,1,1,1,2,1,1,1,2,1,1,1,2,1,1,1,4,1,1,1,1,1,1,1,1,1,1,1,1,1,1,1,4,4,4,4,3,3,3,3,1,1,1,1,4,4,4,4,1,1,1,1,1,1,1,1,1,1,1,1,1,1,1,1,1,1,1,1,1,1,1,1,4,4,4,4,1,1,1,1,1,1,1,1,4,4,4,4,2,2,2,2,2,2,2,2,1,1,1,1
2675,Matara,1,2,5,2,4,1,3,10,3,1,1,2,4,4,4,4,1,1,1,1,1,1,1,1,2,2,2,2,1,1,1,1,3,3,3,3,1,1,1,1,1,1,1,1,2,1,1,1,3,3,4,3,1,1,1,1,1,1,1,1,3,3,3,3,1,1,1,1,1,1,1,1,3,3,3,3,1,1,1,1,1,1,1,1,1,1,1,1,3,3,3,3,1,1,1,1,3,3,3,3,1,1,1,1,1,1,1,1,2,2,2,2,1,1,1,1,4,4,4,4,1,1,1,1,1,1,1,1,1,1,1,1,1,1,1,1,1,1,1,1,1,1,1,1,4,4,4,4,2,2,2,2,1,1,1,1,4,4,4,4,4,4,4,4,1,1,1,1,1,1,1,1
2676,Matara,1,2,4,2,4,1,10,10,3,3,3,3,2,2,2,2,1,1,1,1,3,3,3,3,1,2,1,1,1,1,1,1,2,2,1,1,1,1,1,1,1,1,1,1,1,1,1,1,2,2,2,2,1,1,1,1,1,1,1,1,3,3,3,3,1,1,1,1,2,3,3,3,1,1,1,1,2,1,1,1,2,1,1,1,3,1,1,1,2,2,2,2,1,1,1,1,1,1,1,1,4,4,4,4,1,1,1,1,1,1,1,1,1,4,1,1,1,1,1,1,1,1,1,1,1,1,1,1,1,1,1,1,1,1,1,1,1,1,1,1,1,1,1,1,1,1,1,1,4,4,4,4,1,1,1,1,1,1,1,1,1,1,1,1,1,1,1,1,1,1,1,1
2678,Matara,1,2,5,2,5,1,4,10,3,2,2,2,2,2,2,2,1,1,1,1,3,3,3,3,1,1,1,1,1,1,1,1,3,3,3,3,1,1,1,1,1,1,1,1,1,1,1,1,3,3,4,3,1,1,1,1,1,1,1,1,3,3,3,3,1,1,1,1,1,1,1,1,1,1,1,1,2,1,1,2,2,1,1,2,2,1,2,2,2,2,2,2,1,1,1,1,2,2,2,2,3,3,3,3,1,1,1,1,1,1,1,1,1,1,1,1,4,4,4,4,1,1,1,1,1,1,1,1,1,1,1,1,1,1,1,1,1,1,1,1,4,4,4,4,1,1,1,1,1,1,1,1,1,1,1,1,3,3,3,3,1,1,1,1,1,1,1,1,1,1,1,1
2679,Vauniya,1,2,5,2,5,1,8,6,3,3,3,3,4,4,4,4,1,1,1,1,1,1,1,1,1,1,1,1,1,1,1,1,4,4,4,4,1,1,1,1,1,1,1,1,1,1,1,1,4,4,1,1,1,1,1,1,1,1,1,1,4,3,4,4,3,3,3,3,1,1,1,1,1,1,1,1,1,1,1,1,1,1,1,1,1,1,1,1,4,2,1,1,1,1,1,1,1,1,1,1,1,1,1,1,4,4,4,4,1,1,1,1,4,4,4,4,1,1,1,1,1,1,1,1,1,1,1,1,3,1,1,1,1,1,1,1,1,1,1,1,1,1,1,1,1,1,1,1,1,1,1,1,1,1,1,1,1,1,1,1,1,1,1,1,1,1,1,1,1,1,1,1
2680,Matara,1,2,5,2,8,1,1,2,5,5,5,5,3,3,3,3,2,2,2,2,2,2,2,2,1,2,2,2,1,1,1,1,3,3,3,3,1,1,1,1,1,1,1,1,2,2,2,2,2,2,2,2,1,1,1,1,1,1,1,1,3,3,3,3,3,3,3,3,2,3,3,3,1,1,1,1,2,1,1,1,2,1,1,1,2,1,1,1,1,1,1,1,1,1,1,1,1,1,1,1,4,4,4,4,1,1,1,1,1,1,1,1,1,1,1,1,1,1,1,1,1,1,1,1,1,1,1,1,1,1,1,1,1,1,1,1,1,1,1,1,4,4,4,4,1,1,1,1,1,1,1,1,1,1,1,1,1,1,1,1,1,1,1,1,1,1,1,1,4,4,4,4
2681,Matara,1,2,4,2,4,1,3,10,3,3,3,3,2,2,2,2,1,1,1,1,1,1,1,1,2,2,2,2,1,1,1,1,4,4,4,4,1,1,1,1,1,1,1,1,1,1,1,1,2,2,2,2,4,4,4,4,1,1,1,1,4,4,4,4,4,4,4,4,1,1,1,1,2,2,2,2,1,1,1,1,1,1,1,1,1,1,1,1,4,4,4,4,1,1,1,1,3,3,3,3,1,1,1,1,1,1,1,1,2,2,2,2,1,1,1,1,1,1,1,1,1,1,1,1,1,1,1,1,1,1,1,1,1,1,1,1,1,1,1,1,1,1,1,1,1,1,1,1,1,1,1,1,1,1,1,1,4,4,4,4,2,1,1,1,2,1,1,1,2,1,1,1
2682,Matara,1,1,4,3,7,1,1,2,3,3,3,3,4,4,4,4,2,1,1,1,1,1,1,1,1,2,2,2,1,1,1,1,1,1,1,1,1,1,1,1,1,1,1,1,1,1,1,1,4,1,1,1,1,1,1,1,1,1,1,1,1,1,1,1,2,2,2,3,2,4,4,4,1,1,1,1,1,1,1,1,1,1,1,1,1,1,1,1,1,1,1,1,1,1,1,1,1,1,1,1,4,4,4,4,1,1,1,1,1,1,1,1,1,4,4,4,4,1,1,1,1,1,1,1,1,1,1,1,1,1,1,1,1,1,1,1,1,1,1,1,4,1,1,1,1,1,1,1,1,1,1,1,1,4,4,4,2,1,1,1,2,1,1,1,4,1,1,1,2,1,1,1
2683,Polonnaruwa,1,1,5,3,3,3,10,3,2,3,3,2,1,1,1,1,1,1,1,1,4,4,4,4,1,2,2,2,1,1,1,1,1,1,1,1,1,1,1,1,1,1,1,1,1,1,1,1,1,1,1,1,2,2,2,2,1,1,1,1,1,1,1,1,1,1,1,1,1,1,1,1,2,2,2,2,1,1,1,1,1,1,1,1,1,1,1,1,2,1,1,2,1,1,1,1,2,2,2,2,1,1,1,1,1,1,1,1,3,3,3,3,4,4,4,4,1,1,1,1,1,1,1,1,1,1,1,1,1,1,1,1,1,1,1,1,1,1,1,1,1,1,1,1,1,1,1,1,4,4,4,4,1,1,1,1,1,1,1,1,1,1,1,1,4,4,4,4,1,1,1,1
2684,Ampara,1,2,4,2,4,1,10,10,3,1,1,1,3,3,3,3,1,1,1,1,1,1,1,1,2,2,2,2,2,2,2,2,1,1,1,1,1,1,1,1,1,1,1,1,1,1,1,1,2,2,2,2,1,1,1,1,1,1,1,1,2,2,2,2,2,2,2,2,1,1,1,1,1,1,1,1,2,1,1,1,2,1,1,1,3,1,1,1,1,1,1,1,1,1,1,1,1,1,1,1,4,3,3,3,1,1,1,1,1,1,1,1,1,1,1,1,4,2,3,3,1,1,1,1,1,1,1,1,1,1,1,1,1,1,1,1,1,1,1,1,4,2,3,3,1,1,1,1,1,1,1,1,1,1,1,1,4,2,3,3,1,1,1,1,1,1,1,1,1,1,1,1
2685,Ampara,1,2,1,2,4,1,10,10,3,3,3,3,2,2,2,2,1,1,1,1,3,3,3,3,1,2,2,2,1,1,1,1,1,1,1,1,1,1,1,1,1,1,1,1,1,1,1,1,3,3,3,3,1,1,1,1,1,1,1,1,3,3,3,3,2,2,2,2,1,1,1,1,1,1,1,1,3,1,1,1,1,1,1,1,2,1,1,1,1,1,1,1,1,1,1,1,3,3,3,3,1,1,1,1,3,3,3,3,1,1,1,1,1,1,1,1,1,1,1,1,1,1,1,1,1,1,1,1,1,1,1,1,1,1,1,1,1,1,1,1,1,1,1,1,1,1,1,1,1,1,1,1,1,1,1,1,4,4,4,4,1,1,1,1,1,1,1,1,1,1,1,1
2688,Vauniya,1,2,2,1,4,1,1,6,2,2,2,2,1,1,1,1,1,1,1,1,4,4,4,4,1,2,2,2,1,1,1,1,1,1,1,1,1,1,1,1,2,2,2,2,1,1,1,1,1,1,1,1,3,3,3,3,1,1,1,1,1,1,1,1,1,1,1,1,1,1,1,1,1,1,1,1,1,1,1,1,1,1,1,1,1,1,1,1,1,1,1,1,1,1,1,1,1,1,1,1,1,1,1,1,4,4,4,4,1,1,1,1,1,1,1,1,1,1,1,1,1,1,1,1,3,3,3,3,1,1,1,1,1,1,1,1,1,1,1,1,1,1,1,1,1,1,1,1,1,1,1,1,1,1,1,1,1,1,1,1,3,3,3,3,1,1,1,1,1,1,1,1
2689,Badulla,1,1,5,3,4,1,3,10,2,2,2,2,1,1,1,1,1,1,1,1,3,3,3,3,1,1,1,1,1,1,1,1,2,2,2,2,1,1,1,1,1,1,1,1,1,1,1,1,2,2,2,2,1,1,1,1,2,2,2,2,3,3,3,3,1,1,1,1,1,1,1,1,1,1,1,1,1,1,1,1,1,1,1,1,2,1,2,2,3,3,3,3,1,1,1,1,1,2,3,3,1,1,1,1,1,1,1,1,2,2,2,2,1,1,1,1,2,2,2,2,1,1,1,1,4,4,4,4,4,4,4,4,1,1,1,1,1,1,1,1,1,1,1,1,1,1,1,1,1,1,1,1,1,1,1,1,1,2,1,1,1,1,1,1,1,1,1,1,3,3,3,3
2691,Badulla,2,1,1,2,4,2,7,10,3,1,1,1,1,1,1,1,1,1,1,1,3,2,2,2,1,2,2,2,1,1,1,1,1,1,1,1,1,1,1,1,1,1,1,1,1,1,1,1,2,1,1,1,1,1,1,1,1,1,1,1,2,2,2,2,2,2,2,2,1,1,1,1,1,1,1,1,1,1,1,1,1,2,1,1,1,1,1,1,3,1,1,1,2,1,1,1,2,1,1,1,1,1,1,1,1,1,1,1,3,2,1,2,3,1,1,2,3,1,1,2,1,1,1,1,1,1,1,1,1,1,1,1,1,1,1,1,1,1,1,1,1,1,1,1,1,1,1,1,3,4,2,2,1,1,1,2,2,1,1,2,2,1,1,2,1,1,1,1,1,1,1,1
2693,Badulla,2,1,4,3,7,1,1,2,5,5,5,5,2,2,2,2,3,3,3,3,1,1,1,1,1,2,1,1,1,1,1,1,1,1,1,1,3,3,3,3,3,3,3,3,1,1,1,1,3,3,4,3,1,1,1,1,1,1,1,1,3,3,3,3,3,3,3,3,3,3,3,3,1,1,1,1,3,1,1,1,3,1,1,2,3,1,2,3,3,3,3,3,1,1,1,1,3,3,3,3,1,1,1,1,1,1,1,1,3,3,3,3,1,3,1,1,4,1,1,1,1,1,1,1,1,1,1,1,4,4,4,4,1,1,1,1,1,1,1,1,1,1,1,1,1,1,1,1,4,4,4,4,1,1,1,1,3,3,3,3,1,1,1,1,1,1,1,1,1,1,1,1
2695,Matara,1,2,1,2,4,1,3,10,2,1,1,2,3,3,3,3,1,1,1,1,1,1,1,1,1,1,1,1,1,1,1,1,2,2,2,2,1,1,1,1,3,3,3,3,1,1,1,1,1,1,1,1,1,1,1,1,3,3,3,3,1,1,1,1,1,1,1,1,1,1,1,1,3,3,3,3,2,1,1,1,2,1,1,1,1,1,1,1,3,3,3,3,1,1,1,1,2,2,2,2,1,1,1,1,1,1,1,1,3,3,3,3,1,1,1,1,4,4,4,4,1,1,1,1,1,1,1,1,3,3,3,3,1,1,1,1,1,1,1,1,1,1,1,1,1,1,1,1,3,3,3,3,1,1,1,1,3,3,3,3,1,1,1,1,1,1,1,1,1,1,1,1
2696,Badulla,1,2,3,2,4,1,10,10,2,1,2,1,1,1,1,1,1,1,1,1,3,3,3,3,1,1,1,1,1,1,1,1,3,3,3,3,1,1,1,1,1,1,1,1,1,1,1,1,2,2,2,2,1,1,1,1,1,1,1,1,3,3,3,3,1,1,1,1,1,2,2,2,1,1,1,1,2,1,1,1,2,1,1,1,1,1,1,1,2,2,2,2,1,1,1,1,1,1,1,1,3,3,3,3,1,1,1,1,1,1,1,1,1,1,1,1,4,4,4,4,1,1,1,1,1,1,1,1,1,1,1,1,1,1,1,1,1,1,1,1,1,1,1,1,1,1,1,1,1,1,1,1,1,1,1,1,1,1,1,1,4,4,4,4,1,1,1,1,1,1,1,1
2697,Vauniya,1,2,6,2,4,1,8,7,3,3,3,3,3,4,4,4,1,1,1,1,1,1,1,1,1,1,1,1,3,3,3,3,4,3,3,3,1,1,1,1,1,1,1,1,1,1,1,1,4,1,1,1,1,1,1,1,1,1,1,1,3,3,3,3,4,4,4,4,1,1,1,1,1,1,1,1,1,1,1,1,1,1,1,1,1,1,1,1,4,1,1,1,1,1,1,1,1,1,1,1,1,1,1,1,3,3,3,3,1,1,1,1,4,4,4,4,1,1,1,1,1,1,1,1,1,1,1,1,1,1,1,1,1,1,1,1,1,1,1,1,1,1,1,1,4,4,4,4,1,1,1,1,1,1,1,1,4,4,4,4,1,1,1,1,1,1,1,1,1,1,1,1
2698,Matara,1,2,3,2,4,1,3,10,2,1,1,1,3,3,3,3,1,1,1,1,1,1,1,1,1,1,1,1,3,3,3,3,1,2,2,1,1,1,1,1,3,3,3,3,1,1,1,1,3,3,4,3,1,1,1,1,1,1,1,1,3,3,3,3,1,1,1,1,1,1,1,1,3,3,3,3,3,1,1,1,3,1,1,1,3,1,1,2,3,3,3,3,1,1,1,1,3,3,3,3,1,1,1,1,1,1,1,1,3,3,3,3,1,1,1,1,4,4,4,4,1,1,1,1,1,1,1,1,4,4,4,4,1,1,1,1,1,1,1,1,1,1,1,1,3,3,3,3,1,1,1,1,1,1,1,1,3,2,3,3,1,1,1,1,1,1,1,1,1,1,1,1
2700,Ampara,1,2,2,2,7,1,1,7,5,5,5,5,1,1,1,1,4,4,4,4,2,2,2,2,1,1,1,1,1,1,1,1,1,1,1,1,2,2,2,2,1,1,1,1,1,1,1,1,2,2,2,2,1,1,1,1,1,1,1,1,2,2,2,2,1,1,1,1,1,1,1,1,1,1,1,1,2,1,2,2,2,1,1,1,1,1,1,1,1,1,1,1,1,1,1,1,1,1,1,1,4,4,4,4,1,1,1,1,1,1,1,1,1,1,1,1,4,4,4,4,1,1,1,1,1,1,1,1,1,1,1,1,1,1,1,1,1,1,1,1,4,4,4,4,1,1,1,1,1,1,1,1,1,1,1,1,4,4,4,4,1,1,1,1,1,1,1,1,1,1,1,1
2702,Matara,1,2,1,2,4,1,3,3,3,1,2,2,2,2,2,2,1,1,1,1,3,3,3,3,1,1,1,1,1,1,1,1,1,1,1,1,1,1,1,1,1,1,1,1,1,1,1,1,2,2,2,2,1,1,1,1,1,1,1,1,3,3,3,3,1,1,1,1,2,2,2,2,1,1,1,1,2,1,1,1,2,1,1,1,2,1,1,1,2,2,2,2,1,1,1,1,3,3,3,3,3,3,3,3,1,1,1,1,2,2,2,2,1,1,1,1,1,1,1,1,4,4,4,4,1,1,1,1,1,1,1,1,1,1,1,1,1,1,1,1,1,1,1,1,1,1,1,1,4,4,4,4,1,1,1,1,4,4,4,4,1,1,1,1,1,1,1,1,1,1,1,1
2704,Matara,1,2,5,2,4,1,3,3,3,1,1,2,3,3,3,3,2,1,2,1,1,1,1,1,1,2,1,1,1,2,2,1,2,2,2,2,1,1,1,1,3,3,3,3,1,1,1,1,3,3,4,3,1,1,1,1,3,3,3,3,1,1,1,1,1,1,1,1,1,1,1,1,2,2,2,2,2,1,1,1,3,1,1,1,3,1,2,2,3,3,3,3,1,1,1,1,3,2,2,2,1,1,1,1,1,1,1,1,2,2,2,2,1,1,1,1,3,3,3,3,1,1,1,1,1,1,1,1,1,1,1,1,1,1,1,1,1,1,1,1,1,1,1,1,1,1,1,1,4,4,4,4,1,3,3,3,3,3,3,3,1,1,1,1,1,1,1,1,1,1,1,1
2706,Ampara,1,2,5,2,7,1,1,2,3,3,3,3,3,3,3,3,1,1,1,1,1,1,1,1,1,2,2,2,2,2,2,2,2,1,1,1,1,1,1,1,1,1,1,1,3,1,1,1,3,2,2,2,1,1,1,1,1,1,1,1,3,2,2,2,3,2,2,2,1,1,1,1,2,1,1,1,2,1,1,1,2,1,1,1,3,1,1,1,1,1,1,1,1,1,1,1,1,1,1,1,4,3,3,3,1,1,1,1,1,1,1,1,1,3,2,2,4,2,3,3,1,1,1,1,1,1,1,1,1,1,1,1,1,1,1,1,1,1,1,1,4,2,3,3,1,1,1,1,1,1,1,1,1,3,2,2,4,1,2,3,1,1,1,1,1,1,1,1,1,1,1,1
2709,Ampara,1,2,4,2,5,1,3,4,3,2,2,2,2,3,3,3,1,1,1,1,1,1,1,1,1,2,2,2,2,2,2,2,2,1,1,1,1,1,1,1,1,1,1,1,3,1,1,1,2,2,2,2,1,1,1,1,1,1,1,1,3,2,2,2,2,2,2,2,1,1,1,1,1,1,1,1,2,1,1,1,1,1,1,1,3,1,1,1,1,1,1,1,1,1,1,1,1,1,1,1,4,3,3,3,1,1,1,1,1,1,1,1,1,1,1,1,4,2,2,3,1,1,1,1,1,1,1,1,1,1,1,1,1,1,1,1,1,1,1,1,4,2,2,3,1,1,1,1,1,1,1,1,1,1,1,1,4,2,2,3,1,1,1,1,1,1,1,1,1,1,1,1
2710,Monaragala,1,1,3,3,4,1,3,10,2,2,2,2,3,3,3,3,1,1,1,1,3,3,3,3,1,2,2,2,1,1,1,1,1,1,1,1,1,1,1,1,2,2,2,2,1,1,1,1,2,2,2,2,1,1,1,1,1,1,1,1,2,2,2,2,1,1,1,1,3,3,3,3,1,1,1,1,2,1,1,1,2,1,1,1,2,1,1,1,3,1,1,3,1,1,1,1,2,3,3,2,1,1,1,1,1,1,1,1,2,2,2,2,1,1,1,1,1,1,1,1,4,4,4,4,1,1,1,1,1,1,1,1,1,1,1,1,1,1,1,1,1,1,1,1,1,1,1,1,4,4,4,4,1,1,1,1,4,4,4,4,1,1,1,1,1,1,1,1,1,1,1,1
2711,Matara,1,2,6,2,6,1,8,2,5,5,5,5,1,1,1,1,4,4,4,4,1,1,1,1,1,2,2,2,1,1,1,1,2,2,2,2,1,1,1,1,1,1,1,1,1,1,1,1,3,3,4,3,1,1,1,1,1,1,1,1,3,3,3,3,1,1,1,1,1,1,1,1,2,2,2,2,1,1,1,1,1,1,1,1,1,1,1,1,1,1,1,1,1,1,1,1,2,2,2,2,4,4,4,4,1,1,1,1,2,2,2,2,1,4,4,2,4,2,2,3,1,1,1,1,1,1,1,1,1,1,1,1,1,1,1,1,2,2,2,2,4,4,4,4,1,1,1,1,1,1,1,1,1,4,4,2,4,2,2,3,4,2,2,3,1,1,1,1,1,1,1,1
2712,Badulla,1,2,3,2,5,1,10,10,3,2,2,2,4,4,4,4,1,1,1,1,1,1,1,1,1,1,1,1,1,1,1,1,1,1,1,1,1,1,1,1,1,1,1,1,1,1,1,1,4,1,1,1,1,1,1,1,2,2,2,2,1,1,1,1,4,4,4,4,1,1,1,1,1,1,1,1,1,1,1,1,1,1,1,1,1,1,1,1,4,1,1,1,1,1,1,1,2,1,1,1,4,4,4,4,1,1,1,1,2,2,2,2,4,4,4,4,4,4,4,4,1,1,1,1,1,1,1,1,1,1,1,1,1,1,1,1,1,1,1,1,1,1,1,1,1,1,1,1,1,1,1,1,4,4,4,4,1,1,1,1,1,1,1,1,1,1,1,1,1,1,1,1
2714,Monaragala,1,2,2,2,5,1,3,3,2,2,2,2,2,2,2,2,1,1,1,1,3,3,3,3,1,2,2,2,1,1,1,1,1,1,1,1,1,1,1,1,2,2,2,2,1,1,1,1,2,2,2,2,1,1,1,1,1,1,1,1,2,2,2,2,1,1,1,1,1,1,1,1,2,2,2,2,2,1,1,1,2,1,1,1,2,1,1,1,1,1,1,1,1,1,1,1,1,1,1,1,1,1,1,1,4,4,4,4,2,2,2,2,1,1,1,1,4,4,4,4,1,1,1,1,1,1,1,1,1,1,1,1,1,1,1,1,1,1,1,1,1,1,1,1,1,1,1,1,1,1,1,1,1,1,1,1,1,1,1,1,1,1,1,1,4,4,4,4,1,1,1,1
2715,Kandy,1,2,5,2,4,3,10,3,2,2,2,2,4,4,4,4,1,1,1,1,2,2,2,2,1,1,1,1,1,1,1,1,1,1,1,1,1,1,1,1,3,3,3,3,1,1,1,1,2,2,2,2,1,1,1,1,1,1,1,1,2,2,2,2,1,1,1,1,1,1,1,1,2,2,2,2,1,1,1,1,1,1,1,1,1,1,1,1,3,1,2,3,1,1,1,1,2,3,2,2,1,1,1,1,1,1,1,1,3,3,3,3,1,1,1,1,4,4,4,4,1,1,1,1,1,1,1,1,1,1,1,1,1,1,1,1,1,1,1,1,1,1,1,1,1,1,1,1,1,1,1,1,1,1,1,1,1,1,1,1,1,1,1,1,4,4,4,4,1,1,1,1
2717,Rathnapura,1,2,5,2,5,1,10,10,3,1,3,3,2,2,2,2,1,1,1,1,3,3,3,3,1,2,2,1,1,1,1,1,2,3,3,2,1,1,1,1,1,1,1,1,1,1,1,1,3,3,4,3,1,1,1,1,3,3,3,3,3,3,3,3,1,1,1,1,3,3,3,3,1,1,1,1,2,1,1,1,2,1,1,1,2,1,1,1,3,3,3,3,1,1,1,1,2,2,2,2,3,3,3,3,1,1,1,1,1,1,1,1,1,1,1,1,4,4,4,4,1,1,1,1,1,1,1,1,1,1,1,1,1,1,1,1,1,1,1,1,4,4,4,4,1,1,1,1,1,1,1,1,1,1,1,1,3,3,3,3,2,2,2,2,1,1,1,1,1,1,1,1
2718,Matara,1,2,2,2,5,1,3,10,3,2,2,3,2,2,2,2,4,1,1,1,1,1,1,1,2,4,4,2,1,1,1,1,1,1,1,1,1,1,1,1,2,2,2,2,1,1,1,1,4,1,1,1,1,1,1,1,1,1,1,1,4,4,4,4,4,4,4,4,2,2,2,2,1,1,1,1,1,1,1,1,1,1,1,1,2,1,1,1,1,1,1,1,1,1,1,1,1,1,1,1,4,4,4,4,1,1,1,1,2,2,2,2,2,3,3,3,4,2,2,2,1,1,1,1,1,1,1,1,1,1,1,1,1,1,1,1,1,1,1,1,3,3,3,3,1,1,1,1,1,1,1,1,2,3,3,3,4,1,1,3,4,1,1,1,1,1,1,1,1,1,1,1
2719,Rathnapura,1,2,4,2,4,1,10,10,3,1,2,2,2,2,2,2,1,1,1,1,3,3,3,3,1,2,1,1,1,1,1,1,3,1,1,1,1,1,1,1,1,1,1,1,1,1,1,1,3,3,4,3,1,1,1,1,2,2,2,2,1,1,1,1,1,1,1,1,1,1,1,1,1,1,1,1,2,1,1,1,2,1,1,1,3,1,1,1,3,3,3,3,1,1,1,1,2,2,2,2,1,1,1,1,1,1,1,1,1,1,1,1,1,1,1,1,3,3,3,3,2,2,2,2,1,1,1,1,3,3,3,3,1,1,1,1,1,1,1,1,1,1,1,1,1,1,1,1,1,1,1,1,1,1,1,1,1,1,1,1,3,3,3,3,1,1,1,1,2,2,2,2
2720,Rathnapura,1,2,3,2,5,1,2,6,3,3,3,3,2,2,2,2,1,1,1,1,3,2,2,2,1,2,2,2,1,2,2,2,1,1,1,1,1,1,1,1,1,1,1,1,1,1,1,1,2,2,2,2,1,1,1,1,1,1,1,1,2,2,2,2,3,2,2,2,1,1,1,1,1,2,1,1,2,1,1,1,2,1,1,1,1,1,1,1,2,1,1,1,3,1,1,1,1,1,1,1,3,2,1,2,1,1,1,1,2,1,1,1,1,1,1,1,1,1,1,1,1,1,1,1,1,1,1,1,1,1,1,1,1,1,1,1,1,1,1,1,1,1,1,1,1,1,1,1,1,1,1,1,1,1,1,1,1,1,1,1,1,1,1,1,1,1,1,1,1,1,1,1
2721,Rathnapura,1,2,2,2,4,1,10,10,3,1,2,2,2,2,2,2,1,1,1,1,3,3,3,3,1,2,1,1,1,1,1,1,1,1,1,1,1,1,1,1,1,1,1,1,2,1,1,1,2,2,2,2,1,1,1,1,3,3,3,3,3,3,3,3,1,1,1,1,1,1,1,1,1,1,1,1,2,1,1,1,2,1,1,1,2,1,1,1,2,2,2,2,1,1,1,1,1,1,1,1,3,3,3,3,1,1,1,1,1,1,1,1,1,1,1,1,4,2,2,2,1,2,3,3,1,1,1,1,1,3,3,3,1,1,1,1,1,1,1,1,3,2,1,1,1,1,1,1,1,1,1,1,2,1,1,1,1,1,1,1,4,3,3,3,3,2,2,2,1,1,1,1
2723,Matara,1,2,4,2,6,1,8,2,5,5,5,5,2,2,2,2,2,2,2,2,4,4,4,4,2,2,2,2,1,1,1,1,3,1,1,1,1,1,1,1,1,1,1,1,3,1,1,1,2,2,2,2,4,4,4,4,2,2,2,2,2,2,2,2,3,3,3,3,1,1,1,1,2,2,2,2,3,2,2,2,1,1,1,1,3,1,1,1,1,1,1,1,1,1,1,1,1,1,1,1,4,4,4,4,1,1,1,1,1,1,1,1,1,1,1,1,1,1,1,1,1,1,1,1,1,1,1,1,1,1,1,1,1,1,1,1,1,1,1,1,1,1,1,1,1,1,1,1,1,1,1,1,1,1,1,1,1,1,1,1,1,1,1,1,1,1,1,1,1,1,1,1
2724,Matara,1,2,6,2,7,1,8,7,5,5,5,5,1,1,1,1,4,4,4,4,1,1,1,1,1,2,2,2,1,1,1,1,1,1,1,1,2,2,2,2,1,1,1,1,1,1,1,1,4,1,1,1,1,1,1,1,1,1,1,1,2,2,2,2,4,4,4,4,1,1,1,1,1,1,1,1,4,1,1,1,4,1,1,1,2,1,1,1,1,1,1,1,1,1,1,1,2,1,1,1,4,4,4,4,1,1,1,1,2,2,2,2,1,1,1,1,2,2,2,2,4,4,4,4,1,1,1,1,1,1,1,1,1,1,1,1,1,1,1,1,4,4,4,4,1,1,1,1,1,1,1,1,1,1,1,1,2,2,2,2,3,3,3,3,4,4,4,4,3,1,1,1
2726,Rathnapura,1,2,4,2,4,1,10,10,3,2,2,2,4,4,4,4,1,1,1,1,1,1,1,1,1,1,1,1,1,1,1,1,1,1,1,1,1,1,1,1,1,1,1,1,1,1,1,1,4,1,1,1,1,1,1,1,1,1,1,1,1,1,1,1,2,2,2,2,1,1,1,1,1,1,1,1,1,1,1,1,1,1,1,1,2,1,1,1,4,1,1,1,1,1,1,1,2,1,1,1,1,1,1,1,2,2,2,2,2,2,2,2,4,4,4,4,4,4,4,4,1,1,1,1,1,1,1,1,1,1,1,1,1,1,1,1,1,1,1,1,1,1,1,1,1,1,1,1,1,1,1,1,2,2,2,2,2,2,2,2,4,4,4,4,4,2,2,2,2,1,1,1
2727,Rathnapura,1,2,3,2,7,1,1,10,5,5,5,5,1,1,1,1,4,4,4,4,2,2,2,2,1,1,1,1,1,1,1,1,1,1,1,1,1,1,1,1,1,1,1,1,1,1,1,1,2,2,2,2,1,1,1,1,1,1,1,1,3,3,3,3,1,1,1,1,3,3,3,3,1,1,1,1,2,1,1,1,2,1,1,1,2,1,1,1,2,1,1,1,1,1,1,1,1,1,1,1,4,4,4,4,1,1,1,1,1,1,1,1,1,3,2,2,4,4,4,4,1,1,1,1,1,1,1,1,1,1,1,1,1,1,1,1,1,1,1,1,4,4,4,4,1,1,1,1,1,1,1,1,1,3,2,2,1,1,1,1,4,4,4,4,1,1,1,1,1,1,1,1
2729,Matara,1,2,6,2,4,1,8,3,2,2,2,2,3,3,3,3,1,1,1,1,1,1,1,1,1,1,1,1,1,1,1,1,1,1,1,1,1,1,1,1,3,3,3,3,1,1,1,1,3,3,4,3,1,1,1,1,1,1,1,1,1,1,1,1,1,1,1,1,1,1,1,1,2,2,2,2,2,1,1,1,1,1,1,1,2,1,1,1,3,3,3,3,1,1,1,1,1,1,1,1,1,1,1,1,3,3,3,3,3,3,3,3,1,1,1,1,1,1,1,1,1,1,1,1,1,1,1,1,1,1,1,1,1,1,1,1,1,1,1,1,1,1,1,1,1,1,1,1,1,1,1,1,3,3,3,3,2,1,1,1,1,1,1,1,1,1,1,1,1,1,1,1
2730,Nuwera Eliya,1,2,2,2,5,2,3,9,2,1,2,2,3,1,2,3,2,1,1,2,2,1,2,2,2,1,1,1,1,1,1,1,2,1,2,2,1,1,1,1,2,2,2,2,3,2,2,2,2,1,2,2,2,1,2,2,1,1,1,1,2,2,2,2,2,2,2,2,1,1,1,1,2,1,2,2,2,1,1,1,2,1,1,1,2,1,1,2,1,1,1,1,1,1,1,1,1,1,1,1,4,2,3,3,1,1,1,1,2,2,2,2,1,1,1,1,4,2,3,4,1,1,1,1,1,1,1,1,1,1,1,1,1,1,1,1,1,1,1,1,1,1,1,1,1,1,1,1,4,2,3,4,1,1,1,1,4,2,3,4,1,1,1,1,1,1,1,1,1,1,1,1
2731,Rathnapura,1,2,3,2,4,1,10,10,3,2,2,2,2,2,2,2,1,1,1,1,1,1,1,1,1,1,1,1,1,1,1,1,3,3,3,3,1,1,1,1,1,1,1,1,1,1,1,1,3,3,4,3,1,1,1,1,3,3,3,3,1,1,1,1,1,1,1,1,1,1,1,1,1,1,1,1,2,1,1,1,1,1,1,1,2,1,1,1,3,3,3,3,1,1,1,1,1,1,1,1,1,1,1,1,1,1,1,1,2,2,2,2,1,1,1,1,4,4,4,4,1,2,1,1,1,1,1,1,2,2,2,2,1,1,1,1,1,1,1,1,1,1,1,1,1,1,1,1,3,3,3,3,1,1,1,1,1,1,1,1,4,4,4,4,1,1,1,1,1,1,1,1
2732,Rathnapura,1,2,4,2,4,1,3,10,3,1,1,1,2,4,4,4,4,1,1,1,1,1,1,1,1,1,1,1,1,1,1,1,1,1,1,1,1,1,1,1,1,1,1,1,1,1,1,1,4,1,1,1,1,1,1,1,1,1,1,1,4,4,4,4,1,1,1,1,1,1,1,1,1,1,1,1,1,1,1,1,1,1,1,1,1,1,1,1,1,1,1,1,1,1,1,1,1,1,1,1,4,4,1,4,1,1,1,1,1,1,1,1,1,1,1,1,4,1,1,1,1,1,1,1,1,1,1,1,1,1,1,1,1,1,1,1,1,1,1,1,4,1,1,1,1,1,1,1,1,1,1,1,1,1,1,1,2,1,1,1,4,1,1,1,4,1,1,1,3,1,1,1
2736,Polonnaruwa,1,2,1,2,4,3,9,4,2,2,2,2,4,4,4,4,1,1,1,1,2,2,2,2,1,1,1,1,1,4,3,3,1,1,1,1,1,1,1,1,1,1,1,1,1,1,1,1,1,1,1,1,1,1,1,1,1,1,1,1,1,1,1,1,1,1,1,1,1,1,1,1,2,2,2,2,1,1,1,1,1,1,1,1,1,1,1,1,1,1,1,1,1,1,1,1,1,1,1,1,1,1,1,1,4,4,4,4,2,2,2,2,1,1,1,1,4,4,4,4,1,1,1,1,1,1,1,1,1,1,1,1,1,1,1,1,1,1,1,1,1,1,1,1,1,1,1,1,1,1,1,1,1,1,1,1,4,4,4,4,1,1,1,1,1,1,1,1,1,1,1,1
2737,Matara,1,2,5,2,4,1,3,10,3,1,3,3,2,2,2,2,1,1,1,1,2,2,2,2,1,1,1,1,1,1,1,1,1,1,1,1,1,1,1,1,1,1,1,1,3,1,2,1,3,3,4,3,1,1,1,1,1,1,1,1,3,3,3,3,1,1,1,1,1,1,1,1,1,1,1,1,2,1,1,1,2,1,1,1,2,1,2,1,3,3,3,3,1,1,1,1,2,2,2,2,1,1,1,1,1,1,1,1,2,2,2,2,1,1,1,1,1,1,1,1,4,4,4,4,1,1,1,1,4,4,4,4,1,1,1,1,1,1,1,1,1,1,1,1,1,1,1,1,1,1,1,1,1,1,1,1,1,1,1,1,4,4,4,4,1,1,1,1,1,1,1,1
2738,Matara,1,2,2,2,4,1,3,3,3,1,2,2,3,3,3,3,1,1,1,1,1,1,1,1,1,1,1,1,1,1,1,1,1,2,1,1,1,1,1,1,3,3,3,3,3,1,1,1,2,2,2,2,1,1,1,1,1,1,1,1,3,3,3,3,1,1,1,1,1,1,1,1,3,3,3,3,3,1,1,1,3,1,1,1,3,1,1,1,3,3,3,3,1,1,1,1,2,2,2,2,1,1,1,1,1,1,1,1,3,3,3,3,1,1,1,1,4,4,4,4,1,1,1,1,1,1,1,1,4,4,4,4,1,1,1,1,1,1,1,1,1,1,1,1,1,1,1,1,1,1,1,1,1,1,1,1,3,3,3,3,2,1,1,1,1,1,1,1,1,1,1,1
2739,Matara,1,2,2,2,5,1,3,10,2,2,2,2,4,4,4,4,1,1,1,1,1,1,1,1,1,2,2,2,1,1,1,1,1,1,1,1,1,1,1,1,2,2,2,2,2,2,2,2,4,1,1,1,1,1,1,1,1,1,1,1,2,2,2,2,4,4,4,4,1,1,1,1,1,1,1,1,2,1,1,1,1,1,1,1,2,1,1,1,1,1,1,1,1,1,1,1,2,2,2,2,4,4,4,4,1,1,1,2,2,2,2,2,1,1,1,1,4,4,4,4,1,1,1,1,1,1,1,1,1,1,1,1,1,1,1,1,1,1,1,1,4,4,4,4,1,1,1,1,1,1,1,1,1,1,1,1,2,2,2,2,4,4,4,4,2,2,2,2,2,1,1,1
2740,Matara,1,2,4,2,4,1,10,10,3,2,3,3,4,4,4,4,1,1,1,1,1,1,1,1,1,1,1,1,1,1,1,1,2,2,2,2,1,1,1,1,1,1,1,1,2,1,1,1,3,3,4,3,1,1,1,1,1,1,1,1,3,3,3,3,1,1,1,1,1,1,1,1,2,2,2,2,1,1,1,1,1,1,1,1,1,1,1,1,1,1,1,1,1,1,1,1,1,1,1,1,4,4,4,4,1,1,1,1,2,2,2,2,1,1,1,1,3,3,3,3,1,1,1,1,1,1,1,1,1,1,1,1,1,1,1,1,1,1,1,1,4,4,4,4,1,1,1,1,1,1,1,1,1,1,1,1,4,4,4,4,4,4,4,4,1,1,1,1,1,1,1,1
2741,Matara,1,2,1,2,4,1,4,4,2,1,1,1,4,4,4,4,1,1,1,1,1,1,1,1,1,2,2,2,1,1,1,1,2,1,1,1,1,1,1,1,1,1,1,1,2,1,1,1,1,1,1,1,1,1,1,1,1,1,1,1,4,4,4,4,1,1,1,1,1,1,1,1,4,4,4,4,1,1,1,1,1,1,1,1,3,1,1,1,4,1,1,1,1,1,1,1,1,2,2,2,1,1,1,1,1,1,1,1,1,1,1,1,1,1,1,1,4,4,4,4,1,1,1,1,1,1,1,1,1,1,1,1,1,1,1,1,1,1,1,1,1,1,1,1,4,4,4,4,1,1,1,1,1,1,1,1,4,4,4,4,1,1,1,1,1,1,1,1,1,1,1,1
2743,Polonnaruwa,1,2,5,2,3,3,9,10,2,2,2,2,2,3,3,3,1,1,1,1,3,3,3,3,1,1,1,1,1,1,1,1,1,1,1,1,1,1,1,1,2,2,2,2,1,1,1,1,1,1,1,1,1,1,1,1,1,1,1,1,1,1,1,1,1,1,1,1,1,1,1,1,2,2,2,2,1,1,1,1,1,1,1,1,1,1,1,1,2,1,1,2,1,1,1,1,1,1,1,1,1,1,1,1,4,4,4,4,3,3,3,3,1,1,1,1,4,4,4,4,1,1,1,1,1,1,1,1,1,1,1,1,1,1,1,1,1,1,1,1,1,1,1,1,1,1,1,1,1,1,1,1,1,1,1,1,4,4,4,4,1,1,1,1,1,1,1,1,1,1,1,1
2744,Gampaha,1,2,4,2,4,1,10,10,3,2,2,2,3,2,2,2,1,1,1,1,1,1,1,1,1,1,1,1,1,1,1,1,1,1,1,1,1,1,1,1,1,1,1,1,1,1,1,1,2,1,1,1,1,1,1,1,1,1,1,1,2,1,1,1,2,2,2,2,1,1,1,1,1,1,1,1,1,1,1,1,1,1,1,1,1,1,1,1,2,1,1,1,1,1,1,1,2,1,1,1,3,2,2,2,1,1,1,1,2,1,1,2,1,1,1,1,3,1,1,2,1,1,1,1,1,1,1,1,1,1,1,1,3,1,2,2,1,1,1,1,1,1,1,1,1,1,1,1,1,1,1,1,1,1,1,1,3,1,2,2,3,1,1,2,1,1,1,1,1,1,1,1
2745,Matara,1,2,2,2,5,1,1,6,3,3,3,3,2,2,2,2,1,1,1,1,3,3,3,3,1,1,1,1,1,1,1,1,1,1,1,1,3,3,3,3,3,3,3,3,3,1,1,1,3,3,4,3,1,1,1,1,1,1,1,1,3,3,3,3,1,1,1,1,3,3,3,3,1,1,1,1,3,1,1,1,3,1,1,1,3,1,1,1,2,2,2,2,1,1,1,1,3,3,3,3,3,3,3,3,1,1,1,1,3,3,3,3,1,1,1,1,2,2,2,2,1,1,1,1,4,4,4,4,1,1,3,3,1,1,1,1,1,1,1,1,3,3,1,1,1,1,1,1,1,1,1,1,1,1,1,1,3,3,3,3,3,3,3,3,1,1,1,1,3,3,3,3
2746,Polonnaruwa,1,2,1,2,4,3,10,10,3,3,3,3,4,4,4,4,1,1,1,1,1,1,1,1,1,1,1,1,1,1,1,1,1,1,1,1,1,1,1,1,1,1,1,1,4,1,1,1,4,1,1,1,1,1,1,1,1,1,1,1,4,4,4,4,4,4,4,4,1,1,1,1,1,1,1,1,1,1,1,1,1,1,1,1,1,1,1,1,4,1,1,1,1,1,1,1,1,1,1,1,1,1,1,1,1,1,1,1,1,1,1,1,1,1,1,1,1,1,1,1,1,1,1,1,4,4,4,4,1,1,1,1,1,1,1,1,1,1,1,1,1,1,1,1,1,1,1,1,1,1,1,1,1,1,1,1,4,4,4,4,1,1,1,1,1,1,1,1,1,1,1,1
2748,Matara,1,2,5,2,4,1,9,10,2,1,1,2,4,4,4,4,1,1,1,1,1,1,1,1,1,1,1,1,1,1,1,1,1,1,1,1,1,1,1,1,1,1,1,1,2,1,1,1,2,2,2,2,1,1,1,1,1,1,1,1,1,1,1,1,1,1,1,1,1,1,1,1,2,2,2,2,1,1,1,1,1,1,1,1,1,1,1,1,4,4,4,4,1,1,1,1,3,3,3,3,1,1,1,1,2,2,2,2,2,2,2,2,1,1,1,1,4,4,4,4,1,1,1,1,1,1,1,1,2,2,2,2,1,1,1,1,2,2,2,2,1,1,1,1,1,1,1,1,4,4,4,4,1,1,1,1,4,4,4,4,4,4,4,4,1,1,1,1,1,1,1,1
2749,Gampaha,2,1,4,2,4,3,10,8,3,3,3,3,2,1,1,1,2,1,1,1,2,1,1,1,2,1,1,1,1,1,1,1,1,1,1,1,3,3,3,3,1,1,1,1,1,1,1,1,1,1,1,1,1,1,1,1,1,1,1,1,1,1,1,1,3,3,3,3,3,3,3,3,1,1,1,1,3,1,1,1,3,1,1,1,3,1,1,1,1,1,1,1,1,1,1,1,1,1,1,1,1,1,1,1,1,1,1,1,1,1,1,1,1,1,1,1,1,1,1,1,1,1,1,1,1,1,1,1,1,1,1,1,1,1,1,1,1,1,1,1,1,1,1,1,1,1,1,1,1,1,1,1,1,1,1,1,1,1,1,1,1,1,1,1,1,1,1,1,1,1,1,1
2751,Gampaha,1,2,3,2,4,1,3,4,3,1,1,2,1,1,1,1,1,1,1,1,3,3,3,3,1,1,1,1,1,1,1,1,1,1,1,1,1,1,1,1,2,2,2,2,1,1,1,1,3,3,4,3,1,1,1,1,1,1,1,1,3,3,3,3,3,4,4,4,1,1,1,1,1,1,1,1,1,1,1,1,1,1,1,1,1,1,1,1,1,1,1,1,3,2,3,3,1,1,1,1,1,1,1,1,1,1,1,1,4,2,4,4,1,1,1,1,1,1,1,1,4,4,4,4,1,1,1,1,1,1,1,1,4,2,4,4,1,1,1,1,1,1,1,1,1,1,1,1,4,4,4,4,1,1,1,1,4,2,3,4,4,2,4,4,1,1,1,1,1,1,1,1
2752,Gampaha,1,1,5,3,5,1,8,4,3,2,2,3,1,1,1,1,1,2,2,2,3,3,4,4,2,3,4,3,1,1,1,1,1,1,1,1,1,1,1,1,1,2,2,2,1,1,1,1,4,3,4,3,1,1,1,1,1,1,1,1,4,3,4,4,4,3,4,4,1,1,1,1,1,1,1,1,1,1,1,1,1,1,1,1,1,1,1,1,1,1,1,1,1,1,1,1,3,2,2,3,1,1,1,1,1,1,1,1,3,4,4,4,1,1,1,1,1,1,1,1,1,1,1,1,1,1,1,1,1,1,1,1,1,1,1,1,1,1,1,1,1,1,1,1,1,1,1,1,1,1,1,1,1,1,1,1,1,1,1,1,1,1,1,1,1,1,1,1,1,1,1,1
2754,Kandy,1,2,2,2,5,1,3,8,3,2,2,3,1,1,1,1,4,1,1,1,1,1,1,1,1,2,1,1,3,3,3,3,3,1,1,1,1,4,3,3,1,1,1,1,2,1,1,1,4,2,2,2,1,1,1,1,1,1,1,1,4,4,4,4,4,4,4,4,3,4,4,4,1,1,1,1,1,1,1,1,1,1,1,1,1,1,1,1,4,1,1,3,1,1,1,1,4,1,3,3,1,1,1,1,1,1,1,1,3,3,3,3,1,1,1,1,1,1,1,1,1,1,1,1,1,1,1,1,1,1,1,1,1,1,1,1,1,1,1,1,1,1,1,1,1,1,1,1,1,1,1,1,1,1,1,1,4,1,1,3,1,1,1,1,1,1,1,1,4,1,1,1
2756,Matara,1,2,5,2,4,1,10,9,3,3,3,3,4,4,4,4,1,1,1,1,1,1,1,1,2,2,2,2,3,3,3,3,1,1,1,1,1,1,1,1,1,1,1,1,2,1,1,1,2,2,2,2,1,1,1,1,1,1,1,1,1,1,1,1,1,1,1,1,1,1,1,1,2,2,2,2,1,1,1,1,1,1,1,1,1,1,1,1,3,3,3,3,1,1,1,1,2,2,2,2,1,1,1,1,3,3,3,3,3,3,3,3,1,1,1,1,4,4,4,4,1,1,1,1,1,1,1,1,1,1,1,1,1,1,1,1,1,1,1,1,1,1,1,1,4,4,4,4,3,3,3,3,1,1,1,1,3,3,3,3,1,1,1,1,1,1,1,1,1,1,1,1
2757,Matara,1,2,6,2,4,1,10,10,2,1,1,1,1,1,1,1,1,1,1,1,4,4,4,4,1,1,1,1,1,1,1,1,1,1,1,1,1,1,1,1,1,1,1,1,1,1,1,1,4,1,1,1,1,1,1,1,1,1,1,1,1,1,1,1,1,1,1,1,1,1,1,1,2,2,2,2,1,1,1,1,1,1,1,1,1,1,1,1,1,1,1,1,1,1,1,1,2,1,1,1,4,4,4,4,1,1,1,1,2,2,2,2,4,4,2,4,4,4,4,4,1,1,1,1,1,1,1,1,1,1,1,1,1,1,1,1,1,1,1,1,1,1,1,1,1,1,1,1,1,1,1,1,3,3,3,3,2,2,2,2,4,2,2,2,2,2,2,2,1,1,1,1
2758,Kandy,1,2,4,2,6,1,3,5,5,5,5,5,1,1,1,1,4,1,1,3,1,1,1,1,4,2,2,2,1,1,1,1,1,1,1,1,4,4,4,4,1,1,1,1,1,1,1,1,1,1,1,1,1,1,1,1,1,1,1,1,3,3,3,3,1,1,1,1,2,4,4,4,1,1,1,1,1,1,1,1,1,1,1,1,1,1,1,1,1,1,1,1,4,4,4,4,1,1,1,1,4,4,4,4,1,1,1,1,1,1,1,1,1,4,3,3,1,1,1,1,1,1,1,1,1,1,1,1,1,1,1,1,4,4,4,4,1,1,1,1,4,4,4,4,1,1,1,1,1,1,1,1,1,1,1,1,1,1,1,1,3,1,1,2,1,1,1,1,1,1,1,1
2759,Gampaha,1,2,5,2,3,2,1,10,2,2,1,1,4,4,4,4,1,1,1,1,1,1,1,1,1,2,2,2,1,1,1,1,1,1,1,1,1,1,1,1,1,1,1,1,1,1,1,1,3,3,4,3,2,2,2,2,1,1,1,1,1,1,1,1,1,1,1,1,1,1,1,1,1,1,1,1,2,1,1,1,2,1,1,1,2,1,1,1,2,1,1,1,1,1,1,1,1,1,1,1,3,3,3,3,1,1,1,1,2,2,2,2,1,1,1,1,4,4,4,4,1,1,1,1,1,1,1,1,1,1,1,1,1,1,1,1,1,1,1,1,1,1,1,1,1,1,1,1,1,1,1,1,1,1,1,1,1,1,1,1,3,3,3,3,2,2,2,2,1,1,1,1
2761,Kandy,1,2,3,2,4,1,8,6,3,3,3,3,4,2,3,4,1,1,1,1,1,1,1,1,1,1,1,1,1,1,1,1,2,2,2,2,1,1,1,1,1,1,1,1,1,1,1,1,3,3,4,3,1,1,1,1,1,1,1,1,1,3,3,3,1,1,1,1,1,1,1,1,2,2,2,2,2,1,1,1,1,1,1,1,2,1,1,1,4,4,4,4,1,1,1,1,3,3,3,3,1,1,1,1,1,1,1,1,1,1,1,1,1,1,1,1,1,1,1,1,1,1,1,1,1,1,1,1,4,1,1,3,1,1,1,1,3,2,2,3,1,1,1,1,1,1,1,1,1,1,1,1,1,1,1,1,4,3,3,3,1,1,1,1,1,1,1,1,1,1,1,1
2762,Kandy,1,2,4,2,4,1,3,10,2,2,2,2,1,1,1,1,1,1,1,1,1,1,1,1,1,4,4,3,1,1,1,1,4,1,3,4,1,1,1,1,1,1,1,1,1,1,1,1,4,1,1,3,1,1,1,1,1,1,1,1,4,3,3,4,1,1,1,1,1,1,1,1,1,1,1,1,2,1,1,1,1,1,1,1,3,1,1,1,4,1,3,4,2,1,2,2,2,1,1,2,1,1,1,1,1,1,1,1,1,1,1,1,1,1,1,1,4,1,4,4,1,1,1,1,1,1,1,1,4,1,3,4,1,1,1,1,1,1,1,1,1,1,1,1,1,1,1,1,1,1,1,1,1,1,1,1,1,1,1,1,1,1,1,1,4,1,4,4,4,1,4,4
2764,Gampaha,1,2,4,2,4,1,3,10,3,2,2,2,4,4,4,4,2,1,1,1,1,1,1,1,1,1,1,1,1,1,1,1,1,1,1,1,1,1,1,1,1,1,1,1,1,1,1,1,4,4,4,4,1,1,1,1,1,1,1,1,1,1,1,1,1,1,1,1,1,1,1,1,1,1,1,1,1,1,1,1,1,1,1,1,2,2,2,2,1,1,1,1,1,1,1,1,1,1,1,1,4,4,4,4,1,1,1,1,1,1,1,1,1,1,1,1,4,4,4,4,1,1,1,1,1,1,1,1,1,1,1,1,1,1,1,2,1,1,1,1,1,1,1,1,1,1,1,1,4,4,4,4,1,1,1,2,1,1,1,2,1,1,1,1,1,1,1,1,4,4,4,4
2765,Matara,1,2,5,2,6,1,8,4,5,5,5,5,2,4,4,4,1,1,1,1,4,1,1,1,1,4,4,4,1,1,1,1,1,1,1,1,1,1,1,1,1,1,1,1,1,1,1,1,4,1,1,1,1,1,1,1,1,1,1,1,2,2,2,2,4,4,4,4,4,4,4,4,2,1,1,1,2,1,1,1,2,1,1,1,1,1,1,1,1,1,1,1,1,1,1,1,2,2,2,2,4,4,4,4,1,1,1,1,2,2,2,2,1,1,1,1,1,1,1,1,1,1,1,1,1,1,1,1,1,1,1,1,1,1,1,1,1,1,1,1,1,1,1,1,1,1,1,1,1,1,1,1,1,1,1,1,1,1,1,1,1,1,1,1,1,1,1,1,1,1,1,1
2771,Matara,1,2,4,2,4,1,10,10,3,1,2,2,2,2,2,2,1,1,1,1,3,3,3,3,1,1,1,1,1,1,1,1,3,3,3,3,1,1,1,1,1,1,1,1,1,1,1,1,3,3,4,3,1,1,1,1,1,1,1,1,1,1,1,1,1,1,1,1,1,1,1,1,1,1,1,1,2,1,1,1,2,1,1,1,2,1,1,1,3,2,2,2,1,1,1,1,1,1,1,1,3,3,3,3,1,1,1,1,2,2,2,2,1,1,1,1,4,4,4,4,1,1,1,1,1,1,1,1,1,1,1,1,1,1,1,1,1,1,1,1,1,1,1,1,1,1,1,1,1,1,1,1,1,1,1,1,1,1,1,1,1,1,1,1,4,4,4,4,1,1,1,1
2772,Gampaha,1,2,4,2,4,1,10,10,3,3,3,3,3,3,3,3,3,1,1,3,3,1,1,2,1,3,3,3,1,1,1,1,1,1,1,1,2,2,2,2,3,3,3,3,3,1,1,1,1,3,3,3,1,1,1,1,1,1,1,1,1,1,1,1,1,1,1,1,1,1,1,1,1,1,1,1,3,1,1,1,3,1,1,1,3,1,1,1,1,1,1,1,1,1,1,1,1,1,1,1,4,4,4,4,1,1,1,1,1,1,1,1,4,1,1,1,4,1,3,3,1,1,1,1,1,1,1,1,1,1,1,1,4,4,4,4,1,1,1,1,1,1,1,1,1,1,1,1,1,1,1,1,1,1,1,1,4,1,4,4,3,1,3,3,1,1,1,1,1,1,1,1
2773,Polonnaruwa,1,2,4,2,3,1,9,10,2,2,1,2,2,2,2,2,1,1,1,1,2,2,2,2,1,2,2,2,2,2,2,2,1,1,1,1,1,1,1,1,2,2,2,2,1,1,1,1,1,1,1,1,1,1,1,1,2,2,2,2,1,1,1,1,1,1,1,1,1,1,1,1,2,2,2,2,1,1,1,1,1,1,1,1,1,1,1,1,1,1,1,1,1,1,1,1,1,1,1,1,1,1,1,1,4,4,4,4,2,2,2,2,1,1,1,1,4,4,4,4,1,1,1,1,1,1,1,1,1,1,1,1,1,1,1,1,1,1,1,1,1,1,1,1,1,1,1,1,1,1,1,1,1,1,1,1,4,4,4,4,1,1,1,1,1,1,1,1,1,1,1,1
2774,Polonnaruwa,1,1,3,2,4,3,10,3,2,1,1,1,3,3,3,3,1,1,1,1,1,1,1,1,1,2,2,2,1,1,1,1,1,1,1,1,1,1,1,1,1,1,1,1,3,1,1,1,2,2,2,2,1,1,1,1,1,1,1,1,1,1,1,1,1,1,1,1,1,1,1,1,2,1,1,1,1,1,1,1,1,1,1,1,2,1,1,1,2,1,1,1,1,1,1,1,1,1,1,1,4,3,3,3,1,1,1,1,1,1,1,1,4,2,3,3,1,1,1,1,1,1,1,1,1,1,1,1,1,1,1,1,1,1,1,1,1,1,1,1,1,1,1,1,1,1,1,1,1,1,1,1,1,1,1,1,1,1,1,1,1,1,1,1,1,1,1,1,1,1,1,1
2775,Matara,1,2,5,2,3,1,8,10,3,3,3,3,3,3,3,3,1,1,1,1,3,3,3,3,1,1,1,1,3,3,3,3,2,2,2,2,1,1,1,1,3,3,3,3,1,1,1,1,3,3,4,3,1,1,1,1,2,2,2,2,3,3,3,3,1,1,1,1,1,1,1,1,3,3,3,3,1,1,1,1,2,1,1,1,2,1,1,1,3,3,3,3,1,1,1,1,2,2,2,2,1,1,1,1,1,1,1,1,3,3,3,3,1,1,1,1,4,4,4,4,1,1,1,1,1,1,1,1,4,4,4,4,1,1,1,1,1,1,1,1,1,1,1,1,1,1,1,1,1,1,1,1,1,3,3,2,3,2,2,3,1,1,1,1,1,1,1,1,1,1,1,1
2776,Gampaha,1,1,3,2,4,1,10,10,5,5,5,5,1,2,3,3,4,2,2,2,1,1,1,1,1,2,2,2,1,1,1,1,1,1,1,1,3,3,3,3,1,1,1,1,1,1,1,1,2,1,1,1,1,1,1,1,1,1,1,1,3,4,4,4,1,1,1,1,1,1,1,1,1,1,1,1,3,1,1,1,3,1,1,1,3,1,1,1,1,1,1,1,1,1,1,1,2,2,2,2,3,3,3,3,1,1,1,1,1,1,1,1,1,1,1,1,1,1,1,1,1,1,1,1,1,1,1,1,1,1,1,1,1,1,1,1,1,1,1,1,1,1,1,1,1,1,1,1,1,1,1,1,1,1,1,1,1,1,1,1,1,1,1,1,1,1,1,1,1,1,1,1
2777,Kandy,1,2,5,2,8,1,8,2,3,3,3,3,1,1,1,1,1,1,1,1,1,1,1,1,1,4,3,1,1,3,3,3,4,1,2,3,1,4,4,4,1,1,1,1,4,1,1,1,4,1,4,3,1,1,1,1,2,1,1,1,4,4,4,4,1,1,1,1,3,4,4,4,4,1,1,1,4,1,1,1,1,1,1,1,3,1,1,1,4,1,3,3,1,1,1,1,3,4,4,4,1,1,1,1,1,1,1,1,1,1,1,1,1,4,4,4,1,1,1,1,4,1,1,1,1,1,1,1,1,1,1,1,1,1,1,1,1,1,1,1,1,1,1,1,1,1,1,1,1,1,1,1,1,4,4,4,1,1,1,1,4,1,1,1,1,1,1,1,1,1,1,1
2778,Kandy,1,2,5,2,4,1,8,7,2,2,2,2,4,4,4,4,1,1,1,1,1,1,1,1,1,2,2,1,1,1,1,1,1,1,1,1,1,1,1,1,1,1,1,1,1,1,1,1,4,4,4,4,1,1,1,1,1,1,1,1,1,1,1,1,1,1,1,1,1,1,1,1,3,3,3,3,3,1,1,1,2,1,1,1,2,1,1,1,3,1,1,3,1,1,1,1,1,1,1,1,1,1,1,1,1,1,1,1,4,4,4,4,1,1,1,1,1,1,1,1,1,1,1,1,1,1,1,1,1,1,1,1,1,1,1,1,1,1,1,1,1,1,1,1,1,1,1,1,1,1,1,1,1,1,1,1,1,1,1,1,1,1,1,1,1,1,1,1,1,1,1,1
2779,Polonnaruwa,1,2,3,2,3,3,9,4,1,1,1,1,3,3,3,3,1,1,1,1,1,1,1,1,1,1,1,1,1,1,1,1,1,1,1,1,1,1,1,1,1,1,1,1,3,1,1,1,1,1,1,1,1,1,1,1,3,2,3,3,1,1,1,1,1,1,1,1,1,1,1,1,2,1,1,1,1,1,1,1,1,1,1,1,2,1,1,2,2,1,1,1,1,1,1,1,1,1,1,1,4,3,3,3,1,1,1,1,1,1,1,1,1,1,1,1,4,2,3,3,1,1,1,1,1,1,1,1,1,1,1,1,1,1,1,1,1,1,1,1,1,1,1,1,1,1,1,1,4,2,3,3,1,1,1,1,4,2,3,3,1,1,1,1,1,1,1,1,1,1,1,1
2780,Gampaha,1,2,4,2,4,1,10,10,2,1,1,1,4,4,4,4,1,1,1,1,1,1,1,1,1,2,2,2,2,2,2,2,1,1,1,1,1,1,1,1,1,2,2,2,1,1,1,1,2,2,2,2,1,1,1,1,1,1,1,1,3,3,3,3,3,3,3,3,1,1,1,1,1,1,1,1,1,1,1,1,1,1,1,1,1,1,1,1,1,1,1,1,1,1,1,1,1,1,1,1,4,4,4,4,1,1,1,1,1,1,1,1,1,1,1,1,4,4,4,4,1,1,1,1,1,1,1,1,1,1,1,1,1,1,1,1,1,1,1,1,1,1,1,1,1,1,1,1,1,1,1,1,1,1,1,1,1,1,1,1,1,1,1,1,3,3,3,3,3,3,3,3
2782,Polonnaruwa,1,2,2,2,4,3,10,9,2,2,2,2,3,3,3,3,1,1,1,1,1,1,1,1,1,2,2,2,1,1,1,1,1,1,1,1,1,1,1,1,1,1,1,1,1,1,1,1,1,1,1,1,2,2,2,2,1,1,1,1,1,1,1,1,1,1,1,1,1,1,1,1,2,2,2,2,1,1,1,1,1,1,1,1,1,1,1,1,2,1,1,2,1,1,1,1,1,1,1,1,1,1,1,1,4,4,4,4,2,2,2,2,1,1,1,1,4,4,4,4,1,1,1,1,1,1,1,1,1,1,1,1,1,1,1,1,1,1,1,1,1,1,1,1,1,1,1,1,2,2,2,2,1,1,1,1,4,4,4,4,1,1,1,1,1,1,1,1,1,1,1,1
2783,Gampaha,1,2,2,2,4,3,7,3,3,1,1,3,4,2,2,3,3,2,2,3,3,2,2,3,2,1,1,1,3,1,2,2,2,1,1,2,1,1,1,1,1,1,1,1,3,1,2,2,1,1,1,1,1,1,1,1,1,1,1,1,1,2,1,1,1,1,1,1,1,1,1,1,1,1,1,1,1,1,1,1,1,1,1,1,2,1,2,2,1,1,1,1,1,1,1,1,1,1,1,1,4,2,4,4,1,1,1,1,1,1,1,1,1,1,1,1,4,2,2,4,1,1,1,1,1,1,1,1,1,1,1,1,1,1,1,1,1,1,1,1,1,1,1,1,1,1,1,1,1,1,1,1,1,1,1,1,1,1,1,1,1,1,1,1,1,1,1,1,1,1,1,1
2784,Gampaha,3,2,1,1,8,1,3,5,5,5,5,5,1,4,4,4,4,1,1,2,1,1,1,1,1,3,3,3,1,1,1,1,1,1,1,1,1,1,1,1,1,1,1,1,1,1,1,1,1,1,1,1,1,1,1,1,1,1,1,1,1,1,1,1,4,4,4,4,3,3,3,3,1,1,1,1,3,1,1,1,3,1,1,1,3,1,1,1,1,1,1,1,1,1,1,1,1,1,1,1,4,4,4,4,1,1,1,1,1,1,1,1,1,4,3,4,4,4,4,4,1,1,1,1,1,1,1,1,1,1,1,1,4,1,1,1,1,1,1,1,1,4,4,4,1,1,1,1,1,1,1,1,1,1,1,1,4,4,4,4,1,1,1,1,1,1,1,1,1,1,1,1
2785,Polonnaruwa,1,2,3,2,3,3,9,4,1,1,1,1,3,3,3,3,1,1,1,1,1,1,1,1,1,1,1,1,1,1,1,1,1,1,1,1,1,1,1,1,1,1,1,1,3,1,1,1,1,1,1,1,1,1,1,1,3,2,3,3,1,1,1,1,1,1,1,1,1,1,1,1,2,1,1,1,1,1,1,1,1,1,1,1,2,1,1,2,2,1,1,1,1,1,1,1,1,1,1,1,4,3,3,3,1,1,1,1,1,1,1,1,1,1,1,1,4,2,3,3,1,1,1,1,1,1,1,1,1,1,1,1,1,1,1,1,1,1,1,1,1,1,1,1,1,1,1,1,4,2,3,3,1,1,1,1,4,2,3,3,1,1,1,1,1,1,1,1,1,1,1,1
2786,Gampaha,1,2,3,2,4,1,10,10,3,3,3,3,4,4,4,4,2,1,1,1,1,1,1,1,1,1,1,1,1,1,1,1,1,1,1,1,1,1,1,1,1,1,1,1,1,1,1,1,3,3,4,3,1,1,1,1,1,1,1,1,2,2,2,2,2,2,2,2,1,1,1,1,1,1,1,1,2,1,1,1,2,1,1,1,1,1,1,1,2,1,1,1,1,1,1,1,1,1,1,1,4,4,4,4,1,1,1,1,1,1,1,1,1,1,1,1,4,4,4,4,1,1,1,1,1,1,1,1,1,1,1,1,1,1,1,1,1,1,1,1,3,4,4,4,1,1,1,1,1,1,1,1,1,1,1,1,4,4,4,4,2,2,2,2,1,1,1,1,1,1,1,1
2787,Polonnaruwa,1,2,2,2,4,3,3,3,3,2,2,2,4,4,4,4,1,1,1,1,1,1,1,1,1,2,1,1,1,1,1,1,1,1,1,1,1,1,1,1,1,1,1,1,1,1,1,1,3,1,2,2,1,1,1,1,1,1,1,1,3,4,4,4,1,1,1,1,1,1,1,1,1,1,1,1,1,1,1,1,1,1,1,1,4,1,1,1,1,1,1,1,1,1,1,1,1,1,1,1,4,3,4,4,1,1,1,1,1,1,1,1,1,1,1,1,4,4,4,4,1,1,1,1,1,1,1,1,1,1,1,1,1,1,1,1,1,1,1,1,1,1,1,1,1,1,1,1,4,4,4,4,1,1,1,1,4,1,3,4,1,1,1,1,1,1,1,1,1,1,1,1
2789,Polonnaruwa,1,2,2,2,4,3,10,9,2,2,2,2,3,3,3,3,1,1,1,1,1,1,1,1,1,2,2,2,1,1,1,1,1,1,1,1,1,1,1,1,1,1,1,1,1,1,1,1,1,1,1,1,2,2,2,2,1,1,1,1,1,1,1,1,1,1,1,1,1,1,1,1,2,2,2,2,1,1,1,1,1,1,1,1,1,1,1,1,2,1,1,2,1,1,1,1,1,1,1,1,1,1,1,1,4,4,4,4,2,2,2,2,1,1,1,1,4,4,4,4,1,1,1,1,1,1,1,1,1,1,1,1,1,1,1,1,1,1,1,1,1,1,1,1,1,1,1,1,2,2,2,2,1,1,1,1,4,4,4,4,1,1,1,1,1,1,1,1,1,1,1,1
2790,Polonnaruwa,1,2,2,2,4,3,9,9,3,3,3,3,4,4,4,4,1,1,1,1,1,1,1,1,1,1,1,1,1,1,1,1,4,1,1,1,1,1,1,1,1,1,1,1,4,2,1,3,4,1,1,1,1,1,1,1,1,1,1,1,4,4,4,4,4,4,4,4,1,1,1,1,4,1,1,1,1,1,1,1,1,1,1,1,1,1,1,1,4,4,4,4,1,1,1,1,1,1,1,1,1,1,1,1,1,1,1,1,1,1,1,1,4,4,4,4,1,1,1,1,1,1,1,1,1,1,1,1,1,1,1,1,1,1,1,1,1,1,1,1,1,1,1,1,4,4,4,4,1,1,1,1,1,1,1,1,4,4,4,4,1,1,1,1,1,1,1,1,1,1,1,1
2791,Colombo,1,2,4,2,4,3,3,3,2,2,1,2,4,2,3,4,3,2,3,4,4,2,2,3,1,1,1,1,1,1,1,1,1,1,1,1,1,1,1,1,2,1,2,2,4,2,2,3,3,2,2,3,4,2,2,4,1,1,1,1,2,2,2,2,2,2,2,2,1,1,2,2,1,1,2,2,1,1,1,1,2,2,1,1,2,1,1,2,1,1,1,1,1,1,1,1,1,1,1,1,1,1,1,1,1,1,1,1,4,2,4,4,1,1,1,1,4,2,4,4,1,1,1,1,1,1,1,1,1,1,1,1,1,1,1,1,1,1,1,1,1,1,1,1,1,1,1,1,1,1,1,1,1,1,1,1,1,1,1,1,1,1,1,1,1,1,1,1,1,1,1,1
2792,Kandy,1,2,4,2,4,1,10,3,3,2,2,2,4,3,3,4,1,1,1,1,1,1,1,1,1,4,3,1,1,1,1,1,2,1,1,1,1,1,1,1,1,1,1,1,1,1,1,1,3,2,2,2,1,1,1,1,1,1,1,1,2,2,2,2,1,1,1,1,1,1,1,1,3,3,3,3,2,1,1,1,1,1,1,1,3,1,1,1,1,1,1,1,1,1,1,1,3,3,3,3,3,4,4,4,1,1,1,1,1,1,1,1,1,1,1,1,4,1,1,4,1,1,1,1,1,1,1,1,1,1,1,1,1,1,1,1,1,1,1,1,4,1,1,4,1,1,1,1,1,1,1,1,1,1,1,1,1,1,1,1,4,1,1,4,1,1,1,1,1,1,1,1
2794,Kandy,1,2,5,2,5,1,8,3,2,2,2,2,4,3,3,4,1,1,1,1,1,1,1,1,1,4,2,1,2,3,3,3,3,3,3,3,2,3,3,3,1,1,1,1,1,1,1,1,3,2,2,2,1,1,1,1,1,1,1,1,3,3,3,3,1,1,1,1,1,1,1,1,1,1,1,1,1,1,1,1,1,1,1,1,1,1,1,1,3,1,1,3,1,1,1,1,2,3,3,3,1,1,1,1,1,1,1,1,3,2,2,2,1,4,4,4,4,1,1,1,1,1,1,1,1,1,1,1,4,1,1,2,1,1,1,1,1,1,1,1,1,1,1,1,1,1,1,1,1,1,1,1,1,4,4,4,1,1,1,1,4,1,1,1,1,1,1,1,1,1,1,1
2795,Ampara,1,2,2,2,4,1,9,10,3,3,2,2,4,4,4,4,1,1,1,1,1,1,1,1,1,1,1,1,1,1,1,1,1,1,1,1,1,1,1,1,1,1,1,1,4,2,1,1,1,1,1,1,1,1,1,1,1,1,1,1,4,4,4,4,4,4,4,4,1,1,1,1,1,1,1,1,1,1,1,1,1,1,1,1,1,1,1,1,4,3,1,1,1,1,1,1,1,1,1,1,1,1,1,1,1,1,1,1,1,1,1,1,1,1,1,1,4,4,4,4,1,1,1,1,1,1,1,1,1,1,1,1,1,1,1,1,1,1,1,1,1,1,1,1,4,4,4,4,1,1,1,1,1,1,1,1,4,4,4,4,1,1,1,1,2,1,1,1,1,1,1,1
2797,Ampara,1,2,2,2,4,1,10,3,3,3,3,3,1,1,1,1,1,1,1,1,4,4,4,4,1,2,2,2,1,1,1,1,1,1,1,1,1,1,1,1,2,2,2,2,1,1,1,1,3,3,4,3,1,1,1,1,1,1,1,1,2,2,2,2,1,1,1,1,1,1,1,1,1,1,1,1,2,1,1,1,2,1,1,1,2,1,1,1,2,1,2,2,1,1,1,1,2,2,2,2,1,1,1,1,4,4,4,4,2,2,2,2,1,1,1,1,4,4,4,4,1,1,1,1,1,1,1,1,1,1,1,1,1,1,1,1,1,1,1,1,1,1,1,1,1,1,1,1,4,4,4,4,1,1,1,1,1,1,1,1,1,1,1,1,4,4,4,4,1,1,1,1
2798,Gampaha,1,2,6,2,4,1,8,10,2,2,2,2,1,1,1,1,3,3,3,3,4,3,3,3,1,3,3,1,1,2,2,1,1,1,1,1,1,1,1,1,2,2,2,2,3,1,1,3,3,3,4,3,1,1,1,1,3,3,3,3,1,1,1,1,1,1,1,1,1,1,1,1,1,1,1,2,2,1,1,2,1,1,1,1,3,1,1,3,1,1,1,1,1,1,1,1,2,2,2,2,4,4,4,4,1,1,1,1,1,1,1,1,1,2,2,2,4,4,4,4,1,1,1,1,1,1,1,1,1,1,1,1,1,1,1,1,1,1,1,1,4,4,4,4,1,1,1,1,1,1,1,1,1,2,2,2,4,4,4,4,2,2,2,2,1,1,1,1,1,1,1,1
2801,Kandy,1,2,3,2,4,1,10,3,3,3,3,3,2,4,4,4,4,3,3,3,1,1,1,1,1,3,3,1,1,1,1,1,1,1,1,1,1,1,1,1,1,1,1,1,1,1,1,1,3,1,2,1,1,1,1,1,1,1,1,1,3,4,4,4,1,1,1,1,1,1,1,1,1,1,1,1,2,1,1,1,1,1,1,1,1,1,1,1,1,1,1,1,1,1,1,1,2,3,3,3,3,4,4,4,1,1,1,1,1,1,1,1,1,1,1,1,4,3,3,3,1,1,1,1,1,1,1,1,1,1,1,1,1,1,1,1,1,1,1,1,3,4,4,4,1,1,1,1,1,1,1,1,1,1,1,1,4,3,3,3,1,1,1,1,1,1,1,1,1,1,1,1
2803,Badulla,1,2,5,2,4,1,8,7,3,3,3,3,1,1,1,1,4,4,4,4,2,2,2,2,1,1,1,1,1,1,1,1,1,1,1,1,1,1,1,1,1,1,1,1,1,1,1,1,3,3,4,3,1,1,1,1,1,1,1,1,2,2,2,2,1,1,1,1,1,1,1,1,1,1,1,1,2,1,1,1,2,1,1,1,2,1,2,2,2,2,2,2,1,1,1,1,2,2,2,2,3,3,3,3,1,1,1,1,1,1,1,1,1,1,1,1,4,4,4,4,1,1,1,1,1,1,1,1,1,1,1,1,1,2,1,1,2,2,2,2,3,3,3,3,1,1,1,1,1,1,1,1,1,1,1,1,1,1,1,1,1,1,1,1,1,1,1,1,4,3,3,3
2805,Badulla,1,2,3,2,4,3,3,3,3,2,3,3,3,3,3,3,3,3,3,3,2,2,2,1,1,2,1,1,1,1,1,1,1,2,2,1,1,1,1,1,2,2,2,2,1,1,1,1,3,3,4,3,1,1,1,1,1,1,1,2,3,3,3,3,3,3,3,3,1,1,1,1,1,1,1,1,3,1,1,1,3,1,1,1,2,1,1,2,2,2,2,2,1,1,1,1,2,2,2,2,3,3,3,3,1,1,1,1,2,2,2,2,1,1,1,1,4,4,4,4,1,1,1,1,1,1,1,1,1,1,1,1,1,1,1,1,1,1,1,1,4,4,4,4,1,1,1,1,1,1,1,1,1,1,1,1,3,3,3,3,3,2,2,2,1,1,1,1,1,1,1,1
2807,Gampaha,1,2,3,2,4,5,10,10,2,3,2,2,1,1,1,1,1,1,1,1,4,4,4,4,1,1,1,1,1,4,2,1,1,1,1,1,1,3,2,1,3,3,3,3,3,1,1,1,2,2,2,2,1,1,1,1,2,2,2,2,1,1,1,1,1,1,1,1,1,1,1,1,1,1,1,1,2,1,1,1,2,1,1,1,3,1,1,1,2,1,2,2,1,1,1,1,2,1,1,1,4,4,4,4,1,1,1,1,2,1,1,1,3,3,3,2,1,1,1,1,1,1,1,1,1,1,1,1,1,1,1,1,1,1,1,1,1,1,1,1,4,4,4,4,1,1,1,1,1,1,1,1,4,4,4,4,2,2,2,2,1,1,1,1,1,1,1,1,1,1,1,1
2808,Badulla,1,1,5,5,5,1,10,8,2,1,1,2,3,3,3,3,3,3,3,3,2,2,2,2,1,3,1,1,1,3,3,2,2,2,2,2,1,1,1,1,3,3,3,3,1,1,1,1,3,3,4,3,1,1,1,1,2,2,2,2,1,1,1,1,1,1,1,1,1,1,1,1,2,2,2,2,2,1,1,1,2,1,1,1,2,1,1,2,3,3,3,3,1,1,1,1,2,2,2,2,1,1,1,1,1,1,1,1,3,3,3,3,3,3,3,3,1,1,1,1,1,1,1,1,1,1,1,1,3,3,3,3,1,1,1,1,1,1,1,1,1,1,1,1,1,1,1,1,3,3,3,3,1,3,3,2,3,3,3,3,1,1,1,1,1,1,1,1,1,1,1,1
2809,Kandy,1,2,2,2,4,1,10,10,2,1,1,1,4,4,4,4,1,1,1,1,1,1,1,1,1,1,1,1,1,1,1,1,3,1,1,1,1,1,1,1,1,1,1,1,1,1,1,1,1,1,1,1,1,1,1,1,1,1,1,1,1,1,1,1,1,1,1,1,1,1,1,1,3,3,3,3,1,1,1,1,1,1,1,1,1,1,1,1,3,1,2,2,1,1,1,1,1,1,1,1,1,1,1,1,1,1,1,1,4,4,4,4,1,1,1,1,4,2,2,2,1,1,1,1,1,1,1,1,3,2,2,2,1,1,1,1,1,1,1,1,1,1,1,1,1,1,1,1,2,2,2,2,1,1,1,1,1,1,1,1,1,1,1,1,3,3,2,2,1,1,1,1
2810,Gampaha,1,2,2,2,5,1,10,3,3,2,2,2,2,1,1,1,1,1,1,1,4,4,4,4,1,4,1,1,1,4,2,1,2,2,2,2,1,1,1,1,3,3,3,3,1,1,1,1,1,1,1,1,1,1,1,1,3,3,3,3,4,4,4,4,1,1,1,1,1,1,1,1,1,1,1,1,2,1,1,1,2,1,1,1,2,1,1,1,2,1,2,1,1,1,1,1,1,1,1,1,4,4,4,4,1,1,1,1,2,2,2,2,1,1,1,1,4,4,4,4,1,1,1,1,1,1,1,1,1,1,1,1,1,2,1,1,1,1,1,1,4,4,4,4,1,1,1,1,1,1,1,1,1,1,1,1,4,4,4,4,3,3,3,3,1,1,1,1,1,1,1,1
2811,Badulla,1,2,2,2,4,3,3,3,3,1,1,1,1,2,2,2,3,2,2,2,2,1,1,1,1,2,2,2,1,1,1,1,1,1,1,1,1,1,1,1,1,1,1,1,1,1,1,1,3,2,2,2,1,1,1,1,1,1,1,1,2,2,2,2,2,2,2,2,1,1,1,1,1,1,1,1,1,1,1,1,1,1,1,1,1,1,1,1,1,1,1,1,1,1,1,1,1,1,1,1,3,1,1,2,1,1,1,1,2,1,1,1,1,1,1,1,3,1,1,2,1,1,1,1,1,1,1,1,1,1,1,1,1,1,1,1,1,1,1,1,3,1,1,1,1,1,1,1,1,1,1,1,1,1,1,1,3,1,1,1,1,1,1,1,1,1,1,1,1,1,1,2
2812,Badulla,1,2,4,2,4,1,8,6,3,3,3,3,2,2,2,2,1,1,1,1,3,3,3,3,1,1,1,1,1,1,1,1,2,2,2,2,1,1,1,1,1,1,1,1,1,1,1,1,2,2,2,2,1,1,1,1,1,1,1,1,3,3,3,3,1,1,1,1,1,1,1,1,1,1,1,1,2,1,1,1,2,1,1,1,2,1,1,1,3,2,3,3,1,1,1,1,2,2,2,2,3,3,3,3,1,1,1,1,1,1,1,1,1,1,1,1,1,1,1,1,1,1,1,1,1,1,1,1,1,1,1,1,1,1,1,1,1,1,1,1,1,1,1,1,1,1,1,1,1,1,2,1,1,1,1,1,1,1,1,1,1,1,1,1,1,1,1,1,1,1,1,1
2815,Kandy,1,2,4,2,5,1,10,3,3,2,2,3,4,3,3,4,1,1,1,1,1,1,1,1,1,4,3,1,1,1,1,1,1,1,1,1,1,1,1,1,1,1,1,1,3,1,1,1,3,2,2,2,1,1,1,1,3,2,2,2,3,4,4,4,1,1,1,1,1,1,1,1,4,3,3,3,1,1,1,1,1,1,1,1,3,1,1,1,4,1,3,3,1,1,1,1,1,1,1,1,1,1,1,1,1,1,1,1,1,1,1,1,1,1,1,1,4,3,3,4,1,1,1,1,1,1,1,1,1,1,1,1,4,3,3,4,1,1,1,1,1,1,1,1,1,1,1,1,1,1,1,1,1,1,1,1,1,1,1,1,4,3,3,3,1,1,1,1,1,1,1,1
2816,Ampara,1,2,6,2,4,1,8,1,3,3,3,3,3,3,3,3,1,1,1,1,1,1,1,1,2,2,2,2,1,1,1,1,1,1,1,1,1,1,1,1,1,1,1,1,1,1,1,1,2,2,2,2,1,1,1,1,1,1,1,1,2,2,2,2,2,2,2,2,1,1,1,1,1,1,1,1,3,1,1,1,2,1,1,1,3,1,1,1,1,1,1,1,1,1,1,1,1,1,1,1,4,2,2,2,3,2,3,3,1,1,1,1,1,1,1,1,1,1,1,1,1,1,1,1,1,1,1,1,1,1,1,1,1,1,1,1,1,1,1,1,1,1,1,1,1,1,1,1,1,1,1,1,1,1,1,1,1,1,1,1,1,1,1,1,1,1,1,1,1,1,1,1
2817,Kandy,1,1,4,3,5,1,10,3,2,1,1,1,4,2,3,3,1,1,1,1,1,1,1,1,1,4,2,1,1,1,1,1,1,1,1,1,1,1,1,1,1,1,1,1,1,1,1,1,3,2,2,2,1,1,1,1,1,1,1,1,3,4,4,4,1,1,1,1,2,2,2,2,1,1,1,1,2,1,1,1,1,1,1,1,4,1,1,1,4,1,1,3,1,1,1,1,3,1,1,1,1,1,1,1,1,1,1,1,1,1,1,1,1,1,1,1,4,1,1,4,1,1,1,1,1,1,1,1,1,1,1,1,1,1,1,1,1,1,1,1,1,1,1,1,1,1,1,1,1,1,1,1,1,1,1,1,1,1,1,1,4,1,1,3,1,1,1,1,1,1,1,1
2818,Kandy,1,2,4,2,4,1,8,3,3,2,2,3,4,3,3,4,1,1,1,1,1,1,1,1,1,3,2,1,1,3,4,4,1,1,1,1,1,1,1,1,1,1,1,1,3,1,1,1,3,2,2,2,1,1,1,1,1,1,1,1,3,4,4,4,1,1,1,1,3,4,4,4,3,3,3,3,3,1,1,1,1,1,1,1,3,1,1,1,3,1,1,2,1,1,1,1,1,1,1,1,3,4,4,4,1,1,1,1,1,1,1,1,1,4,3,1,4,1,1,4,1,1,1,1,1,1,1,1,1,1,1,1,1,1,1,1,1,1,1,1,4,1,1,4,1,1,1,1,1,1,1,1,1,3,3,1,4,1,2,4,4,1,1,2,1,1,1,1,1,1,1,1
2819,Gampaha,1,1,4,3,4,1,10,3,3,3,3,3,2,4,4,4,1,1,1,1,4,4,4,4,1,3,3,3,1,1,1,1,1,1,1,1,1,1,1,1,2,2,2,2,3,1,1,1,1,1,1,1,1,1,1,1,1,1,1,1,4,4,4,4,1,1,1,1,1,1,1,3,1,1,1,1,3,1,1,2,3,1,1,1,3,1,1,1,2,2,2,2,1,1,1,1,1,1,1,1,4,4,4,4,1,1,1,1,2,2,2,2,1,1,1,1,1,1,1,1,1,1,1,1,1,1,1,1,1,1,1,1,4,1,1,4,1,1,1,1,1,4,4,1,1,1,1,1,1,1,1,1,1,1,1,1,4,4,4,4,1,1,1,1,1,1,1,1,1,1,1,1
2820,Gampaha,1,2,3,2,4,1,10,4,2,1,2,2,4,4,4,4,1,1,1,1,1,1,1,1,1,2,2,2,1,1,1,1,1,1,1,1,1,1,1,1,1,1,1,1,1,1,2,1,1,1,1,1,1,1,1,1,1,1,1,1,4,4,4,4,1,1,1,1,1,1,1,1,1,1,1,1,3,1,1,1,2,1,1,1,2,1,1,1,1,1,1,1,1,1,1,1,1,1,1,1,4,4,4,4,1,1,1,1,1,1,1,1,1,1,1,1,4,4,4,4,1,1,1,1,1,1,1,1,1,1,1,1,1,1,1,1,1,1,1,1,1,1,1,1,1,1,1,1,4,4,4,4,1,1,1,1,1,1,1,1,4,4,4,4,1,1,1,1,1,1,1,1
2823,Gampaha,1,2,3,2,4,1,10,10,3,2,2,3,3,3,3,3,2,2,2,2,3,3,3,3,1,2,2,2,1,1,1,1,1,2,2,2,1,1,1,1,2,2,2,2,1,1,1,1,1,1,1,1,1,1,1,1,1,1,1,1,4,4,4,4,1,1,1,1,1,1,1,1,1,1,1,1,1,1,1,1,1,1,1,1,3,1,1,2,1,1,1,1,1,1,1,1,1,1,1,1,4,4,4,4,1,1,1,1,1,1,1,1,1,1,1,1,4,4,4,4,1,1,1,1,1,1,1,1,1,1,1,1,1,1,1,1,1,1,1,1,4,4,4,4,1,1,1,1,1,1,1,1,1,1,1,1,4,4,4,4,4,4,4,4,3,3,3,3,1,1,1,1
2825,Kandy,1,2,2,2,3,2,9,10,1,1,1,1,4,4,4,4,1,1,1,1,1,1,1,1,1,1,1,1,1,1,1,1,4,4,4,4,1,1,1,1,1,1,1,1,1,1,1,1,2,2,2,2,1,1,1,1,2,2,2,2,1,1,1,1,1,1,1,1,1,1,1,1,1,1,1,1,1,1,1,1,1,1,1,1,1,1,1,1,4,4,4,4,1,1,1,1,1,1,1,1,1,1,1,1,1,1,1,1,1,1,1,1,1,1,1,1,1,1,1,1,1,1,1,1,1,1,1,1,1,1,1,1,1,1,1,1,1,1,1,1,1,1,1,1,1,1,1,1,4,4,4,4,1,1,1,1,4,4,4,4,1,1,1,1,1,1,1,1,1,1,1,1
2826,Gampaha,1,1,3,3,4,1,10,3,3,1,1,3,3,2,2,2,1,1,1,1,1,1,1,1,1,2,2,2,1,1,1,1,4,3,3,3,1,1,1,1,1,1,2,1,1,1,1,1,1,1,1,1,1,1,1,1,1,1,1,1,4,4,4,4,2,1,1,1,1,1,1,1,2,1,1,1,2,1,1,1,2,1,1,2,2,1,1,1,3,1,1,1,1,1,1,1,2,1,1,1,3,4,4,4,1,1,1,1,2,1,1,1,1,1,1,1,4,4,4,4,1,1,1,1,1,1,1,1,1,1,1,1,1,1,1,1,1,1,1,1,4,4,4,4,1,1,1,1,1,1,1,1,1,1,1,1,2,2,2,2,3,3,3,3,1,1,1,1,1,1,1,1
2828,Colombo,1,2,3,2,1,2,3,7,3,3,3,3,2,1,1,1,2,1,1,1,2,1,1,1,2,1,1,1,1,1,1,1,2,1,1,1,2,2,1,2,1,1,2,1,1,1,1,1,2,1,1,1,1,1,1,1,1,1,1,1,1,2,1,1,2,1,1,1,1,1,1,1,1,1,1,1,2,1,1,1,2,1,1,1,2,1,2,1,2,1,1,1,1,1,1,1,2,2,2,2,1,1,1,1,1,1,1,1,1,1,1,1,2,2,2,2,1,1,1,1,1,1,1,1,1,1,1,1,1,1,1,1,1,1,1,1,1,1,1,1,1,1,1,1,1,1,1,1,1,1,1,1,1,1,1,1,1,1,1,1,1,1,1,1,1,1,1,1,1,1,1,1
2830,Gampaha,1,2,5,2,5,1,10,10,2,2,2,2,3,4,4,4,1,1,1,1,4,3,3,3,1,2,2,2,1,1,1,1,1,2,1,1,2,2,2,2,3,3,3,3,1,1,1,1,1,1,1,1,1,1,1,1,1,1,1,1,3,3,3,3,4,4,4,4,3,3,3,2,2,2,2,2,3,1,1,1,3,1,1,1,3,1,1,1,2,2,2,2,1,1,1,1,2,2,2,2,4,4,4,4,1,1,1,1,2,2,2,2,4,4,4,4,1,1,1,1,1,1,1,1,1,1,1,1,1,1,1,1,1,1,1,1,1,1,1,1,1,1,1,1,1,1,1,1,1,1,1,1,4,4,4,4,1,1,1,1,1,1,1,1,1,1,1,1,1,1,1,1
2831,Ampara,1,2,6,2,7,1,8,3,3,3,3,3,4,4,4,4,1,1,1,1,1,1,1,1,1,1,1,1,1,1,1,1,4,4,4,4,1,1,1,1,1,1,1,1,1,1,1,1,1,1,1,1,1,1,1,1,1,1,1,1,1,1,1,1,4,4,4,4,1,1,1,1,4,1,1,1,1,1,1,1,1,1,1,1,1,1,1,1,4,1,1,1,1,1,1,1,1,1,1,1,1,1,1,1,1,1,1,1,1,1,1,1,1,1,1,1,1,1,1,1,1,1,1,1,1,1,1,1,1,1,1,1,1,1,1,1,1,1,1,1,1,1,1,1,1,1,1,1,1,1,1,1,1,1,1,1,1,1,1,1,1,1,1,1,1,1,1,1,1,1,1,1
2832,Gampaha,1,2,2,2,5,1,3,5,5,5,5,5,2,2,2,2,3,3,3,3,3,3,3,3,1,3,3,1,1,1,1,1,1,1,1,1,3,3,3,3,2,2,2,2,2,1,1,1,1,1,1,1,1,1,1,1,1,1,1,1,4,4,4,4,1,1,1,1,4,4,4,4,1,1,2,1,3,2,1,1,3,2,1,1,3,1,1,1,2,1,1,1,1,1,1,1,4,4,4,4,1,1,1,1,1,1,1,1,1,1,1,1,4,4,4,4,2,2,2,2,1,1,1,1,1,1,1,1,1,1,1,1,3,3,3,3,4,4,4,4,1,1,1,1,1,1,1,1,1,1,1,1,4,4,4,4,4,4,4,4,1,1,1,1,1,1,1,1,1,1,1,1
2835,Badulla,1,2,6,2,4,1,9,10,2,1,1,1,2,2,2,2,1,1,1,1,1,1,1,1,1,1,1,1,1,1,1,1,2,2,2,2,1,1,1,1,1,1,1,1,4,2,2,2,1,1,1,1,1,1,1,1,2,2,2,2,1,1,1,1,1,1,1,1,1,1,1,1,2,2,2,2,1,1,1,1,1,1,1,1,1,1,1,1,2,2,2,2,1,1,1,1,1,1,1,1,1,1,1,1,1,1,1,1,4,4,4,4,1,1,1,1,4,4,4,4,1,1,1,1,1,1,1,1,1,1,1,1,1,1,1,1,1,1,1,1,1,1,1,1,1,1,1,1,4,4,4,4,1,1,1,1,4,4,4,4,1,1,1,1,1,1,1,1,1,1,1,1
2837,Gampaha,1,1,4,2,4,1,10,4,3,2,2,3,4,4,4,4,1,1,1,1,1,1,1,1,1,2,2,1,1,1,1,1,1,1,1,1,1,2,1,1,1,1,1,1,1,1,1,1,4,4,4,4,1,1,1,1,1,1,1,1,1,1,1,1,1,1,1,1,1,1,1,1,1,1,1,1,2,1,1,1,2,1,1,1,2,1,1,1,2,1,1,2,1,1,1,1,1,1,1,1,3,4,4,3,1,1,1,1,1,1,1,1,4,4,4,4,4,4,4,4,1,1,1,1,1,1,1,1,1,1,1,1,1,1,1,1,1,1,1,1,1,1,1,1,1,1,1,1,4,4,4,4,4,4,4,4,1,1,1,1,1,1,1,1,1,1,1,1,1,1,1,1
2839,Badulla,1,2,3,2,5,1,1,3,3,3,3,3,4,4,4,4,1,1,1,1,1,1,1,1,1,1,1,1,1,1,1,1,1,1,1,1,1,1,1,1,2,2,2,2,1,1,1,1,4,1,1,1,1,1,1,1,1,1,1,1,2,2,2,2,1,1,1,1,1,1,1,1,4,4,4,4,1,1,1,1,1,1,1,1,1,1,1,1,1,1,1,1,1,1,1,1,1,1,1,1,4,4,4,4,1,1,1,1,2,2,2,2,1,1,1,1,4,4,4,4,1,1,1,1,1,1,1,1,1,1,1,1,4,4,4,4,1,1,1,1,2,2,2,2,2,2,2,2,1,1,1,1,1,1,1,1,2,2,2,2,2,2,2,2,4,4,4,4,2,1,1,1
2840,Gampaha,1,2,3,2,5,1,10,10,3,2,2,2,4,4,4,4,1,1,1,1,1,1,1,1,1,3,3,2,1,1,1,1,1,2,2,1,3,3,3,3,1,1,1,1,1,1,1,1,3,3,4,3,1,1,1,1,1,1,1,1,4,4,4,4,1,1,1,1,3,3,3,3,2,2,2,2,3,1,1,1,3,1,1,1,2,1,1,1,1,1,1,1,1,1,1,1,2,2,2,2,4,4,4,4,1,1,1,1,1,1,1,1,4,4,4,4,1,1,1,1,1,1,1,1,1,1,1,1,1,1,1,1,1,1,1,1,1,1,1,1,1,1,1,1,1,1,1,1,1,1,1,1,4,4,4,4,1,1,1,1,1,1,1,1,1,1,1,1,1,1,1,1
2841,Gampaha,1,2,3,2,7,2,3,5,5,5,5,5,2,4,4,2,4,1,1,4,1,1,1,1,1,2,2,1,1,1,1,1,1,1,1,1,1,1,1,1,1,1,1,1,1,1,1,1,1,1,1,1,1,1,1,1,1,1,1,1,3,2,2,3,2,2,2,2,4,4,4,4,1,1,1,1,3,1,1,1,3,1,1,1,2,1,1,1,1,1,1,1,1,1,1,1,1,1,1,1,4,4,4,4,1,1,1,1,1,1,1,1,1,1,1,1,4,4,4,4,1,1,1,1,1,1,1,1,1,1,1,1,1,1,1,1,1,1,1,1,4,4,4,4,1,1,1,1,1,1,1,1,1,2,1,1,1,1,1,1,4,2,4,4,1,1,1,1,1,1,1,1
2842,Ampara,1,2,6,2,7,1,8,2,3,3,3,3,4,4,4,4,1,1,1,1,1,1,1,1,1,1,1,1,3,3,3,3,4,4,4,4,1,1,1,1,1,1,1,1,1,1,1,1,4,1,1,1,1,1,1,1,1,1,1,1,4,4,4,4,4,4,4,4,1,1,1,1,1,1,1,1,1,1,1,1,1,1,1,1,1,1,1,1,1,1,1,1,1,1,1,1,1,1,1,1,4,4,4,4,1,1,1,1,1,1,1,1,1,1,1,1,1,1,1,1,1,1,1,1,1,1,1,1,1,1,1,1,1,1,1,1,1,1,1,1,1,1,1,1,1,1,1,1,1,1,1,1,1,1,1,1,1,1,1,1,1,1,1,1,1,1,1,1,1,1,1,1
2844,Badulla,1,2,3,2,4,1,1,3,3,3,3,3,2,2,2,2,2,2,2,2,2,2,2,2,1,2,2,2,1,1,1,1,1,1,1,1,1,1,1,1,1,1,1,1,1,1,1,1,3,2,2,2,1,1,1,1,1,1,1,1,2,2,2,2,2,2,2,2,1,1,1,1,2,1,1,1,2,1,1,1,2,1,1,1,1,1,1,1,2,1,1,1,1,1,1,1,2,1,1,1,3,2,2,2,1,2,1,1,2,1,1,1,1,3,3,3,3,1,1,1,1,1,1,1,1,1,1,1,1,1,1,1,1,1,1,1,1,1,1,1,3,1,1,1,1,1,1,1,1,1,1,1,1,1,1,1,1,1,1,1,1,1,1,1,1,1,1,1,1,1,1,1
2845,Kandy,1,2,5,2,4,3,10,3,3,3,3,3,4,3,3,3,1,1,1,1,1,1,1,1,1,4,3,2,1,1,1,1,1,1,1,1,1,1,1,1,1,1,1,1,1,1,1,1,4,2,1,3,1,1,1,1,1,1,1,1,4,3,3,3,1,1,1,1,2,3,4,4,1,1,1,1,2,1,1,1,1,1,1,1,1,1,1,1,1,1,1,1,1,1,1,1,1,1,1,1,4,4,4,4,1,1,1,1,1,1,1,1,1,1,1,1,4,1,1,4,1,1,1,1,1,1,1,1,1,1,1,1,1,1,1,1,1,1,1,1,1,1,1,1,1,1,1,1,1,1,1,1,1,1,1,1,1,1,1,1,1,1,1,1,1,1,1,1,4,1,1,4
2846,Gampaha,1,2,3,2,4,1,9,10,3,1,1,1,4,4,4,4,1,1,1,1,1,1,1,1,1,1,1,1,1,2,2,2,1,1,1,1,1,1,1,1,1,1,1,1,1,1,1,1,1,1,1,1,3,3,3,3,1,1,1,1,1,1,1,1,1,1,1,1,1,1,1,1,1,1,1,1,1,1,1,1,1,1,1,1,2,1,1,1,3,1,2,2,1,1,1,1,3,3,3,3,1,1,1,1,1,1,1,1,1,1,1,1,1,1,1,1,4,4,4,4,1,1,1,1,1,1,1,1,3,2,3,3,1,1,1,1,1,2,1,1,1,1,1,1,1,1,1,1,1,1,1,1,1,1,1,1,1,1,1,1,1,1,1,1,4,2,4,4,2,1,2,2
2847,Gampaha,1,2,4,2,4,1,1,6,3,3,3,3,2,1,1,1,4,4,4,4,1,1,1,1,1,3,3,3,1,1,1,1,1,1,1,1,1,1,1,1,1,1,1,1,1,1,1,1,2,1,1,1,1,1,1,1,1,1,1,1,4,4,4,4,1,1,1,1,1,1,1,1,1,1,1,1,2,1,1,1,2,1,1,1,2,1,1,1,2,1,1,1,1,1,1,1,1,1,1,1,4,4,4,4,1,1,1,1,1,1,1,1,1,1,1,1,1,1,1,1,1,1,1,1,4,4,4,4,1,1,1,1,4,4,4,4,1,1,1,1,1,2,2,1,1,1,1,1,1,1,1,1,1,1,1,1,1,1,1,1,4,4,4,4,2,1,1,1,1,1,1,1
2848,Ampara,1,2,6,2,4,1,7,9,3,3,2,2,4,4,4,4,1,1,1,1,1,1,1,1,1,1,1,1,1,1,1,1,1,1,1,1,1,1,1,1,1,1,1,1,4,1,1,1,4,1,1,1,1,1,1,1,1,1,1,1,3,3,3,3,1,1,1,1,1,1,1,1,1,1,1,1,1,1,1,1,1,1,1,1,1,1,1,1,4,1,1,1,1,1,1,1,1,1,1,1,1,1,1,1,3,3,3,3,1,1,1,1,4,4,4,4,1,1,1,1,1,1,1,1,1,1,1,1,1,1,1,1,1,1,1,1,1,1,1,1,1,1,1,1,4,4,4,4,1,1,1,1,3,3,3,3,4,4,4,4,1,1,1,1,1,1,1,1,1,1,1,1
2849,Ampara,1,2,4,2,4,1,3,3,3,1,2,2,2,3,3,3,1,1,1,1,1,1,1,1,1,2,2,2,2,2,2,2,2,1,1,1,1,1,1,1,1,1,2,2,2,1,1,1,2,2,2,2,1,1,1,1,1,1,1,1,2,2,2,2,2,2,2,2,1,1,1,1,1,1,1,1,2,1,1,1,2,1,1,1,3,1,1,1,1,1,1,1,1,1,1,1,1,1,1,1,4,3,3,4,1,1,1,1,1,1,1,1,1,1,1,1,4,1,2,3,1,1,1,1,1,1,1,1,1,1,1,1,1,1,1,1,1,1,1,1,4,1,2,3,1,1,1,1,1,1,1,1,1,1,1,1,4,1,2,3,1,1,1,1,1,1,1,1,1,1,1,1
2850,Kandy,1,2,4,2,7,1,1,1,5,5,5,5,1,3,3,2,4,2,3,4,1,1,1,1,1,1,1,1,1,1,1,1,1,1,1,1,1,4,2,2,1,1,1,1,1,1,1,1,3,2,2,3,1,1,1,1,1,1,1,1,3,4,4,4,1,1,1,1,2,3,3,3,1,1,1,1,3,1,1,1,1,1,1,1,2,1,1,1,1,1,1,1,4,2,3,4,1,1,1,1,3,2,3,3,1,1,1,1,1,1,1,1,1,1,1,1,4,3,3,4,1,1,1,1,1,1,1,1,1,1,1,1,4,3,3,4,1,1,1,1,1,1,1,1,1,1,1,1,1,1,1,1,1,1,1,1,4,3,3,4,1,1,1,1,1,1,1,1,1,1,1,1
2851,Kaluthara,3,2,1,1,5,1,10,3,3,1,1,1,1,1,1,1,4,4,4,4,1,1,1,1,1,2,1,1,2,2,2,2,1,1,1,1,2,2,2,2,1,1,1,1,1,1,1,1,1,1,1,1,1,1,1,1,1,1,1,1,4,4,4,4,1,1,2,2,2,3,3,3,1,1,1,1,1,1,1,1,1,1,1,1,3,1,1,1,1,1,1,1,1,1,1,1,1,1,1,1,4,4,4,4,1,1,1,1,1,1,1,1,1,1,1,1,4,1,1,1,1,1,1,1,1,1,1,1,1,1,1,1,1,1,1,1,1,1,1,1,4,4,4,4,1,1,1,1,1,1,1,1,1,1,1,1,1,1,1,1,1,1,1,1,4,1,1,1,1,1,1,1
2853,Ampara,1,2,6,2,5,1,8,10,3,3,3,3,2,2,2,2,3,3,3,3,3,3,3,3,1,1,1,1,1,1,1,1,1,1,1,1,1,1,1,1,1,1,1,1,1,1,1,1,3,3,4,3,1,1,1,1,1,1,1,1,2,2,2,2,1,1,1,1,1,1,1,1,2,2,2,2,1,1,1,1,1,1,1,1,1,1,1,1,1,1,1,1,1,1,1,1,1,1,1,1,4,4,4,4,1,1,1,1,2,2,2,2,1,1,1,1,1,1,1,1,1,1,1,1,1,1,1,1,1,1,1,1,1,1,1,1,1,1,1,1,1,1,1,1,1,1,1,1,1,1,1,1,1,1,1,1,1,1,1,1,1,1,1,1,1,1,1,1,1,1,1,1
2854,Badulla,1,2,4,2,4,2,1,4,5,5,5,5,2,2,2,2,1,1,1,1,3,3,3,3,1,1,1,1,1,1,1,1,1,1,1,1,1,1,1,1,1,1,1,1,1,1,1,1,2,2,2,2,1,1,1,1,1,1,1,1,3,3,3,3,1,1,1,1,3,3,3,3,1,1,1,1,1,1,1,1,1,1,1,1,2,1,2,1,3,3,3,3,1,1,1,1,1,1,1,1,1,1,1,1,1,1,1,1,3,3,3,3,1,1,1,1,1,1,1,1,4,4,4,4,1,1,1,1,1,1,1,1,1,1,1,1,1,1,1,1,4,4,4,4,1,1,1,1,1,1,1,1,1,1,1,1,1,1,1,1,4,4,4,4,1,1,1,1,1,1,1,1
2856,Colombo,1,2,3,2,6,2,3,2,4,3,3,3,2,1,1,2,2,1,1,1,2,1,1,2,1,1,1,1,1,1,1,1,1,1,1,1,1,1,1,1,1,1,1,1,1,1,1,1,1,1,1,1,3,1,2,2,1,1,1,1,1,1,1,1,3,1,1,2,1,1,1,1,1,1,1,1,3,1,1,1,2,1,1,1,3,1,1,1,1,1,1,1,1,1,1,1,2,1,1,1,4,1,1,1,1,1,1,1,2,1,1,2,1,3,3,2,4,1,1,2,1,1,1,1,1,1,1,1,1,1,1,1,1,1,1,1,2,1,1,2,4,1,2,2,1,1,1,1,1,1,1,1,1,3,3,2,4,1,1,2,1,1,1,1,1,1,1,1,1,1,1,1
2857,Kandy,1,2,3,2,4,3,3,8,3,1,1,2,4,3,3,4,1,1,1,1,1,1,1,1,1,1,1,1,1,1,1,1,1,1,1,1,1,1,1,1,1,1,1,1,1,1,1,1,3,2,2,2,1,1,1,1,1,1,1,1,3,2,2,2,1,1,1,1,1,1,1,1,1,1,1,1,1,1,1,1,1,1,1,1,1,1,1,1,4,1,2,2,1,1,1,1,1,1,1,1,1,1,1,1,1,1,1,1,1,1,1,1,1,1,1,1,4,1,2,3,1,1,1,1,1,1,1,1,1,1,1,1,1,1,1,1,1,1,1,1,1,1,1,1,1,1,1,1,1,1,1,1,1,1,1,1,1,1,1,1,4,1,2,3,1,1,1,1,1,1,1,1
2858,Kandy,1,2,4,2,4,1,3,3,3,1,2,2,4,3,3,4,1,1,1,1,1,1,1,1,2,4,3,2,1,1,1,1,1,1,1,1,1,1,1,1,1,1,1,1,1,1,1,1,3,2,2,2,1,1,1,1,1,1,1,1,4,2,3,2,1,1,1,1,1,1,1,1,2,3,2,2,1,1,1,1,1,1,1,1,1,1,1,1,4,1,2,4,1,1,1,1,2,3,3,2,1,1,1,1,1,1,1,1,1,1,1,1,1,1,1,1,4,1,2,3,1,1,1,1,1,1,1,1,1,1,1,1,1,1,1,1,1,1,1,1,1,1,1,1,1,1,1,1,4,1,2,3,1,1,1,1,1,1,1,1,4,1,2,3,1,1,1,1,1,1,1,1
2859,Puttalam,1,2,3,2,4,3,7,10,3,2,2,2,4,2,3,3,1,2,2,3,3,3,2,3,1,1,1,1,2,1,1,2,2,1,1,2,1,1,1,1,2,1,1,1,3,1,1,2,2,1,1,2,2,1,2,2,2,2,1,1,3,2,2,2,3,2,2,2,2,2,2,2,2,1,2,2,4,1,1,1,3,1,1,1,2,1,1,1,1,1,1,1,1,1,1,1,1,1,1,1,4,2,2,3,1,1,1,1,1,1,1,1,1,1,1,1,4,2,3,4,1,1,1,1,1,1,1,1,1,1,1,1,1,1,1,1,1,1,1,1,4,2,3,4,1,1,1,1,1,1,1,1,1,1,1,1,1,1,1,1,1,1,1,1,1,1,1,1,1,1,1,1
2860,Kaluthara,1,2,4,2,5,3,10,3,3,1,1,1,2,2,2,2,2,1,2,2,2,2,2,2,1,3,3,2,1,1,1,1,2,2,2,2,1,1,1,1,3,3,3,3,1,1,1,1,3,3,4,3,1,1,1,1,2,2,2,2,3,3,3,3,1,1,1,1,2,2,2,3,2,2,2,2,3,1,1,1,3,1,1,1,2,1,1,1,3,3,3,3,1,1,1,1,2,2,2,2,2,2,2,2,1,1,1,1,2,2,2,2,4,4,4,4,1,1,1,1,1,1,1,1,1,1,1,1,1,1,1,1,1,1,1,1,1,1,1,1,4,4,4,4,1,1,1,1,1,1,1,1,4,4,4,4,3,3,3,3,1,1,1,1,1,1,1,1,1,1,1,1
2861,Kandy,3,2,1,1,5,1,3,8,3,2,2,3,4,3,1,3,1,1,1,1,1,1,1,1,2,3,1,2,1,1,1,1,1,1,1,1,1,1,1,1,1,1,1,1,1,1,1,1,2,1,1,2,1,1,1,1,1,1,1,1,4,4,4,4,1,1,1,1,2,3,2,4,1,1,1,1,2,1,1,1,1,1,1,1,1,1,1,1,4,1,1,4,1,1,1,1,1,1,1,1,1,1,1,1,1,1,1,1,1,1,1,1,1,1,1,1,4,2,2,4,1,1,1,1,1,1,1,1,1,1,1,1,4,2,2,4,1,1,1,1,1,1,1,1,1,1,1,1,1,1,1,1,1,1,1,1,1,1,1,1,4,2,2,4,1,1,1,1,1,1,1,1
2863,Badulla,1,2,6,2,3,2,4,9,1,1,1,1,2,2,2,2,1,1,1,1,3,3,3,3,1,1,1,1,1,1,1,1,1,1,1,1,1,1,1,1,1,1,1,1,1,1,1,1,1,1,1,1,1,1,1,1,2,2,2,2,1,1,1,1,1,1,1,1,1,1,1,1,3,3,3,3,1,1,1,1,1,1,1,1,1,1,1,1,2,2,2,2,1,1,1,1,2,2,2,2,1,1,1,1,1,1,1,1,3,3,3,3,1,1,1,1,4,4,4,4,1,1,1,1,1,1,1,1,1,1,1,1,1,1,1,1,1,1,1,1,1,1,1,1,1,1,1,1,3,3,3,3,1,1,1,1,1,1,1,1,3,3,3,3,1,1,1,1,1,1,1,1
2867,Kaluthara,1,2,3,2,4,1,3,4,3,1,2,2,4,4,4,4,1,1,1,1,1,1,1,1,1,3,1,1,1,1,1,1,1,2,1,1,1,1,1,1,3,3,3,3,1,1,1,1,2,2,2,2,1,1,1,1,1,1,1,1,1,1,1,1,1,1,1,1,1,1,1,1,2,2,2,2,2,1,1,1,2,1,1,1,2,1,1,1,2,2,2,2,1,1,1,1,1,1,1,1,4,4,4,4,1,1,1,1,2,2,2,2,1,1,1,1,4,4,4,4,1,1,1,1,1,1,1,1,3,2,2,2,1,1,1,1,1,1,1,1,3,3,3,3,1,1,1,1,1,1,1,1,1,1,1,1,4,4,4,4,1,1,1,1,1,1,1,1,1,1,1,1
2868,Kaluthara,3,2,3,1,4,3,3,10,3,2,2,3,4,4,4,4,1,1,1,1,1,1,1,1,1,2,2,2,1,1,1,1,2,1,1,2,1,1,1,1,1,1,1,1,1,1,1,1,4,2,2,2,1,1,1,1,1,1,1,1,3,3,3,3,1,1,1,1,1,1,1,1,3,3,3,3,1,1,1,1,1,1,1,1,3,1,1,1,4,2,2,3,1,1,1,1,2,3,3,3,1,1,1,1,1,1,1,1,2,1,2,1,1,1,1,1,1,4,4,2,4,1,1,4,1,1,1,1,1,1,1,1,1,1,1,1,1,1,1,1,1,1,1,1,1,1,1,1,4,4,4,4,1,1,1,1,1,1,1,1,2,4,4,2,3,1,1,2,3,1,1,3
2869,Kaluthara,2,1,2,2,4,3,9,9,2,1,1,2,4,4,4,4,1,1,1,1,1,1,1,1,1,2,2,2,1,1,1,1,2,1,1,1,1,1,1,1,1,1,1,1,1,1,1,1,4,4,4,4,1,1,1,1,1,1,1,1,1,1,1,1,1,1,1,1,1,1,1,1,2,2,2,2,1,1,1,1,1,1,1,1,3,1,1,1,2,1,1,1,1,1,1,1,1,2,1,1,3,3,3,3,1,1,1,1,2,2,2,2,1,1,1,1,4,4,4,4,1,1,1,1,1,1,1,1,1,1,1,1,1,1,1,1,1,1,1,1,4,4,4,4,1,1,1,1,2,2,2,2,1,1,1,1,4,4,4,4,2,2,2,2,1,1,1,1,1,1,1,1
2870,Vauniya,1,2,3,2,4,2,7,9,2,1,1,1,4,1,1,2,1,1,1,1,1,1,1,1,4,2,2,3,3,2,2,3,1,1,1,1,1,1,1,1,1,1,1,1,3,1,1,1,1,1,1,1,3,1,1,2,1,1,1,1,1,1,1,1,1,1,1,1,1,1,1,1,1,1,1,1,1,1,1,1,2,1,1,1,3,1,1,2,2,1,1,1,1,1,1,1,1,1,1,1,3,1,2,2,1,1,1,1,3,2,2,4,4,3,3,3,1,1,1,1,1,1,1,1,1,1,1,1,2,1,1,2,1,1,1,1,1,1,1,1,3,1,1,2,1,1,1,1,3,1,2,2,4,2,2,3,2,1,1,2,1,1,1,1,1,1,1,1,1,1,1,1
2872,Kaluthara,1,2,3,2,4,1,10,4,3,3,3,3,4,4,4,4,1,1,1,1,1,1,1,1,1,2,2,2,1,1,1,1,2,1,1,1,1,1,1,1,1,1,1,1,1,1,1,1,2,1,1,1,1,1,1,1,1,1,1,1,3,4,4,4,1,1,1,1,1,1,1,1,1,1,1,1,3,2,1,1,2,1,1,1,3,1,1,2,2,2,2,2,4,1,1,1,1,1,1,1,3,3,3,3,3,3,3,3,2,2,2,2,1,1,1,1,2,1,1,1,4,4,4,4,1,1,1,1,1,1,1,1,1,1,1,1,1,1,1,1,4,4,4,4,1,1,1,1,1,1,1,1,1,1,1,1,4,4,4,4,1,1,1,1,1,1,1,1,1,1,1,1
2873,Matale,1,2,4,2,5,1,9,10,3,1,1,2,4,2,3,3,1,1,1,1,1,1,1,1,1,1,1,1,1,1,1,1,1,1,1,1,1,1,1,1,2,3,3,2,1,1,1,1,2,1,1,2,1,1,1,1,1,1,1,1,1,1,1,1,1,1,1,1,1,1,1,1,4,2,2,3,1,1,1,1,1,1,1,1,3,1,1,1,4,1,2,3,1,1,1,1,1,1,1,1,1,1,1,1,1,1,1,1,4,2,3,4,1,1,1,1,4,1,2,3,1,1,1,1,1,1,1,1,1,1,1,1,1,1,1,1,1,1,1,1,1,1,1,1,1,1,1,1,4,1,2,3,1,1,1,1,1,1,1,1,4,1,2,3,1,1,1,1,1,1,1,1
2874,Kaluthara,1,1,2,4,4,3,10,8,2,2,2,2,4,4,4,4,1,1,1,1,1,1,1,1,1,1,1,1,1,1,1,1,1,1,1,1,1,1,1,1,1,1,1,1,1,1,1,1,2,1,1,1,1,1,1,1,1,1,1,1,4,4,4,4,1,1,1,1,1,1,1,1,1,1,1,1,1,1,1,1,1,1,1,1,1,1,1,1,4,4,4,4,1,1,1,1,1,1,1,1,1,1,1,1,1,1,1,1,3,3,3,3,1,1,1,1,1,1,1,1,1,1,1,1,1,1,1,1,1,1,1,1,1,1,1,1,1,1,1,1,1,1,1,1,1,1,1,1,1,1,1,1,4,4,4,4,1,1,1,1,1,1,1,1,1,1,1,1,1,1,1,1
2878,Matale,1,2,4,2,3,1,9,3,2,1,1,2,4,3,3,4,1,1,1,1,1,1,1,1,1,2,1,1,1,1,1,1,1,1,1,1,1,1,1,1,2,3,3,2,1,1,1,1,2,1,1,1,1,1,1,1,1,1,1,1,1,1,1,1,1,1,1,1,1,1,1,1,4,4,4,4,1,1,1,1,1,1,1,1,4,1,1,1,4,1,2,3,1,1,1,1,2,1,2,2,1,1,1,1,1,1,1,1,1,1,1,1,1,1,1,1,4,1,2,3,1,1,1,1,1,1,1,1,1,1,1,1,1,1,1,1,1,1,1,1,1,1,1,1,4,1,2,3,4,1,2,2,1,1,1,1,1,1,1,1,4,1,2,3,4,1,2,2,1,1,1,1
2879,Monaragala,1,2,1,2,4,1,3,8,2,1,1,1,4,3,4,4,1,1,1,1,1,1,1,1,1,1,1,1,1,1,1,1,1,1,1,1,1,1,1,1,1,1,1,1,1,1,1,1,2,1,1,2,1,1,1,1,1,1,1,1,1,1,1,1,1,1,1,1,1,1,1,1,3,2,3,3,1,1,1,1,1,1,1,1,3,1,1,1,1,1,1,1,1,1,1,1,1,1,1,1,1,1,1,1,1,1,1,1,4,1,3,4,1,1,1,1,1,1,1,1,1,1,1,1,4,1,3,4,1,1,1,1,1,1,1,1,1,1,1,1,1,1,1,1,1,1,1,1,4,1,3,4,1,1,1,1,1,1,1,1,4,1,3,4,1,1,1,1,1,1,1,1
2881,Matale,1,2,3,2,4,3,9,3,3,1,2,2,4,2,1,3,1,1,1,1,1,1,1,1,1,1,1,1,1,1,1,1,1,1,1,1,1,1,1,1,2,3,4,2,1,1,1,1,2,1,1,1,1,1,1,1,1,1,1,1,2,1,1,1,1,1,1,1,1,1,1,1,2,2,1,2,1,1,1,1,1,1,1,1,3,1,1,1,4,1,1,2,1,1,1,1,1,1,1,1,1,1,1,1,1,1,1,1,1,1,1,1,1,1,1,1,4,1,1,3,1,1,1,1,1,1,1,1,1,1,1,1,1,1,1,1,1,1,1,1,1,1,1,1,1,1,1,1,4,1,1,2,1,1,1,1,4,1,1,2,1,1,1,1,1,1,1,1,1,1,1,1
2883,Monaragala,1,2,6,2,4,1,8,10,1,1,1,1,4,3,4,4,1,1,1,1,1,1,1,1,1,1,1,1,1,1,1,1,1,1,1,1,1,1,1,1,1,1,1,1,1,1,1,1,1,1,1,1,1,1,1,1,1,1,1,1,1,1,1,1,1,1,1,1,1,1,1,1,4,3,4,4,2,1,1,1,1,1,1,1,3,1,1,1,4,1,3,4,1,1,1,1,1,1,1,1,1,1,1,1,1,1,1,1,1,1,1,1,1,1,1,1,1,1,1,1,1,1,1,1,1,1,1,1,1,1,1,1,1,1,1,1,1,1,1,1,1,1,1,1,1,1,1,1,1,1,1,1,1,1,1,1,1,1,1,1,1,1,1,1,1,1,1,1,1,1,1,1
2885,Kaluthara,1,2,4,2,4,1,10,3,2,1,1,1,4,4,4,4,1,1,1,1,1,1,1,1,1,2,1,1,1,1,1,1,2,2,2,2,1,1,1,1,3,3,3,3,1,1,1,1,1,1,1,1,1,1,1,1,1,1,2,2,1,1,1,1,1,1,1,1,1,1,1,1,3,3,3,3,2,1,1,1,2,1,1,1,2,1,1,1,4,4,4,4,1,1,1,1,1,1,1,1,1,1,1,1,3,3,3,3,3,3,3,3,1,1,1,1,4,4,4,4,1,1,1,1,1,1,1,1,1,1,1,1,1,1,1,1,1,1,1,1,1,1,1,1,4,4,4,4,1,1,1,1,1,1,1,1,3,3,3,3,1,1,1,1,1,1,1,1,1,1,1,1
2886,Monaragala,1,2,4,2,3,1,10,3,3,2,2,2,1,1,1,1,1,1,1,1,4,4,4,4,1,2,2,2,1,1,1,1,1,1,1,1,1,1,1,1,2,2,2,2,2,1,1,2,1,1,1,1,2,2,2,2,1,1,1,1,1,1,1,1,1,1,1,1,1,1,1,1,2,2,2,2,1,1,1,1,1,1,1,1,1,1,1,1,1,1,1,1,1,1,1,1,2,2,2,2,1,1,1,1,4,4,4,4,2,2,2,2,4,4,4,4,1,1,1,1,1,1,1,1,1,1,1,1,1,1,1,1,1,1,1,1,1,1,1,1,1,1,1,1,1,1,1,1,4,4,4,4,1,1,1,1,1,1,1,1,1,1,1,1,4,4,4,4,1,1,1,1
2887,Monaragala,1,2,2,2,4,1,2,4,2,1,1,1,3,3,3,3,1,1,1,1,1,1,1,1,1,2,2,2,2,2,2,2,1,1,1,1,1,1,1,1,1,1,1,1,3,1,1,1,2,2,2,2,1,1,1,1,1,1,1,1,2,2,2,2,2,2,2,2,1,1,1,1,2,1,1,1,2,1,1,1,2,1,1,1,3,1,1,1,3,1,1,1,1,1,1,1,1,1,1,1,1,1,1,1,1,1,1,1,4,3,3,3,1,1,1,1,4,2,3,3,1,1,1,1,1,1,1,1,1,1,1,1,4,2,3,3,1,1,1,1,1,1,1,1,1,1,1,1,1,1,1,1,1,1,1,1,4,2,3,3,1,1,1,1,1,1,1,1,1,1,1,1
2888,Matale,1,2,3,2,4,3,9,3,3,1,1,1,4,3,2,3,1,1,1,1,1,1,1,1,1,2,2,1,1,1,1,1,1,1,1,1,1,1,1,1,1,1,1,1,1,1,1,1,2,1,1,1,1,1,1,1,1,1,1,1,1,1,1,1,1,1,1,1,1,1,1,1,4,2,3,3,1,1,1,1,1,1,1,1,3,1,1,1,4,1,2,2,1,1,1,1,1,1,1,1,1,1,1,1,1,1,1,1,1,1,1,1,4,4,1,3,4,1,1,4,1,1,1,1,1,1,1,1,1,1,1,1,1,1,1,1,1,1,1,1,1,1,1,1,1,1,1,1,4,1,1,3,4,1,1,2,1,1,1,1,4,1,1,3,1,1,1,1,1,1,1,1
2889,Monaragala,1,2,6,2,4,1,8,10,2,2,2,2,2,4,3,2,4,2,3,4,1,1,1,1,1,1,1,1,1,1,1,1,1,1,1,1,1,1,1,1,1,1,1,1,1,1,1,1,3,3,4,3,1,1,1,1,1,1,1,1,1,1,1,1,1,1,1,1,1,1,1,1,2,2,2,2,1,1,1,1,1,1,1,1,3,1,1,1,4,1,3,4,1,1,1,1,1,1,1,1,1,1,1,1,1,1,1,1,1,1,1,1,1,1,1,1,1,1,1,1,1,1,1,1,1,1,1,1,1,1,1,1,1,1,1,1,1,1,1,1,1,1,1,1,1,1,1,1,1,1,1,1,1,1,1,1,1,1,1,1,1,1,1,1,1,1,1,1,1,1,1,1
2890,Monaragala,1,2,1,2,4,1,3,4,2,1,1,2,3,3,3,3,1,1,1,1,1,1,1,1,1,2,2,2,1,1,1,1,1,1,1,1,1,1,1,1,1,2,2,1,3,1,1,1,2,2,2,2,1,1,1,1,1,1,1,1,2,2,2,2,2,2,2,2,1,1,1,1,1,1,1,1,2,1,1,1,2,1,1,1,2,1,1,1,3,1,1,1,4,2,3,3,1,2,2,1,1,1,1,1,1,1,1,1,1,1,1,1,1,1,1,1,4,2,3,3,1,1,1,1,1,1,1,1,1,1,1,1,4,2,3,3,1,1,1,1,1,1,1,1,1,1,1,1,1,1,1,1,1,1,1,1,4,2,3,3,1,1,1,1,1,1,1,1,1,1,1,1
2892,Matale,1,2,4,3,5,3,3,10,1,1,1,1,4,3,3,3,1,1,1,1,1,1,1,1,1,3,2,1,1,1,1,1,1,1,1,1,1,1,1,1,1,1,1,1,1,1,1,1,1,1,1,1,1,1,1,1,1,1,1,1,1,1,1,1,1,1,1,1,1,1,1,1,4,4,4,4,1,1,1,1,1,1,1,1,1,1,1,1,4,1,2,3,1,1,1,1,1,1,1,1,1,1,1,1,1,1,1,1,1,1,1,1,1,1,1,1,4,1,1,1,1,1,1,1,1,1,1,1,1,1,1,1,1,1,1,1,1,1,1,1,1,1,1,1,1,1,1,1,1,1,1,1,1,1,1,1,4,1,1,1,1,1,1,1,1,1,1,1,1,1,1,1
2893,Monaragala,1,2,4,2,3,1,10,9,2,2,2,2,3,3,3,3,1,1,1,1,2,2,2,2,1,1,1,1,3,3,3,3,1,1,1,1,1,1,1,1,2,2,2,2,2,1,1,2,1,1,1,1,1,1,1,1,1,1,1,1,1,1,1,1,1,1,1,1,1,1,1,1,2,2,2,2,1,1,1,1,1,1,1,1,1,1,1,1,2,1,1,2,1,1,1,1,1,1,1,1,1,1,1,1,2,2,2,2,3,3,3,3,1,1,1,1,4,4,4,4,1,1,1,1,1,1,1,1,1,1,1,1,1,1,1,1,1,1,1,1,1,1,1,1,1,1,1,1,4,4,4,4,1,1,1,1,4,4,4,4,1,1,1,1,1,1,1,1,1,1,1,1
2894,Matale,1,1,4,3,7,3,1,2,2,2,2,2,3,3,3,2,4,1,3,1,1,1,1,1,1,2,2,1,1,1,1,1,1,1,1,1,1,1,1,1,1,1,1,1,1,1,1,1,3,1,2,2,1,1,1,1,1,1,1,1,2,1,1,1,1,1,1,1,1,1,1,1,3,1,2,1,1,1,1,1,1,1,1,1,1,1,1,1,2,1,1,2,1,1,1,1,1,1,1,1,4,1,2,3,1,1,1,1,1,1,1,1,1,4,4,2,4,1,1,3,1,1,1,1,1,1,1,1,3,1,1,3,1,1,1,1,1,1,1,1,2,1,1,2,1,1,1,1,1,1,1,1,1,1,1,1,1,1,1,1,4,1,1,3,1,1,1,1,1,1,1,1
2896,Kaluthara,1,2,5,2,4,1,10,10,3,2,3,3,1,1,1,1,1,1,1,1,1,1,1,1,1,2,2,2,1,1,1,1,2,2,2,2,1,1,1,1,1,1,1,1,1,1,1,1,3,3,4,3,1,1,1,1,1,1,1,1,3,3,3,3,2,2,2,2,1,1,1,1,1,1,1,1,2,1,1,1,2,1,1,1,2,1,1,1,4,2,3,3,1,1,1,1,1,3,3,3,2,2,2,2,1,1,1,1,1,1,1,1,4,4,4,4,1,1,1,1,1,1,1,1,1,1,1,1,1,1,1,1,1,1,1,1,1,1,1,1,1,1,1,1,1,1,1,1,1,1,1,1,1,1,1,1,1,1,1,1,4,4,4,4,1,1,1,1,1,1,1,1
2897,Matale,1,2,3,2,5,1,1,6,3,3,3,3,4,3,3,3,2,1,1,1,1,1,1,1,1,1,1,1,1,1,1,1,1,1,1,1,1,1,1,1,1,1,1,1,1,1,1,1,3,2,2,2,1,1,1,1,1,1,1,1,4,3,3,3,4,3,3,3,1,1,1,1,2,1,1,1,2,1,1,1,2,1,1,1,3,1,1,2,2,2,2,2,1,1,1,1,1,1,1,1,4,2,3,3,1,1,1,1,1,1,1,1,1,1,1,1,4,4,4,4,1,1,1,1,1,1,1,1,1,1,1,1,1,1,1,1,1,1,1,1,4,4,4,4,1,1,1,1,1,1,1,1,1,1,1,1,4,4,4,4,4,3,3,3,1,1,1,1,1,1,1,1
2898,Matale,1,2,5,2,4,1,10,10,5,5,5,5,1,1,1,1,1,1,1,1,4,4,4,4,1,2,2,2,1,1,1,1,1,1,1,1,1,1,1,1,1,1,1,1,1,1,1,1,3,3,4,3,1,1,1,1,1,1,1,1,3,3,3,3,1,1,1,1,1,1,1,1,2,2,2,2,2,1,1,1,2,1,1,1,2,1,1,1,2,1,1,2,1,1,1,1,1,1,1,1,3,3,3,3,3,3,3,3,2,2,2,2,4,4,4,4,1,1,1,1,1,1,1,1,1,1,1,1,1,1,1,1,1,1,1,1,1,1,1,1,1,1,1,1,1,1,1,1,4,4,4,4,1,1,1,1,1,1,1,1,1,1,1,1,4,4,4,4,1,1,1,1
2899,Kaluthara,1,2,2,2,4,1,10,8,2,2,2,2,3,3,3,3,1,1,1,1,1,1,1,1,1,3,1,1,1,3,3,2,1,1,1,1,1,1,1,1,3,3,3,3,1,1,1,1,1,1,1,1,1,1,1,1,1,1,1,1,4,4,4,4,1,1,1,1,1,1,1,1,1,1,1,1,3,1,1,1,3,1,1,1,3,1,1,1,2,2,2,2,1,1,1,1,2,2,2,2,4,4,4,4,1,1,1,1,2,2,2,2,4,4,4,4,1,1,1,1,1,1,1,1,1,1,1,1,1,1,1,1,1,1,1,1,1,1,1,1,1,1,1,1,1,1,1,1,1,1,1,1,4,4,4,4,1,1,1,1,1,1,1,1,1,1,1,1,1,1,1,1
2900,Ampara,2,1,3,3,4,3,10,3,2,1,1,2,3,1,2,4,3,1,3,3,4,1,2,3,2,1,2,2,1,1,1,1,2,1,2,2,1,1,1,1,1,1,1,1,2,1,2,2,2,1,1,1,2,1,2,2,1,1,1,1,2,2,2,2,2,1,2,2,1,1,1,1,2,1,1,2,2,1,1,1,2,1,1,2,1,1,1,1,1,1,1,1,1,1,1,1,1,1,1,1,3,2,2,4,1,1,1,1,1,1,1,1,4,4,4,4,1,1,1,1,1,1,1,1,1,1,1,1,1,1,1,1,1,1,1,1,1,1,1,1,4,2,3,4,1,1,1,1,1,1,1,1,4,4,4,4,1,1,1,1,1,1,1,1,1,1,1,1,1,1,1,1
2901,Kaluthara,1,2,2,2,4,2,4,9,2,1,1,1,3,3,3,3,1,1,1,1,1,1,1,1,1,1,1,1,1,1,1,1,1,2,2,1,1,1,1,1,3,3,3,3,2,1,1,1,2,2,2,2,1,1,1,1,1,1,1,1,1,1,1,1,1,1,1,1,1,1,1,1,2,2,2,2,2,1,1,1,2,1,1,1,1,1,1,1,3,3,3,3,1,1,1,1,2,2,2,2,1,1,1,1,1,1,1,1,3,3,3,3,1,1,1,1,4,4,4,4,1,1,1,1,1,1,1,1,1,1,1,1,1,1,1,1,1,1,1,1,1,1,1,1,1,1,1,1,4,4,4,4,1,1,1,1,4,4,4,4,1,1,1,1,1,1,1,1,1,1,1,1
2903,Kaluthara,1,2,3,2,4,1,10,10,3,3,3,3,2,2,2,2,2,2,2,2,1,1,1,1,1,2,1,1,2,3,3,3,2,2,2,2,1,1,1,1,3,3,3,3,2,1,1,1,1,1,1,1,1,1,1,1,3,2,2,2,3,3,3,3,1,1,1,1,1,1,1,1,2,2,2,2,3,1,1,1,3,1,1,1,3,1,1,1,2,2,2,2,1,1,1,1,2,2,2,3,3,3,3,2,1,1,1,1,1,1,1,1,1,1,1,1,4,4,4,4,1,1,1,1,1,1,1,1,1,1,1,1,1,1,1,1,1,1,1,1,3,3,3,3,1,1,1,1,1,1,1,1,1,2,2,2,4,2,2,3,1,1,1,1,1,1,1,1,1,1,1,1
2905,Badulla,1,2,4,2,4,1,3,4,2,1,1,1,2,3,3,3,1,1,1,1,1,1,1,1,1,2,2,2,2,2,2,2,1,1,1,1,1,1,1,1,1,1,1,1,3,1,1,1,2,2,2,2,1,1,1,1,1,1,1,1,2,2,2,2,2,2,2,2,1,1,1,1,2,1,1,2,2,1,1,1,2,1,1,1,3,1,1,1,2,1,1,1,1,1,1,1,1,1,1,1,1,1,1,1,1,1,1,1,4,3,3,4,1,1,1,1,1,1,1,1,4,2,2,3,1,1,1,1,1,1,1,1,1,1,1,1,1,1,1,1,1,1,1,1,1,1,1,1,1,1,1,1,1,1,1,1,4,2,2,3,1,1,1,1,1,1,1,1,1,1,1,1
2908,Batticaloa,1,2,4,2,5,2,9,10,2,1,1,1,3,1,1,2,3,1,1,2,1,1,1,1,1,1,1,1,1,1,1,1,1,1,1,1,1,1,1,1,1,1,1,1,2,1,1,3,1,1,1,1,3,1,1,2,1,1,1,1,1,1,1,1,2,1,1,2,1,1,1,1,1,1,1,1,3,1,1,2,2,1,1,2,3,1,1,2,1,1,1,1,1,1,1,1,4,1,2,2,1,1,1,1,1,1,1,1,1,1,1,1,1,1,1,1,4,1,2,2,1,1,1,1,1,1,1,1,1,1,1,1,1,1,1,1,4,1,2,2,1,1,1,1,1,1,1,1,1,1,1,1,1,1,1,1,2,1,1,2,1,1,1,1,1,1,1,1,1,1,1,1
2909,Colombo,1,2,3,2,5,1,10,10,5,5,3,3,3,2,2,2,3,1,1,1,2,2,2,2,1,3,3,1,1,3,2,1,1,2,1,1,2,4,4,3,2,2,2,2,3,1,1,1,3,3,4,3,1,1,1,1,2,2,2,2,3,3,3,3,2,2,2,2,3,3,3,3,2,1,1,1,3,1,1,1,3,1,1,1,3,1,1,1,1,1,1,1,3,3,3,3,2,2,2,2,4,4,4,4,1,1,1,1,1,1,1,1,4,4,4,4,1,1,1,1,1,1,1,1,1,1,1,1,1,1,1,1,3,3,3,3,1,1,1,1,3,3,3,3,1,1,1,1,1,1,1,1,2,3,3,3,3,3,3,3,1,1,1,1,1,1,1,1,1,1,1,1
2910,Kurunegala,1,2,3,2,4,3,10,3,3,2,2,3,4,3,3,4,1,1,1,1,1,1,1,1,1,2,2,1,1,1,1,1,1,1,1,1,1,1,1,1,1,1,1,1,1,1,1,1,3,2,2,2,1,1,1,1,1,1,1,1,3,4,4,3,1,1,1,1,1,1,1,1,2,2,2,2,1,1,1,1,1,1,1,1,1,1,1,1,3,1,2,3,1,1,1,1,1,1,1,1,2,3,3,3,1,1,1,1,1,1,1,1,1,1,1,1,4,1,2,4,1,1,1,1,1,1,1,1,1,1,1,1,1,1,1,1,1,1,1,1,4,1,2,4,1,1,1,1,1,1,1,1,1,1,1,1,1,1,1,1,4,1,2,4,1,1,1,1,1,1,1,1
2911,Kaluthara,1,1,3,3,4,1,1,6,3,3,3,3,1,2,2,2,2,2,2,2,3,3,3,3,1,1,1,1,1,1,1,1,2,2,2,2,1,1,1,1,1,1,1,1,1,1,1,1,2,2,2,2,1,1,1,1,1,1,1,1,3,3,3,3,1,1,1,1,1,1,1,1,1,1,1,1,1,1,1,1,1,1,1,1,2,1,1,1,3,2,2,2,1,1,1,1,1,1,1,1,3,3,3,3,1,1,1,1,1,1,1,1,1,1,1,1,1,1,1,1,1,1,1,1,4,4,4,4,3,3,3,3,1,1,1,1,1,1,1,1,1,1,1,1,1,1,1,1,1,1,1,1,1,1,1,1,1,1,1,1,1,1,1,1,1,1,1,1,4,4,4,4
2912,Kaluthara,1,2,5,2,5,1,10,9,2,2,2,2,3,3,3,3,1,1,1,1,3,2,2,2,1,2,2,2,3,3,3,3,1,1,1,1,1,1,1,1,1,1,1,1,1,1,1,1,2,1,1,1,1,1,1,1,3,3,3,3,3,3,3,3,1,1,1,1,1,1,1,1,3,3,3,3,3,1,1,1,2,1,1,1,3,1,1,1,4,3,3,3,1,1,1,1,2,3,3,3,1,1,1,1,3,3,3,3,1,1,1,1,1,1,1,1,4,4,4,4,1,1,1,1,1,1,1,1,1,1,1,1,1,1,1,1,1,1,1,1,1,1,1,1,2,2,2,3,4,4,4,4,1,1,1,1,4,4,4,4,1,1,1,1,1,1,1,1,1,1,1,1
2915,Badulla,1,2,2,2,4,1,1,3,3,3,3,3,4,3,4,3,1,1,1,1,1,1,1,1,1,1,1,1,1,1,1,1,1,1,1,1,1,1,1,1,1,1,1,1,1,1,1,1,3,2,2,2,1,1,1,1,1,1,1,1,2,3,3,3,1,1,1,1,1,1,1,1,4,4,4,4,1,1,1,1,1,1,1,1,4,1,1,1,3,1,2,3,1,1,1,1,1,1,1,1,4,3,3,4,1,1,1,1,1,1,1,1,1,1,1,1,4,4,4,4,1,1,1,1,1,1,1,1,1,1,1,1,1,1,1,1,1,1,1,1,4,3,3,4,1,1,1,1,1,1,1,1,1,1,1,1,4,3,4,4,1,1,1,1,1,1,1,1,1,1,1,1
2916,Kaluthara,1,2,5,2,5,1,1,6,3,3,3,3,2,2,2,2,3,3,3,3,1,1,1,1,1,2,2,2,3,3,3,3,1,1,1,1,1,1,1,1,1,1,1,1,3,1,1,1,2,2,2,2,1,1,1,1,1,1,1,1,3,3,3,3,1,1,1,1,1,1,1,1,1,1,1,1,3,1,1,1,3,1,1,1,3,1,1,1,1,1,1,1,1,1,1,1,1,1,1,1,4,4,4,4,1,1,1,1,1,1,1,1,1,1,1,1,1,1,1,1,1,1,1,1,1,1,1,1,1,1,1,1,1,1,1,1,1,1,1,1,1,1,1,1,1,1,1,1,1,1,1,1,1,1,1,1,1,1,1,1,1,1,1,1,1,1,1,1,1,1,1,1
2918,Badulla,1,2,1,2,4,1,3,10,2,1,1,1,3,3,2,2,1,1,1,1,1,1,1,1,2,2,2,2,1,1,1,1,1,1,1,1,1,1,1,1,2,2,2,2,3,2,1,3,1,1,1,1,1,1,1,1,1,1,1,1,1,1,1,1,1,1,1,1,1,1,1,1,2,2,2,2,1,1,1,1,1,1,1,1,1,1,1,1,3,1,1,3,1,1,1,1,1,2,2,1,1,1,1,1,3,3,3,3,3,3,3,3,1,1,1,1,4,4,4,4,1,1,1,1,1,1,1,1,1,1,1,1,1,1,1,1,1,1,1,1,1,1,1,1,4,4,4,4,1,1,1,1,1,1,1,1,4,4,4,4,1,1,1,1,1,1,1,1,1,1,1,1
2920,Badulla,1,2,4,2,4,1,8,7,2,2,2,2,4,4,4,4,1,1,1,1,1,1,1,1,1,1,1,1,1,1,1,1,1,1,1,1,1,1,1,1,1,1,1,1,1,1,1,1,3,2,4,3,1,1,1,1,1,1,1,1,1,1,1,1,1,1,1,1,1,1,1,1,2,1,2,2,2,1,1,1,1,1,1,1,3,1,1,1,4,1,3,4,1,1,1,1,1,1,1,1,1,1,1,1,1,1,1,1,1,1,1,1,1,1,1,1,1,1,1,1,1,1,1,1,1,1,1,1,1,1,1,1,1,1,1,1,1,1,1,1,1,1,1,1,1,1,1,1,1,1,1,1,1,1,1,1,1,1,1,1,1,1,1,1,1,1,1,1,1,1,1,1
2922,Kurunegala,1,2,2,2,4,1,9,3,3,1,2,2,4,3,2,4,1,1,1,1,1,1,1,1,1,1,1,1,1,1,1,1,1,1,1,1,1,1,1,1,1,1,2,1,1,1,1,1,2,1,1,1,1,1,1,1,1,1,1,1,1,1,1,1,1,1,1,1,1,1,1,1,3,2,3,3,1,1,1,1,1,1,1,1,2,1,1,1,4,1,2,3,1,1,1,1,1,1,1,1,1,1,1,1,1,1,1,1,1,1,1,1,1,1,1,1,4,1,2,3,1,1,1,1,1,1,1,1,3,1,2,2,1,1,1,1,1,1,1,1,1,1,1,1,1,1,1,1,4,1,2,3,1,1,1,1,1,1,1,1,4,1,2,3,2,1,1,1,1,1,1,1
2923,Colombo,1,2,3,2,5,1,8,6,3,3,3,3,1,2,2,2,1,1,1,1,3,3,3,3,1,1,1,1,1,1,1,1,1,1,1,1,1,1,1,1,1,1,2,1,1,1,1,1,2,2,2,2,1,1,1,1,1,1,1,1,3,3,3,3,2,2,2,2,1,1,1,1,1,1,1,1,2,1,1,1,2,1,1,1,2,1,1,1,2,2,2,2,1,1,1,1,1,1,1,1,3,3,3,3,1,1,1,1,2,2,2,2,1,1,1,1,1,1,1,1,1,1,1,1,1,1,1,1,1,1,1,1,1,1,1,1,1,1,1,1,1,1,1,1,1,1,1,1,1,1,1,1,1,1,1,1,1,1,1,1,1,1,1,1,1,1,1,1,1,1,1,1
2924,Badulla,1,2,4,2,3,3,9,10,2,2,2,2,3,3,3,3,1,1,1,1,1,1,1,1,2,2,2,2,1,1,1,1,1,1,1,1,1,1,1,1,2,2,2,2,3,1,2,3,1,1,1,1,1,1,1,1,1,1,1,1,1,1,1,1,1,1,1,1,1,1,1,1,2,2,2,2,1,1,1,1,1,1,1,1,1,1,1,1,3,1,1,3,1,1,1,1,1,2,2,1,1,1,1,1,3,3,3,3,2,2,2,2,1,1,1,1,4,4,4,4,1,1,1,1,1,1,1,1,1,1,1,1,1,1,1,1,1,1,1,1,1,1,1,1,4,4,4,4,1,1,1,1,1,1,1,1,4,4,4,4,1,1,1,1,1,1,1,1,1,1,1,1
2925,Colombo,2,1,3,2,5,1,8,7,5,5,5,5,1,2,2,2,4,4,4,4,1,1,1,1,1,2,2,1,1,1,1,1,1,1,1,1,1,1,1,1,1,1,1,1,1,1,1,1,3,1,1,1,1,1,1,1,1,1,1,1,4,4,4,4,1,1,1,1,1,2,2,2,1,1,1,1,4,1,1,1,3,1,1,1,3,1,1,1,2,1,1,1,1,1,1,1,1,1,1,1,4,4,4,4,1,1,1,1,1,1,1,1,1,1,1,1,4,4,4,4,1,1,1,1,1,1,1,1,1,1,1,1,1,1,1,1,1,1,1,1,1,1,1,1,1,1,1,1,1,1,1,1,1,1,1,1,4,4,4,4,1,1,1,1,1,1,1,1,1,1,1,1
2926,Badulla,1,2,4,2,4,3,9,4,2,1,1,1,2,3,3,3,1,1,1,1,1,1,1,1,1,2,2,1,1,1,1,1,1,1,1,1,1,1,1,1,1,1,1,1,3,1,1,1,2,2,2,2,1,1,1,1,2,2,2,2,1,1,1,1,1,1,1,1,1,1,1,1,2,2,2,2,2,1,1,1,2,1,1,1,3,1,1,1,1,1,1,1,1,1,1,1,1,1,1,1,1,1,1,1,1,1,1,1,4,3,3,3,1,1,1,1,4,2,2,3,1,1,1,1,1,1,1,1,1,1,1,1,1,1,1,1,1,1,1,1,1,1,1,1,1,1,1,1,4,2,2,3,1,1,1,1,4,2,2,3,1,1,1,1,1,1,1,1,1,1,1,1
2928,Badulla,1,2,3,2,4,3,9,10,2,2,2,2,4,4,4,4,1,1,1,1,1,1,1,1,2,2,2,2,1,1,1,1,1,1,1,1,1,1,1,1,1,1,1,1,3,1,3,3,1,1,1,1,1,1,1,1,1,1,1,1,1,1,1,1,1,1,1,1,1,1,1,1,2,2,2,2,1,1,1,1,1,1,1,1,1,1,1,1,1,1,1,1,1,1,1,1,1,1,1,1,1,1,1,1,4,4,4,4,3,3,3,3,1,1,1,1,4,4,4,4,1,1,1,1,1,1,1,1,1,1,1,1,1,1,1,1,1,1,1,1,1,1,1,1,1,1,1,1,3,3,3,3,1,1,1,1,2,2,2,2,1,1,1,1,1,1,1,1,1,1,1,1
2929,Kurunegala,1,2,3,2,4,1,10,10,3,2,2,2,4,4,4,4,1,1,1,1,1,1,1,1,1,2,2,2,2,2,2,2,1,1,1,1,1,1,1,1,2,2,2,2,1,1,1,1,1,1,1,1,1,1,1,1,1,1,1,1,1,1,1,1,1,1,1,1,1,1,1,1,2,2,2,2,1,1,1,1,1,1,1,1,1,1,1,1,3,1,1,3,1,1,1,1,1,1,1,1,1,1,1,1,3,3,3,3,3,3,3,3,4,4,4,4,1,1,1,1,1,1,1,1,1,1,1,1,1,1,1,1,1,1,1,1,1,1,1,1,1,1,1,1,3,3,3,3,1,1,1,1,1,1,1,1,4,4,4,4,1,1,1,1,1,1,1,1,1,1,1,1
2931,Kurunegala,1,2,4,2,5,1,3,9,3,2,2,2,4,3,3,3,1,1,1,1,1,1,1,1,1,1,1,1,3,4,4,3,1,1,1,1,1,1,1,1,1,1,1,1,2,1,1,1,2,1,2,2,1,1,1,1,1,1,1,1,3,1,2,2,1,1,1,1,1,1,1,1,3,1,2,2,1,1,1,1,1,1,1,1,1,1,1,1,3,1,1,2,1,1,1,1,1,1,1,1,3,4,4,3,1,1,1,1,1,1,1,1,1,1,1,1,4,4,4,4,1,1,1,1,1,1,1,1,1,1,1,1,1,1,1,1,1,1,1,1,1,1,1,1,1,1,1,1,4,4,4,4,1,1,1,1,4,3,3,4,1,1,1,1,1,1,1,1,1,1,1,1
2932,Colombo,1,2,4,2,3,1,10,10,2,1,1,1,3,3,3,3,1,1,1,1,1,1,1,1,1,3,3,1,1,3,3,2,2,2,2,2,1,1,1,1,3,3,3,3,1,1,1,1,3,3,4,3,1,1,1,1,3,3,3,3,1,1,1,1,1,1,1,1,1,1,1,1,1,1,1,1,3,1,1,1,3,1,1,1,2,1,1,1,4,4,4,4,1,1,1,1,2,2,2,2,1,1,1,1,4,4,4,4,3,3,3,3,1,1,1,1,4,4,4,4,1,1,1,1,1,1,1,1,1,1,1,1,1,1,1,1,1,1,1,1,1,1,1,1,4,4,4,4,1,1,1,1,1,3,3,2,3,3,3,3,1,1,1,1,1,1,1,1,1,1,1,1
2935,Colombo,1,2,4,2,4,1,3,4,3,3,3,3,4,4,4,4,1,1,1,1,1,1,1,2,1,2,1,2,1,1,1,1,1,1,1,1,1,1,1,1,1,1,1,1,1,1,1,1,2,1,1,1,1,1,1,1,1,1,1,1,4,4,4,4,1,1,1,1,1,1,1,1,1,1,1,1,2,1,1,1,3,1,1,1,3,1,1,1,4,1,1,3,1,1,1,1,2,2,2,2,1,2,2,2,1,1,1,1,1,1,1,1,1,1,1,1,4,4,4,4,1,1,1,1,1,1,1,1,1,1,1,1,1,1,1,1,1,1,1,1,4,4,4,4,1,1,1,1,1,1,1,1,1,1,1,1,4,4,4,4,1,1,1,1,1,1,1,1,1,1,1,1
2936,Kandy,1,1,3,4,4,3,10,7,2,1,1,1,2,2,2,2,1,1,1,1,1,1,1,1,1,2,2,2,3,3,3,3,1,1,1,1,1,1,1,1,1,2,2,2,1,1,1,1,2,2,2,2,1,1,1,1,2,2,2,2,1,1,1,1,2,2,2,2,1,1,1,1,2,2,2,2,1,1,1,1,1,1,1,1,3,1,1,2,1,1,1,1,1,1,1,1,1,1,1,1,1,1,1,1,1,1,1,1,4,3,3,4,1,1,1,1,4,2,2,3,1,1,1,1,1,1,1,1,1,1,1,1,1,1,1,1,1,1,1,1,1,1,1,1,1,1,1,1,4,2,2,3,1,1,1,1,4,2,2,3,1,1,1,1,1,1,1,1,1,1,1,1
2943,Kandy,1,2,4,2,4,3,3,4,3,1,2,2,4,4,3,4,1,1,1,1,1,1,1,1,1,1,1,1,1,1,1,1,1,1,1,1,1,1,1,1,1,1,1,1,1,1,1,1,1,1,1,1,1,1,1,1,4,3,4,4,1,1,1,1,1,1,1,1,1,1,1,1,4,2,3,4,1,1,1,1,1,1,1,1,4,1,1,3,4,1,3,4,1,1,1,1,1,1,1,1,1,1,1,1,1,1,1,1,1,1,1,1,1,1,1,1,1,1,1,1,1,1,1,1,4,1,3,4,1,1,1,1,1,1,1,1,1,1,1,1,1,1,1,1,1,1,1,1,4,1,3,4,1,1,1,1,1,1,1,1,4,1,3,4,1,1,1,1,1,1,1,1
2944,Rathnapura,1,2,2,2,4,1,3,10,3,1,1,1,4,4,4,4,1,1,1,1,1,1,1,1,1,1,1,1,1,1,1,1,1,1,1,1,1,1,1,1,2,2,2,2,1,1,1,1,2,1,1,1,1,1,1,1,1,1,1,1,2,2,2,2,1,1,1,1,1,1,1,1,1,1,1,1,1,1,1,1,1,1,1,1,2,1,1,1,4,1,1,1,1,1,1,1,2,1,1,1,4,4,4,4,1,1,1,1,2,2,2,2,1,1,1,1,4,1,1,1,1,1,1,1,1,1,1,1,1,1,1,1,1,1,1,1,1,1,1,1,4,1,1,1,1,1,1,1,2,1,1,1,1,1,1,1,4,1,1,1,1,1,1,1,1,1,1,1,1,1,1,1
2946,Kurunegala,1,2,4,2,4,1,3,9,5,5,5,5,2,3,3,3,4,1,2,3,1,1,1,1,1,2,2,1,1,1,1,1,1,1,1,1,1,1,1,1,1,1,1,1,1,1,1,1,4,2,4,1,1,1,1,1,1,1,1,1,2,4,3,3,1,1,1,1,1,2,1,1,1,1,1,1,2,1,1,1,1,1,1,1,3,1,1,2,1,1,1,1,1,1,1,1,1,1,1,1,3,4,4,4,1,1,1,1,1,1,1,1,1,1,1,1,4,3,4,4,1,1,1,1,1,1,1,1,1,1,1,1,1,1,1,1,1,1,1,1,1,1,1,1,1,1,1,1,4,3,4,4,1,1,1,1,4,3,4,4,1,1,1,1,1,1,1,1,1,1,1,1
2947,Colombo,1,2,2,2,4,2,10,10,3,1,1,2,3,3,3,3,1,1,1,1,2,2,2,2,1,3,2,1,1,1,1,1,1,2,2,1,1,1,1,1,3,3,3,3,3,2,2,3,3,3,4,3,1,1,1,1,1,1,1,1,1,1,1,1,1,1,1,1,1,1,1,1,1,1,1,1,2,1,1,1,2,1,1,1,1,1,1,1,2,2,2,2,1,1,1,1,1,1,1,1,4,4,4,4,1,1,1,1,2,2,2,2,1,1,1,1,4,4,4,4,4,4,4,4,1,1,1,1,1,1,1,1,1,1,1,1,1,1,1,1,4,4,4,4,1,1,1,1,1,1,1,1,1,3,2,2,3,3,3,3,1,1,1,1,1,1,1,1,1,1,1,1
2948,Colombo,1,1,3,2,1,2,3,8,2,2,2,2,4,4,4,4,1,1,1,1,1,1,1,1,1,2,2,2,1,1,1,1,1,1,1,1,1,1,1,1,1,1,1,1,3,1,1,1,2,1,1,1,1,1,1,1,1,1,1,1,2,2,2,2,4,4,4,4,1,1,1,1,2,2,2,2,1,1,1,1,2,1,1,1,2,1,1,1,3,1,1,2,1,1,1,1,1,1,1,1,1,1,1,1,2,2,2,2,4,4,4,4,1,1,1,1,4,4,4,4,1,1,1,1,1,1,1,1,1,1,1,1,1,1,1,1,1,1,1,1,1,1,1,1,4,4,4,4,2,1,1,1,1,1,1,1,4,4,4,4,1,1,1,1,1,1,1,1,1,1,1,1
2949,Rathnapura,1,2,2,2,4,1,7,10,3,2,2,2,4,4,4,4,1,1,1,1,1,1,1,1,1,2,2,2,1,1,1,1,1,1,1,1,1,1,1,1,1,1,1,1,1,1,1,1,4,1,1,1,1,1,1,1,1,1,1,1,1,1,1,1,4,4,4,4,1,1,1,1,1,1,1,1,1,1,1,1,1,1,1,1,1,1,1,1,1,1,1,1,1,1,1,1,1,1,1,1,4,4,4,4,1,1,1,1,2,2,2,2,2,4,4,4,4,4,4,4,1,1,1,1,1,1,1,1,1,1,1,1,1,1,1,1,1,1,1,1,4,4,4,4,1,1,1,1,1,1,1,1,2,2,2,2,2,2,2,2,2,2,2,2,4,4,4,4,2,1,1,1
2950,Rathnapura,1,2,1,2,5,1,3,10,3,1,3,3,3,3,3,3,1,1,1,1,1,1,1,1,1,1,1,1,1,1,1,1,1,1,1,1,1,1,1,1,3,3,3,3,1,1,1,1,3,3,4,3,1,1,1,1,1,1,1,1,3,3,3,3,1,1,1,1,1,1,1,1,1,1,1,1,2,1,1,1,2,1,1,1,2,1,1,1,3,3,3,3,1,1,1,1,2,2,2,2,3,3,3,3,1,1,1,1,3,3,3,3,1,1,1,1,4,1,4,4,1,1,1,1,1,1,1,1,1,1,1,1,1,1,1,1,1,1,1,1,4,1,4,4,1,1,1,1,1,1,1,1,2,1,1,1,3,3,3,3,1,1,1,1,1,1,1,1,1,1,1,1
2953,Colombo,1,1,3,3,4,1,10,10,3,2,2,2,2,2,2,2,1,1,1,1,4,4,4,4,1,2,2,2,1,1,1,1,1,1,1,1,1,1,1,1,1,1,1,1,1,1,1,1,2,1,1,1,1,1,1,1,1,1,1,1,4,4,4,4,1,1,1,1,1,1,1,1,1,1,1,1,3,1,1,1,2,1,1,1,3,1,1,1,1,1,1,1,4,1,1,1,4,4,4,4,1,1,1,1,1,1,1,1,1,1,1,1,1,1,1,1,4,4,4,4,1,1,1,1,1,1,1,1,1,1,1,1,1,1,1,1,1,1,1,1,1,1,1,1,1,1,1,1,4,1,1,1,1,1,1,1,1,1,1,1,4,1,1,1,1,1,1,1,1,1,1,1
2955,Rathnapura,2,1,5,2,4,1,4,10,2,2,2,2,2,2,2,2,1,1,1,1,3,2,2,2,1,1,1,1,1,1,1,1,1,1,1,1,1,1,1,1,1,1,1,1,1,1,1,1,1,1,1,1,1,1,2,1,1,1,1,1,1,1,1,1,1,1,1,1,1,1,1,1,1,1,1,1,1,1,1,1,1,1,1,1,1,1,1,1,2,1,1,1,1,1,1,1,1,1,1,1,3,2,1,2,1,1,1,1,3,2,2,2,1,1,1,1,4,4,4,4,1,1,1,1,1,1,1,1,1,1,1,1,1,1,1,1,1,1,1,1,1,1,1,1,1,1,1,1,4,4,4,4,1,1,1,1,3,3,3,3,1,1,1,1,1,1,1,1,1,1,1,1
2957,Colombo,1,2,3,2,4,1,10,10,3,1,1,2,3,3,3,3,2,2,2,2,2,2,2,2,1,3,2,1,1,1,1,1,1,2,2,2,1,1,1,1,3,3,3,3,1,1,1,1,3,3,4,3,1,1,1,1,3,3,3,3,2,2,2,2,1,1,1,1,1,1,1,1,1,1,1,1,3,1,1,1,3,1,1,1,2,1,1,2,3,3,3,3,1,1,1,1,2,2,2,2,1,1,1,1,1,1,1,1,3,3,3,3,1,1,1,1,1,1,1,1,1,1,1,1,1,1,1,1,1,1,1,1,1,1,1,1,1,1,1,1,1,1,1,1,1,1,1,1,1,1,1,1,1,3,4,1,3,3,3,3,1,1,1,1,1,1,1,1,1,1,1,1
2958,Colombo,1,1,3,4,4,1,3,10,3,3,3,3,4,3,3,3,1,1,1,1,1,1,1,1,1,3,3,3,1,1,1,1,2,1,1,1,1,1,1,1,1,1,1,1,1,1,1,1,2,1,1,1,1,1,1,1,1,1,1,1,4,4,4,4,1,1,1,1,1,1,1,1,1,1,1,1,2,1,1,1,2,1,1,1,3,1,1,1,2,1,1,1,1,1,1,1,1,1,1,1,1,1,1,1,3,3,3,3,3,3,3,3,1,1,1,1,4,1,1,1,1,1,1,1,1,1,1,1,1,1,1,1,1,1,1,1,1,1,1,1,1,1,1,1,1,1,1,1,4,1,1,1,1,1,1,1,4,1,1,1,1,1,1,1,1,1,1,1,1,1,1,1
2959,Kurunegala,1,2,4,2,4,1,8,6,3,3,3,3,4,3,4,4,1,1,1,1,1,1,1,1,1,1,1,1,2,3,3,4,1,1,1,1,1,1,1,1,1,1,1,1,3,1,1,1,3,2,2,3,1,1,1,1,1,1,1,1,2,3,3,3,1,1,1,1,1,1,1,1,4,3,3,3,2,1,1,1,1,1,1,1,3,1,1,2,3,1,1,2,1,1,1,1,1,1,1,1,3,2,3,4,1,1,1,1,1,1,1,1,1,1,1,1,1,1,1,1,1,1,1,1,1,1,1,1,1,1,1,1,1,1,1,1,1,1,1,1,1,1,1,1,1,1,1,1,1,1,1,1,1,1,1,1,1,1,1,1,1,1,1,1,1,1,1,1,1,1,1,1
2962,Kurunegala,1,2,3,2,5,1,3,3,3,1,3,3,3,2,3,3,2,1,2,3,1,1,1,1,1,3,2,2,1,1,1,1,1,1,1,1,1,1,1,1,1,1,1,1,1,1,1,1,4,2,2,3,1,1,1,1,1,1,1,1,3,4,4,4,1,1,1,1,2,3,3,3,1,1,1,1,3,1,1,1,1,1,1,1,2,1,1,1,1,1,1,1,1,1,1,1,2,1,1,2,4,2,4,3,1,1,1,1,1,1,1,1,1,1,1,1,4,3,3,3,1,1,1,1,1,1,1,1,1,1,1,1,1,1,1,1,1,1,1,1,4,4,4,4,1,1,1,1,1,1,1,1,1,1,1,1,1,1,1,1,4,3,3,4,1,1,1,1,1,1,1,1
2964,Colombo,2,1,3,2,7,1,1,2,3,1,1,1,1,2,2,2,4,2,2,2,2,1,1,1,1,3,3,3,1,1,1,1,1,1,1,1,1,1,1,1,1,1,1,1,3,1,1,1,2,1,1,1,1,1,1,1,1,1,1,1,4,4,4,4,1,1,1,1,1,1,1,1,3,3,3,3,3,1,1,1,3,1,1,1,3,1,1,1,2,1,1,1,1,1,1,1,2,1,1,1,3,4,4,4,1,1,1,1,2,1,1,1,1,1,1,1,4,1,1,1,1,1,1,1,1,1,1,1,1,1,1,1,1,1,1,1,1,1,1,1,3,1,1,1,1,1,1,1,1,1,1,1,1,1,1,1,1,1,1,1,1,1,1,1,1,1,1,1,1,1,1,1
2965,Rathnapura,1,2,5,2,4,1,8,2,3,3,3,3,2,2,2,2,2,2,2,2,2,2,2,2,1,1,1,1,1,1,1,1,1,1,1,1,1,1,1,1,1,1,1,1,1,1,1,1,2,2,2,2,1,1,1,1,1,1,1,1,2,2,2,2,2,2,2,2,1,1,1,1,1,1,1,1,2,1,1,1,2,1,1,1,1,1,1,1,2,1,1,1,1,1,1,1,3,1,2,2,3,2,2,2,1,1,1,1,2,2,2,2,1,1,1,1,3,1,1,1,1,1,1,1,1,1,1,1,1,1,1,1,1,1,1,1,1,1,1,1,1,1,1,1,1,1,1,1,1,1,1,1,1,1,1,1,2,1,1,1,2,1,1,1,1,1,1,1,1,1,1,1
2966,Kurunegala,1,2,1,2,3,1,9,10,3,1,1,2,4,3,4,4,1,1,1,1,1,1,1,1,1,2,1,1,1,1,1,1,1,1,1,1,1,1,1,1,1,1,1,1,1,1,1,1,2,1,1,1,1,1,1,1,1,1,1,1,1,1,1,1,1,1,1,1,1,1,1,1,3,1,1,3,1,1,1,1,1,1,1,1,1,1,1,1,3,1,1,2,1,1,1,1,1,1,1,1,1,1,1,1,1,1,1,1,4,2,3,4,1,1,1,1,4,2,3,4,1,1,1,1,1,1,1,1,1,1,1,1,1,1,1,1,1,1,1,1,1,1,1,1,1,1,1,1,4,4,4,4,1,1,1,1,1,1,1,1,4,1,2,3,1,1,1,1,1,1,1,1
2967,Kurunegala,1,2,1,2,7,3,3,10,5,5,5,5,4,3,4,4,1,1,1,1,1,1,1,1,1,2,1,1,1,1,1,1,1,1,1,1,1,1,1,1,1,1,1,1,1,1,1,1,4,3,4,3,1,1,1,1,1,1,1,1,4,4,4,4,1,1,1,1,1,2,3,4,1,1,1,1,2,1,1,1,1,1,1,1,2,1,1,1,1,1,1,1,1,1,1,1,1,1,1,1,4,4,4,4,1,1,1,1,1,1,1,1,1,4,3,2,4,1,1,4,1,1,1,1,1,1,1,1,1,1,1,1,1,1,1,1,1,1,1,1,4,1,1,4,1,1,1,1,1,1,1,1,1,1,1,1,2,4,4,4,4,1,2,3,1,1,1,1,1,1,1,1
2968,Kurunegala,1,2,3,2,4,3,3,3,3,2,2,3,3,4,3,3,4,2,4,4,1,1,1,1,2,3,2,2,1,1,1,1,1,1,1,1,1,1,1,1,1,1,1,1,1,1,1,1,2,1,1,1,1,1,1,1,1,1,1,1,2,1,1,1,1,1,1,1,1,1,1,1,4,2,3,3,1,1,1,1,1,1,1,1,2,1,1,1,1,1,1,1,1,1,1,1,1,1,1,1,4,4,4,4,1,1,1,1,1,1,1,1,1,1,1,1,1,1,1,1,1,1,1,1,4,2,3,4,1,1,1,1,1,1,1,1,1,1,1,1,1,1,1,1,1,1,1,1,4,2,3,4,1,1,1,1,4,1,2,3,1,1,1,1,1,1,1,1,1,1,1,1
2970,Colombo,1,2,2,2,4,1,1,6,5,5,5,5,1,1,1,1,1,1,1,1,1,1,1,1,1,1,1,1,1,1,1,1,1,1,1,1,1,1,1,1,1,1,1,1,1,1,1,1,2,2,2,2,1,1,1,1,1,1,1,1,4,4,4,4,1,1,1,1,1,1,1,1,3,2,2,2,3,1,1,1,2,1,1,1,3,1,1,1,1,1,1,1,1,1,1,1,1,1,1,1,4,4,4,4,1,1,1,1,2,1,1,1,1,1,1,1,4,4,4,4,1,1,1,1,1,1,1,1,1,1,1,1,4,4,4,4,1,1,1,1,1,1,1,1,1,1,1,1,1,1,1,1,1,1,1,1,1,1,1,1,1,1,1,1,1,1,1,1,4,4,4,4
2971,Colombo,1,2,2,2,4,1,10,10,3,1,1,1,3,3,3,3,1,1,1,1,1,1,1,1,1,1,1,1,3,3,3,3,1,2,2,2,1,1,1,1,3,3,3,3,1,1,1,1,3,3,4,3,1,1,1,1,1,1,1,1,1,1,1,1,1,1,1,1,1,1,1,1,3,3,3,3,1,1,1,1,1,1,1,1,2,1,1,2,2,2,2,2,1,1,1,1,2,2,2,2,4,4,4,4,1,1,1,1,3,3,3,3,1,3,2,2,4,2,2,4,1,1,1,1,1,1,1,1,1,1,1,1,1,1,1,1,1,1,1,1,4,4,4,4,1,1,1,1,1,1,1,1,1,3,3,2,3,3,3,3,1,1,1,1,1,1,1,1,1,1,1,1
2974,Colombo,1,2,3,2,4,1,10,10,2,1,1,1,4,4,4,4,1,1,1,1,1,1,1,1,1,1,1,1,1,1,1,1,1,1,1,1,1,1,1,1,1,1,1,1,1,1,1,1,2,1,1,1,1,1,1,1,1,1,1,1,1,1,1,1,1,1,1,1,1,1,1,1,1,1,1,1,1,1,1,1,1,1,1,1,2,1,1,1,4,1,1,1,1,1,1,1,2,1,1,1,1,1,1,1,2,2,2,2,4,4,4,4,1,1,1,1,4,4,4,4,1,1,1,1,1,1,1,1,4,1,1,1,1,1,1,1,2,3,3,3,1,1,1,1,2,2,2,2,2,2,2,2,1,1,1,1,4,4,4,4,2,2,2,2,1,1,1,1,1,1,1,1
2976,Kurunegala,1,2,4,2,4,1,3,3,3,3,3,3,4,4,4,4,1,1,1,1,1,1,1,1,1,1,1,1,1,1,1,1,1,1,1,1,1,1,1,1,1,1,1,1,1,1,1,1,4,1,2,2,1,1,1,1,1,1,1,1,3,4,4,4,1,1,1,1,1,1,1,1,1,1,1,1,2,1,1,1,1,1,1,1,1,1,1,1,2,1,1,1,1,1,1,1,1,1,1,1,3,4,4,4,1,1,1,1,1,1,1,1,1,1,1,1,4,4,4,4,1,1,1,1,1,1,1,1,1,1,1,1,1,1,1,1,1,1,1,1,1,1,1,1,1,1,1,1,4,1,2,3,1,1,1,1,4,1,2,3,1,1,1,1,1,1,1,1,1,1,1,1
2978,Puttalam,1,2,5,2,4,1,3,9,3,2,2,2,3,3,3,3,1,1,1,1,1,1,1,1,1,1,1,1,3,4,4,4,1,1,1,1,1,1,1,1,1,1,1,1,4,1,2,3,2,1,1,1,1,1,1,1,2,1,2,3,1,1,1,1,1,1,1,1,1,1,1,1,1,1,1,1,1,1,1,1,1,1,1,1,3,1,1,1,3,1,1,1,1,1,1,1,1,1,1,1,2,2,3,4,1,1,1,1,1,1,1,1,1,1,1,1,4,4,4,4,1,1,1,1,1,1,1,1,1,1,1,1,1,1,1,1,1,1,1,1,1,1,1,1,1,1,1,1,4,4,4,4,1,1,1,1,4,4,4,4,1,1,1,1,1,1,1,1,1,1,1,1
2979,Colombo,2,1,4,2,4,1,3,8,3,2,2,2,3,3,3,3,1,1,1,1,3,3,3,3,1,1,1,1,1,1,1,1,2,1,1,1,1,1,1,1,1,1,1,1,2,1,1,1,2,1,1,1,1,1,1,1,1,1,1,1,4,4,4,4,1,1,1,1,1,1,1,1,1,1,1,1,3,1,1,1,2,1,1,1,3,1,1,1,2,1,1,1,1,1,1,1,1,1,1,1,4,4,4,4,1,1,1,1,1,1,1,1,4,4,4,4,4,4,4,4,1,1,1,1,1,1,1,1,1,1,1,1,1,1,1,1,1,1,1,2,4,4,4,4,1,1,1,1,1,1,1,1,1,1,1,1,1,1,1,1,1,1,1,1,1,1,1,1,1,1,1,1
2980,Colombo,2,1,4,2,7,1,1,2,5,5,5,5,1,1,1,1,4,3,3,3,2,1,1,1,1,1,1,1,1,1,1,1,1,1,1,1,1,1,1,1,1,1,1,1,2,1,1,1,3,1,1,1,1,1,1,1,1,1,1,1,4,4,4,4,1,1,1,1,2,2,2,2,1,1,1,1,2,1,1,1,3,1,1,1,3,1,1,1,2,1,1,1,1,1,1,1,1,1,1,1,4,4,4,4,1,1,1,1,1,1,1,1,1,4,4,4,4,4,4,4,1,1,1,1,1,1,1,1,1,1,1,1,1,1,1,1,1,1,1,1,4,4,4,4,1,1,1,1,1,1,1,1,1,4,4,1,1,1,1,1,1,1,1,1,1,1,1,1,1,1,1,1
2981,Colombo,1,2,4,2,5,1,1,7,3,3,3,3,3,4,4,4,2,1,1,1,2,1,1,1,1,2,2,2,1,1,1,1,2,2,2,2,1,1,1,1,2,1,1,1,2,1,1,1,3,2,2,2,1,1,1,1,1,1,1,1,3,3,3,3,1,1,1,1,1,1,1,1,1,1,1,1,2,1,1,1,2,1,1,1,3,1,1,1,4,2,2,2,4,1,1,1,2,3,3,3,3,4,4,4,2,2,2,2,2,1,1,1,1,1,1,1,4,4,4,4,1,1,1,1,1,1,1,1,2,1,1,1,1,1,1,1,1,1,1,1,4,4,4,4,2,2,2,2,1,1,1,1,1,1,1,1,4,4,4,4,1,1,1,1,1,1,1,1,1,1,1,1
2982,Colombo,1,2,4,2,4,1,3,10,5,3,3,5,2,3,3,3,1,1,1,1,3,3,3,3,1,2,1,1,1,1,1,1,1,1,1,1,1,1,1,1,2,2,2,2,1,1,1,1,3,3,4,3,1,1,1,1,1,1,1,1,3,3,3,3,1,1,1,1,1,1,1,1,1,1,1,1,3,1,1,1,2,1,1,1,2,1,1,1,3,3,3,3,1,1,1,1,1,1,1,1,3,3,3,3,1,1,1,1,3,3,3,3,1,1,1,1,4,4,4,4,1,1,1,1,1,1,1,1,1,1,1,1,1,1,1,1,1,1,1,1,4,4,4,4,1,1,1,1,1,1,1,1,1,1,1,1,3,3,3,3,1,1,1,1,1,1,1,1,1,1,1,1
2987,Galle,1,2,4,2,5,1,1,2,5,5,5,5,3,4,4,4,3,1,1,1,3,1,1,1,1,2,2,2,1,1,1,1,1,1,1,1,1,1,1,2,1,1,1,1,1,1,1,1,2,1,1,1,1,1,1,1,1,1,1,1,4,4,4,4,1,1,1,1,1,1,1,1,1,1,1,1,3,1,1,1,2,1,1,1,4,1,1,1,2,1,1,1,1,1,1,1,1,1,1,1,4,4,4,4,1,1,1,1,1,1,1,1,1,1,1,1,1,1,1,1,4,4,4,4,1,1,1,1,3,1,1,1,1,1,1,1,1,1,1,1,4,4,4,4,1,1,1,1,1,1,1,1,1,1,1,1,4,4,4,4,1,1,1,1,1,1,1,1,1,1,1,1
2988,Anuradhapura,1,2,5,2,5,1,3,10,2,1,2,2,2,4,3,2,4,1,2,3,1,1,1,1,1,2,1,1,1,1,1,1,1,1,1,1,1,1,1,1,1,1,1,1,1,1,1,1,4,2,2,2,1,1,1,1,1,1,1,1,3,4,4,4,1,1,1,1,1,3,2,2,1,1,1,1,2,1,1,1,1,1,1,1,4,1,1,1,1,1,1,1,1,1,1,1,1,1,1,1,4,4,4,4,1,1,1,1,1,1,1,1,1,1,1,1,4,1,1,4,1,1,1,1,1,1,1,1,1,1,1,1,1,1,1,1,1,1,1,1,4,1,1,4,1,1,1,1,1,1,1,1,1,1,1,1,1,1,1,1,4,1,1,4,1,1,1,1,1,1,1,1
2989,Anuradhapura,1,2,5,2,7,1,8,2,5,5,5,5,2,3,2,2,4,2,3,4,1,1,1,1,1,2,2,2,1,1,1,1,1,1,1,1,3,1,2,3,1,1,1,1,1,1,1,1,2,1,2,2,1,1,1,1,1,1,1,1,3,2,3,3,1,1,1,1,3,4,4,4,1,1,1,1,3,1,1,1,1,1,1,1,4,1,1,1,1,1,1,1,1,1,1,1,1,1,1,1,4,4,4,4,1,1,1,1,1,1,1,1,1,4,4,2,4,3,3,3,1,1,1,1,1,1,1,1,1,1,1,1,1,1,1,1,1,1,1,1,4,4,4,4,1,1,1,1,1,1,1,1,1,1,1,1,4,4,4,4,1,1,1,1,1,1,1,1,1,1,1,1
2990,Anuradhapura,1,2,4,2,4,1,3,3,3,3,3,3,4,3,4,4,1,1,1,1,1,1,1,1,1,2,2,3,1,1,1,1,1,1,1,1,1,1,1,1,1,1,1,1,1,1,1,1,3,1,2,2,1,1,1,1,1,1,1,1,3,4,4,4,1,1,1,1,3,4,4,4,1,1,1,1,2,1,1,1,1,1,1,1,3,1,1,1,2,1,2,2,1,1,1,1,3,2,3,3,3,3,3,3,1,1,1,1,1,1,1,1,1,1,1,1,4,1,3,4,1,1,1,1,4,4,4,4,1,1,1,1,1,1,1,1,4,1,3,3,1,1,1,1,1,1,1,1,4,4,4,4,1,1,1,1,4,1,2,3,4,4,4,4,1,1,1,1,1,1,1,1
2991,Anuradhapura,1,2,5,2,4,1,3,3,3,1,1,3,4,4,3,3,1,1,1,1,1,1,1,1,1,2,1,1,1,1,1,1,1,1,1,1,1,1,1,1,1,1,1,1,1,1,1,1,2,1,1,2,1,1,1,1,1,1,1,1,2,3,2,2,1,1,1,1,1,1,1,1,3,4,3,2,1,1,1,1,1,1,1,1,2,1,1,1,1,1,1,1,1,1,1,1,1,1,1,1,4,1,3,2,1,1,1,1,1,1,1,1,1,1,1,1,4,4,4,4,1,1,1,1,1,1,1,1,1,1,1,1,1,1,1,1,1,1,1,1,4,1,3,2,1,1,1,1,1,1,1,1,1,1,1,1,4,1,2,3,4,1,2,3,1,1,1,1,1,1,1,1
2992,Kegalle,1,2,4,2,5,1,1,6,5,5,5,5,1,2,2,2,3,3,3,3,1,1,1,1,1,2,2,2,1,1,1,1,1,1,1,1,1,1,1,1,1,1,1,1,2,1,1,1,1,1,1,1,1,1,1,1,1,1,1,1,2,2,2,2,1,1,1,1,4,4,4,4,1,1,1,1,3,1,1,1,3,1,1,2,3,1,1,1,1,1,1,1,1,1,1,1,2,2,2,2,4,4,4,4,1,1,1,1,1,1,1,1,1,1,1,1,1,1,1,1,1,1,1,1,1,1,1,1,1,1,1,1,1,1,1,1,1,1,1,1,3,3,3,3,1,1,1,1,1,1,1,1,1,1,1,1,1,1,1,1,1,1,1,1,1,1,1,1,4,1,1,1
2993,Kegalle,1,2,3,2,4,1,10,3,5,5,5,5,3,3,3,3,4,4,4,4,1,1,1,1,1,1,1,1,1,1,1,1,1,1,1,1,3,3,3,3,1,1,1,1,1,1,1,1,3,3,4,3,1,1,1,1,1,1,1,1,3,3,3,3,1,1,1,1,3,3,3,3,1,1,1,1,3,1,1,2,3,1,1,2,3,1,1,1,1,1,1,1,1,1,1,1,1,1,1,1,4,4,4,4,1,1,1,1,1,1,1,1,1,1,1,1,3,3,1,1,1,1,1,1,1,1,1,1,4,4,4,4,1,1,1,1,1,1,1,1,1,1,1,1,1,1,1,1,1,1,1,1,1,1,1,1,4,4,4,4,2,2,1,1,2,2,1,1,3,3,1,1
2995,Rathnapura,1,2,2,2,4,1,3,4,3,1,1,1,3,3,3,3,1,1,1,1,3,3,3,3,1,1,1,1,3,3,3,3,2,2,2,2,1,1,1,1,3,3,3,3,1,1,1,1,3,3,4,3,1,1,1,1,3,3,3,3,2,2,2,2,1,1,1,1,1,1,1,1,2,2,2,2,3,1,1,1,3,1,1,1,2,1,2,2,3,3,3,3,1,1,1,1,2,2,2,2,1,1,1,1,1,1,1,1,3,3,3,3,1,1,1,1,1,1,1,1,4,2,1,1,1,1,1,1,1,1,1,1,1,1,1,1,1,1,1,1,1,1,1,1,1,1,1,1,3,3,1,1,1,3,3,3,4,2,1,1,1,1,1,1,1,1,1,1,1,1,1,1
2996,Rathnapura,2,1,4,2,4,1,10,4,3,1,1,1,2,2,2,2,2,2,2,2,3,2,2,2,1,1,1,1,1,1,1,1,1,1,1,1,1,1,1,1,1,1,1,1,1,1,1,1,2,2,2,2,1,1,1,1,1,1,1,1,2,2,2,2,2,2,2,2,1,1,1,1,1,1,1,1,1,1,1,1,1,2,1,1,1,1,1,1,3,1,1,1,1,1,1,1,2,1,1,2,3,2,2,2,1,1,1,1,2,2,2,2,1,1,1,1,3,1,2,1,1,1,1,1,1,1,1,1,1,1,1,1,1,1,2,1,1,1,1,1,1,1,1,1,1,1,1,1,3,1,1,1,1,1,1,1,3,1,1,1,3,1,1,1,1,1,1,1,1,1,1,1
2997,Rathnapura,1,2,5,2,4,1,3,8,3,3,3,3,3,3,3,3,3,3,3,3,2,2,2,2,1,3,2,1,1,1,1,1,1,2,2,1,2,2,2,2,3,3,3,3,2,2,2,2,3,3,4,3,1,1,1,1,1,1,1,1,3,3,3,3,1,1,1,1,2,2,2,2,1,1,1,1,3,1,1,1,3,1,1,1,3,1,1,2,3,3,3,3,1,1,1,1,3,3,3,3,3,3,3,3,1,1,1,1,2,2,2,2,1,1,1,1,4,4,4,4,1,1,1,1,1,1,1,1,1,1,1,1,1,1,1,1,1,1,1,1,4,4,4,4,1,1,1,1,1,1,1,1,1,1,1,1,3,3,3,3,1,1,1,1,1,1,1,1,1,1,1,1
2998,Kegalle,1,2,4,2,4,1,3,10,2,1,2,2,3,3,3,3,1,1,1,1,1,1,1,1,1,2,1,1,1,1,1,1,2,2,2,1,1,1,1,1,1,1,1,1,1,1,1,1,3,3,4,3,1,1,1,1,1,1,1,1,2,2,2,2,1,1,1,1,1,1,1,1,1,1,1,1,1,1,1,1,1,1,1,1,1,1,1,1,2,1,1,1,1,1,1,1,1,1,1,1,3,4,4,4,1,1,1,1,1,1,1,1,1,1,1,1,4,4,4,4,1,1,1,1,1,1,1,1,1,1,1,1,1,1,1,1,1,1,1,1,4,4,4,4,1,1,1,1,1,1,1,1,1,1,1,1,1,1,1,1,4,4,4,4,1,1,1,1,1,1,1,1
2999,Kegalle,2,1,4,2,6,1,1,1,3,1,1,1,2,4,4,4,3,1,1,1,2,1,1,1,1,1,1,1,1,1,1,1,1,1,1,1,1,1,1,1,1,1,1,2,2,1,1,1,1,1,1,1,1,1,1,1,1,1,1,1,4,4,4,4,1,1,1,1,1,1,1,1,3,3,3,3,2,1,1,1,1,1,1,1,3,1,1,1,2,1,1,1,4,1,1,1,3,4,4,4,3,3,3,3,1,1,1,1,1,1,1,1,1,1,1,1,4,1,1,1,1,1,1,1,1,1,1,1,1,1,1,1,1,1,1,1,1,1,1,1,1,1,1,1,1,1,1,1,1,1,1,1,1,1,1,1,1,1,1,1,1,1,1,1,1,1,1,1,4,1,1,1
3001,Anuradhapura,1,2,3,2,4,1,1,6,3,3,3,3,3,4,3,3,4,2,4,4,1,1,1,1,2,3,2,2,1,3,2,2,1,1,1,1,1,1,1,1,1,1,1,1,1,1,1,1,3,2,2,2,1,1,1,1,1,1,1,1,2,3,3,3,1,1,1,1,2,4,4,4,1,1,1,1,2,1,1,1,1,1,1,1,3,1,1,1,3,1,2,3,1,1,1,1,1,1,1,1,2,4,2,2,1,1,1,1,1,1,1,1,1,1,1,1,1,4,4,4,1,1,1,1,4,1,1,1,1,1,1,1,1,1,1,1,1,1,1,1,1,1,1,1,1,1,1,1,4,4,4,4,1,1,1,1,2,4,4,4,4,1,1,1,1,1,1,1,1,1,1,1
3002,Matara,1,2,4,2,4,1,3,10,3,3,3,2,4,4,4,4,1,1,1,1,1,1,1,1,1,2,2,2,1,1,1,1,1,1,1,1,1,1,1,1,1,1,1,1,2,1,1,1,1,1,1,1,1,1,1,1,1,1,1,1,1,1,1,1,1,1,1,1,1,1,1,1,4,4,4,4,1,1,1,1,1,1,1,1,2,1,1,1,4,1,1,1,1,1,1,1,2,2,2,2,1,1,1,1,1,1,1,1,1,1,1,1,1,1,1,1,4,4,4,4,1,1,1,1,1,1,1,1,4,1,1,1,1,4,4,4,1,1,1,1,1,1,1,1,1,1,1,1,1,1,1,1,1,1,1,1,1,1,1,1,4,4,4,4,1,1,1,1,1,1,1,1
3003,Matara,1,2,3,2,5,1,1,10,5,5,5,5,3,3,3,3,2,2,2,2,2,2,2,2,1,1,1,1,1,3,3,2,1,1,1,1,1,1,1,1,2,2,2,2,3,2,3,3,3,3,4,3,1,1,1,1,2,2,2,2,3,3,3,3,3,3,3,3,1,1,1,1,1,1,1,1,3,1,1,1,3,1,1,1,3,1,1,2,3,3,3,3,1,1,1,1,2,3,3,2,2,3,3,3,1,1,1,1,1,1,1,1,1,1,1,1,1,1,1,1,1,1,1,1,1,3,1,1,1,3,1,1,1,1,1,1,1,3,1,1,1,1,1,1,1,1,1,1,1,1,1,1,1,1,1,1,3,3,3,3,1,1,1,1,1,1,1,1,1,1,1,1
3006,Gampaha,2,1,2,2,4,1,1,7,3,3,3,3,2,2,2,2,1,1,1,1,3,2,2,2,2,2,2,2,1,1,1,1,2,2,2,2,1,1,1,1,1,1,1,1,1,1,1,1,2,1,1,1,1,1,1,1,1,1,1,2,2,1,2,2,2,2,2,2,1,1,1,1,1,1,1,1,1,1,1,1,1,1,1,1,1,1,1,1,2,1,1,1,1,1,1,1,1,1,1,1,3,2,2,2,1,1,1,1,3,2,2,2,1,1,1,1,3,1,1,1,1,2,1,1,1,1,1,1,1,1,1,1,1,1,1,1,1,1,1,1,1,1,1,1,1,1,1,1,1,1,1,1,1,1,1,1,1,1,1,1,1,1,1,1,1,1,1,1,1,1,1,1
3007,Matara,1,2,4,2,1,1,10,10,3,1,1,1,4,4,4,4,1,1,1,1,1,1,1,1,1,2,2,2,1,1,1,1,2,1,1,1,1,1,1,1,1,1,1,1,3,1,1,1,4,4,4,4,1,1,1,1,1,1,1,1,1,1,1,1,1,1,1,1,1,1,1,1,3,3,3,3,1,1,1,1,1,1,1,1,3,1,1,1,4,1,1,1,1,1,1,1,2,2,2,2,1,1,1,1,3,3,3,3,1,1,1,1,1,1,1,1,4,1,1,1,1,1,1,1,1,1,1,1,1,1,1,1,1,1,1,1,1,1,1,1,1,1,1,1,1,1,1,1,1,1,1,1,1,1,1,1,4,4,4,4,1,1,1,1,1,1,1,1,1,1,1,1
3010,Matara,1,2,5,2,5,1,8,7,3,3,3,3,4,4,4,4,1,1,1,1,1,1,1,1,1,2,1,1,1,2,2,1,1,1,1,1,1,1,1,1,1,1,1,1,2,1,1,1,4,4,4,4,1,1,1,1,1,1,1,1,1,1,1,1,1,1,1,1,1,1,1,1,3,3,3,3,2,1,1,1,1,1,1,1,3,1,1,1,2,1,1,1,1,1,1,1,2,2,2,2,3,3,3,3,1,1,1,1,1,1,1,1,1,1,1,1,1,1,1,1,1,1,1,1,1,1,1,1,1,1,1,1,1,1,1,1,1,1,1,1,1,1,1,1,1,1,1,1,1,1,1,1,1,1,1,1,1,1,1,1,1,1,1,1,1,1,1,1,1,1,1,1
3011,Gampaha,3,1,1,1,5,1,3,2,3,1,1,1,2,1,1,1,3,2,2,2,3,2,2,2,1,1,1,1,1,1,1,1,1,1,1,1,2,2,2,2,1,1,1,1,1,2,1,1,3,2,2,2,1,1,1,1,1,1,1,1,3,2,2,2,3,2,2,2,2,3,3,3,1,1,1,1,2,1,1,1,2,1,1,1,1,1,1,1,2,1,1,1,1,1,1,1,2,1,1,1,3,2,2,2,1,1,1,1,2,2,1,1,3,1,1,1,1,1,1,1,1,1,1,1,1,1,1,1,1,1,1,1,3,1,1,1,1,1,1,1,2,1,1,1,1,1,1,1,2,2,1,1,1,1,1,1,2,1,1,1,3,1,1,1,1,1,1,1,1,1,1,1
3012,Gampaha,1,2,4,2,5,1,3,3,2,2,2,2,2,2,2,2,2,2,2,2,2,2,2,2,1,2,2,2,1,1,1,1,1,1,1,1,1,1,1,1,1,1,1,1,1,1,1,1,3,2,2,2,1,1,1,1,1,1,1,1,3,2,2,2,3,2,2,2,1,1,1,1,1,1,1,1,2,1,1,1,2,1,1,1,1,1,1,1,1,1,1,1,1,1,1,1,2,1,1,1,3,2,2,2,1,1,1,1,2,1,1,1,1,1,2,2,3,1,2,2,1,1,1,1,1,1,1,2,1,1,1,1,1,1,1,1,1,1,1,1,3,1,1,1,1,1,1,1,1,1,1,1,1,1,1,1,3,1,2,2,1,1,2,2,1,1,2,2,1,1,1,1
3013,Matara,1,2,5,2,4,1,8,6,3,3,3,3,3,3,3,3,1,1,1,1,1,1,1,1,1,1,1,1,3,3,3,3,1,1,1,1,1,3,1,1,3,3,3,3,2,1,1,1,3,3,4,3,1,1,1,1,1,1,1,1,3,3,3,3,1,1,1,1,1,1,1,1,1,1,1,1,3,1,1,1,2,1,1,1,3,1,2,2,3,3,3,3,1,1,1,1,3,3,3,3,3,3,3,3,1,1,1,1,3,3,3,3,1,1,1,1,1,1,1,1,1,1,1,1,1,1,1,1,1,1,1,1,1,1,1,1,1,1,1,1,1,1,1,1,1,1,1,1,1,1,1,1,1,1,1,1,3,3,3,3,1,1,1,1,1,1,1,1,1,1,1,1
3014,Ampara,1,2,3,2,7,1,3,4,5,3,5,5,2,3,2,2,4,2,4,4,1,1,1,1,1,1,1,1,1,1,1,1,1,1,1,1,1,1,1,1,1,1,1,1,1,1,1,1,3,2,2,2,1,1,1,1,1,1,1,1,3,3,3,3,1,1,1,1,2,4,4,4,1,1,1,1,2,1,1,1,1,1,1,1,3,1,1,1,1,1,1,1,1,1,1,1,1,1,1,1,4,4,4,4,1,1,1,1,1,1,1,1,1,4,1,1,4,1,3,4,1,1,1,1,1,1,1,1,1,1,1,1,1,1,1,1,1,1,1,1,4,1,4,4,1,1,1,1,1,1,1,1,1,1,1,1,1,1,1,1,4,1,4,4,1,1,1,1,1,1,1,1
3016,Ampara,1,2,4,2,5,1,3,6,5,3,5,3,4,3,4,4,1,1,1,1,1,1,1,1,1,1,1,1,1,1,1,1,1,1,1,1,1,1,1,1,1,1,1,1,1,1,1,1,3,1,2,3,1,1,1,1,1,1,1,1,3,4,4,4,1,1,1,1,1,1,1,1,1,1,1,1,1,1,1,1,1,1,1,1,3,1,1,1,2,1,2,2,1,1,1,1,1,1,1,1,3,4,3,3,1,1,1,1,1,1,1,1,1,4,1,1,4,1,4,4,1,1,1,1,1,1,1,1,1,1,1,1,1,1,1,1,1,1,1,1,4,1,4,4,1,1,1,1,1,1,1,1,1,4,2,1,1,1,1,1,4,2,3,3,1,1,1,1,1,1,1,1
3020,Rathnapura,1,2,5,2,5,1,3,4,2,1,2,2,3,3,3,3,1,1,1,1,2,2,2,1,1,1,1,1,3,3,3,3,2,1,2,2,1,1,1,1,3,3,3,3,1,1,1,1,3,3,4,3,1,1,1,1,3,3,3,3,1,1,1,1,1,1,1,1,1,1,1,1,2,2,2,2,3,1,1,1,3,1,1,1,3,1,1,2,3,3,3,3,1,1,1,1,3,3,3,3,3,3,3,3,1,1,1,1,3,3,3,3,1,1,1,1,4,4,4,4,1,1,1,1,1,1,1,1,1,1,1,1,1,1,1,1,1,1,1,1,4,3,4,4,1,1,1,1,1,1,1,1,1,1,1,1,3,3,3,3,1,1,1,1,1,1,1,1,1,1,1,1
